schema,replicate,arm,profile,cell_order,algorithm_order,backend_family,backend,unit_domain,algorithm,stage,applicability,reason,terms,operations,result_count,elapsed_ns,ns_per_operation,allocations,allocated_bytes,deallocations,deallocated_bytes,peak_live_growth_bytes,rss_bytes,checksum_u64,max_terms,max_operations,max_results,max_allocated_bytes,max_rss_bytes,binary_sha256,expected_rows
liblevenshtein.backend-propagation-matrix.v1,1,control,legacy-shared-kernels,0,,dynamic-dawg,dynamic-dawg-char,char,none,construction,applicable,native-production-constructor,256,256,256,332240,1297.812500,3730,392418,2193,219098,292689,4399104,5443778154967421081,256,256,256,2147483648,8589934592,8d6b3d1352a5fbd505907221c98a319795e36dac9e23f3c289060ce5f703a196,150
liblevenshtein.backend-propagation-matrix.v1,1,control,legacy-shared-kernels,0,0,dynamic-dawg,dynamic-dawg-char,char,osa-transposition,query,applicable,finite-term-language-semantics,256,64,91,1435602,22431.281250,12722,1908969,12718,1870649,78509,4681728,4410814775178892540,256,64,4734976,2147483648,8589934592,8d6b3d1352a5fbd505907221c98a319795e36dac9e23f3c289060ce5f703a196,150
liblevenshtein.backend-propagation-matrix.v1,1,control,legacy-shared-kernels,0,1,dynamic-dawg,dynamic-dawg-char,char,merge-and-split,query,applicable,finite-term-language-semantics,256,64,92,2194070,34282.343750,14057,2019513,14057,2019513,24780,4685824,17464432661640746486,256,64,4734976,2147483648,8589934592,8d6b3d1352a5fbd505907221c98a319795e36dac9e23f3c289060ce5f703a196,150
liblevenshtein.backend-propagation-matrix.v1,1,control,legacy-shared-kernels,0,2,dynamic-dawg,dynamic-dawg-char,char,damerau-levenshtein,query,applicable,finite-term-language-semantics,256,64,91,1428469,22319.828125,12751,1820468,12751,1820468,21964,4689920,4410814775178892540,256,64,4734976,2147483648,8589934592,8d6b3d1352a5fbd505907221c98a319795e36dac9e23f3c289060ce5f703a196,150
liblevenshtein.backend-propagation-matrix.v1,1,control,legacy-shared-kernels,0,3,dynamic-dawg,dynamic-dawg-char,char,standard,query,applicable,finite-term-language-semantics,256,64,91,1303732,20370.812500,12444,1763932,12444,1763932,21192,4694016,2453029635995852900,256,64,4734976,2147483648,8589934592,8d6b3d1352a5fbd505907221c98a319795e36dac9e23f3c289060ce5f703a196,150
liblevenshtein.backend-propagation-matrix.v1,1,control,legacy-shared-kernels,1,,dynamic-dawg,dynamic-dawg-u64,u64,none,construction,applicable,native-production-constructor,256,256,256,61266,239.320312,595,63228,463,43804,45512,4763648,11306468750955849702,256,256,256,2147483648,8589934592,8d6b3d1352a5fbd505907221c98a319795e36dac9e23f3c289060ce5f703a196,150
liblevenshtein.backend-propagation-matrix.v1,1,control,legacy-shared-kernels,1,0,dynamic-dawg,dynamic-dawg-u64,u64,merge-and-split,query,applicable,finite-term-language-semantics,256,64,16384,3639701,56870.328125,100459,5371906,100455,5363994,44340,4784128,16128731139004451262,256,64,147456,2147483648,8589934592,8d6b3d1352a5fbd505907221c98a319795e36dac9e23f3c289060ce5f703a196,150
liblevenshtein.backend-propagation-matrix.v1,1,control,legacy-shared-kernels,1,1,dynamic-dawg,dynamic-dawg-u64,u64,damerau-levenshtein,query,applicable,finite-term-language-semantics,256,64,4372,2641549,41274.203125,64311,4495668,64311,4495668,35996,4784128,13322497692170432078,256,64,147456,2147483648,8589934592,8d6b3d1352a5fbd505907221c98a319795e36dac9e23f3c289060ce5f703a196,150
liblevenshtein.backend-propagation-matrix.v1,1,control,legacy-shared-kernels,1,2,dynamic-dawg,dynamic-dawg-u64,u64,standard,query,applicable,finite-term-language-semantics,256,64,4372,2634977,41171.515625,64311,4495212,64311,4495212,35996,4784128,13322497692170432078,256,64,147456,2147483648,8589934592,8d6b3d1352a5fbd505907221c98a319795e36dac9e23f3c289060ce5f703a196,150
liblevenshtein.backend-propagation-matrix.v1,1,control,legacy-shared-kernels,1,3,dynamic-dawg,dynamic-dawg-u64,u64,osa-transposition,query,applicable,finite-term-language-semantics,256,64,4372,2589740,40464.687500,64311,4495668,64311,4495668,35996,4784128,13322497692170432078,256,64,147456,2147483648,8589934592,8d6b3d1352a5fbd505907221c98a319795e36dac9e23f3c289060ce5f703a196,150
liblevenshtein.backend-propagation-matrix.v1,1,control,legacy-shared-kernels,2,,double-array-trie,double-array-trie-byte,byte,none,construction,applicable,native-production-constructor,256,256,256,253701,991.019531,4198,648829,2267,525503,386862,4964352,7897287108478470759,256,256,256,2147483648,8589934592,8d6b3d1352a5fbd505907221c98a319795e36dac9e23f3c289060ce5f703a196,150
liblevenshtein.backend-propagation-matrix.v1,1,control,legacy-shared-kernels,2,0,double-array-trie,double-array-trie-byte,byte,damerau-levenshtein,query,applicable,finite-term-language-semantics,256,64,91,1533808,23965.750000,13169,1925919,13169,1925919,23926,5079040,6797224774086182016,256,64,6553600,2147483648,8589934592,8d6b3d1352a5fbd505907221c98a319795e36dac9e23f3c289060ce5f703a196,150
liblevenshtein.backend-propagation-matrix.v1,1,control,legacy-shared-kernels,2,1,double-array-trie,double-array-trie-byte,byte,standard,query,applicable,finite-term-language-semantics,256,64,91,1380327,21567.609375,12885,1875551,12885,1875551,23414,5079040,11261728730101723162,256,64,6553600,2147483648,8589934592,8d6b3d1352a5fbd505907221c98a319795e36dac9e23f3c289060ce5f703a196,150
liblevenshtein.backend-propagation-matrix.v1,1,control,legacy-shared-kernels,2,2,double-array-trie,double-array-trie-byte,byte,osa-transposition,query,applicable,finite-term-language-semantics,256,64,91,1435021,22422.203125,13111,1904599,13111,1904599,23636,5079040,6797224774086182016,256,64,6553600,2147483648,8589934592,8d6b3d1352a5fbd505907221c98a319795e36dac9e23f3c289060ce5f703a196,150
liblevenshtein.backend-propagation-matrix.v1,1,control,legacy-shared-kernels,2,3,double-array-trie,double-array-trie-byte,byte,merge-and-split,query,applicable,finite-term-language-semantics,256,64,92,2265015,35390.859375,14642,2142150,14642,2142150,29168,5079040,4882045085306252888,256,64,6553600,2147483648,8589934592,8d6b3d1352a5fbd505907221c98a319795e36dac9e23f3c289060ce5f703a196,150
liblevenshtein.backend-propagation-matrix.v1,1,control,legacy-shared-kernels,3,,double-array-trie,double-array-trie-char,char,none,construction,applicable,native-production-constructor,256,256,256,2346800,9167.187500,4689,14943334,2768,6168818,9318604,9797632,5443778154967421081,256,256,256,2147483648,8589934592,8d6b3d1352a5fbd505907221c98a319795e36dac9e23f3c289060ce5f703a196,150
liblevenshtein.backend-propagation-matrix.v1,1,control,legacy-shared-kernels,3,0,double-array-trie,double-array-trie-char,char,standard,query,applicable,finite-term-language-semantics,256,64,91,1348216,21065.875000,12508,1829468,12508,1829468,21768,9863168,2453029635995852900,256,64,4734976,2147483648,8589934592,8d6b3d1352a5fbd505907221c98a319795e36dac9e23f3c289060ce5f703a196,150
liblevenshtein.backend-propagation-matrix.v1,1,control,legacy-shared-kernels,3,1,double-array-trie,double-array-trie-char,char,osa-transposition,query,applicable,finite-term-language-semantics,256,64,91,1403832,21934.875000,12757,1865228,12757,1865228,22180,9863168,4410814775178892540,256,64,4734976,2147483648,8589934592,8d6b3d1352a5fbd505907221c98a319795e36dac9e23f3c289060ce5f703a196,150
liblevenshtein.backend-propagation-matrix.v1,1,control,legacy-shared-kernels,3,2,double-array-trie,double-array-trie-char,char,merge-and-split,query,applicable,finite-term-language-semantics,256,64,92,2230238,34847.468750,14120,2087608,14120,2087608,25356,9863168,17464432661640746486,256,64,4734976,2147483648,8589934592,8d6b3d1352a5fbd505907221c98a319795e36dac9e23f3c289060ce5f703a196,150
liblevenshtein.backend-propagation-matrix.v1,1,control,legacy-shared-kernels,3,3,double-array-trie,double-array-trie-char,char,damerau-levenshtein,query,applicable,finite-term-language-semantics,256,64,91,1443558,22555.593750,12815,1886004,12815,1886004,22516,9863168,4410814775178892540,256,64,4734976,2147483648,8589934592,8d6b3d1352a5fbd505907221c98a319795e36dac9e23f3c289060ce5f703a196,150
liblevenshtein.backend-propagation-matrix.v1,1,control,legacy-shared-kernels,4,,double-array-trie,double-array-trie-u64,u64,none,construction,inapplicable,no-production-u64-dictionary-node,256,0,0,,,,,,,,,0,256,64,0,2147483648,8589934592,8d6b3d1352a5fbd505907221c98a319795e36dac9e23f3c289060ce5f703a196,150
liblevenshtein.backend-propagation-matrix.v1,1,control,legacy-shared-kernels,4,0,double-array-trie,double-array-trie-u64,u64,standard,query,inapplicable,no-production-u64-dictionary-node,256,0,0,,,,,,,,,0,256,64,0,2147483648,8589934592,8d6b3d1352a5fbd505907221c98a319795e36dac9e23f3c289060ce5f703a196,150
liblevenshtein.backend-propagation-matrix.v1,1,control,legacy-shared-kernels,4,1,double-array-trie,double-array-trie-u64,u64,osa-transposition,query,inapplicable,no-production-u64-dictionary-node,256,0,0,,,,,,,,,0,256,64,0,2147483648,8589934592,8d6b3d1352a5fbd505907221c98a319795e36dac9e23f3c289060ce5f703a196,150
liblevenshtein.backend-propagation-matrix.v1,1,control,legacy-shared-kernels,4,2,double-array-trie,double-array-trie-u64,u64,merge-and-split,query,inapplicable,no-production-u64-dictionary-node,256,0,0,,,,,,,,,0,256,64,0,2147483648,8589934592,8d6b3d1352a5fbd505907221c98a319795e36dac9e23f3c289060ce5f703a196,150
liblevenshtein.backend-propagation-matrix.v1,1,control,legacy-shared-kernels,4,3,double-array-trie,double-array-trie-u64,u64,damerau-levenshtein,query,inapplicable,no-production-u64-dictionary-node,256,0,0,,,,,,,,,0,256,64,0,2147483648,8589934592,8d6b3d1352a5fbd505907221c98a319795e36dac9e23f3c289060ce5f703a196,150
liblevenshtein.backend-propagation-matrix.v1,1,control,legacy-shared-kernels,5,,pathmap,pathmap-byte,byte,none,construction,applicable,native-production-constructor,256,256,256,34325,134.082031,492,32880,116,6960,25920,5545984,7897287108478470759,256,256,256,2147483648,8589934592,8d6b3d1352a5fbd505907221c98a319795e36dac9e23f3c289060ce5f703a196,150
liblevenshtein.backend-propagation-matrix.v1,1,control,legacy-shared-kernels,5,0,pathmap,pathmap-byte,byte,merge-and-split,query,applicable,finite-term-language-semantics,256,64,92,3191431,49866.109375,14834,2649542,14834,2649542,32688,5562368,4882045085306252888,256,64,6553600,2147483648,8589934592,8d6b3d1352a5fbd505907221c98a319795e36dac9e23f3c289060ce5f703a196,150
liblevenshtein.backend-propagation-matrix.v1,1,control,legacy-shared-kernels,5,1,pathmap,pathmap-byte,byte,damerau-levenshtein,query,applicable,finite-term-language-semantics,256,64,91,2277818,35590.906250,13361,2415391,13361,2415391,27454,5562368,6797224774086182016,256,64,6553600,2147483648,8589934592,8d6b3d1352a5fbd505907221c98a319795e36dac9e23f3c289060ce5f703a196,150
liblevenshtein.backend-propagation-matrix.v1,1,control,legacy-shared-kernels,5,2,pathmap,pathmap-byte,byte,standard,query,applicable,finite-term-language-semantics,256,64,91,2150287,33598.234375,13077,2365023,13077,2365023,26934,5562368,11261728730101723162,256,64,6553600,2147483648,8589934592,8d6b3d1352a5fbd505907221c98a319795e36dac9e23f3c289060ce5f703a196,150
liblevenshtein.backend-propagation-matrix.v1,1,control,legacy-shared-kernels,5,3,pathmap,pathmap-byte,byte,osa-transposition,query,applicable,finite-term-language-semantics,256,64,91,2251439,35178.734375,13303,2394071,13303,2394071,27214,5562368,6797224774086182016,256,64,6553600,2147483648,8589934592,8d6b3d1352a5fbd505907221c98a319795e36dac9e23f3c289060ce5f703a196,150
liblevenshtein.backend-propagation-matrix.v1,1,control,legacy-shared-kernels,6,,pathmap,pathmap-char,char,none,construction,applicable,native-production-constructor,256,256,256,32532,127.078125,492,32880,116,6960,25920,5566464,5443778154967421081,256,256,256,2147483648,8589934592,8d6b3d1352a5fbd505907221c98a319795e36dac9e23f3c289060ce5f703a196,150
liblevenshtein.backend-propagation-matrix.v1,1,control,legacy-shared-kernels,6,0,pathmap,pathmap-char,char,damerau-levenshtein,query,applicable,finite-term-language-semantics,256,64,91,3164230,49441.093750,62024,7156782,62024,7156782,26152,5746688,4410814775178892540,256,64,4734976,2147483648,8589934592,8d6b3d1352a5fbd505907221c98a319795e36dac9e23f3c289060ce5f703a196,150
liblevenshtein.backend-propagation-matrix.v1,1,control,legacy-shared-kernels,6,1,pathmap,pathmap-char,char,standard,query,applicable,finite-term-language-semantics,256,64,91,2949573,46087.078125,61372,7064251,61372,7064251,25380,5746688,2453029635995852900,256,64,4734976,2147483648,8589934592,8d6b3d1352a5fbd505907221c98a319795e36dac9e23f3c289060ce5f703a196,150
liblevenshtein.backend-propagation-matrix.v1,1,control,legacy-shared-kernels,6,2,pathmap,pathmap-char,char,osa-transposition,query,applicable,finite-term-language-semantics,256,64,91,3082234,48159.906250,61966,7136006,61966,7136006,25792,5746688,4410814775178892540,256,64,4734976,2147483648,8589934592,8d6b3d1352a5fbd505907221c98a319795e36dac9e23f3c289060ce5f703a196,150
liblevenshtein.backend-propagation-matrix.v1,1,control,legacy-shared-kernels,6,3,pathmap,pathmap-char,char,merge-and-split,query,applicable,finite-term-language-semantics,256,64,92,4275567,66805.734375,71136,8162601,71136,8162601,28876,5746688,17464432661640746486,256,64,4734976,2147483648,8589934592,8d6b3d1352a5fbd505907221c98a319795e36dac9e23f3c289060ce5f703a196,150
liblevenshtein.backend-propagation-matrix.v1,1,control,legacy-shared-kernels,7,,pathmap,pathmap-u64,u64,none,construction,inapplicable,no-production-u64-dictionary-node,256,0,0,,,,,,,,,0,256,64,0,2147483648,8589934592,8d6b3d1352a5fbd505907221c98a319795e36dac9e23f3c289060ce5f703a196,150
liblevenshtein.backend-propagation-matrix.v1,1,control,legacy-shared-kernels,7,0,pathmap,pathmap-u64,u64,standard,query,inapplicable,no-production-u64-dictionary-node,256,0,0,,,,,,,,,0,256,64,0,2147483648,8589934592,8d6b3d1352a5fbd505907221c98a319795e36dac9e23f3c289060ce5f703a196,150
liblevenshtein.backend-propagation-matrix.v1,1,control,legacy-shared-kernels,7,1,pathmap,pathmap-u64,u64,osa-transposition,query,inapplicable,no-production-u64-dictionary-node,256,0,0,,,,,,,,,0,256,64,0,2147483648,8589934592,8d6b3d1352a5fbd505907221c98a319795e36dac9e23f3c289060ce5f703a196,150
liblevenshtein.backend-propagation-matrix.v1,1,control,legacy-shared-kernels,7,2,pathmap,pathmap-u64,u64,merge-and-split,query,inapplicable,no-production-u64-dictionary-node,256,0,0,,,,,,,,,0,256,64,0,2147483648,8589934592,8d6b3d1352a5fbd505907221c98a319795e36dac9e23f3c289060ce5f703a196,150
liblevenshtein.backend-propagation-matrix.v1,1,control,legacy-shared-kernels,7,3,pathmap,pathmap-u64,u64,damerau-levenshtein,query,inapplicable,no-production-u64-dictionary-node,256,0,0,,,,,,,,,0,256,64,0,2147483648,8589934592,8d6b3d1352a5fbd505907221c98a319795e36dac9e23f3c289060ce5f703a196,150
liblevenshtein.backend-propagation-matrix.v1,1,control,legacy-shared-kernels,8,,suffix-automaton,suffix-automaton-byte,byte,none,construction,applicable,native-production-constructor,256,256,256,314427,1228.230469,6303,1350790,668,519252,831538,5939200,7897287108478470759,256,256,256,2147483648,8589934592,8d6b3d1352a5fbd505907221c98a319795e36dac9e23f3c289060ce5f703a196,150
liblevenshtein.backend-propagation-matrix.v1,1,control,legacy-shared-kernels,8,0,suffix-automaton,suffix-automaton-byte,byte,osa-transposition,query,applicable,suffix-language-semantics,256,64,30373,4994349,78036.703125,106797,4612430,106797,4612430,39310,5955584,12096350752804881348,256,64,6553600,2147483648,8589934592,8d6b3d1352a5fbd505907221c98a319795e36dac9e23f3c289060ce5f703a196,150
liblevenshtein.backend-propagation-matrix.v1,1,control,legacy-shared-kernels,8,1,suffix-automaton,suffix-automaton-byte,byte,merge-and-split,query,applicable,suffix-language-semantics,256,64,101505,12520239,195628.734375,321565,11464424,321565,11464424,86238,5955584,14494732761524238861,256,64,6553600,2147483648,8589934592,8d6b3d1352a5fbd505907221c98a319795e36dac9e23f3c289060ce5f703a196,150
liblevenshtein.backend-propagation-matrix.v1,1,control,legacy-shared-kernels,8,2,suffix-automaton,suffix-automaton-byte,byte,damerau-levenshtein,query,applicable,suffix-language-semantics,256,64,30373,4979010,77797.031250,106846,4637334,106846,4637334,39622,5955584,12096350752804881348,256,64,6553600,2147483648,8589934592,8d6b3d1352a5fbd505907221c98a319795e36dac9e23f3c289060ce5f703a196,150
liblevenshtein.backend-propagation-matrix.v1,1,control,legacy-shared-kernels,8,3,suffix-automaton,suffix-automaton-byte,byte,standard,query,applicable,suffix-language-semantics,256,64,30060,4787036,74797.437500,105451,4520053,105451,4520053,38726,5955584,8380946849461155374,256,64,6553600,2147483648,8589934592,8d6b3d1352a5fbd505907221c98a319795e36dac9e23f3c289060ce5f703a196,150
liblevenshtein.backend-propagation-matrix.v1,1,control,legacy-shared-kernels,9,,suffix-automaton,suffix-automaton-char,char,none,construction,applicable,native-production-constructor,256,256,256,223284,872.203125,5935,1327286,667,519236,808050,5976064,5443778154967421081,256,256,256,2147483648,8589934592,8d6b3d1352a5fbd505907221c98a319795e36dac9e23f3c289060ce5f703a196,150
liblevenshtein.backend-propagation-matrix.v1,1,control,legacy-shared-kernels,9,0,suffix-automaton,suffix-automaton-char,char,merge-and-split,query,applicable,suffix-language-semantics,256,64,106639,13318263,208097.859375,336213,16712267,336213,16712267,94144,6098944,17210847994578328567,256,64,4734976,2147483648,8589934592,8d6b3d1352a5fbd505907221c98a319795e36dac9e23f3c289060ce5f703a196,150
liblevenshtein.backend-propagation-matrix.v1,1,control,legacy-shared-kernels,9,1,suffix-automaton,suffix-automaton-char,char,damerau-levenshtein,query,applicable,suffix-language-semantics,256,64,31394,5361216,83769.000000,108824,6695703,108824,6695703,38080,6098944,17283967395278107604,256,64,4734976,2147483648,8589934592,8d6b3d1352a5fbd505907221c98a319795e36dac9e23f3c289060ce5f703a196,150
liblevenshtein.backend-propagation-matrix.v1,1,control,legacy-shared-kernels,9,2,suffix-automaton,suffix-automaton-char,char,standard,query,applicable,suffix-language-semantics,256,64,31081,5106312,79786.125000,107425,6526891,107425,6526891,37184,6098944,11227416453914570673,256,64,4734976,2147483648,8589934592,8d6b3d1352a5fbd505907221c98a319795e36dac9e23f3c289060ce5f703a196,150
liblevenshtein.backend-propagation-matrix.v1,1,control,legacy-shared-kernels,9,3,suffix-automaton,suffix-automaton-char,char,osa-transposition,query,applicable,suffix-language-semantics,256,64,31394,5221220,81581.562500,108777,6675919,108777,6675919,37768,6098944,17283967395278107604,256,64,4734976,2147483648,8589934592,8d6b3d1352a5fbd505907221c98a319795e36dac9e23f3c289060ce5f703a196,150
liblevenshtein.backend-propagation-matrix.v1,1,control,legacy-shared-kernels,10,,suffix-automaton,suffix-automaton-u64,u64,none,construction,inapplicable,no-production-u64-dictionary-node,256,0,0,,,,,,,,,0,256,64,0,2147483648,8589934592,8d6b3d1352a5fbd505907221c98a319795e36dac9e23f3c289060ce5f703a196,150
liblevenshtein.backend-propagation-matrix.v1,1,control,legacy-shared-kernels,10,0,suffix-automaton,suffix-automaton-u64,u64,standard,query,inapplicable,no-production-u64-dictionary-node,256,0,0,,,,,,,,,0,256,64,0,2147483648,8589934592,8d6b3d1352a5fbd505907221c98a319795e36dac9e23f3c289060ce5f703a196,150
liblevenshtein.backend-propagation-matrix.v1,1,control,legacy-shared-kernels,10,1,suffix-automaton,suffix-automaton-u64,u64,osa-transposition,query,inapplicable,no-production-u64-dictionary-node,256,0,0,,,,,,,,,0,256,64,0,2147483648,8589934592,8d6b3d1352a5fbd505907221c98a319795e36dac9e23f3c289060ce5f703a196,150
liblevenshtein.backend-propagation-matrix.v1,1,control,legacy-shared-kernels,10,2,suffix-automaton,suffix-automaton-u64,u64,merge-and-split,query,inapplicable,no-production-u64-dictionary-node,256,0,0,,,,,,,,,0,256,64,0,2147483648,8589934592,8d6b3d1352a5fbd505907221c98a319795e36dac9e23f3c289060ce5f703a196,150
liblevenshtein.backend-propagation-matrix.v1,1,control,legacy-shared-kernels,10,3,suffix-automaton,suffix-automaton-u64,u64,damerau-levenshtein,query,inapplicable,no-production-u64-dictionary-node,256,0,0,,,,,,,,,0,256,64,0,2147483648,8589934592,8d6b3d1352a5fbd505907221c98a319795e36dac9e23f3c289060ce5f703a196,150
liblevenshtein.backend-propagation-matrix.v1,1,control,legacy-shared-kernels,11,,scdawg,scdawg-byte,byte,none,construction,applicable,native-production-constructor,256,256,256,597302,2333.210938,2055,1981012,873,103296,1877716,7073792,7897287108478470759,256,256,256,2147483648,8589934592,8d6b3d1352a5fbd505907221c98a319795e36dac9e23f3c289060ce5f703a196,150
liblevenshtein.backend-propagation-matrix.v1,1,control,legacy-shared-kernels,11,0,scdawg,scdawg-byte,byte,standard,query,applicable,suffix-language-semantics,256,64,158,2700851,42200.796875,18433,3653021,18433,3653021,38726,7122944,14135714012833118446,256,64,6553600,2147483648,8589934592,8d6b3d1352a5fbd505907221c98a319795e36dac9e23f3c289060ce5f703a196,150
liblevenshtein.backend-propagation-matrix.v1,1,control,legacy-shared-kernels,11,1,scdawg,scdawg-byte,byte,osa-transposition,query,applicable,suffix-language-semantics,256,64,178,2802674,43791.781250,18900,3731045,18900,3731045,39310,7122944,2146021803726214524,256,64,6553600,2147483648,8589934592,8d6b3d1352a5fbd505907221c98a319795e36dac9e23f3c289060ce5f703a196,150
liblevenshtein.backend-propagation-matrix.v1,1,control,legacy-shared-kernels,11,2,scdawg,scdawg-byte,byte,merge-and-split,query,applicable,suffix-language-semantics,256,64,159,6423600,100368.750000,20177,9486706,20177,9486706,86262,7122944,437404829526824400,256,64,6553600,2147483648,8589934592,8d6b3d1352a5fbd505907221c98a319795e36dac9e23f3c289060ce5f703a196,150
liblevenshtein.backend-propagation-matrix.v1,1,control,legacy-shared-kernels,11,3,scdawg,scdawg-byte,byte,damerau-levenshtein,query,applicable,suffix-language-semantics,256,64,178,2844683,44448.171875,18949,3755949,18949,3755949,39622,7122944,2146021803726214524,256,64,6553600,2147483648,8589934592,8d6b3d1352a5fbd505907221c98a319795e36dac9e23f3c289060ce5f703a196,150
liblevenshtein.backend-propagation-matrix.v1,1,control,legacy-shared-kernels,12,,scdawg,scdawg-char,char,none,construction,applicable,native-production-constructor,256,256,256,234305,915.253906,2005,1884948,833,93696,1791252,7131136,5443778154967421081,256,256,256,2147483648,8589934592,8d6b3d1352a5fbd505907221c98a319795e36dac9e23f3c289060ce5f703a196,150
liblevenshtein.backend-propagation-matrix.v1,1,control,legacy-shared-kernels,12,0,scdawg,scdawg-char,char,osa-transposition,query,applicable,suffix-language-semantics,256,64,178,2833303,44270.359375,17241,3655143,17241,3655143,37768,7131136,2940703862840314568,256,64,4734976,2147483648,8589934592,8d6b3d1352a5fbd505907221c98a319795e36dac9e23f3c289060ce5f703a196,150
liblevenshtein.backend-propagation-matrix.v1,1,control,legacy-shared-kernels,12,1,scdawg,scdawg-char,char,merge-and-split,query,applicable,suffix-language-semantics,256,64,159,6769535,105773.984375,18847,9672043,18847,9672043,94120,7131136,929312227055721643,256,64,4734976,2147483648,8589934592,8d6b3d1352a5fbd505907221c98a319795e36dac9e23f3c289060ce5f703a196,150
liblevenshtein.backend-propagation-matrix.v1,1,control,legacy-shared-kernels,12,2,scdawg,scdawg-char,char,damerau-levenshtein,query,applicable,suffix-language-semantics,256,64,178,2833332,44270.812500,17288,3674927,17288,3674927,38080,7131136,2940703862840314568,256,64,4734976,2147483648,8589934592,8d6b3d1352a5fbd505907221c98a319795e36dac9e23f3c289060ce5f703a196,150
liblevenshtein.backend-propagation-matrix.v1,1,control,legacy-shared-kernels,12,3,scdawg,scdawg-char,char,standard,query,applicable,suffix-language-semantics,256,64,158,2658430,41537.968750,16768,3555431,16768,3555431,37184,7131136,1697849768251626285,256,64,4734976,2147483648,8589934592,8d6b3d1352a5fbd505907221c98a319795e36dac9e23f3c289060ce5f703a196,150
liblevenshtein.backend-propagation-matrix.v1,1,control,legacy-shared-kernels,13,,scdawg,scdawg-u64,u64,none,construction,inapplicable,no-production-u64-dictionary-node,256,0,0,,,,,,,,,0,256,64,0,2147483648,8589934592,8d6b3d1352a5fbd505907221c98a319795e36dac9e23f3c289060ce5f703a196,150
liblevenshtein.backend-propagation-matrix.v1,1,control,legacy-shared-kernels,13,0,scdawg,scdawg-u64,u64,standard,query,inapplicable,no-production-u64-dictionary-node,256,0,0,,,,,,,,,0,256,64,0,2147483648,8589934592,8d6b3d1352a5fbd505907221c98a319795e36dac9e23f3c289060ce5f703a196,150
liblevenshtein.backend-propagation-matrix.v1,1,control,legacy-shared-kernels,13,1,scdawg,scdawg-u64,u64,osa-transposition,query,inapplicable,no-production-u64-dictionary-node,256,0,0,,,,,,,,,0,256,64,0,2147483648,8589934592,8d6b3d1352a5fbd505907221c98a319795e36dac9e23f3c289060ce5f703a196,150
liblevenshtein.backend-propagation-matrix.v1,1,control,legacy-shared-kernels,13,2,scdawg,scdawg-u64,u64,merge-and-split,query,inapplicable,no-production-u64-dictionary-node,256,0,0,,,,,,,,,0,256,64,0,2147483648,8589934592,8d6b3d1352a5fbd505907221c98a319795e36dac9e23f3c289060ce5f703a196,150
liblevenshtein.backend-propagation-matrix.v1,1,control,legacy-shared-kernels,13,3,scdawg,scdawg-u64,u64,damerau-levenshtein,query,inapplicable,no-production-u64-dictionary-node,256,0,0,,,,,,,,,0,256,64,0,2147483648,8589934592,8d6b3d1352a5fbd505907221c98a319795e36dac9e23f3c289060ce5f703a196,150
liblevenshtein.backend-propagation-matrix.v1,1,control,legacy-shared-kernels,14,,persistent-suffix-automaton,persistent-suffix-automaton-byte,byte,none,construction,applicable,native-production-constructor,256,256,256,77102712,301182.468750,2669365,485885193,2650250,483412367,4936932,12759040,7897287108478470759,256,256,256,2147483648,8589934592,8d6b3d1352a5fbd505907221c98a319795e36dac9e23f3c289060ce5f703a196,150
liblevenshtein.backend-propagation-matrix.v1,1,control,legacy-shared-kernels,14,0,persistent-suffix-automaton,persistent-suffix-automaton-byte,byte,damerau-levenshtein,query,applicable,suffix-language-semantics,256,64,7242,3373887,52716.984375,39501,4094261,39501,4094261,41670,12824576,8588494256811037634,256,64,6553600,2147483648,8589934592,8d6b3d1352a5fbd505907221c98a319795e36dac9e23f3c289060ce5f703a196,150
liblevenshtein.backend-propagation-matrix.v1,1,control,legacy-shared-kernels,14,1,persistent-suffix-automaton,persistent-suffix-automaton-byte,byte,standard,query,applicable,suffix-language-semantics,256,64,7220,3176653,49635.203125,38979,3991211,38979,3991211,40774,12824576,11527936699174133697,256,64,6553600,2147483648,8589934592,8d6b3d1352a5fbd505907221c98a319795e36dac9e23f3c289060ce5f703a196,150
liblevenshtein.backend-propagation-matrix.v1,1,control,legacy-shared-kernels,14,2,persistent-suffix-automaton,persistent-suffix-automaton-byte,byte,osa-transposition,query,applicable,suffix-language-semantics,256,64,7242,3297112,51517.375000,39452,4069357,39452,4069357,41358,12824576,8588494256811037634,256,64,6553600,2147483648,8589934592,8d6b3d1352a5fbd505907221c98a319795e36dac9e23f3c289060ce5f703a196,150
liblevenshtein.backend-propagation-matrix.v1,1,control,legacy-shared-kernels,14,3,persistent-suffix-automaton,persistent-suffix-automaton-byte,byte,merge-and-split,query,applicable,suffix-language-semantics,256,64,40077,9129850,142653.906250,139329,11076464,139329,11076464,94430,12824576,10530258689301225184,256,64,6553600,2147483648,8589934592,8d6b3d1352a5fbd505907221c98a319795e36dac9e23f3c289060ce5f703a196,150
liblevenshtein.backend-propagation-matrix.v1,1,control,legacy-shared-kernels,15,,persistent-suffix-automaton,persistent-suffix-automaton-char,char,none,construction,applicable,native-production-constructor,256,256,256,67881147,265160.730469,2258404,409351307,2242396,407281553,4133332,12894208,5443778154967421081,256,256,256,2147483648,8589934592,8d6b3d1352a5fbd505907221c98a319795e36dac9e23f3c289060ce5f703a196,150
liblevenshtein.backend-propagation-matrix.v1,1,control,legacy-shared-kernels,15,0,persistent-suffix-automaton,persistent-suffix-automaton-char,char,standard,query,applicable,suffix-language-semantics,256,64,7220,3080171,48127.671875,37314,4013271,37314,4013271,39232,12959744,12791458797821031245,256,64,4734976,2147483648,8589934592,8d6b3d1352a5fbd505907221c98a319795e36dac9e23f3c289060ce5f703a196,150
liblevenshtein.backend-propagation-matrix.v1,1,control,legacy-shared-kernels,15,1,persistent-suffix-automaton,persistent-suffix-automaton-char,char,osa-transposition,query,applicable,suffix-language-semantics,256,64,7242,3157086,49329.468750,37793,4113471,37793,4113471,39816,12959744,12496001809388214257,256,64,4734976,2147483648,8589934592,8d6b3d1352a5fbd505907221c98a319795e36dac9e23f3c289060ce5f703a196,150
liblevenshtein.backend-propagation-matrix.v1,1,control,legacy-shared-kernels,15,2,persistent-suffix-automaton,persistent-suffix-automaton-char,char,merge-and-split,query,applicable,suffix-language-semantics,256,64,40122,8875859,138685.296875,138134,12383175,138134,12383175,102336,12959744,17618148429821578324,256,64,4734976,2147483648,8589934592,8d6b3d1352a5fbd505907221c98a319795e36dac9e23f3c289060ce5f703a196,150
liblevenshtein.backend-propagation-matrix.v1,1,control,legacy-shared-kernels,15,3,persistent-suffix-automaton,persistent-suffix-automaton-char,char,damerau-levenshtein,query,applicable,suffix-language-semantics,256,64,7242,3227871,50435.484375,37840,4133255,37840,4133255,40128,12959744,12496001809388214257,256,64,4734976,2147483648,8589934592,8d6b3d1352a5fbd505907221c98a319795e36dac9e23f3c289060ce5f703a196,150
liblevenshtein.backend-propagation-matrix.v1,1,control,legacy-shared-kernels,16,,persistent-suffix-automaton,persistent-suffix-automaton-u64,u64,none,construction,inapplicable,no-production-u64-dictionary-node,256,0,0,,,,,,,,,0,256,64,0,2147483648,8589934592,8d6b3d1352a5fbd505907221c98a319795e36dac9e23f3c289060ce5f703a196,150
liblevenshtein.backend-propagation-matrix.v1,1,control,legacy-shared-kernels,16,0,persistent-suffix-automaton,persistent-suffix-automaton-u64,u64,standard,query,inapplicable,no-production-u64-dictionary-node,256,0,0,,,,,,,,,0,256,64,0,2147483648,8589934592,8d6b3d1352a5fbd505907221c98a319795e36dac9e23f3c289060ce5f703a196,150
liblevenshtein.backend-propagation-matrix.v1,1,control,legacy-shared-kernels,16,1,persistent-suffix-automaton,persistent-suffix-automaton-u64,u64,osa-transposition,query,inapplicable,no-production-u64-dictionary-node,256,0,0,,,,,,,,,0,256,64,0,2147483648,8589934592,8d6b3d1352a5fbd505907221c98a319795e36dac9e23f3c289060ce5f703a196,150
liblevenshtein.backend-propagation-matrix.v1,1,control,legacy-shared-kernels,16,2,persistent-suffix-automaton,persistent-suffix-automaton-u64,u64,merge-and-split,query,inapplicable,no-production-u64-dictionary-node,256,0,0,,,,,,,,,0,256,64,0,2147483648,8589934592,8d6b3d1352a5fbd505907221c98a319795e36dac9e23f3c289060ce5f703a196,150
liblevenshtein.backend-propagation-matrix.v1,1,control,legacy-shared-kernels,16,3,persistent-suffix-automaton,persistent-suffix-automaton-u64,u64,damerau-levenshtein,query,inapplicable,no-production-u64-dictionary-node,256,0,0,,,,,,,,,0,256,64,0,2147483648,8589934592,8d6b3d1352a5fbd505907221c98a319795e36dac9e23f3c289060ce5f703a196,150
liblevenshtein.backend-propagation-matrix.v1,1,control,legacy-shared-kernels,17,,persistent-suffix-tree,persistent-suffix-tree-byte,byte,none,construction,applicable,native-production-constructor,256,256,256,243780584,952267.906250,6461594,946769425,6451342,945944519,5925639,13156352,7897287108478470759,256,256,256,2147483648,8589934592,8d6b3d1352a5fbd505907221c98a319795e36dac9e23f3c289060ce5f703a196,150
liblevenshtein.backend-propagation-matrix.v1,1,control,legacy-shared-kernels,17,0,persistent-suffix-tree,persistent-suffix-tree-byte,byte,merge-and-split,query,applicable,suffix-language-semantics,256,64,101569,1063813780,16622090.312500,1568408,964742877,1568408,964742877,110052,13156352,12471523292536502621,256,64,6553600,2147483648,8589934592,8d6b3d1352a5fbd505907221c98a319795e36dac9e23f3c289060ce5f703a196,150
liblevenshtein.backend-propagation-matrix.v1,1,control,legacy-shared-kernels,17,1,persistent-suffix-tree,persistent-suffix-tree-byte,byte,damerau-levenshtein,query,applicable,suffix-language-semantics,256,64,30437,318487834,4976372.406250,483608,290458128,483608,290458128,51188,13156352,13508988111196556404,256,64,6553600,2147483648,8589934592,8d6b3d1352a5fbd505907221c98a319795e36dac9e23f3c289060ce5f703a196,150
liblevenshtein.backend-propagation-matrix.v1,1,control,legacy-shared-kernels,17,2,persistent-suffix-tree,persistent-suffix-tree-byte,byte,standard,query,applicable,suffix-language-semantics,256,64,30124,313164520,4893195.625000,478479,287413200,478479,287413200,50292,13156352,5037487752689083718,256,64,6553600,2147483648,8589934592,8d6b3d1352a5fbd505907221c98a319795e36dac9e23f3c289060ce5f703a196,150
liblevenshtein.backend-propagation-matrix.v1,1,control,legacy-shared-kernels,17,3,persistent-suffix-tree,persistent-suffix-tree-byte,byte,osa-transposition,query,applicable,suffix-language-semantics,256,64,30437,316538778,4945918.406250,483559,290433224,483559,290433224,50876,13156352,13508988111196556404,256,64,6553600,2147483648,8589934592,8d6b3d1352a5fbd505907221c98a319795e36dac9e23f3c289060ce5f703a196,150
liblevenshtein.backend-propagation-matrix.v1,1,control,legacy-shared-kernels,18,,persistent-suffix-tree,persistent-suffix-tree-char,char,none,construction,applicable,native-production-constructor,256,256,256,259260826,1012737.601562,6518660,891486223,6509362,890645297,5093305,13156352,5443778154967421081,256,256,256,2147483648,8589934592,8d6b3d1352a5fbd505907221c98a319795e36dac9e23f3c289060ce5f703a196,150
liblevenshtein.backend-propagation-matrix.v1,1,control,legacy-shared-kernels,18,0,persistent-suffix-tree,persistent-suffix-tree-char,char,damerau-levenshtein,query,applicable,suffix-language-semantics,256,64,31458,350525900,5476967.187500,498076,303539959,498076,303539959,52460,13156352,12121217094846582572,256,64,4734976,2147483648,8589934592,8d6b3d1352a5fbd505907221c98a319795e36dac9e23f3c289060ce5f703a196,150
liblevenshtein.backend-propagation-matrix.v1,1,control,legacy-shared-kernels,18,1,persistent-suffix-tree,persistent-suffix-tree-char,char,standard,query,applicable,suffix-language-semantics,256,64,31145,346654159,5416471.234375,492943,300414727,492943,300414727,51468,13156352,11493286750273298721,256,64,4734976,2147483648,8589934592,8d6b3d1352a5fbd505907221c98a319795e36dac9e23f3c289060ce5f703a196,150
liblevenshtein.backend-propagation-matrix.v1,1,control,legacy-shared-kernels,18,2,persistent-suffix-tree,persistent-suffix-tree-char,char,osa-transposition,query,applicable,suffix-language-semantics,256,64,31458,350139216,5470925.250000,498029,303520175,498029,303520175,52108,13156352,12121217094846582572,256,64,4734976,2147483648,8589934592,8d6b3d1352a5fbd505907221c98a319795e36dac9e23f3c289060ce5f703a196,150
liblevenshtein.backend-propagation-matrix.v1,1,control,legacy-shared-kernels,18,3,persistent-suffix-tree,persistent-suffix-tree-char,char,merge-and-split,query,applicable,suffix-language-semantics,256,64,106703,1185773263,18527707.234375,1644396,1021398767,1644396,1021398767,120172,13156352,12787992212658407607,256,64,4734976,2147483648,8589934592,8d6b3d1352a5fbd505907221c98a319795e36dac9e23f3c289060ce5f703a196,150
liblevenshtein.backend-propagation-matrix.v1,1,control,legacy-shared-kernels,19,,persistent-suffix-tree,persistent-suffix-tree-u64,u64,none,construction,inapplicable,no-production-u64-dictionary-node,256,0,0,,,,,,,,,0,256,64,0,2147483648,8589934592,8d6b3d1352a5fbd505907221c98a319795e36dac9e23f3c289060ce5f703a196,150
liblevenshtein.backend-propagation-matrix.v1,1,control,legacy-shared-kernels,19,0,persistent-suffix-tree,persistent-suffix-tree-u64,u64,standard,query,inapplicable,no-production-u64-dictionary-node,256,0,0,,,,,,,,,0,256,64,0,2147483648,8589934592,8d6b3d1352a5fbd505907221c98a319795e36dac9e23f3c289060ce5f703a196,150
liblevenshtein.backend-propagation-matrix.v1,1,control,legacy-shared-kernels,19,1,persistent-suffix-tree,persistent-suffix-tree-u64,u64,osa-transposition,query,inapplicable,no-production-u64-dictionary-node,256,0,0,,,,,,,,,0,256,64,0,2147483648,8589934592,8d6b3d1352a5fbd505907221c98a319795e36dac9e23f3c289060ce5f703a196,150
liblevenshtein.backend-propagation-matrix.v1,1,control,legacy-shared-kernels,19,2,persistent-suffix-tree,persistent-suffix-tree-u64,u64,merge-and-split,query,inapplicable,no-production-u64-dictionary-node,256,0,0,,,,,,,,,0,256,64,0,2147483648,8589934592,8d6b3d1352a5fbd505907221c98a319795e36dac9e23f3c289060ce5f703a196,150
liblevenshtein.backend-propagation-matrix.v1,1,control,legacy-shared-kernels,19,3,persistent-suffix-tree,persistent-suffix-tree-u64,u64,damerau-levenshtein,query,inapplicable,no-production-u64-dictionary-node,256,0,0,,,,,,,,,0,256,64,0,2147483648,8589934592,8d6b3d1352a5fbd505907221c98a319795e36dac9e23f3c289060ce5f703a196,150
liblevenshtein.backend-propagation-matrix.v1,1,control,legacy-shared-kernels,20,,persistent-scdawg,persistent-scdawg-byte,byte,none,construction,applicable,native-production-constructor,256,256,256,72292001,282390.628906,633455,505626887,632017,503728457,5660908,16392192,7897287108478470759,256,256,256,2147483648,8589934592,8d6b3d1352a5fbd505907221c98a319795e36dac9e23f3c289060ce5f703a196,150
liblevenshtein.backend-propagation-matrix.v1,1,control,legacy-shared-kernels,20,0,persistent-scdawg,persistent-scdawg-byte,byte,osa-transposition,query,applicable,suffix-language-semantics,256,64,202,4488942,70139.718750,77030,5442359,77030,5442359,48060,16457728,2687648325568802218,256,64,6553600,2147483648,8589934592,8d6b3d1352a5fbd505907221c98a319795e36dac9e23f3c289060ce5f703a196,150
liblevenshtein.backend-propagation-matrix.v1,1,control,legacy-shared-kernels,20,1,persistent-scdawg,persistent-scdawg-byte,byte,merge-and-split,query,applicable,suffix-language-semantics,256,64,25165,13945532,217898.937500,295555,15516919,295555,15516919,119524,16457728,6841979129621028906,256,64,6553600,2147483648,8589934592,8d6b3d1352a5fbd505907221c98a319795e36dac9e23f3c289060ce5f703a196,150
liblevenshtein.backend-propagation-matrix.v1,1,control,legacy-shared-kernels,20,2,persistent-scdawg,persistent-scdawg-byte,byte,damerau-levenshtein,query,applicable,suffix-language-semantics,256,64,202,4535930,70873.906250,77079,5467263,77079,5467263,48372,16457728,2687648325568802218,256,64,6553600,2147483648,8589934592,8d6b3d1352a5fbd505907221c98a319795e36dac9e23f3c289060ce5f703a196,150
liblevenshtein.backend-propagation-matrix.v1,1,control,legacy-shared-kernels,20,3,persistent-scdawg,persistent-scdawg-byte,byte,standard,query,applicable,suffix-language-semantics,256,64,180,4328848,67638.250000,75931,5352765,75931,5352765,47476,16457728,13035109022211180485,256,64,6553600,2147483648,8589934592,8d6b3d1352a5fbd505907221c98a319795e36dac9e23f3c289060ce5f703a196,150
liblevenshtein.backend-propagation-matrix.v1,1,control,legacy-shared-kernels,21,,persistent-scdawg,persistent-scdawg-char,char,none,construction,applicable,native-production-constructor,256,256,256,71881372,280786.609375,748691,490965307,747263,489153341,5401772,16482304,5443778154967421081,256,256,256,2147483648,8589934592,8d6b3d1352a5fbd505907221c98a319795e36dac9e23f3c289060ce5f703a196,150
liblevenshtein.backend-propagation-matrix.v1,1,control,legacy-shared-kernels,21,0,persistent-scdawg,persistent-scdawg-char,char,merge-and-split,query,applicable,suffix-language-semantics,256,64,25197,14227857,222310.265625,305165,16603806,305165,16603806,127268,16482304,18019962920185724155,256,64,4734976,2147483648,8589934592,8d6b3d1352a5fbd505907221c98a319795e36dac9e23f3c289060ce5f703a196,150
liblevenshtein.backend-propagation-matrix.v1,1,control,legacy-shared-kernels,21,1,persistent-scdawg,persistent-scdawg-char,char,damerau-levenshtein,query,applicable,suffix-language-semantics,256,64,202,4537704,70901.625000,78036,5400488,78036,5400488,46692,16482304,15995285338323276707,256,64,4734976,2147483648,8589934592,8d6b3d1352a5fbd505907221c98a319795e36dac9e23f3c289060ce5f703a196,150
liblevenshtein.backend-propagation-matrix.v1,1,control,legacy-shared-kernels,21,2,persistent-scdawg,persistent-scdawg-char,char,standard,query,applicable,suffix-language-semantics,256,64,180,4306055,67282.109375,76884,5269320,76884,5269320,45796,16482304,12508321732625295381,256,64,4734976,2147483648,8589934592,8d6b3d1352a5fbd505907221c98a319795e36dac9e23f3c289060ce5f703a196,150
liblevenshtein.backend-propagation-matrix.v1,1,control,legacy-shared-kernels,21,3,persistent-scdawg,persistent-scdawg-char,char,osa-transposition,query,applicable,suffix-language-semantics,256,64,202,4455908,69623.562500,77989,5380704,77989,5380704,46380,16482304,15995285338323276707,256,64,4734976,2147483648,8589934592,8d6b3d1352a5fbd505907221c98a319795e36dac9e23f3c289060ce5f703a196,150
liblevenshtein.backend-propagation-matrix.v1,1,control,legacy-shared-kernels,22,,persistent-scdawg,persistent-scdawg-u64,u64,none,construction,inapplicable,no-production-u64-dictionary-node,256,0,0,,,,,,,,,0,256,64,0,2147483648,8589934592,8d6b3d1352a5fbd505907221c98a319795e36dac9e23f3c289060ce5f703a196,150
liblevenshtein.backend-propagation-matrix.v1,1,control,legacy-shared-kernels,22,0,persistent-scdawg,persistent-scdawg-u64,u64,standard,query,inapplicable,no-production-u64-dictionary-node,256,0,0,,,,,,,,,0,256,64,0,2147483648,8589934592,8d6b3d1352a5fbd505907221c98a319795e36dac9e23f3c289060ce5f703a196,150
liblevenshtein.backend-propagation-matrix.v1,1,control,legacy-shared-kernels,22,1,persistent-scdawg,persistent-scdawg-u64,u64,osa-transposition,query,inapplicable,no-production-u64-dictionary-node,256,0,0,,,,,,,,,0,256,64,0,2147483648,8589934592,8d6b3d1352a5fbd505907221c98a319795e36dac9e23f3c289060ce5f703a196,150
liblevenshtein.backend-propagation-matrix.v1,1,control,legacy-shared-kernels,22,2,persistent-scdawg,persistent-scdawg-u64,u64,merge-and-split,query,inapplicable,no-production-u64-dictionary-node,256,0,0,,,,,,,,,0,256,64,0,2147483648,8589934592,8d6b3d1352a5fbd505907221c98a319795e36dac9e23f3c289060ce5f703a196,150
liblevenshtein.backend-propagation-matrix.v1,1,control,legacy-shared-kernels,22,3,persistent-scdawg,persistent-scdawg-u64,u64,damerau-levenshtein,query,inapplicable,no-production-u64-dictionary-node,256,0,0,,,,,,,,,0,256,64,0,2147483648,8589934592,8d6b3d1352a5fbd505907221c98a319795e36dac9e23f3c289060ce5f703a196,150
liblevenshtein.backend-propagation-matrix.v1,1,control,legacy-shared-kernels,23,,persistent-artrie,persistent-artrie-byte,byte,none,construction,applicable,native-production-constructor,256,256,256,956824,3737.593750,15437,3504710,10817,2160620,1350201,16482304,7897287108478470759,256,256,256,2147483648,8589934592,8d6b3d1352a5fbd505907221c98a319795e36dac9e23f3c289060ce5f703a196,150
liblevenshtein.backend-propagation-matrix.v1,1,control,legacy-shared-kernels,23,0,persistent-artrie,persistent-artrie-byte,byte,standard,query,applicable,finite-term-language-semantics,256,64,91,1862302,29098.468750,27034,2903967,27034,2903967,25156,16482304,11261728730101723162,256,64,6553600,2147483648,8589934592,8d6b3d1352a5fbd505907221c98a319795e36dac9e23f3c289060ce5f703a196,150
liblevenshtein.backend-propagation-matrix.v1,1,control,legacy-shared-kernels,23,1,persistent-artrie,persistent-artrie-byte,byte,osa-transposition,query,applicable,finite-term-language-semantics,256,64,91,1885415,29459.609375,27377,2940503,27377,2940503,25348,16482304,6797224774086182016,256,64,6553600,2147483648,8589934592,8d6b3d1352a5fbd505907221c98a319795e36dac9e23f3c289060ce5f703a196,150
liblevenshtein.backend-propagation-matrix.v1,1,control,legacy-shared-kernels,23,2,persistent-artrie,persistent-artrie-byte,byte,merge-and-split,query,applicable,finite-term-language-semantics,256,64,92,2778087,43407.609375,30903,3310854,30903,3310854,30320,16482304,4882045085306252888,256,64,6553600,2147483648,8589934592,8d6b3d1352a5fbd505907221c98a319795e36dac9e23f3c289060ce5f703a196,150
liblevenshtein.backend-propagation-matrix.v1,1,control,legacy-shared-kernels,23,3,persistent-artrie,persistent-artrie-byte,byte,damerau-levenshtein,query,applicable,finite-term-language-semantics,256,64,91,1943956,30374.312500,27435,2961823,27435,2961823,25660,16482304,6797224774086182016,256,64,6553600,2147483648,8589934592,8d6b3d1352a5fbd505907221c98a319795e36dac9e23f3c289060ce5f703a196,150
liblevenshtein.backend-propagation-matrix.v1,1,control,legacy-shared-kernels,24,,persistent-artrie,persistent-artrie-char,char,none,construction,applicable,native-production-constructor,256,256,256,846535,3306.777344,15869,3302281,11269,1966364,1341604,16486400,5443778154967421081,256,256,256,2147483648,8589934592,8d6b3d1352a5fbd505907221c98a319795e36dac9e23f3c289060ce5f703a196,150
liblevenshtein.backend-propagation-matrix.v1,1,control,legacy-shared-kernels,24,0,persistent-artrie,persistent-artrie-char,char,osa-transposition,query,applicable,finite-term-language-semantics,256,64,91,1892979,29577.796875,26947,2896268,26947,2896268,24072,16502784,4410814775178892540,256,64,4734976,2147483648,8589934592,8d6b3d1352a5fbd505907221c98a319795e36dac9e23f3c289060ce5f703a196,150
liblevenshtein.backend-propagation-matrix.v1,1,control,legacy-shared-kernels,24,1,persistent-artrie,persistent-artrie-char,char,merge-and-split,query,applicable,finite-term-language-semantics,256,64,92,2778007,43406.359375,30345,3254008,30345,3254008,26832,16502784,17464432661640746486,256,64,4734976,2147483648,8589934592,8d6b3d1352a5fbd505907221c98a319795e36dac9e23f3c289060ce5f703a196,150
liblevenshtein.backend-propagation-matrix.v1,1,control,legacy-shared-kernels,24,2,persistent-artrie,persistent-artrie-char,char,damerau-levenshtein,query,applicable,finite-term-language-semantics,256,64,91,1921102,30017.218750,27005,2917044,27005,2917044,24456,16502784,4410814775178892540,256,64,4734976,2147483648,8589934592,8d6b3d1352a5fbd505907221c98a319795e36dac9e23f3c289060ce5f703a196,150
liblevenshtein.backend-propagation-matrix.v1,1,control,legacy-shared-kernels,24,3,persistent-artrie,persistent-artrie-char,char,standard,query,applicable,finite-term-language-semantics,256,64,91,1792018,28000.281250,26581,2853020,26581,2853020,23564,16502784,2453029635995852900,256,64,4734976,2147483648,8589934592,8d6b3d1352a5fbd505907221c98a319795e36dac9e23f3c289060ce5f703a196,150
liblevenshtein.backend-propagation-matrix.v1,1,control,legacy-shared-kernels,25,,persistent-artrie,persistent-artrie-u64,u64,none,construction,applicable,native-production-constructor,256,256,256,490981,1917.894531,6437,1747584,5556,1479568,273072,16502784,11306468750955849702,256,256,256,2147483648,8589934592,8d6b3d1352a5fbd505907221c98a319795e36dac9e23f3c289060ce5f703a196,150
liblevenshtein.backend-propagation-matrix.v1,1,control,legacy-shared-kernels,25,0,persistent-artrie,persistent-artrie-u64,u64,merge-and-split,query,applicable,finite-term-language-semantics,256,64,16384,4926651,76978.921875,128406,7914476,128406,7914476,55864,16502784,16128731139004451262,256,64,147456,2147483648,8589934592,8d6b3d1352a5fbd505907221c98a319795e36dac9e23f3c289060ce5f703a196,150
liblevenshtein.backend-propagation-matrix.v1,1,control,legacy-shared-kernels,25,1,persistent-artrie,persistent-artrie-u64,u64,damerau-levenshtein,query,applicable,finite-term-language-semantics,256,64,4372,3477012,54328.312500,84337,6559156,84337,6559156,55068,16502784,13322497692170432078,256,64,147456,2147483648,8589934592,8d6b3d1352a5fbd505907221c98a319795e36dac9e23f3c289060ce5f703a196,150
liblevenshtein.backend-propagation-matrix.v1,1,control,legacy-shared-kernels,25,2,persistent-artrie,persistent-artrie-u64,u64,standard,query,applicable,finite-term-language-semantics,256,64,4372,3503472,54741.750000,84337,6558700,84337,6558700,55068,16502784,13322497692170432078,256,64,147456,2147483648,8589934592,8d6b3d1352a5fbd505907221c98a319795e36dac9e23f3c289060ce5f703a196,150
liblevenshtein.backend-propagation-matrix.v1,1,control,legacy-shared-kernels,25,3,persistent-artrie,persistent-artrie-u64,u64,osa-transposition,query,applicable,finite-term-language-semantics,256,64,4372,3503403,54740.671875,84337,6559156,84337,6559156,55068,16502784,13322497692170432078,256,64,147456,2147483648,8589934592,8d6b3d1352a5fbd505907221c98a319795e36dac9e23f3c289060ce5f703a196,150
liblevenshtein.backend-propagation-matrix.v1,1,control,legacy-shared-kernels,26,,persistent-vocabulary,persistent-vocabulary-byte,byte,none,construction,inapplicable,vocabulary-keys-are-unicode-scalars,256,0,0,,,,,,,,,0,256,64,0,2147483648,8589934592,8d6b3d1352a5fbd505907221c98a319795e36dac9e23f3c289060ce5f703a196,150
liblevenshtein.backend-propagation-matrix.v1,1,control,legacy-shared-kernels,26,0,persistent-vocabulary,persistent-vocabulary-byte,byte,standard,query,inapplicable,vocabulary-keys-are-unicode-scalars,256,0,0,,,,,,,,,0,256,64,0,2147483648,8589934592,8d6b3d1352a5fbd505907221c98a319795e36dac9e23f3c289060ce5f703a196,150
liblevenshtein.backend-propagation-matrix.v1,1,control,legacy-shared-kernels,26,1,persistent-vocabulary,persistent-vocabulary-byte,byte,osa-transposition,query,inapplicable,vocabulary-keys-are-unicode-scalars,256,0,0,,,,,,,,,0,256,64,0,2147483648,8589934592,8d6b3d1352a5fbd505907221c98a319795e36dac9e23f3c289060ce5f703a196,150
liblevenshtein.backend-propagation-matrix.v1,1,control,legacy-shared-kernels,26,2,persistent-vocabulary,persistent-vocabulary-byte,byte,merge-and-split,query,inapplicable,vocabulary-keys-are-unicode-scalars,256,0,0,,,,,,,,,0,256,64,0,2147483648,8589934592,8d6b3d1352a5fbd505907221c98a319795e36dac9e23f3c289060ce5f703a196,150
liblevenshtein.backend-propagation-matrix.v1,1,control,legacy-shared-kernels,26,3,persistent-vocabulary,persistent-vocabulary-byte,byte,damerau-levenshtein,query,inapplicable,vocabulary-keys-are-unicode-scalars,256,0,0,,,,,,,,,0,256,64,0,2147483648,8589934592,8d6b3d1352a5fbd505907221c98a319795e36dac9e23f3c289060ce5f703a196,150
liblevenshtein.backend-propagation-matrix.v1,1,control,legacy-shared-kernels,27,,persistent-vocabulary,persistent-vocabulary-char,char,none,construction,applicable,native-production-constructor,256,256,256,7566476,29556.546875,18243,70878878,13356,2107667,68776962,83787776,5443778154967421081,256,256,256,2147483648,8589934592,8d6b3d1352a5fbd505907221c98a319795e36dac9e23f3c289060ce5f703a196,150
liblevenshtein.backend-propagation-matrix.v1,1,control,legacy-shared-kernels,27,0,persistent-vocabulary,persistent-vocabulary-char,char,standard,query,applicable,finite-term-language-semantics,256,64,91,1858484,29038.812500,26581,2853020,26581,2853020,23564,83787776,2453029635995852900,256,64,4734976,2147483648,8589934592,8d6b3d1352a5fbd505907221c98a319795e36dac9e23f3c289060ce5f703a196,150
liblevenshtein.backend-propagation-matrix.v1,1,control,legacy-shared-kernels,27,1,persistent-vocabulary,persistent-vocabulary-char,char,osa-transposition,query,applicable,finite-term-language-semantics,256,64,91,1914219,29909.671875,26947,2896268,26947,2896268,24072,83787776,4410814775178892540,256,64,4734976,2147483648,8589934592,8d6b3d1352a5fbd505907221c98a319795e36dac9e23f3c289060ce5f703a196,150
liblevenshtein.backend-propagation-matrix.v1,1,control,legacy-shared-kernels,27,2,persistent-vocabulary,persistent-vocabulary-char,char,merge-and-split,query,applicable,finite-term-language-semantics,256,64,92,2781655,43463.359375,30345,3254008,30345,3254008,26832,83787776,17464432661640746486,256,64,4734976,2147483648,8589934592,8d6b3d1352a5fbd505907221c98a319795e36dac9e23f3c289060ce5f703a196,150
liblevenshtein.backend-propagation-matrix.v1,1,control,legacy-shared-kernels,27,3,persistent-vocabulary,persistent-vocabulary-char,char,damerau-levenshtein,query,applicable,finite-term-language-semantics,256,64,91,1956599,30571.859375,27005,2917044,27005,2917044,24456,83787776,4410814775178892540,256,64,4734976,2147483648,8589934592,8d6b3d1352a5fbd505907221c98a319795e36dac9e23f3c289060ce5f703a196,150
liblevenshtein.backend-propagation-matrix.v1,1,control,legacy-shared-kernels,28,,persistent-vocabulary,persistent-vocabulary-u64,u64,none,construction,inapplicable,vocabulary-keys-are-unicode-scalars,256,0,0,,,,,,,,,0,256,64,0,2147483648,8589934592,8d6b3d1352a5fbd505907221c98a319795e36dac9e23f3c289060ce5f703a196,150
liblevenshtein.backend-propagation-matrix.v1,1,control,legacy-shared-kernels,28,0,persistent-vocabulary,persistent-vocabulary-u64,u64,standard,query,inapplicable,vocabulary-keys-are-unicode-scalars,256,0,0,,,,,,,,,0,256,64,0,2147483648,8589934592,8d6b3d1352a5fbd505907221c98a319795e36dac9e23f3c289060ce5f703a196,150
liblevenshtein.backend-propagation-matrix.v1,1,control,legacy-shared-kernels,28,1,persistent-vocabulary,persistent-vocabulary-u64,u64,osa-transposition,query,inapplicable,vocabulary-keys-are-unicode-scalars,256,0,0,,,,,,,,,0,256,64,0,2147483648,8589934592,8d6b3d1352a5fbd505907221c98a319795e36dac9e23f3c289060ce5f703a196,150
liblevenshtein.backend-propagation-matrix.v1,1,control,legacy-shared-kernels,28,2,persistent-vocabulary,persistent-vocabulary-u64,u64,merge-and-split,query,inapplicable,vocabulary-keys-are-unicode-scalars,256,0,0,,,,,,,,,0,256,64,0,2147483648,8589934592,8d6b3d1352a5fbd505907221c98a319795e36dac9e23f3c289060ce5f703a196,150
liblevenshtein.backend-propagation-matrix.v1,1,control,legacy-shared-kernels,28,3,persistent-vocabulary,persistent-vocabulary-u64,u64,damerau-levenshtein,query,inapplicable,vocabulary-keys-are-unicode-scalars,256,0,0,,,,,,,,,0,256,64,0,2147483648,8589934592,8d6b3d1352a5fbd505907221c98a319795e36dac9e23f3c289060ce5f703a196,150
liblevenshtein.backend-propagation-matrix.v1,1,control,legacy-shared-kernels,29,,dynamic-dawg,dynamic-dawg-byte,byte,none,construction,applicable,native-production-constructor,256,256,256,251236,981.390625,3749,393462,2202,219022,293313,16801792,7897287108478470759,256,256,256,2147483648,8589934592,8d6b3d1352a5fbd505907221c98a319795e36dac9e23f3c289060ce5f703a196,150
liblevenshtein.backend-propagation-matrix.v1,1,control,legacy-shared-kernels,29,0,dynamic-dawg,dynamic-dawg-byte,byte,merge-and-split,query,applicable,finite-term-language-semantics,256,64,92,2362920,36920.625000,14599,2183813,14595,2145253,78919,16801792,4882045085306252888,256,64,6553600,2147483648,8589934592,8d6b3d1352a5fbd505907221c98a319795e36dac9e23f3c289060ce5f703a196,150
liblevenshtein.backend-propagation-matrix.v1,1,control,legacy-shared-kernels,29,1,dynamic-dawg,dynamic-dawg-byte,byte,damerau-levenshtein,query,applicable,finite-term-language-semantics,256,64,91,1492921,23326.890625,13105,1860383,13105,1860383,23358,16801792,6797224774086182016,256,64,6553600,2147483648,8589934592,8d6b3d1352a5fbd505907221c98a319795e36dac9e23f3c289060ce5f703a196,150
liblevenshtein.backend-propagation-matrix.v1,1,control,legacy-shared-kernels,29,2,dynamic-dawg,dynamic-dawg-byte,byte,standard,query,applicable,finite-term-language-semantics,256,64,91,1375177,21487.140625,12821,1810015,12821,1810015,22838,16801792,11261728730101723162,256,64,6553600,2147483648,8589934592,8d6b3d1352a5fbd505907221c98a319795e36dac9e23f3c289060ce5f703a196,150
liblevenshtein.backend-propagation-matrix.v1,1,control,legacy-shared-kernels,29,3,dynamic-dawg,dynamic-dawg-byte,byte,osa-transposition,query,applicable,finite-term-language-semantics,256,64,91,1429400,22334.375000,13047,1839063,13047,1839063,23118,16801792,6797224774086182016,256,64,6553600,2147483648,8589934592,8d6b3d1352a5fbd505907221c98a319795e36dac9e23f3c289060ce5f703a196,150
liblevenshtein.backend-propagation-matrix.v1,1,treatment,treatment,0,,dynamic-dawg,dynamic-dawg-char,char,none,construction,applicable,native-production-constructor,256,256,256,329926,1288.773438,3730,392418,2193,219098,292689,4149248,5443778154967421081,256,256,256,2147483648,8589934592,8d6b3d1352a5fbd505907221c98a319795e36dac9e23f3c289060ce5f703a196,150
liblevenshtein.backend-propagation-matrix.v1,1,treatment,treatment,0,0,dynamic-dawg,dynamic-dawg-char,char,osa-transposition,query,applicable,finite-term-language-semantics,256,64,91,572816,8950.250000,2227,906385,2219,860169,78509,4685824,4410814775178892540,256,64,4734976,2147483648,8589934592,8d6b3d1352a5fbd505907221c98a319795e36dac9e23f3c289060ce5f703a196,150
liblevenshtein.backend-propagation-matrix.v1,1,treatment,treatment,0,1,dynamic-dawg,dynamic-dawg-char,char,merge-and-split,query,applicable,finite-term-language-semantics,256,64,92,508404,7943.812500,2208,792592,2208,792592,7780,4685824,17464432661640746486,256,64,4734976,2147483648,8589934592,8d6b3d1352a5fbd505907221c98a319795e36dac9e23f3c289060ce5f703a196,150
liblevenshtein.backend-propagation-matrix.v1,1,treatment,treatment,0,2,dynamic-dawg,dynamic-dawg-char,char,damerau-levenshtein,query,applicable,finite-term-language-semantics,256,64,91,1168786,18262.281250,7244,2547001,7244,2547001,24824,4767744,4410814775178892540,256,64,4734976,2147483648,8589934592,8d6b3d1352a5fbd505907221c98a319795e36dac9e23f3c289060ce5f703a196,150
liblevenshtein.backend-propagation-matrix.v1,1,treatment,treatment,0,3,dynamic-dawg,dynamic-dawg-char,char,standard,query,applicable,finite-term-language-semantics,256,64,91,478287,7473.234375,2322,1205292,2322,1205292,15404,4767744,2453029635995852900,256,64,4734976,2147483648,8589934592,8d6b3d1352a5fbd505907221c98a319795e36dac9e23f3c289060ce5f703a196,150
liblevenshtein.backend-propagation-matrix.v1,1,treatment,treatment,1,,dynamic-dawg,dynamic-dawg-u64,u64,none,construction,applicable,native-production-constructor,256,256,256,54022,211.023438,595,63228,463,43804,45512,4849664,11306468750955849702,256,256,256,2147483648,8589934592,8d6b3d1352a5fbd505907221c98a319795e36dac9e23f3c289060ce5f703a196,150
liblevenshtein.backend-propagation-matrix.v1,1,treatment,treatment,1,0,dynamic-dawg,dynamic-dawg-u64,u64,merge-and-split,query,applicable,finite-term-language-semantics,256,64,16384,1328409,20756.390625,50507,1288082,50500,1261682,28652,4870144,16128731139004451262,256,64,147456,2147483648,8589934592,8d6b3d1352a5fbd505907221c98a319795e36dac9e23f3c289060ce5f703a196,150
liblevenshtein.backend-propagation-matrix.v1,1,treatment,treatment,1,1,dynamic-dawg,dynamic-dawg-u64,u64,damerau-levenshtein,query,applicable,finite-term-language-semantics,256,64,4372,911589,14243.578125,15259,500149,15259,500149,3328,4870144,13322497692170432078,256,64,147456,2147483648,8589934592,8d6b3d1352a5fbd505907221c98a319795e36dac9e23f3c289060ce5f703a196,150
liblevenshtein.backend-propagation-matrix.v1,1,treatment,treatment,1,2,dynamic-dawg,dynamic-dawg-u64,u64,standard,query,applicable,finite-term-language-semantics,256,64,4372,645083,10079.421875,14539,1220052,14539,1220052,14740,4870144,13322497692170432078,256,64,147456,2147483648,8589934592,8d6b3d1352a5fbd505907221c98a319795e36dac9e23f3c289060ce5f703a196,150
liblevenshtein.backend-propagation-matrix.v1,1,treatment,treatment,1,3,dynamic-dawg,dynamic-dawg-u64,u64,osa-transposition,query,applicable,finite-term-language-semantics,256,64,4372,556044,8688.187500,14405,421724,14405,421724,2252,4870144,13322497692170432078,256,64,147456,2147483648,8589934592,8d6b3d1352a5fbd505907221c98a319795e36dac9e23f3c289060ce5f703a196,150
liblevenshtein.backend-propagation-matrix.v1,1,treatment,treatment,2,,double-array-trie,double-array-trie-byte,byte,none,construction,applicable,native-production-constructor,256,256,256,242340,946.640625,4198,648829,2267,525503,386862,5025792,7897287108478470759,256,256,256,2147483648,8589934592,8d6b3d1352a5fbd505907221c98a319795e36dac9e23f3c289060ce5f703a196,150
liblevenshtein.backend-propagation-matrix.v1,1,treatment,treatment,2,0,double-array-trie,double-array-trie-byte,byte,damerau-levenshtein,query,applicable,finite-term-language-semantics,256,64,91,1157264,18082.250000,7662,2868612,7660,2867556,25904,5173248,6797224774086182016,256,64,6553600,2147483648,8589934592,8d6b3d1352a5fbd505907221c98a319795e36dac9e23f3c289060ce5f703a196,150
liblevenshtein.backend-propagation-matrix.v1,1,treatment,treatment,2,1,double-array-trie,double-array-trie-byte,byte,standard,query,applicable,finite-term-language-semantics,256,64,91,543641,8494.390625,2427,1501901,2427,1501901,20136,5173248,11261728730101723162,256,64,6553600,2147483648,8589934592,8d6b3d1352a5fbd505907221c98a319795e36dac9e23f3c289060ce5f703a196,150
liblevenshtein.backend-propagation-matrix.v1,1,treatment,treatment,2,2,double-array-trie,double-array-trie-byte,byte,osa-transposition,query,applicable,finite-term-language-semantics,256,64,91,477074,7454.281250,2306,827485,2306,827485,10788,5173248,6797224774086182016,256,64,6553600,2147483648,8589934592,8d6b3d1352a5fbd505907221c98a319795e36dac9e23f3c289060ce5f703a196,150
liblevenshtein.backend-propagation-matrix.v1,1,treatment,treatment,2,3,double-array-trie,double-array-trie-byte,byte,merge-and-split,query,applicable,finite-term-language-semantics,256,64,92,460683,7198.171875,2311,833957,2311,833957,9992,5173248,4882045085306252888,256,64,6553600,2147483648,8589934592,8d6b3d1352a5fbd505907221c98a319795e36dac9e23f3c289060ce5f703a196,150
liblevenshtein.backend-propagation-matrix.v1,1,treatment,treatment,3,,double-array-trie,double-array-trie-char,char,none,construction,applicable,native-production-constructor,256,256,256,2276126,8891.117188,4689,14943334,2768,6168818,9318604,9994240,5443778154967421081,256,256,256,2147483648,8589934592,8d6b3d1352a5fbd505907221c98a319795e36dac9e23f3c289060ce5f703a196,150
liblevenshtein.backend-propagation-matrix.v1,1,treatment,treatment,3,0,double-array-trie,double-array-trie-char,char,standard,query,applicable,finite-term-language-semantics,256,64,91,533111,8329.859375,2500,1204956,2500,1204956,15492,9994240,2453029635995852900,256,64,4734976,2147483648,8589934592,8d6b3d1352a5fbd505907221c98a319795e36dac9e23f3c289060ce5f703a196,150
liblevenshtein.backend-propagation-matrix.v1,1,treatment,treatment,3,1,double-array-trie,double-array-trie-char,char,osa-transposition,query,applicable,finite-term-language-semantics,256,64,91,462958,7233.718750,2381,788940,2381,788940,7868,9994240,4410814775178892540,256,64,4734976,2147483648,8589934592,8d6b3d1352a5fbd505907221c98a319795e36dac9e23f3c289060ce5f703a196,150
liblevenshtein.backend-propagation-matrix.v1,1,treatment,treatment,3,2,double-array-trie,double-array-trie-char,char,merge-and-split,query,applicable,finite-term-language-semantics,256,64,92,475863,7435.359375,2387,792188,2387,792188,7868,9994240,17464432661640746486,256,64,4734976,2147483648,8589934592,8d6b3d1352a5fbd505907221c98a319795e36dac9e23f3c289060ce5f703a196,150
liblevenshtein.backend-propagation-matrix.v1,1,treatment,treatment,3,3,double-array-trie,double-array-trie-char,char,damerau-levenshtein,query,applicable,finite-term-language-semantics,256,64,91,1133549,17711.703125,7422,2546665,7422,2546665,24912,9994240,4410814775178892540,256,64,4734976,2147483648,8589934592,8d6b3d1352a5fbd505907221c98a319795e36dac9e23f3c289060ce5f703a196,150
liblevenshtein.backend-propagation-matrix.v1,1,treatment,treatment,4,,double-array-trie,double-array-trie-u64,u64,none,construction,inapplicable,no-production-u64-dictionary-node,256,0,0,,,,,,,,,0,256,64,0,2147483648,8589934592,8d6b3d1352a5fbd505907221c98a319795e36dac9e23f3c289060ce5f703a196,150
liblevenshtein.backend-propagation-matrix.v1,1,treatment,treatment,4,0,double-array-trie,double-array-trie-u64,u64,standard,query,inapplicable,no-production-u64-dictionary-node,256,0,0,,,,,,,,,0,256,64,0,2147483648,8589934592,8d6b3d1352a5fbd505907221c98a319795e36dac9e23f3c289060ce5f703a196,150
liblevenshtein.backend-propagation-matrix.v1,1,treatment,treatment,4,1,double-array-trie,double-array-trie-u64,u64,osa-transposition,query,inapplicable,no-production-u64-dictionary-node,256,0,0,,,,,,,,,0,256,64,0,2147483648,8589934592,8d6b3d1352a5fbd505907221c98a319795e36dac9e23f3c289060ce5f703a196,150
liblevenshtein.backend-propagation-matrix.v1,1,treatment,treatment,4,2,double-array-trie,double-array-trie-u64,u64,merge-and-split,query,inapplicable,no-production-u64-dictionary-node,256,0,0,,,,,,,,,0,256,64,0,2147483648,8589934592,8d6b3d1352a5fbd505907221c98a319795e36dac9e23f3c289060ce5f703a196,150
liblevenshtein.backend-propagation-matrix.v1,1,treatment,treatment,4,3,double-array-trie,double-array-trie-u64,u64,damerau-levenshtein,query,inapplicable,no-production-u64-dictionary-node,256,0,0,,,,,,,,,0,256,64,0,2147483648,8589934592,8d6b3d1352a5fbd505907221c98a319795e36dac9e23f3c289060ce5f703a196,150
liblevenshtein.backend-propagation-matrix.v1,1,treatment,treatment,5,,pathmap,pathmap-byte,byte,none,construction,applicable,native-production-constructor,256,256,256,40607,158.621094,492,32880,116,6960,25920,5677056,7897287108478470759,256,256,256,2147483648,8589934592,8d6b3d1352a5fbd505907221c98a319795e36dac9e23f3c289060ce5f703a196,150
liblevenshtein.backend-propagation-matrix.v1,1,treatment,treatment,5,0,pathmap,pathmap-byte,byte,merge-and-split,query,applicable,finite-term-language-semantics,256,64,92,1467191,22924.859375,3160,1542705,3157,1534969,22760,5742592,4882045085306252888,256,64,6553600,2147483648,8589934592,8d6b3d1352a5fbd505907221c98a319795e36dac9e23f3c289060ce5f703a196,150
liblevenshtein.backend-propagation-matrix.v1,1,treatment,treatment,5,1,pathmap,pathmap-byte,byte,damerau-levenshtein,query,applicable,finite-term-language-semantics,256,64,91,2063132,32236.437500,8498,3543035,8498,3543035,29886,5742592,6797224774086182016,256,64,6553600,2147483648,8589934592,8d6b3d1352a5fbd505907221c98a319795e36dac9e23f3c289060ce5f703a196,150
liblevenshtein.backend-propagation-matrix.v1,1,treatment,treatment,5,2,pathmap,pathmap-byte,byte,standard,query,applicable,finite-term-language-semantics,256,64,91,1331955,20811.796875,3264,2177348,3264,2177348,24910,5742592,11261728730101723162,256,64,6553600,2147483648,8589934592,8d6b3d1352a5fbd505907221c98a319795e36dac9e23f3c289060ce5f703a196,150
liblevenshtein.backend-propagation-matrix.v1,1,treatment,treatment,5,3,pathmap,pathmap-byte,byte,osa-transposition,query,applicable,finite-term-language-semantics,256,64,91,1342024,20969.125000,3143,1502932,3143,1502932,15564,5742592,6797224774086182016,256,64,6553600,2147483648,8589934592,8d6b3d1352a5fbd505907221c98a319795e36dac9e23f3c289060ce5f703a196,150
liblevenshtein.backend-propagation-matrix.v1,1,treatment,treatment,6,,pathmap,pathmap-char,char,none,construction,applicable,native-production-constructor,256,256,256,30699,119.917969,492,32880,116,6960,25920,5742592,5443778154967421081,256,256,256,2147483648,8589934592,8d6b3d1352a5fbd505907221c98a319795e36dac9e23f3c289060ce5f703a196,150
liblevenshtein.backend-propagation-matrix.v1,1,treatment,treatment,6,0,pathmap,pathmap-char,char,damerau-levenshtein,query,applicable,finite-term-language-semantics,256,64,91,3004286,46941.968750,57213,8013363,57213,8013363,36441,5742592,4410814775178892540,256,64,4734976,2147483648,8589934592,8d6b3d1352a5fbd505907221c98a319795e36dac9e23f3c289060ce5f703a196,150
liblevenshtein.backend-propagation-matrix.v1,1,treatment,treatment,6,1,pathmap,pathmap-char,char,standard,query,applicable,finite-term-language-semantics,256,64,91,2131923,33311.296875,51944,6627979,51944,6627979,20377,5742592,2453029635995852900,256,64,4734976,2147483648,8589934592,8d6b3d1352a5fbd505907221c98a319795e36dac9e23f3c289060ce5f703a196,150
liblevenshtein.backend-propagation-matrix.v1,1,treatment,treatment,6,2,pathmap,pathmap-char,char,osa-transposition,query,applicable,finite-term-language-semantics,256,64,91,2155177,33674.640625,52170,6247958,52170,6247958,12753,5742592,4410814775178892540,256,64,4734976,2147483648,8589934592,8d6b3d1352a5fbd505907221c98a319795e36dac9e23f3c289060ce5f703a196,150
liblevenshtein.backend-propagation-matrix.v1,1,treatment,treatment,6,3,pathmap,pathmap-char,char,merge-and-split,query,applicable,finite-term-language-semantics,256,64,92,2406974,37608.968750,59992,7063169,59992,7063169,13017,5742592,17464432661640746486,256,64,4734976,2147483648,8589934592,8d6b3d1352a5fbd505907221c98a319795e36dac9e23f3c289060ce5f703a196,150
liblevenshtein.backend-propagation-matrix.v1,1,treatment,treatment,7,,pathmap,pathmap-u64,u64,none,construction,inapplicable,no-production-u64-dictionary-node,256,0,0,,,,,,,,,0,256,64,0,2147483648,8589934592,8d6b3d1352a5fbd505907221c98a319795e36dac9e23f3c289060ce5f703a196,150
liblevenshtein.backend-propagation-matrix.v1,1,treatment,treatment,7,0,pathmap,pathmap-u64,u64,standard,query,inapplicable,no-production-u64-dictionary-node,256,0,0,,,,,,,,,0,256,64,0,2147483648,8589934592,8d6b3d1352a5fbd505907221c98a319795e36dac9e23f3c289060ce5f703a196,150
liblevenshtein.backend-propagation-matrix.v1,1,treatment,treatment,7,1,pathmap,pathmap-u64,u64,osa-transposition,query,inapplicable,no-production-u64-dictionary-node,256,0,0,,,,,,,,,0,256,64,0,2147483648,8589934592,8d6b3d1352a5fbd505907221c98a319795e36dac9e23f3c289060ce5f703a196,150
liblevenshtein.backend-propagation-matrix.v1,1,treatment,treatment,7,2,pathmap,pathmap-u64,u64,merge-and-split,query,inapplicable,no-production-u64-dictionary-node,256,0,0,,,,,,,,,0,256,64,0,2147483648,8589934592,8d6b3d1352a5fbd505907221c98a319795e36dac9e23f3c289060ce5f703a196,150
liblevenshtein.backend-propagation-matrix.v1,1,treatment,treatment,7,3,pathmap,pathmap-u64,u64,damerau-levenshtein,query,inapplicable,no-production-u64-dictionary-node,256,0,0,,,,,,,,,0,256,64,0,2147483648,8589934592,8d6b3d1352a5fbd505907221c98a319795e36dac9e23f3c289060ce5f703a196,150
liblevenshtein.backend-propagation-matrix.v1,1,treatment,treatment,8,,suffix-automaton,suffix-automaton-byte,byte,none,construction,applicable,native-production-constructor,256,256,256,313414,1224.273438,6303,1350790,668,519252,831538,5898240,7897287108478470759,256,256,256,2147483648,8589934592,8d6b3d1352a5fbd505907221c98a319795e36dac9e23f3c289060ce5f703a196,150
liblevenshtein.backend-propagation-matrix.v1,1,treatment,treatment,8,0,suffix-automaton,suffix-automaton-byte,byte,osa-transposition,query,applicable,suffix-language-semantics,256,64,30373,4688950,73264.843750,98288,6488143,98288,6483535,56190,5898240,12096350752804881348,256,64,6553600,2147483648,8589934592,8d6b3d1352a5fbd505907221c98a319795e36dac9e23f3c289060ce5f703a196,150
liblevenshtein.backend-propagation-matrix.v1,1,treatment,treatment,8,1,suffix-automaton,suffix-automaton-byte,byte,merge-and-split,query,applicable,suffix-language-semantics,256,64,101505,11967811,186997.046875,312316,10419681,312316,10395105,98526,5922816,14494732761524238861,256,64,6553600,2147483648,8589934592,8d6b3d1352a5fbd505907221c98a319795e36dac9e23f3c289060ce5f703a196,150
liblevenshtein.backend-propagation-matrix.v1,1,treatment,treatment,8,2,suffix-automaton,suffix-automaton-byte,byte,damerau-levenshtein,query,applicable,suffix-language-semantics,256,64,30373,4703298,73489.031250,98311,6532759,98311,6532759,51966,5922816,12096350752804881348,256,64,6553600,2147483648,8589934592,8d6b3d1352a5fbd505907221c98a319795e36dac9e23f3c289060ce5f703a196,150
liblevenshtein.backend-propagation-matrix.v1,1,treatment,treatment,8,3,suffix-automaton,suffix-automaton-byte,byte,standard,query,applicable,suffix-language-semantics,256,64,30060,3029023,47328.484375,90640,3585239,90640,3585239,31630,5922816,8380946849461155374,256,64,6553600,2147483648,8589934592,8d6b3d1352a5fbd505907221c98a319795e36dac9e23f3c289060ce5f703a196,150
liblevenshtein.backend-propagation-matrix.v1,1,treatment,treatment,9,,suffix-automaton,suffix-automaton-char,char,none,construction,applicable,native-production-constructor,256,256,256,225969,882.691406,5935,1327286,667,519236,808050,5963776,5443778154967421081,256,256,256,2147483648,8589934592,8d6b3d1352a5fbd505907221c98a319795e36dac9e23f3c289060ce5f703a196,150
liblevenshtein.backend-propagation-matrix.v1,1,treatment,treatment,9,0,suffix-automaton,suffix-automaton-char,char,merge-and-split,query,applicable,suffix-language-semantics,256,64,106639,12800611,200009.546875,327953,14908017,327953,14866545,114688,6074368,17210847994578328567,256,64,4734976,2147483648,8589934592,8d6b3d1352a5fbd505907221c98a319795e36dac9e23f3c289060ce5f703a196,150
liblevenshtein.backend-propagation-matrix.v1,1,treatment,treatment,9,1,suffix-automaton,suffix-automaton-char,char,damerau-levenshtein,query,applicable,suffix-language-semantics,256,64,31394,5020760,78449.375000,101455,8000981,101455,8000981,51496,6074368,17283967395278107604,256,64,4734976,2147483648,8589934592,8d6b3d1352a5fbd505907221c98a319795e36dac9e23f3c289060ce5f703a196,150
liblevenshtein.backend-propagation-matrix.v1,1,treatment,treatment,9,2,suffix-automaton,suffix-automaton-char,char,standard,query,applicable,suffix-language-semantics,256,64,31081,3377754,52777.406250,94262,5302980,94262,5302980,26212,6074368,11227416453914570673,256,64,4734976,2147483648,8589934592,8d6b3d1352a5fbd505907221c98a319795e36dac9e23f3c289060ce5f703a196,150
liblevenshtein.backend-propagation-matrix.v1,1,treatment,treatment,9,3,suffix-automaton,suffix-automaton-char,char,osa-transposition,query,applicable,suffix-language-semantics,256,64,31394,4920851,76888.296875,101432,7981965,101432,7981965,51160,6074368,17283967395278107604,256,64,4734976,2147483648,8589934592,8d6b3d1352a5fbd505907221c98a319795e36dac9e23f3c289060ce5f703a196,150
liblevenshtein.backend-propagation-matrix.v1,1,treatment,treatment,10,,suffix-automaton,suffix-automaton-u64,u64,none,construction,inapplicable,no-production-u64-dictionary-node,256,0,0,,,,,,,,,0,256,64,0,2147483648,8589934592,8d6b3d1352a5fbd505907221c98a319795e36dac9e23f3c289060ce5f703a196,150
liblevenshtein.backend-propagation-matrix.v1,1,treatment,treatment,10,0,suffix-automaton,suffix-automaton-u64,u64,standard,query,inapplicable,no-production-u64-dictionary-node,256,0,0,,,,,,,,,0,256,64,0,2147483648,8589934592,8d6b3d1352a5fbd505907221c98a319795e36dac9e23f3c289060ce5f703a196,150
liblevenshtein.backend-propagation-matrix.v1,1,treatment,treatment,10,1,suffix-automaton,suffix-automaton-u64,u64,osa-transposition,query,inapplicable,no-production-u64-dictionary-node,256,0,0,,,,,,,,,0,256,64,0,2147483648,8589934592,8d6b3d1352a5fbd505907221c98a319795e36dac9e23f3c289060ce5f703a196,150
liblevenshtein.backend-propagation-matrix.v1,1,treatment,treatment,10,2,suffix-automaton,suffix-automaton-u64,u64,merge-and-split,query,inapplicable,no-production-u64-dictionary-node,256,0,0,,,,,,,,,0,256,64,0,2147483648,8589934592,8d6b3d1352a5fbd505907221c98a319795e36dac9e23f3c289060ce5f703a196,150
liblevenshtein.backend-propagation-matrix.v1,1,treatment,treatment,10,3,suffix-automaton,suffix-automaton-u64,u64,damerau-levenshtein,query,inapplicable,no-production-u64-dictionary-node,256,0,0,,,,,,,,,0,256,64,0,2147483648,8589934592,8d6b3d1352a5fbd505907221c98a319795e36dac9e23f3c289060ce5f703a196,150
liblevenshtein.backend-propagation-matrix.v1,1,treatment,treatment,11,,scdawg,scdawg-byte,byte,none,construction,applicable,native-production-constructor,256,256,256,665041,2597.816406,2055,1981012,873,103296,1877716,7086080,7897287108478470759,256,256,256,2147483648,8589934592,8d6b3d1352a5fbd505907221c98a319795e36dac9e23f3c289060ce5f703a196,150
liblevenshtein.backend-propagation-matrix.v1,1,treatment,treatment,11,0,scdawg,scdawg-byte,byte,standard,query,applicable,suffix-language-semantics,256,64,158,1060040,16563.125000,2662,1936919,2662,1936919,25486,7086080,14135714012833118446,256,64,6553600,2147483648,8589934592,8d6b3d1352a5fbd505907221c98a319795e36dac9e23f3c289060ce5f703a196,150
liblevenshtein.backend-propagation-matrix.v1,1,treatment,treatment,11,1,scdawg,scdawg-byte,byte,osa-transposition,query,applicable,suffix-language-semantics,256,64,178,1112520,17383.125000,2611,1415599,2611,1415599,15310,7086080,2146021803726214524,256,64,6553600,2147483648,8589934592,8d6b3d1352a5fbd505907221c98a319795e36dac9e23f3c289060ce5f703a196,150
liblevenshtein.backend-propagation-matrix.v1,1,treatment,treatment,11,2,scdawg,scdawg-byte,byte,merge-and-split,query,applicable,suffix-language-semantics,256,64,159,2092939,32702.171875,2561,1446996,2561,1446996,15310,7086080,437404829526824400,256,64,6553600,2147483648,8589934592,8d6b3d1352a5fbd505907221c98a319795e36dac9e23f3c289060ce5f703a196,150
liblevenshtein.backend-propagation-matrix.v1,1,treatment,treatment,11,3,scdawg,scdawg-byte,byte,damerau-levenshtein,query,applicable,suffix-language-semantics,256,64,178,2315611,36181.421875,9454,4870062,9454,4870062,45822,7086080,2146021803726214524,256,64,6553600,2147483648,8589934592,8d6b3d1352a5fbd505907221c98a319795e36dac9e23f3c289060ce5f703a196,150
liblevenshtein.backend-propagation-matrix.v1,1,treatment,treatment,12,,scdawg,scdawg-char,char,none,construction,applicable,native-production-constructor,256,256,256,235095,918.339844,2005,1884948,833,93696,1791252,7090176,5443778154967421081,256,256,256,2147483648,8589934592,8d6b3d1352a5fbd505907221c98a319795e36dac9e23f3c289060ce5f703a196,150
liblevenshtein.backend-propagation-matrix.v1,1,treatment,treatment,12,0,scdawg,scdawg-char,char,osa-transposition,query,applicable,suffix-language-semantics,256,64,178,1063377,16615.265625,2598,1282744,2598,1282744,13468,7155712,2940703862840314568,256,64,4734976,2147483648,8589934592,8d6b3d1352a5fbd505907221c98a319795e36dac9e23f3c289060ce5f703a196,150
liblevenshtein.backend-propagation-matrix.v1,1,treatment,treatment,12,1,scdawg,scdawg-char,char,merge-and-split,query,applicable,suffix-language-semantics,256,64,159,2098439,32788.109375,2567,1364156,2567,1364156,13468,7155712,929312227055721643,256,64,4734976,2147483648,8589934592,8d6b3d1352a5fbd505907221c98a319795e36dac9e23f3c289060ce5f703a196,150
liblevenshtein.backend-propagation-matrix.v1,1,treatment,treatment,12,2,scdawg,scdawg-char,char,damerau-levenshtein,query,applicable,suffix-language-semantics,256,64,178,2292446,35819.468750,8959,4198893,8959,4198893,45352,7155712,2940703862840314568,256,64,4734976,2147483648,8589934592,8d6b3d1352a5fbd505907221c98a319795e36dac9e23f3c289060ce5f703a196,150
liblevenshtein.backend-propagation-matrix.v1,1,treatment,treatment,12,3,scdawg,scdawg-char,char,standard,query,applicable,suffix-language-semantics,256,64,158,1010145,15783.515625,2645,1550232,2645,1550232,20068,7155712,1697849768251626285,256,64,4734976,2147483648,8589934592,8d6b3d1352a5fbd505907221c98a319795e36dac9e23f3c289060ce5f703a196,150
liblevenshtein.backend-propagation-matrix.v1,1,treatment,treatment,13,,scdawg,scdawg-u64,u64,none,construction,inapplicable,no-production-u64-dictionary-node,256,0,0,,,,,,,,,0,256,64,0,2147483648,8589934592,8d6b3d1352a5fbd505907221c98a319795e36dac9e23f3c289060ce5f703a196,150
liblevenshtein.backend-propagation-matrix.v1,1,treatment,treatment,13,0,scdawg,scdawg-u64,u64,standard,query,inapplicable,no-production-u64-dictionary-node,256,0,0,,,,,,,,,0,256,64,0,2147483648,8589934592,8d6b3d1352a5fbd505907221c98a319795e36dac9e23f3c289060ce5f703a196,150
liblevenshtein.backend-propagation-matrix.v1,1,treatment,treatment,13,1,scdawg,scdawg-u64,u64,osa-transposition,query,inapplicable,no-production-u64-dictionary-node,256,0,0,,,,,,,,,0,256,64,0,2147483648,8589934592,8d6b3d1352a5fbd505907221c98a319795e36dac9e23f3c289060ce5f703a196,150
liblevenshtein.backend-propagation-matrix.v1,1,treatment,treatment,13,2,scdawg,scdawg-u64,u64,merge-and-split,query,inapplicable,no-production-u64-dictionary-node,256,0,0,,,,,,,,,0,256,64,0,2147483648,8589934592,8d6b3d1352a5fbd505907221c98a319795e36dac9e23f3c289060ce5f703a196,150
liblevenshtein.backend-propagation-matrix.v1,1,treatment,treatment,13,3,scdawg,scdawg-u64,u64,damerau-levenshtein,query,inapplicable,no-production-u64-dictionary-node,256,0,0,,,,,,,,,0,256,64,0,2147483648,8589934592,8d6b3d1352a5fbd505907221c98a319795e36dac9e23f3c289060ce5f703a196,150
liblevenshtein.backend-propagation-matrix.v1,1,treatment,treatment,14,,persistent-suffix-automaton,persistent-suffix-automaton-byte,byte,none,construction,applicable,native-production-constructor,256,256,256,78242503,305634.777344,2669365,485885193,2650250,483412367,4936932,13242368,7897287108478470759,256,256,256,2147483648,8589934592,8d6b3d1352a5fbd505907221c98a319795e36dac9e23f3c289060ce5f703a196,150
liblevenshtein.backend-propagation-matrix.v1,1,treatment,treatment,14,0,persistent-suffix-automaton,persistent-suffix-automaton-byte,byte,damerau-levenshtein,query,applicable,suffix-language-semantics,256,64,7242,2811891,43935.796875,30006,4947766,30006,4947766,45822,13307904,8588494256811037634,256,64,6553600,2147483648,8589934592,8d6b3d1352a5fbd505907221c98a319795e36dac9e23f3c289060ce5f703a196,150
liblevenshtein.backend-propagation-matrix.v1,1,treatment,treatment,14,1,persistent-suffix-automaton,persistent-suffix-automaton-byte,byte,standard,query,applicable,suffix-language-semantics,256,64,7220,1456822,22762.843750,23208,2014477,23208,2014477,25486,13307904,11527936699174133697,256,64,6553600,2147483648,8589934592,8d6b3d1352a5fbd505907221c98a319795e36dac9e23f3c289060ce5f703a196,150
liblevenshtein.backend-propagation-matrix.v1,1,treatment,treatment,14,2,persistent-suffix-automaton,persistent-suffix-automaton-byte,byte,osa-transposition,query,applicable,suffix-language-semantics,256,64,7242,2740897,42826.515625,29981,4893934,29981,4893934,45438,13307904,8588494256811037634,256,64,6553600,2147483648,8589934592,8d6b3d1352a5fbd505907221c98a319795e36dac9e23f3c289060ce5f703a196,150
liblevenshtein.backend-propagation-matrix.v1,1,treatment,treatment,14,3,persistent-suffix-automaton,persistent-suffix-automaton-byte,byte,merge-and-split,query,applicable,suffix-language-semantics,256,64,40077,7611142,118924.093750,128861,5794921,128861,5794921,49374,13307904,10530258689301225184,256,64,6553600,2147483648,8589934592,8d6b3d1352a5fbd505907221c98a319795e36dac9e23f3c289060ce5f703a196,150
liblevenshtein.backend-propagation-matrix.v1,1,treatment,treatment,15,,persistent-suffix-automaton,persistent-suffix-automaton-char,char,none,construction,applicable,native-production-constructor,256,256,256,66812040,260984.531250,2258404,409351307,2242396,407281553,4133332,13307904,5443778154967421081,256,256,256,2147483648,8589934592,8d6b3d1352a5fbd505907221c98a319795e36dac9e23f3c289060ce5f703a196,150
liblevenshtein.backend-propagation-matrix.v1,1,treatment,treatment,15,0,persistent-suffix-automaton,persistent-suffix-automaton-char,char,standard,query,applicable,suffix-language-semantics,256,64,7220,1391178,21737.156250,23191,1747440,23191,1747440,20068,13307904,12791458797821031245,256,64,4734976,2147483648,8589934592,8d6b3d1352a5fbd505907221c98a319795e36dac9e23f3c289060ce5f703a196,150
liblevenshtein.backend-propagation-matrix.v1,1,treatment,treatment,15,1,persistent-suffix-automaton,persistent-suffix-automaton-char,char,osa-transposition,query,applicable,suffix-language-semantics,256,64,7242,2633112,41142.375000,29488,4377597,29488,4377597,45016,13307904,12496001809388214257,256,64,4734976,2147483648,8589934592,8d6b3d1352a5fbd505907221c98a319795e36dac9e23f3c289060ce5f703a196,150
liblevenshtein.backend-propagation-matrix.v1,1,treatment,treatment,15,2,persistent-suffix-automaton,persistent-suffix-automaton-char,char,merge-and-split,query,applicable,suffix-language-semantics,256,64,40122,7474783,116793.484375,128652,6308333,128652,6308333,48640,13307904,17618148429821578324,256,64,4734976,2147483648,8589934592,8d6b3d1352a5fbd505907221c98a319795e36dac9e23f3c289060ce5f703a196,150
liblevenshtein.backend-propagation-matrix.v1,1,treatment,treatment,15,3,persistent-suffix-automaton,persistent-suffix-automaton-char,char,damerau-levenshtein,query,applicable,suffix-language-semantics,256,64,7242,2674060,41782.187500,29511,4396613,29511,4396613,45352,13307904,12496001809388214257,256,64,4734976,2147483648,8589934592,8d6b3d1352a5fbd505907221c98a319795e36dac9e23f3c289060ce5f703a196,150
liblevenshtein.backend-propagation-matrix.v1,1,treatment,treatment,16,,persistent-suffix-automaton,persistent-suffix-automaton-u64,u64,none,construction,inapplicable,no-production-u64-dictionary-node,256,0,0,,,,,,,,,0,256,64,0,2147483648,8589934592,8d6b3d1352a5fbd505907221c98a319795e36dac9e23f3c289060ce5f703a196,150
liblevenshtein.backend-propagation-matrix.v1,1,treatment,treatment,16,0,persistent-suffix-automaton,persistent-suffix-automaton-u64,u64,standard,query,inapplicable,no-production-u64-dictionary-node,256,0,0,,,,,,,,,0,256,64,0,2147483648,8589934592,8d6b3d1352a5fbd505907221c98a319795e36dac9e23f3c289060ce5f703a196,150
liblevenshtein.backend-propagation-matrix.v1,1,treatment,treatment,16,1,persistent-suffix-automaton,persistent-suffix-automaton-u64,u64,osa-transposition,query,inapplicable,no-production-u64-dictionary-node,256,0,0,,,,,,,,,0,256,64,0,2147483648,8589934592,8d6b3d1352a5fbd505907221c98a319795e36dac9e23f3c289060ce5f703a196,150
liblevenshtein.backend-propagation-matrix.v1,1,treatment,treatment,16,2,persistent-suffix-automaton,persistent-suffix-automaton-u64,u64,merge-and-split,query,inapplicable,no-production-u64-dictionary-node,256,0,0,,,,,,,,,0,256,64,0,2147483648,8589934592,8d6b3d1352a5fbd505907221c98a319795e36dac9e23f3c289060ce5f703a196,150
liblevenshtein.backend-propagation-matrix.v1,1,treatment,treatment,16,3,persistent-suffix-automaton,persistent-suffix-automaton-u64,u64,damerau-levenshtein,query,inapplicable,no-production-u64-dictionary-node,256,0,0,,,,,,,,,0,256,64,0,2147483648,8589934592,8d6b3d1352a5fbd505907221c98a319795e36dac9e23f3c289060ce5f703a196,150
liblevenshtein.backend-propagation-matrix.v1,1,treatment,treatment,17,,persistent-suffix-tree,persistent-suffix-tree-byte,byte,none,construction,applicable,native-production-constructor,256,256,256,246016774,961003.023438,6461594,946769425,6451342,945944519,5925639,13328384,7897287108478470759,256,256,256,2147483648,8589934592,8d6b3d1352a5fbd505907221c98a319795e36dac9e23f3c289060ce5f703a196,150
liblevenshtein.backend-propagation-matrix.v1,1,treatment,treatment,17,0,persistent-suffix-tree,persistent-suffix-tree-byte,byte,merge-and-split,query,applicable,suffix-language-semantics,256,64,101569,1054572558,16477696.218750,1559156,963648982,1559156,963648982,98054,13328384,12471523292536502621,256,64,6553600,2147483648,8589934592,8d6b3d1352a5fbd505907221c98a319795e36dac9e23f3c289060ce5f703a196,150
liblevenshtein.backend-propagation-matrix.v1,1,treatment,treatment,17,1,persistent-suffix-tree,persistent-suffix-tree-byte,byte,damerau-levenshtein,query,applicable,suffix-language-semantics,256,64,30437,313916015,4904937.734375,475073,292353553,475073,292353553,64054,13328384,13508988111196556404,256,64,6553600,2147483648,8589934592,8d6b3d1352a5fbd505907221c98a319795e36dac9e23f3c289060ce5f703a196,150
liblevenshtein.backend-propagation-matrix.v1,1,treatment,treatment,17,2,persistent-suffix-tree,persistent-suffix-tree-byte,byte,standard,query,applicable,suffix-language-semantics,256,64,30124,308762254,4824410.218750,463668,286478386,463668,286478386,43944,13328384,5037487752689083718,256,64,6553600,2147483648,8589934592,8d6b3d1352a5fbd505907221c98a319795e36dac9e23f3c289060ce5f703a196,150
liblevenshtein.backend-propagation-matrix.v1,1,treatment,treatment,17,3,persistent-suffix-tree,persistent-suffix-tree-byte,byte,osa-transposition,query,applicable,suffix-language-semantics,256,64,30437,313933648,4905213.250000,475048,292299721,475048,292299721,63674,13328384,13508988111196556404,256,64,6553600,2147483648,8589934592,8d6b3d1352a5fbd505907221c98a319795e36dac9e23f3c289060ce5f703a196,150
liblevenshtein.backend-propagation-matrix.v1,1,treatment,treatment,18,,persistent-suffix-tree,persistent-suffix-tree-char,char,none,construction,applicable,native-production-constructor,256,256,256,255858695,999448.027344,6518660,891486223,6509362,890645297,5093305,13332480,5443778154967421081,256,256,256,2147483648,8589934592,8d6b3d1352a5fbd505907221c98a319795e36dac9e23f3c289060ce5f703a196,150
liblevenshtein.backend-propagation-matrix.v1,1,treatment,treatment,18,0,persistent-suffix-tree,persistent-suffix-tree-char,char,damerau-levenshtein,query,applicable,suffix-language-semantics,256,64,31458,351905796,5498528.062500,490707,304845237,490707,304845237,66748,13332480,12121217094846582572,256,64,4734976,2147483648,8589934592,8d6b3d1352a5fbd505907221c98a319795e36dac9e23f3c289060ce5f703a196,150
liblevenshtein.backend-propagation-matrix.v1,1,treatment,treatment,18,1,persistent-suffix-tree,persistent-suffix-tree-char,char,standard,query,applicable,suffix-language-semantics,256,64,31145,346699495,5417179.609375,479780,299190816,479780,299190816,41008,13332480,11493286750273298721,256,64,4734976,2147483648,8589934592,8d6b3d1352a5fbd505907221c98a319795e36dac9e23f3c289060ce5f703a196,150
liblevenshtein.backend-propagation-matrix.v1,1,treatment,treatment,18,2,persistent-suffix-tree,persistent-suffix-tree-char,char,osa-transposition,query,applicable,suffix-language-semantics,256,64,31458,351825244,5497269.437500,490684,304826221,490684,304826221,66340,13332480,12121217094846582572,256,64,4734976,2147483648,8589934592,8d6b3d1352a5fbd505907221c98a319795e36dac9e23f3c289060ce5f703a196,150
liblevenshtein.backend-propagation-matrix.v1,1,treatment,treatment,18,3,persistent-suffix-tree,persistent-suffix-tree-char,char,merge-and-split,query,applicable,suffix-language-semantics,256,64,106703,1191363963,18615061.921875,1636130,1019511573,1636130,1019511573,100252,13332480,12787992212658407607,256,64,4734976,2147483648,8589934592,8d6b3d1352a5fbd505907221c98a319795e36dac9e23f3c289060ce5f703a196,150
liblevenshtein.backend-propagation-matrix.v1,1,treatment,treatment,19,,persistent-suffix-tree,persistent-suffix-tree-u64,u64,none,construction,inapplicable,no-production-u64-dictionary-node,256,0,0,,,,,,,,,0,256,64,0,2147483648,8589934592,8d6b3d1352a5fbd505907221c98a319795e36dac9e23f3c289060ce5f703a196,150
liblevenshtein.backend-propagation-matrix.v1,1,treatment,treatment,19,0,persistent-suffix-tree,persistent-suffix-tree-u64,u64,standard,query,inapplicable,no-production-u64-dictionary-node,256,0,0,,,,,,,,,0,256,64,0,2147483648,8589934592,8d6b3d1352a5fbd505907221c98a319795e36dac9e23f3c289060ce5f703a196,150
liblevenshtein.backend-propagation-matrix.v1,1,treatment,treatment,19,1,persistent-suffix-tree,persistent-suffix-tree-u64,u64,osa-transposition,query,inapplicable,no-production-u64-dictionary-node,256,0,0,,,,,,,,,0,256,64,0,2147483648,8589934592,8d6b3d1352a5fbd505907221c98a319795e36dac9e23f3c289060ce5f703a196,150
liblevenshtein.backend-propagation-matrix.v1,1,treatment,treatment,19,2,persistent-suffix-tree,persistent-suffix-tree-u64,u64,merge-and-split,query,inapplicable,no-production-u64-dictionary-node,256,0,0,,,,,,,,,0,256,64,0,2147483648,8589934592,8d6b3d1352a5fbd505907221c98a319795e36dac9e23f3c289060ce5f703a196,150
liblevenshtein.backend-propagation-matrix.v1,1,treatment,treatment,19,3,persistent-suffix-tree,persistent-suffix-tree-u64,u64,damerau-levenshtein,query,inapplicable,no-production-u64-dictionary-node,256,0,0,,,,,,,,,0,256,64,0,2147483648,8589934592,8d6b3d1352a5fbd505907221c98a319795e36dac9e23f3c289060ce5f703a196,150
liblevenshtein.backend-propagation-matrix.v1,1,treatment,treatment,20,,persistent-scdawg,persistent-scdawg-byte,byte,none,construction,applicable,native-production-constructor,256,256,256,72322969,282511.597656,633455,505626887,632017,503728457,5660908,16244736,7897287108478470759,256,256,256,2147483648,8589934592,8d6b3d1352a5fbd505907221c98a319795e36dac9e23f3c289060ce5f703a196,150
liblevenshtein.backend-propagation-matrix.v1,1,treatment,treatment,20,0,persistent-scdawg,persistent-scdawg-byte,byte,osa-transposition,query,applicable,suffix-language-semantics,256,64,202,2272779,35512.171875,9501,4817774,9501,4817774,45438,16244736,2687648325568802218,256,64,6553600,2147483648,8589934592,8d6b3d1352a5fbd505907221c98a319795e36dac9e23f3c289060ce5f703a196,150
liblevenshtein.backend-propagation-matrix.v1,1,treatment,treatment,20,1,persistent-scdawg,persistent-scdawg-byte,byte,merge-and-split,query,applicable,suffix-language-semantics,256,64,25165,6394044,99906.937500,84765,5613097,84765,5613097,49374,16244736,6841979129621028906,256,64,6553600,2147483648,8589934592,8d6b3d1352a5fbd505907221c98a319795e36dac9e23f3c289060ce5f703a196,150
liblevenshtein.backend-propagation-matrix.v1,1,treatment,treatment,20,2,persistent-scdawg,persistent-scdawg-byte,byte,damerau-levenshtein,query,applicable,suffix-language-semantics,256,64,202,2291405,35803.203125,9526,4871606,9526,4871606,45822,16244736,2687648325568802218,256,64,6553600,2147483648,8589934592,8d6b3d1352a5fbd505907221c98a319795e36dac9e23f3c289060ce5f703a196,150
liblevenshtein.backend-propagation-matrix.v1,1,treatment,treatment,20,3,persistent-scdawg,persistent-scdawg-byte,byte,standard,query,applicable,suffix-language-semantics,256,64,180,1059028,16547.312500,2728,1938317,2728,1938317,25486,16244736,13035109022211180485,256,64,6553600,2147483648,8589934592,8d6b3d1352a5fbd505907221c98a319795e36dac9e23f3c289060ce5f703a196,150
liblevenshtein.backend-propagation-matrix.v1,1,treatment,treatment,21,,persistent-scdawg,persistent-scdawg-char,char,none,construction,applicable,native-production-constructor,256,256,256,71095823,277718.058594,748691,490965307,747263,489153341,5401772,16277504,5443778154967421081,256,256,256,2147483648,8589934592,8d6b3d1352a5fbd505907221c98a319795e36dac9e23f3c289060ce5f703a196,150
liblevenshtein.backend-propagation-matrix.v1,1,treatment,treatment,21,0,persistent-scdawg,persistent-scdawg-char,char,merge-and-split,query,applicable,suffix-language-semantics,256,64,25197,6432576,100509.000000,84517,5805433,84517,5805433,48640,16277504,18019962920185724155,256,64,4734976,2147483648,8589934592,8d6b3d1352a5fbd505907221c98a319795e36dac9e23f3c289060ce5f703a196,150
liblevenshtein.backend-propagation-matrix.v1,1,treatment,treatment,21,1,persistent-scdawg,persistent-scdawg-char,char,damerau-levenshtein,query,applicable,suffix-language-semantics,256,64,202,2303397,35990.578125,9031,4204613,9031,4204613,45352,16277504,15995285338323276707,256,64,4734976,2147483648,8589934592,8d6b3d1352a5fbd505907221c98a319795e36dac9e23f3c289060ce5f703a196,150
liblevenshtein.backend-propagation-matrix.v1,1,treatment,treatment,21,2,persistent-scdawg,persistent-scdawg-char,char,standard,query,applicable,suffix-language-semantics,256,64,180,1057395,16521.796875,2711,1555440,2711,1555440,20068,16277504,12508321732625295381,256,64,4734976,2147483648,8589934592,8d6b3d1352a5fbd505907221c98a319795e36dac9e23f3c289060ce5f703a196,150
liblevenshtein.backend-propagation-matrix.v1,1,treatment,treatment,21,3,persistent-scdawg,persistent-scdawg-char,char,osa-transposition,query,applicable,suffix-language-semantics,256,64,202,2245458,35085.281250,9008,4185597,9008,4185597,45016,16277504,15995285338323276707,256,64,4734976,2147483648,8589934592,8d6b3d1352a5fbd505907221c98a319795e36dac9e23f3c289060ce5f703a196,150
liblevenshtein.backend-propagation-matrix.v1,1,treatment,treatment,22,,persistent-scdawg,persistent-scdawg-u64,u64,none,construction,inapplicable,no-production-u64-dictionary-node,256,0,0,,,,,,,,,0,256,64,0,2147483648,8589934592,8d6b3d1352a5fbd505907221c98a319795e36dac9e23f3c289060ce5f703a196,150
liblevenshtein.backend-propagation-matrix.v1,1,treatment,treatment,22,0,persistent-scdawg,persistent-scdawg-u64,u64,standard,query,inapplicable,no-production-u64-dictionary-node,256,0,0,,,,,,,,,0,256,64,0,2147483648,8589934592,8d6b3d1352a5fbd505907221c98a319795e36dac9e23f3c289060ce5f703a196,150
liblevenshtein.backend-propagation-matrix.v1,1,treatment,treatment,22,1,persistent-scdawg,persistent-scdawg-u64,u64,osa-transposition,query,inapplicable,no-production-u64-dictionary-node,256,0,0,,,,,,,,,0,256,64,0,2147483648,8589934592,8d6b3d1352a5fbd505907221c98a319795e36dac9e23f3c289060ce5f703a196,150
liblevenshtein.backend-propagation-matrix.v1,1,treatment,treatment,22,2,persistent-scdawg,persistent-scdawg-u64,u64,merge-and-split,query,inapplicable,no-production-u64-dictionary-node,256,0,0,,,,,,,,,0,256,64,0,2147483648,8589934592,8d6b3d1352a5fbd505907221c98a319795e36dac9e23f3c289060ce5f703a196,150
liblevenshtein.backend-propagation-matrix.v1,1,treatment,treatment,22,3,persistent-scdawg,persistent-scdawg-u64,u64,damerau-levenshtein,query,inapplicable,no-production-u64-dictionary-node,256,0,0,,,,,,,,,0,256,64,0,2147483648,8589934592,8d6b3d1352a5fbd505907221c98a319795e36dac9e23f3c289060ce5f703a196,150
liblevenshtein.backend-propagation-matrix.v1,1,treatment,treatment,23,,persistent-artrie,persistent-artrie-byte,byte,none,construction,applicable,native-production-constructor,256,256,256,961243,3754.855469,15437,3504710,10817,2160620,1350201,16281600,7897287108478470759,256,256,256,2147483648,8589934592,8d6b3d1352a5fbd505907221c98a319795e36dac9e23f3c289060ce5f703a196,150
liblevenshtein.backend-propagation-matrix.v1,1,treatment,treatment,23,0,persistent-artrie,persistent-artrie-byte,byte,standard,query,applicable,finite-term-language-semantics,256,64,91,1163476,18179.312500,17221,2716292,17221,2716292,24212,16281600,11261728730101723162,256,64,6553600,2147483648,8589934592,8d6b3d1352a5fbd505907221c98a319795e36dac9e23f3c289060ce5f703a196,150
liblevenshtein.backend-propagation-matrix.v1,1,treatment,treatment,23,1,persistent-artrie,persistent-artrie-byte,byte,osa-transposition,query,applicable,finite-term-language-semantics,256,64,91,1093564,17086.937500,17217,2049364,17217,2049364,13324,16281600,6797224774086182016,256,64,6553600,2147483648,8589934592,8d6b3d1352a5fbd505907221c98a319795e36dac9e23f3c289060ce5f703a196,150
liblevenshtein.backend-propagation-matrix.v1,1,treatment,treatment,23,2,persistent-artrie,persistent-artrie-byte,byte,merge-and-split,query,applicable,finite-term-language-semantics,256,64,92,1156052,18063.312500,19227,2196337,19227,2196337,12756,16281600,4882045085306252888,256,64,6553600,2147483648,8589934592,8d6b3d1352a5fbd505907221c98a319795e36dac9e23f3c289060ce5f703a196,150
liblevenshtein.backend-propagation-matrix.v1,1,treatment,treatment,23,3,persistent-artrie,persistent-artrie-byte,byte,damerau-levenshtein,query,applicable,finite-term-language-semantics,256,64,91,1819740,28433.437500,22572,4089467,22572,4089467,28996,16281600,6797224774086182016,256,64,6553600,2147483648,8589934592,8d6b3d1352a5fbd505907221c98a319795e36dac9e23f3c289060ce5f703a196,150
liblevenshtein.backend-propagation-matrix.v1,1,treatment,treatment,24,,persistent-artrie,persistent-artrie-char,char,none,construction,applicable,native-production-constructor,256,256,256,858828,3354.796875,15869,3302281,11269,1966364,1341604,16285696,5443778154967421081,256,256,256,2147483648,8589934592,8d6b3d1352a5fbd505907221c98a319795e36dac9e23f3c289060ce5f703a196,150
liblevenshtein.backend-propagation-matrix.v1,1,treatment,treatment,24,0,persistent-artrie,persistent-artrie-char,char,osa-transposition,query,applicable,finite-term-language-semantics,256,64,91,1062976,16609.000000,17151,2008220,17151,2008220,11800,16285696,4410814775178892540,256,64,4734976,2147483648,8589934592,8d6b3d1352a5fbd505907221c98a319795e36dac9e23f3c289060ce5f703a196,150
liblevenshtein.backend-propagation-matrix.v1,1,treatment,treatment,24,1,persistent-artrie,persistent-artrie-char,char,merge-and-split,query,applicable,finite-term-language-semantics,256,64,92,1131356,17677.437500,19201,2154576,19201,2154576,12064,16285696,17464432661640746486,256,64,4734976,2147483648,8589934592,8d6b3d1352a5fbd505907221c98a319795e36dac9e23f3c289060ce5f703a196,150
liblevenshtein.backend-propagation-matrix.v1,1,treatment,treatment,24,2,persistent-artrie,persistent-artrie-char,char,damerau-levenshtein,query,applicable,finite-term-language-semantics,256,64,91,1756070,27438.593750,22192,3765945,22192,3765945,28716,16285696,4410814775178892540,256,64,4734976,2147483648,8589934592,8d6b3d1352a5fbd505907221c98a319795e36dac9e23f3c289060ce5f703a196,150
liblevenshtein.backend-propagation-matrix.v1,1,treatment,treatment,24,3,persistent-artrie,persistent-artrie-char,char,standard,query,applicable,finite-term-language-semantics,256,64,91,1086971,16983.921875,17153,2416748,17153,2416748,19424,16285696,2453029635995852900,256,64,4734976,2147483648,8589934592,8d6b3d1352a5fbd505907221c98a319795e36dac9e23f3c289060ce5f703a196,150
liblevenshtein.backend-propagation-matrix.v1,1,treatment,treatment,25,,persistent-artrie,persistent-artrie-u64,u64,none,construction,applicable,native-production-constructor,256,256,256,473258,1848.664062,6437,1747584,5556,1479568,273072,16285696,11306468750955849702,256,256,256,2147483648,8589934592,8d6b3d1352a5fbd505907221c98a319795e36dac9e23f3c289060ce5f703a196,150
liblevenshtein.backend-propagation-matrix.v1,1,treatment,treatment,25,0,persistent-artrie,persistent-artrie-u64,u64,merge-and-split,query,applicable,finite-term-language-semantics,256,64,16384,2653401,41459.390625,79414,4351356,79414,4351356,44852,16285696,16128731139004451262,256,64,147456,2147483648,8589934592,8d6b3d1352a5fbd505907221c98a319795e36dac9e23f3c289060ce5f703a196,150
liblevenshtein.backend-propagation-matrix.v1,1,treatment,treatment,25,1,persistent-artrie,persistent-artrie-u64,u64,damerau-levenshtein,query,applicable,finite-term-language-semantics,256,64,4372,1914099,29907.796875,36245,3084341,36245,3084341,27704,16285696,13322497692170432078,256,64,147456,2147483648,8589934592,8d6b3d1352a5fbd505907221c98a319795e36dac9e23f3c289060ce5f703a196,150
liblevenshtein.backend-propagation-matrix.v1,1,treatment,treatment,25,2,persistent-artrie,persistent-artrie-u64,u64,standard,query,applicable,finite-term-language-semantics,256,64,4372,1686557,26352.453125,35525,3804244,35525,3804244,39336,16285696,13322497692170432078,256,64,147456,2147483648,8589934592,8d6b3d1352a5fbd505907221c98a319795e36dac9e23f3c289060ce5f703a196,150
liblevenshtein.backend-propagation-matrix.v1,1,treatment,treatment,25,3,persistent-artrie,persistent-artrie-u64,u64,osa-transposition,query,applicable,finite-term-language-semantics,256,64,4372,1571189,24549.828125,35391,3005916,35391,3005916,26764,16285696,13322497692170432078,256,64,147456,2147483648,8589934592,8d6b3d1352a5fbd505907221c98a319795e36dac9e23f3c289060ce5f703a196,150
liblevenshtein.backend-propagation-matrix.v1,1,treatment,treatment,26,,persistent-vocabulary,persistent-vocabulary-byte,byte,none,construction,inapplicable,vocabulary-keys-are-unicode-scalars,256,0,0,,,,,,,,,0,256,64,0,2147483648,8589934592,8d6b3d1352a5fbd505907221c98a319795e36dac9e23f3c289060ce5f703a196,150
liblevenshtein.backend-propagation-matrix.v1,1,treatment,treatment,26,0,persistent-vocabulary,persistent-vocabulary-byte,byte,standard,query,inapplicable,vocabulary-keys-are-unicode-scalars,256,0,0,,,,,,,,,0,256,64,0,2147483648,8589934592,8d6b3d1352a5fbd505907221c98a319795e36dac9e23f3c289060ce5f703a196,150
liblevenshtein.backend-propagation-matrix.v1,1,treatment,treatment,26,1,persistent-vocabulary,persistent-vocabulary-byte,byte,osa-transposition,query,inapplicable,vocabulary-keys-are-unicode-scalars,256,0,0,,,,,,,,,0,256,64,0,2147483648,8589934592,8d6b3d1352a5fbd505907221c98a319795e36dac9e23f3c289060ce5f703a196,150
liblevenshtein.backend-propagation-matrix.v1,1,treatment,treatment,26,2,persistent-vocabulary,persistent-vocabulary-byte,byte,merge-and-split,query,inapplicable,vocabulary-keys-are-unicode-scalars,256,0,0,,,,,,,,,0,256,64,0,2147483648,8589934592,8d6b3d1352a5fbd505907221c98a319795e36dac9e23f3c289060ce5f703a196,150
liblevenshtein.backend-propagation-matrix.v1,1,treatment,treatment,26,3,persistent-vocabulary,persistent-vocabulary-byte,byte,damerau-levenshtein,query,inapplicable,vocabulary-keys-are-unicode-scalars,256,0,0,,,,,,,,,0,256,64,0,2147483648,8589934592,8d6b3d1352a5fbd505907221c98a319795e36dac9e23f3c289060ce5f703a196,150
liblevenshtein.backend-propagation-matrix.v1,1,treatment,treatment,27,,persistent-vocabulary,persistent-vocabulary-char,char,none,construction,applicable,native-production-constructor,256,256,256,7453272,29114.343750,18242,70874638,13355,2105539,68774850,83603456,5443778154967421081,256,256,256,2147483648,8589934592,8d6b3d1352a5fbd505907221c98a319795e36dac9e23f3c289060ce5f703a196,150
liblevenshtein.backend-propagation-matrix.v1,1,treatment,treatment,27,0,persistent-vocabulary,persistent-vocabulary-char,char,standard,query,applicable,finite-term-language-semantics,256,64,91,1155862,18060.343750,17153,2416748,17153,2416748,19424,83603456,2453029635995852900,256,64,4734976,2147483648,8589934592,8d6b3d1352a5fbd505907221c98a319795e36dac9e23f3c289060ce5f703a196,150
liblevenshtein.backend-propagation-matrix.v1,1,treatment,treatment,27,1,persistent-vocabulary,persistent-vocabulary-char,char,osa-transposition,query,applicable,finite-term-language-semantics,256,64,91,1104565,17258.828125,17151,2008220,17151,2008220,11800,83603456,4410814775178892540,256,64,4734976,2147483648,8589934592,8d6b3d1352a5fbd505907221c98a319795e36dac9e23f3c289060ce5f703a196,150
liblevenshtein.backend-propagation-matrix.v1,1,treatment,treatment,27,2,persistent-vocabulary,persistent-vocabulary-char,char,merge-and-split,query,applicable,finite-term-language-semantics,256,64,92,1195366,18677.593750,19201,2154576,19201,2154576,12064,83603456,17464432661640746486,256,64,4734976,2147483648,8589934592,8d6b3d1352a5fbd505907221c98a319795e36dac9e23f3c289060ce5f703a196,150
liblevenshtein.backend-propagation-matrix.v1,1,treatment,treatment,27,3,persistent-vocabulary,persistent-vocabulary-char,char,damerau-levenshtein,query,applicable,finite-term-language-semantics,256,64,91,1773933,27717.703125,22192,3765945,22192,3765945,28716,83603456,4410814775178892540,256,64,4734976,2147483648,8589934592,8d6b3d1352a5fbd505907221c98a319795e36dac9e23f3c289060ce5f703a196,150
liblevenshtein.backend-propagation-matrix.v1,1,treatment,treatment,28,,persistent-vocabulary,persistent-vocabulary-u64,u64,none,construction,inapplicable,vocabulary-keys-are-unicode-scalars,256,0,0,,,,,,,,,0,256,64,0,2147483648,8589934592,8d6b3d1352a5fbd505907221c98a319795e36dac9e23f3c289060ce5f703a196,150
liblevenshtein.backend-propagation-matrix.v1,1,treatment,treatment,28,0,persistent-vocabulary,persistent-vocabulary-u64,u64,standard,query,inapplicable,vocabulary-keys-are-unicode-scalars,256,0,0,,,,,,,,,0,256,64,0,2147483648,8589934592,8d6b3d1352a5fbd505907221c98a319795e36dac9e23f3c289060ce5f703a196,150
liblevenshtein.backend-propagation-matrix.v1,1,treatment,treatment,28,1,persistent-vocabulary,persistent-vocabulary-u64,u64,osa-transposition,query,inapplicable,vocabulary-keys-are-unicode-scalars,256,0,0,,,,,,,,,0,256,64,0,2147483648,8589934592,8d6b3d1352a5fbd505907221c98a319795e36dac9e23f3c289060ce5f703a196,150
liblevenshtein.backend-propagation-matrix.v1,1,treatment,treatment,28,2,persistent-vocabulary,persistent-vocabulary-u64,u64,merge-and-split,query,inapplicable,vocabulary-keys-are-unicode-scalars,256,0,0,,,,,,,,,0,256,64,0,2147483648,8589934592,8d6b3d1352a5fbd505907221c98a319795e36dac9e23f3c289060ce5f703a196,150
liblevenshtein.backend-propagation-matrix.v1,1,treatment,treatment,28,3,persistent-vocabulary,persistent-vocabulary-u64,u64,damerau-levenshtein,query,inapplicable,vocabulary-keys-are-unicode-scalars,256,0,0,,,,,,,,,0,256,64,0,2147483648,8589934592,8d6b3d1352a5fbd505907221c98a319795e36dac9e23f3c289060ce5f703a196,150
liblevenshtein.backend-propagation-matrix.v1,1,treatment,treatment,29,,dynamic-dawg,dynamic-dawg-byte,byte,none,construction,applicable,native-production-constructor,256,256,256,211150,824.804688,3749,393462,2202,219022,293313,16625664,7897287108478470759,256,256,256,2147483648,8589934592,8d6b3d1352a5fbd505907221c98a319795e36dac9e23f3c289060ce5f703a196,150
liblevenshtein.backend-propagation-matrix.v1,1,treatment,treatment,29,0,dynamic-dawg,dynamic-dawg-byte,byte,merge-and-split,query,applicable,finite-term-language-semantics,256,64,92,572656,8947.750000,2221,949488,2216,904248,78919,16625664,4882045085306252888,256,64,6553600,2147483648,8589934592,8d6b3d1352a5fbd505907221c98a319795e36dac9e23f3c289060ce5f703a196,150
liblevenshtein.backend-propagation-matrix.v1,1,treatment,treatment,29,1,dynamic-dawg,dynamic-dawg-byte,byte,damerau-levenshtein,query,applicable,finite-term-language-semantics,256,64,91,1205856,18841.500000,7548,2865659,7548,2865659,24766,16625664,6797224774086182016,256,64,6553600,2147483648,8589934592,8d6b3d1352a5fbd505907221c98a319795e36dac9e23f3c289060ce5f703a196,150
liblevenshtein.backend-propagation-matrix.v1,1,treatment,treatment,29,2,dynamic-dawg,dynamic-dawg-byte,byte,standard,query,applicable,finite-term-language-semantics,256,64,91,537869,8404.203125,2314,1499972,2314,1499972,20054,16625664,11261728730101723162,256,64,6553600,2147483648,8589934592,8d6b3d1352a5fbd505907221c98a319795e36dac9e23f3c289060ce5f703a196,150
liblevenshtein.backend-propagation-matrix.v1,1,treatment,treatment,29,3,dynamic-dawg,dynamic-dawg-byte,byte,osa-transposition,query,applicable,finite-term-language-semantics,256,64,91,531538,8305.281250,2193,825556,2193,825556,10700,16625664,6797224774086182016,256,64,6553600,2147483648,8589934592,8d6b3d1352a5fbd505907221c98a319795e36dac9e23f3c289060ce5f703a196,150
