schema,replicate,policy_order,workload_order,policy,workload,operations,elapsed_ns,ns_per_operation,allocations,allocations_per_operation,allocated_bytes,allocated_bytes_per_operation,deallocations,deallocated_bytes,hits,misses,hit_rate,resident_entries,resident_logical_weight,max_entries,max_logical_weight,scan_hot_retained,phase_rounds_to_95,checksum_u64,binary_sha256
liblevenshtein.causal-query-cache-policy-matrix.v2,1,0,0,lru,scan,1280,61026,47.676563,3840,3.000000000,92160,72.000000000,3840,92160,0,1280,0.000000000,128,319,128,384,0,,2340858717421899392,912b954a3d04f1dd53376138f8812bd7458eb785a069e52e8cfcf8d7241cb0ec
liblevenshtein.causal-query-cache-policy-matrix.v2,1,0,1,lru,phase-shift,8192,61757,7.538696,384,0.046875000,9216,1.125000000,384,9216,8064,128,0.984375000,128,321,128,384,,1,15232647556281634816,912b954a3d04f1dd53376138f8812bd7458eb785a069e52e8cfcf8d7241cb0ec
liblevenshtein.causal-query-cache-policy-matrix.v2,1,0,2,lru,zipf,180000,5178525,28.769583,214311,1.190616667,5143464,28.574800000,214311,5143464,108563,71437,0.603127778,128,296,128,384,,,15972506848661134764,912b954a3d04f1dd53376138f8812bd7458eb785a069e52e8cfcf8d7241cb0ec
liblevenshtein.causal-query-cache-policy-matrix.v2,1,0,3,lru,hot-hits,100000,721237,7.212370,0,0.000000000,0,0.000000000,0,0,100000,0,1.000000000,128,317,128,384,,,15281478681180837072,912b954a3d04f1dd53376138f8812bd7458eb785a069e52e8cfcf8d7241cb0ec
liblevenshtein.causal-query-cache-policy-matrix.v2,1,1,0,sieve,phase-shift,8192,46880,5.722656,384,0.046875000,9216,1.125000000,384,9216,8064,128,0.984375000,128,321,128,384,,1,15232647556281634816,912b954a3d04f1dd53376138f8812bd7458eb785a069e52e8cfcf8d7241cb0ec
liblevenshtein.causal-query-cache-policy-matrix.v2,1,1,1,sieve,zipf,180000,4870392,27.057733,207564,1.153133333,4981536,27.675200000,207564,4981536,110812,69188,0.615622222,128,298,128,384,,,15972506848661134764,912b954a3d04f1dd53376138f8812bd7458eb785a069e52e8cfcf8d7241cb0ec
liblevenshtein.causal-query-cache-policy-matrix.v2,1,1,2,sieve,hot-hits,100000,507351,5.073510,0,0.000000000,0,0.000000000,0,0,100000,0,1.000000000,128,317,128,384,,,15281478681180837072,912b954a3d04f1dd53376138f8812bd7458eb785a069e52e8cfcf8d7241cb0ec
liblevenshtein.causal-query-cache-policy-matrix.v2,1,1,3,sieve,scan,1280,60465,47.238281,3840,3.000000000,92160,72.000000000,3840,92160,0,1280,0.000000000,128,319,128,384,0,,2340858717421899392,912b954a3d04f1dd53376138f8812bd7458eb785a069e52e8cfcf8d7241cb0ec
liblevenshtein.causal-query-cache-policy-matrix.v2,1,2,0,aging-exact-lfu,zipf,180000,35819273,198.995961,182859,1.015883333,4388616,24.381200000,182859,4388616,119047,60953,0.661372222,128,299,128,384,,,15972506848661134764,912b954a3d04f1dd53376138f8812bd7458eb785a069e52e8cfcf8d7241cb0ec
liblevenshtein.causal-query-cache-policy-matrix.v2,1,2,1,aging-exact-lfu,hot-hits,100000,624444,6.244440,0,0.000000000,0,0.000000000,0,0,100000,0,1.000000000,128,317,128,384,,,15281478681180837072,912b954a3d04f1dd53376138f8812bd7458eb785a069e52e8cfcf8d7241cb0ec
liblevenshtein.causal-query-cache-policy-matrix.v2,1,2,2,aging-exact-lfu,scan,1280,764058,596.920313,3840,3.000000000,92160,72.000000000,3840,92160,0,1280,0.000000000,128,319,128,384,127,,2340858717421899392,912b954a3d04f1dd53376138f8812bd7458eb785a069e52e8cfcf8d7241cb0ec
liblevenshtein.causal-query-cache-policy-matrix.v2,1,2,3,aging-exact-lfu,phase-shift,8192,1932613,235.914673,9594,1.171142578,230256,28.107421875,9594,230256,4994,3198,0.609619141,128,321,128,384,,25,15232647556281634816,912b954a3d04f1dd53376138f8812bd7458eb785a069e52e8cfcf8d7241cb0ec
liblevenshtein.causal-query-cache-policy-matrix.v2,1,3,0,tinylfu-sieve,hot-hits,100000,3409633,34.096330,0,0.000000000,0,0.000000000,0,0,100000,0,1.000000000,128,317,128,384,,,15281478681180837072,912b954a3d04f1dd53376138f8812bd7458eb785a069e52e8cfcf8d7241cb0ec
liblevenshtein.causal-query-cache-policy-matrix.v2,1,3,1,tinylfu-sieve,scan,1280,238963,186.689844,2560,2.000000000,40960,32.000000000,2560,40960,0,1280,0.000000000,128,317,128,384,128,,2340858717421899392,912b954a3d04f1dd53376138f8812bd7458eb785a069e52e8cfcf8d7241cb0ec
liblevenshtein.causal-query-cache-policy-matrix.v2,1,3,2,tinylfu-sieve,phase-shift,8192,430377,52.536255,2792,0.340820312,47744,5.828125000,2792,47744,6860,1332,0.837402344,128,321,128,384,,19,15232647556281634816,912b954a3d04f1dd53376138f8812bd7458eb785a069e52e8cfcf8d7241cb0ec
liblevenshtein.causal-query-cache-policy-matrix.v2,1,3,3,tinylfu-sieve,zipf,180000,11165263,62.029239,131143,0.728572222,2406096,13.367200000,131143,2375120,119551,60449,0.664172222,128,276,128,384,,,15972506848661134764,912b954a3d04f1dd53376138f8812bd7458eb785a069e52e8cfcf8d7241cb0ec
liblevenshtein.causal-query-cache-policy-matrix.v2,1,4,0,fifo,scan,1280,62238,48.623438,3840,3.000000000,92160,72.000000000,3840,92160,0,1280,0.000000000,128,319,128,384,0,,2340858717421899392,912b954a3d04f1dd53376138f8812bd7458eb785a069e52e8cfcf8d7241cb0ec
liblevenshtein.causal-query-cache-policy-matrix.v2,1,4,1,fifo,phase-shift,8192,47911,5.848511,384,0.046875000,9216,1.125000000,384,9216,8064,128,0.984375000,128,321,128,384,,1,15232647556281634816,912b954a3d04f1dd53376138f8812bd7458eb785a069e52e8cfcf8d7241cb0ec
liblevenshtein.causal-query-cache-policy-matrix.v2,1,4,2,fifo,zipf,180000,5278856,29.326978,243207,1.351150000,5836968,32.427600000,243207,5836968,98931,81069,0.549616667,128,302,128,384,,,15972506848661134764,912b954a3d04f1dd53376138f8812bd7458eb785a069e52e8cfcf8d7241cb0ec
liblevenshtein.causal-query-cache-policy-matrix.v2,1,4,3,fifo,hot-hits,100000,450343,4.503430,0,0.000000000,0,0.000000000,0,0,100000,0,1.000000000,128,317,128,384,,,15281478681180837072,912b954a3d04f1dd53376138f8812bd7458eb785a069e52e8cfcf8d7241cb0ec
liblevenshtein.causal-query-cache-policy-matrix.v2,2,0,0,sieve,phase-shift,8192,47611,5.811890,384,0.046875000,9216,1.125000000,384,9216,8064,128,0.984375000,128,321,128,384,,1,15232647556281634816,912b954a3d04f1dd53376138f8812bd7458eb785a069e52e8cfcf8d7241cb0ec
liblevenshtein.causal-query-cache-policy-matrix.v2,2,0,1,sieve,zipf,180000,4869590,27.053278,207564,1.153133333,4981536,27.675200000,207564,4981536,110812,69188,0.615622222,128,298,128,384,,,15972506848661134764,912b954a3d04f1dd53376138f8812bd7458eb785a069e52e8cfcf8d7241cb0ec
liblevenshtein.causal-query-cache-policy-matrix.v2,2,0,2,sieve,hot-hits,100000,519675,5.196750,0,0.000000000,0,0.000000000,0,0,100000,0,1.000000000,128,317,128,384,,,15281478681180837072,912b954a3d04f1dd53376138f8812bd7458eb785a069e52e8cfcf8d7241cb0ec
liblevenshtein.causal-query-cache-policy-matrix.v2,2,0,3,sieve,scan,1280,60525,47.285156,3840,3.000000000,92160,72.000000000,3840,92160,0,1280,0.000000000,128,319,128,384,0,,2340858717421899392,912b954a3d04f1dd53376138f8812bd7458eb785a069e52e8cfcf8d7241cb0ec
liblevenshtein.causal-query-cache-policy-matrix.v2,2,1,0,aging-exact-lfu,zipf,180000,35832277,199.068206,182859,1.015883333,4388616,24.381200000,182859,4388616,119047,60953,0.661372222,128,299,128,384,,,15972506848661134764,912b954a3d04f1dd53376138f8812bd7458eb785a069e52e8cfcf8d7241cb0ec
liblevenshtein.causal-query-cache-policy-matrix.v2,2,1,1,aging-exact-lfu,hot-hits,100000,629934,6.299340,0,0.000000000,0,0.000000000,0,0,100000,0,1.000000000,128,317,128,384,,,15281478681180837072,912b954a3d04f1dd53376138f8812bd7458eb785a069e52e8cfcf8d7241cb0ec
liblevenshtein.causal-query-cache-policy-matrix.v2,2,1,2,aging-exact-lfu,scan,1280,766482,598.814062,3840,3.000000000,92160,72.000000000,3840,92160,0,1280,0.000000000,128,319,128,384,127,,2340858717421899392,912b954a3d04f1dd53376138f8812bd7458eb785a069e52e8cfcf8d7241cb0ec
liblevenshtein.causal-query-cache-policy-matrix.v2,2,1,3,aging-exact-lfu,phase-shift,8192,1930160,235.615234,9594,1.171142578,230256,28.107421875,9594,230256,4994,3198,0.609619141,128,321,128,384,,25,15232647556281634816,912b954a3d04f1dd53376138f8812bd7458eb785a069e52e8cfcf8d7241cb0ec
liblevenshtein.causal-query-cache-policy-matrix.v2,2,2,0,tinylfu-sieve,hot-hits,100000,3431504,34.315040,0,0.000000000,0,0.000000000,0,0,100000,0,1.000000000,128,317,128,384,,,15281478681180837072,912b954a3d04f1dd53376138f8812bd7458eb785a069e52e8cfcf8d7241cb0ec
liblevenshtein.causal-query-cache-policy-matrix.v2,2,2,1,tinylfu-sieve,scan,1280,244975,191.386719,2560,2.000000000,40960,32.000000000,2560,40960,0,1280,0.000000000,128,317,128,384,128,,2340858717421899392,912b954a3d04f1dd53376138f8812bd7458eb785a069e52e8cfcf8d7241cb0ec
liblevenshtein.causal-query-cache-policy-matrix.v2,2,2,2,tinylfu-sieve,phase-shift,8192,431382,52.658936,2792,0.340820312,47744,5.828125000,2792,47744,6860,1332,0.837402344,128,321,128,384,,19,15232647556281634816,912b954a3d04f1dd53376138f8812bd7458eb785a069e52e8cfcf8d7241cb0ec
liblevenshtein.causal-query-cache-policy-matrix.v2,2,2,3,tinylfu-sieve,zipf,180000,10933724,60.742911,131143,0.728572222,2406096,13.367200000,131143,2375120,119551,60449,0.664172222,128,276,128,384,,,15972506848661134764,912b954a3d04f1dd53376138f8812bd7458eb785a069e52e8cfcf8d7241cb0ec
liblevenshtein.causal-query-cache-policy-matrix.v2,2,3,0,fifo,scan,1280,62579,48.889844,3840,3.000000000,92160,72.000000000,3840,92160,0,1280,0.000000000,128,319,128,384,0,,2340858717421899392,912b954a3d04f1dd53376138f8812bd7458eb785a069e52e8cfcf8d7241cb0ec
liblevenshtein.causal-query-cache-policy-matrix.v2,2,3,1,fifo,phase-shift,8192,43443,5.303101,384,0.046875000,9216,1.125000000,384,9216,8064,128,0.984375000,128,321,128,384,,1,15232647556281634816,912b954a3d04f1dd53376138f8812bd7458eb785a069e52e8cfcf8d7241cb0ec
liblevenshtein.causal-query-cache-policy-matrix.v2,2,3,2,fifo,zipf,180000,5262765,29.237583,243207,1.351150000,5836968,32.427600000,243207,5836968,98931,81069,0.549616667,128,302,128,384,,,15972506848661134764,912b954a3d04f1dd53376138f8812bd7458eb785a069e52e8cfcf8d7241cb0ec
liblevenshtein.causal-query-cache-policy-matrix.v2,2,3,3,fifo,hot-hits,100000,454432,4.544320,0,0.000000000,0,0.000000000,0,0,100000,0,1.000000000,128,317,128,384,,,15281478681180837072,912b954a3d04f1dd53376138f8812bd7458eb785a069e52e8cfcf8d7241cb0ec
liblevenshtein.causal-query-cache-policy-matrix.v2,2,4,0,lru,phase-shift,8192,62258,7.599854,384,0.046875000,9216,1.125000000,384,9216,8064,128,0.984375000,128,321,128,384,,1,15232647556281634816,912b954a3d04f1dd53376138f8812bd7458eb785a069e52e8cfcf8d7241cb0ec
liblevenshtein.causal-query-cache-policy-matrix.v2,2,4,1,lru,zipf,180000,5256042,29.200233,214311,1.190616667,5143464,28.574800000,214311,5143464,108563,71437,0.603127778,128,296,128,384,,,15972506848661134764,912b954a3d04f1dd53376138f8812bd7458eb785a069e52e8cfcf8d7241cb0ec
liblevenshtein.causal-query-cache-policy-matrix.v2,2,4,2,lru,hot-hits,100000,726166,7.261660,0,0.000000000,0,0.000000000,0,0,100000,0,1.000000000,128,317,128,384,,,15281478681180837072,912b954a3d04f1dd53376138f8812bd7458eb785a069e52e8cfcf8d7241cb0ec
liblevenshtein.causal-query-cache-policy-matrix.v2,2,4,3,lru,scan,1280,63060,49.265625,3840,3.000000000,92160,72.000000000,3840,92160,0,1280,0.000000000,128,319,128,384,0,,2340858717421899392,912b954a3d04f1dd53376138f8812bd7458eb785a069e52e8cfcf8d7241cb0ec
liblevenshtein.causal-query-cache-policy-matrix.v2,3,0,0,aging-exact-lfu,zipf,180000,35814844,198.971356,182859,1.015883333,4388616,24.381200000,182859,4388616,119047,60953,0.661372222,128,299,128,384,,,15972506848661134764,912b954a3d04f1dd53376138f8812bd7458eb785a069e52e8cfcf8d7241cb0ec
liblevenshtein.causal-query-cache-policy-matrix.v2,3,0,1,aging-exact-lfu,hot-hits,100000,622800,6.228000,0,0.000000000,0,0.000000000,0,0,100000,0,1.000000000,128,317,128,384,,,15281478681180837072,912b954a3d04f1dd53376138f8812bd7458eb785a069e52e8cfcf8d7241cb0ec
liblevenshtein.causal-query-cache-policy-matrix.v2,3,0,2,aging-exact-lfu,scan,1280,763578,596.545313,3840,3.000000000,92160,72.000000000,3840,92160,0,1280,0.000000000,128,319,128,384,127,,2340858717421899392,912b954a3d04f1dd53376138f8812bd7458eb785a069e52e8cfcf8d7241cb0ec
liblevenshtein.causal-query-cache-policy-matrix.v2,3,0,3,aging-exact-lfu,phase-shift,8192,1935269,236.238892,9594,1.171142578,230256,28.107421875,9594,230256,4994,3198,0.609619141,128,321,128,384,,25,15232647556281634816,912b954a3d04f1dd53376138f8812bd7458eb785a069e52e8cfcf8d7241cb0ec
liblevenshtein.causal-query-cache-policy-matrix.v2,3,1,0,tinylfu-sieve,hot-hits,100000,3384796,33.847960,0,0.000000000,0,0.000000000,0,0,100000,0,1.000000000,128,317,128,384,,,15281478681180837072,912b954a3d04f1dd53376138f8812bd7458eb785a069e52e8cfcf8d7241cb0ec
liblevenshtein.causal-query-cache-policy-matrix.v2,3,1,1,tinylfu-sieve,scan,1280,243522,190.251563,2560,2.000000000,40960,32.000000000,2560,40960,0,1280,0.000000000,128,317,128,384,128,,2340858717421899392,912b954a3d04f1dd53376138f8812bd7458eb785a069e52e8cfcf8d7241cb0ec
liblevenshtein.causal-query-cache-policy-matrix.v2,3,1,2,tinylfu-sieve,phase-shift,8192,426478,52.060303,2792,0.340820312,47744,5.828125000,2792,47744,6860,1332,0.837402344,128,321,128,384,,19,15232647556281634816,912b954a3d04f1dd53376138f8812bd7458eb785a069e52e8cfcf8d7241cb0ec
liblevenshtein.causal-query-cache-policy-matrix.v2,3,1,3,tinylfu-sieve,zipf,180000,11261646,62.564700,131143,0.728572222,2406096,13.367200000,131143,2375120,119551,60449,0.664172222,128,276,128,384,,,15972506848661134764,912b954a3d04f1dd53376138f8812bd7458eb785a069e52e8cfcf8d7241cb0ec
liblevenshtein.causal-query-cache-policy-matrix.v2,3,2,0,fifo,scan,1280,61707,48.208594,3840,3.000000000,92160,72.000000000,3840,92160,0,1280,0.000000000,128,319,128,384,0,,2340858717421899392,912b954a3d04f1dd53376138f8812bd7458eb785a069e52e8cfcf8d7241cb0ec
liblevenshtein.causal-query-cache-policy-matrix.v2,3,2,1,fifo,phase-shift,8192,43042,5.254150,384,0.046875000,9216,1.125000000,384,9216,8064,128,0.984375000,128,321,128,384,,1,15232647556281634816,912b954a3d04f1dd53376138f8812bd7458eb785a069e52e8cfcf8d7241cb0ec
liblevenshtein.causal-query-cache-policy-matrix.v2,3,2,2,fifo,zipf,180000,5238369,29.102050,243207,1.351150000,5836968,32.427600000,243207,5836968,98931,81069,0.549616667,128,302,128,384,,,15972506848661134764,912b954a3d04f1dd53376138f8812bd7458eb785a069e52e8cfcf8d7241cb0ec
liblevenshtein.causal-query-cache-policy-matrix.v2,3,2,3,fifo,hot-hits,100000,448310,4.483100,0,0.000000000,0,0.000000000,0,0,100000,0,1.000000000,128,317,128,384,,,15281478681180837072,912b954a3d04f1dd53376138f8812bd7458eb785a069e52e8cfcf8d7241cb0ec
liblevenshtein.causal-query-cache-policy-matrix.v2,3,3,0,lru,phase-shift,8192,62820,7.668457,384,0.046875000,9216,1.125000000,384,9216,8064,128,0.984375000,128,321,128,384,,1,15232647556281634816,912b954a3d04f1dd53376138f8812bd7458eb785a069e52e8cfcf8d7241cb0ec
liblevenshtein.causal-query-cache-policy-matrix.v2,3,3,1,lru,zipf,180000,5244952,29.138622,214311,1.190616667,5143464,28.574800000,214311,5143464,108563,71437,0.603127778,128,296,128,384,,,15972506848661134764,912b954a3d04f1dd53376138f8812bd7458eb785a069e52e8cfcf8d7241cb0ec
liblevenshtein.causal-query-cache-policy-matrix.v2,3,3,2,lru,hot-hits,100000,729032,7.290320,0,0.000000000,0,0.000000000,0,0,100000,0,1.000000000,128,317,128,384,,,15281478681180837072,912b954a3d04f1dd53376138f8812bd7458eb785a069e52e8cfcf8d7241cb0ec
liblevenshtein.causal-query-cache-policy-matrix.v2,3,3,3,lru,scan,1280,61065,47.707031,3840,3.000000000,92160,72.000000000,3840,92160,0,1280,0.000000000,128,319,128,384,0,,2340858717421899392,912b954a3d04f1dd53376138f8812bd7458eb785a069e52e8cfcf8d7241cb0ec
liblevenshtein.causal-query-cache-policy-matrix.v2,3,4,0,sieve,zipf,180000,4903294,27.240522,207564,1.153133333,4981536,27.675200000,207564,4981536,110812,69188,0.615622222,128,298,128,384,,,15972506848661134764,912b954a3d04f1dd53376138f8812bd7458eb785a069e52e8cfcf8d7241cb0ec
liblevenshtein.causal-query-cache-policy-matrix.v2,3,4,1,sieve,hot-hits,100000,516339,5.163390,0,0.000000000,0,0.000000000,0,0,100000,0,1.000000000,128,317,128,384,,,15281478681180837072,912b954a3d04f1dd53376138f8812bd7458eb785a069e52e8cfcf8d7241cb0ec
liblevenshtein.causal-query-cache-policy-matrix.v2,3,4,2,sieve,scan,1280,61025,47.675781,3840,3.000000000,92160,72.000000000,3840,92160,0,1280,0.000000000,128,319,128,384,0,,2340858717421899392,912b954a3d04f1dd53376138f8812bd7458eb785a069e52e8cfcf8d7241cb0ec
liblevenshtein.causal-query-cache-policy-matrix.v2,3,4,3,sieve,phase-shift,8192,47290,5.772705,384,0.046875000,9216,1.125000000,384,9216,8064,128,0.984375000,128,321,128,384,,1,15232647556281634816,912b954a3d04f1dd53376138f8812bd7458eb785a069e52e8cfcf8d7241cb0ec
liblevenshtein.causal-query-cache-policy-matrix.v2,4,0,0,tinylfu-sieve,hot-hits,100000,3403591,34.035910,0,0.000000000,0,0.000000000,0,0,100000,0,1.000000000,128,317,128,384,,,15281478681180837072,912b954a3d04f1dd53376138f8812bd7458eb785a069e52e8cfcf8d7241cb0ec
liblevenshtein.causal-query-cache-policy-matrix.v2,4,0,1,tinylfu-sieve,scan,1280,239013,186.728906,2560,2.000000000,40960,32.000000000,2560,40960,0,1280,0.000000000,128,317,128,384,128,,2340858717421899392,912b954a3d04f1dd53376138f8812bd7458eb785a069e52e8cfcf8d7241cb0ec
liblevenshtein.causal-query-cache-policy-matrix.v2,4,0,2,tinylfu-sieve,phase-shift,8192,429122,52.383057,2792,0.340820312,47744,5.828125000,2792,47744,6860,1332,0.837402344,128,321,128,384,,19,15232647556281634816,912b954a3d04f1dd53376138f8812bd7458eb785a069e52e8cfcf8d7241cb0ec
liblevenshtein.causal-query-cache-policy-matrix.v2,4,0,3,tinylfu-sieve,zipf,180000,10990161,61.056450,131143,0.728572222,2406096,13.367200000,131143,2375120,119551,60449,0.664172222,128,276,128,384,,,15972506848661134764,912b954a3d04f1dd53376138f8812bd7458eb785a069e52e8cfcf8d7241cb0ec
liblevenshtein.causal-query-cache-policy-matrix.v2,4,1,0,fifo,scan,1280,61656,48.168750,3840,3.000000000,92160,72.000000000,3840,92160,0,1280,0.000000000,128,319,128,384,0,,2340858717421899392,912b954a3d04f1dd53376138f8812bd7458eb785a069e52e8cfcf8d7241cb0ec
liblevenshtein.causal-query-cache-policy-matrix.v2,4,1,1,fifo,phase-shift,8192,42993,5.248169,384,0.046875000,9216,1.125000000,384,9216,8064,128,0.984375000,128,321,128,384,,1,15232647556281634816,912b954a3d04f1dd53376138f8812bd7458eb785a069e52e8cfcf8d7241cb0ec
liblevenshtein.causal-query-cache-policy-matrix.v2,4,1,2,fifo,zipf,180000,5271822,29.287900,243207,1.351150000,5836968,32.427600000,243207,5836968,98931,81069,0.549616667,128,302,128,384,,,15972506848661134764,912b954a3d04f1dd53376138f8812bd7458eb785a069e52e8cfcf8d7241cb0ec
liblevenshtein.causal-query-cache-policy-matrix.v2,4,1,3,fifo,hot-hits,100000,452337,4.523370,0,0.000000000,0,0.000000000,0,0,100000,0,1.000000000,128,317,128,384,,,15281478681180837072,912b954a3d04f1dd53376138f8812bd7458eb785a069e52e8cfcf8d7241cb0ec
liblevenshtein.causal-query-cache-policy-matrix.v2,4,2,0,lru,phase-shift,8192,62888,7.676758,384,0.046875000,9216,1.125000000,384,9216,8064,128,0.984375000,128,321,128,384,,1,15232647556281634816,912b954a3d04f1dd53376138f8812bd7458eb785a069e52e8cfcf8d7241cb0ec
liblevenshtein.causal-query-cache-policy-matrix.v2,4,2,1,lru,zipf,180000,5255731,29.198506,214311,1.190616667,5143464,28.574800000,214311,5143464,108563,71437,0.603127778,128,296,128,384,,,15972506848661134764,912b954a3d04f1dd53376138f8812bd7458eb785a069e52e8cfcf8d7241cb0ec
liblevenshtein.causal-query-cache-policy-matrix.v2,4,2,2,lru,hot-hits,100000,727579,7.275790,0,0.000000000,0,0.000000000,0,0,100000,0,1.000000000,128,317,128,384,,,15281478681180837072,912b954a3d04f1dd53376138f8812bd7458eb785a069e52e8cfcf8d7241cb0ec
liblevenshtein.causal-query-cache-policy-matrix.v2,4,2,3,lru,scan,1280,61116,47.746875,3840,3.000000000,92160,72.000000000,3840,92160,0,1280,0.000000000,128,319,128,384,0,,2340858717421899392,912b954a3d04f1dd53376138f8812bd7458eb785a069e52e8cfcf8d7241cb0ec
liblevenshtein.causal-query-cache-policy-matrix.v2,4,3,0,sieve,zipf,180000,4911059,27.283661,207564,1.153133333,4981536,27.675200000,207564,4981536,110812,69188,0.615622222,128,298,128,384,,,15972506848661134764,912b954a3d04f1dd53376138f8812bd7458eb785a069e52e8cfcf8d7241cb0ec
liblevenshtein.causal-query-cache-policy-matrix.v2,4,3,1,sieve,hot-hits,100000,514135,5.141350,0,0.000000000,0,0.000000000,0,0,100000,0,1.000000000,128,317,128,384,,,15281478681180837072,912b954a3d04f1dd53376138f8812bd7458eb785a069e52e8cfcf8d7241cb0ec
liblevenshtein.causal-query-cache-policy-matrix.v2,4,3,2,sieve,scan,1280,61957,48.403906,3840,3.000000000,92160,72.000000000,3840,92160,0,1280,0.000000000,128,319,128,384,0,,2340858717421899392,912b954a3d04f1dd53376138f8812bd7458eb785a069e52e8cfcf8d7241cb0ec
liblevenshtein.causal-query-cache-policy-matrix.v2,4,3,3,sieve,phase-shift,8192,46757,5.707642,384,0.046875000,9216,1.125000000,384,9216,8064,128,0.984375000,128,321,128,384,,1,15232647556281634816,912b954a3d04f1dd53376138f8812bd7458eb785a069e52e8cfcf8d7241cb0ec
liblevenshtein.causal-query-cache-policy-matrix.v2,4,4,0,aging-exact-lfu,hot-hits,100000,621558,6.215580,0,0.000000000,0,0.000000000,0,0,100000,0,1.000000000,128,317,128,384,,,15281478681180837072,912b954a3d04f1dd53376138f8812bd7458eb785a069e52e8cfcf8d7241cb0ec
liblevenshtein.causal-query-cache-policy-matrix.v2,4,4,1,aging-exact-lfu,scan,1280,764680,597.406250,3840,3.000000000,92160,72.000000000,3840,92160,0,1280,0.000000000,128,319,128,384,127,,2340858717421899392,912b954a3d04f1dd53376138f8812bd7458eb785a069e52e8cfcf8d7241cb0ec
liblevenshtein.causal-query-cache-policy-matrix.v2,4,4,2,aging-exact-lfu,phase-shift,8192,1932823,235.940308,9594,1.171142578,230256,28.107421875,9594,230256,4994,3198,0.609619141,128,321,128,384,,25,15232647556281634816,912b954a3d04f1dd53376138f8812bd7458eb785a069e52e8cfcf8d7241cb0ec
liblevenshtein.causal-query-cache-policy-matrix.v2,4,4,3,aging-exact-lfu,zipf,180000,35868025,199.266806,182859,1.015883333,4388616,24.381200000,182859,4388616,119047,60953,0.661372222,128,299,128,384,,,15972506848661134764,912b954a3d04f1dd53376138f8812bd7458eb785a069e52e8cfcf8d7241cb0ec
liblevenshtein.causal-query-cache-policy-matrix.v2,5,0,0,fifo,scan,1280,61307,47.896094,3840,3.000000000,92160,72.000000000,3840,92160,0,1280,0.000000000,128,319,128,384,0,,2340858717421899392,912b954a3d04f1dd53376138f8812bd7458eb785a069e52e8cfcf8d7241cb0ec
liblevenshtein.causal-query-cache-policy-matrix.v2,5,0,1,fifo,phase-shift,8192,44052,5.377441,384,0.046875000,9216,1.125000000,384,9216,8064,128,0.984375000,128,321,128,384,,1,15232647556281634816,912b954a3d04f1dd53376138f8812bd7458eb785a069e52e8cfcf8d7241cb0ec
liblevenshtein.causal-query-cache-policy-matrix.v2,5,0,2,fifo,zipf,180000,5220305,29.001694,243207,1.351150000,5836968,32.427600000,243207,5836968,98931,81069,0.549616667,128,302,128,384,,,15972506848661134764,912b954a3d04f1dd53376138f8812bd7458eb785a069e52e8cfcf8d7241cb0ec
liblevenshtein.causal-query-cache-policy-matrix.v2,5,0,3,fifo,hot-hits,100000,477475,4.774750,0,0.000000000,0,0.000000000,0,0,100000,0,1.000000000,128,317,128,384,,,15281478681180837072,912b954a3d04f1dd53376138f8812bd7458eb785a069e52e8cfcf8d7241cb0ec
liblevenshtein.causal-query-cache-policy-matrix.v2,5,1,0,lru,phase-shift,8192,67566,8.247803,384,0.046875000,9216,1.125000000,384,9216,8064,128,0.984375000,128,321,128,384,,1,15232647556281634816,912b954a3d04f1dd53376138f8812bd7458eb785a069e52e8cfcf8d7241cb0ec
liblevenshtein.causal-query-cache-policy-matrix.v2,5,1,1,lru,zipf,180000,5257124,29.206244,214311,1.190616667,5143464,28.574800000,214311,5143464,108563,71437,0.603127778,128,296,128,384,,,15972506848661134764,912b954a3d04f1dd53376138f8812bd7458eb785a069e52e8cfcf8d7241cb0ec
liblevenshtein.causal-query-cache-policy-matrix.v2,5,1,2,lru,hot-hits,100000,740894,7.408940,0,0.000000000,0,0.000000000,0,0,100000,0,1.000000000,128,317,128,384,,,15281478681180837072,912b954a3d04f1dd53376138f8812bd7458eb785a069e52e8cfcf8d7241cb0ec
liblevenshtein.causal-query-cache-policy-matrix.v2,5,1,3,lru,scan,1280,61838,48.310938,3840,3.000000000,92160,72.000000000,3840,92160,0,1280,0.000000000,128,319,128,384,0,,2340858717421899392,912b954a3d04f1dd53376138f8812bd7458eb785a069e52e8cfcf8d7241cb0ec
liblevenshtein.causal-query-cache-policy-matrix.v2,5,2,0,sieve,zipf,180000,4940223,27.445683,207564,1.153133333,4981536,27.675200000,207564,4981536,110812,69188,0.615622222,128,298,128,384,,,15972506848661134764,912b954a3d04f1dd53376138f8812bd7458eb785a069e52e8cfcf8d7241cb0ec
liblevenshtein.causal-query-cache-policy-matrix.v2,5,2,1,sieve,hot-hits,100000,533210,5.332100,0,0.000000000,0,0.000000000,0,0,100000,0,1.000000000,128,317,128,384,,,15281478681180837072,912b954a3d04f1dd53376138f8812bd7458eb785a069e52e8cfcf8d7241cb0ec
liblevenshtein.causal-query-cache-policy-matrix.v2,5,2,2,sieve,scan,1280,61276,47.871875,3840,3.000000000,92160,72.000000000,3840,92160,0,1280,0.000000000,128,319,128,384,0,,2340858717421899392,912b954a3d04f1dd53376138f8812bd7458eb785a069e52e8cfcf8d7241cb0ec
liblevenshtein.causal-query-cache-policy-matrix.v2,5,2,3,sieve,phase-shift,8192,49273,6.014771,384,0.046875000,9216,1.125000000,384,9216,8064,128,0.984375000,128,321,128,384,,1,15232647556281634816,912b954a3d04f1dd53376138f8812bd7458eb785a069e52e8cfcf8d7241cb0ec
liblevenshtein.causal-query-cache-policy-matrix.v2,5,3,0,aging-exact-lfu,hot-hits,100000,654641,6.546410,0,0.000000000,0,0.000000000,0,0,100000,0,1.000000000,128,317,128,384,,,15281478681180837072,912b954a3d04f1dd53376138f8812bd7458eb785a069e52e8cfcf8d7241cb0ec
liblevenshtein.causal-query-cache-policy-matrix.v2,5,3,1,aging-exact-lfu,scan,1280,763437,596.435156,3840,3.000000000,92160,72.000000000,3840,92160,0,1280,0.000000000,128,319,128,384,127,,2340858717421899392,912b954a3d04f1dd53376138f8812bd7458eb785a069e52e8cfcf8d7241cb0ec
liblevenshtein.causal-query-cache-policy-matrix.v2,5,3,2,aging-exact-lfu,phase-shift,8192,1930439,235.649292,9594,1.171142578,230256,28.107421875,9594,230256,4994,3198,0.609619141,128,321,128,384,,25,15232647556281634816,912b954a3d04f1dd53376138f8812bd7458eb785a069e52e8cfcf8d7241cb0ec
liblevenshtein.causal-query-cache-policy-matrix.v2,5,3,3,aging-exact-lfu,zipf,180000,35849740,199.165222,182859,1.015883333,4388616,24.381200000,182859,4388616,119047,60953,0.661372222,128,299,128,384,,,15972506848661134764,912b954a3d04f1dd53376138f8812bd7458eb785a069e52e8cfcf8d7241cb0ec
liblevenshtein.causal-query-cache-policy-matrix.v2,5,4,0,tinylfu-sieve,scan,1280,239374,187.010938,2560,2.000000000,40960,32.000000000,2560,40960,0,1280,0.000000000,128,317,128,384,128,,2340858717421899392,912b954a3d04f1dd53376138f8812bd7458eb785a069e52e8cfcf8d7241cb0ec
liblevenshtein.causal-query-cache-policy-matrix.v2,5,4,1,tinylfu-sieve,phase-shift,8192,433673,52.938599,2792,0.340820312,47744,5.828125000,2792,47744,6860,1332,0.837402344,128,321,128,384,,19,15232647556281634816,912b954a3d04f1dd53376138f8812bd7458eb785a069e52e8cfcf8d7241cb0ec
liblevenshtein.causal-query-cache-policy-matrix.v2,5,4,2,tinylfu-sieve,zipf,180000,10957278,60.873767,131143,0.728572222,2406096,13.367200000,131143,2375120,119551,60449,0.664172222,128,276,128,384,,,15972506848661134764,912b954a3d04f1dd53376138f8812bd7458eb785a069e52e8cfcf8d7241cb0ec
liblevenshtein.causal-query-cache-policy-matrix.v2,5,4,3,tinylfu-sieve,hot-hits,100000,3501266,35.012660,0,0.000000000,0,0.000000000,0,0,100000,0,1.000000000,128,317,128,384,,,15281478681180837072,912b954a3d04f1dd53376138f8812bd7458eb785a069e52e8cfcf8d7241cb0ec
liblevenshtein.causal-query-cache-policy-matrix.v2,6,0,0,lru,phase-shift,8192,63971,7.808960,384,0.046875000,9216,1.125000000,384,9216,8064,128,0.984375000,128,321,128,384,,1,15232647556281634816,912b954a3d04f1dd53376138f8812bd7458eb785a069e52e8cfcf8d7241cb0ec
liblevenshtein.causal-query-cache-policy-matrix.v2,6,0,1,lru,zipf,180000,5567743,30.931906,214311,1.190616667,5143464,28.574800000,214311,5143464,108563,71437,0.603127778,128,296,128,384,,,15972506848661134764,912b954a3d04f1dd53376138f8812bd7458eb785a069e52e8cfcf8d7241cb0ec
liblevenshtein.causal-query-cache-policy-matrix.v2,6,0,2,lru,hot-hits,100000,765822,7.658220,0,0.000000000,0,0.000000000,0,0,100000,0,1.000000000,128,317,128,384,,,15281478681180837072,912b954a3d04f1dd53376138f8812bd7458eb785a069e52e8cfcf8d7241cb0ec
liblevenshtein.causal-query-cache-policy-matrix.v2,6,0,3,lru,scan,1280,64873,50.682031,3840,3.000000000,92160,72.000000000,3840,92160,0,1280,0.000000000,128,319,128,384,0,,2340858717421899392,912b954a3d04f1dd53376138f8812bd7458eb785a069e52e8cfcf8d7241cb0ec
liblevenshtein.causal-query-cache-policy-matrix.v2,6,1,0,sieve,zipf,180000,5311047,29.505817,207564,1.153133333,4981536,27.675200000,207564,4981536,110812,69188,0.615622222,128,298,128,384,,,15972506848661134764,912b954a3d04f1dd53376138f8812bd7458eb785a069e52e8cfcf8d7241cb0ec
liblevenshtein.causal-query-cache-policy-matrix.v2,6,1,1,sieve,hot-hits,100000,513273,5.132730,0,0.000000000,0,0.000000000,0,0,100000,0,1.000000000,128,317,128,384,,,15281478681180837072,912b954a3d04f1dd53376138f8812bd7458eb785a069e52e8cfcf8d7241cb0ec
liblevenshtein.causal-query-cache-policy-matrix.v2,6,1,2,sieve,scan,1280,67087,52.411719,3840,3.000000000,92160,72.000000000,3840,92160,0,1280,0.000000000,128,319,128,384,0,,2340858717421899392,912b954a3d04f1dd53376138f8812bd7458eb785a069e52e8cfcf8d7241cb0ec
liblevenshtein.causal-query-cache-policy-matrix.v2,6,1,3,sieve,phase-shift,8192,47018,5.739502,384,0.046875000,9216,1.125000000,384,9216,8064,128,0.984375000,128,321,128,384,,1,15232647556281634816,912b954a3d04f1dd53376138f8812bd7458eb785a069e52e8cfcf8d7241cb0ec
liblevenshtein.causal-query-cache-policy-matrix.v2,6,2,0,aging-exact-lfu,hot-hits,100000,621639,6.216390,0,0.000000000,0,0.000000000,0,0,100000,0,1.000000000,128,317,128,384,,,15281478681180837072,912b954a3d04f1dd53376138f8812bd7458eb785a069e52e8cfcf8d7241cb0ec
liblevenshtein.causal-query-cache-policy-matrix.v2,6,2,1,aging-exact-lfu,scan,1280,788344,615.893750,3840,3.000000000,92160,72.000000000,3840,92160,0,1280,0.000000000,128,319,128,384,127,,2340858717421899392,912b954a3d04f1dd53376138f8812bd7458eb785a069e52e8cfcf8d7241cb0ec
liblevenshtein.causal-query-cache-policy-matrix.v2,6,2,2,aging-exact-lfu,phase-shift,8192,1976337,241.252075,9594,1.171142578,230256,28.107421875,9594,230256,4994,3198,0.609619141,128,321,128,384,,25,15232647556281634816,912b954a3d04f1dd53376138f8812bd7458eb785a069e52e8cfcf8d7241cb0ec
liblevenshtein.causal-query-cache-policy-matrix.v2,6,2,3,aging-exact-lfu,zipf,180000,37376725,207.648472,182859,1.015883333,4388616,24.381200000,182859,4388616,119047,60953,0.661372222,128,299,128,384,,,15972506848661134764,912b954a3d04f1dd53376138f8812bd7458eb785a069e52e8cfcf8d7241cb0ec
liblevenshtein.causal-query-cache-policy-matrix.v2,6,3,0,tinylfu-sieve,scan,1280,240065,187.550781,2560,2.000000000,40960,32.000000000,2560,40960,0,1280,0.000000000,128,317,128,384,128,,2340858717421899392,912b954a3d04f1dd53376138f8812bd7458eb785a069e52e8cfcf8d7241cb0ec
liblevenshtein.causal-query-cache-policy-matrix.v2,6,3,1,tinylfu-sieve,phase-shift,8192,430238,52.519287,2792,0.340820312,47744,5.828125000,2792,47744,6860,1332,0.837402344,128,321,128,384,,19,15232647556281634816,912b954a3d04f1dd53376138f8812bd7458eb785a069e52e8cfcf8d7241cb0ec
liblevenshtein.causal-query-cache-policy-matrix.v2,6,3,2,tinylfu-sieve,zipf,180000,10986524,61.036244,131143,0.728572222,2406096,13.367200000,131143,2375120,119551,60449,0.664172222,128,276,128,384,,,15972506848661134764,912b954a3d04f1dd53376138f8812bd7458eb785a069e52e8cfcf8d7241cb0ec
liblevenshtein.causal-query-cache-policy-matrix.v2,6,3,3,tinylfu-sieve,hot-hits,100000,3426846,34.268460,0,0.000000000,0,0.000000000,0,0,100000,0,1.000000000,128,317,128,384,,,15281478681180837072,912b954a3d04f1dd53376138f8812bd7458eb785a069e52e8cfcf8d7241cb0ec
liblevenshtein.causal-query-cache-policy-matrix.v2,6,4,0,fifo,phase-shift,8192,43780,5.344238,384,0.046875000,9216,1.125000000,384,9216,8064,128,0.984375000,128,321,128,384,,1,15232647556281634816,912b954a3d04f1dd53376138f8812bd7458eb785a069e52e8cfcf8d7241cb0ec
liblevenshtein.causal-query-cache-policy-matrix.v2,6,4,1,fifo,zipf,180000,5292552,29.403067,243207,1.351150000,5836968,32.427600000,243207,5836968,98931,81069,0.549616667,128,302,128,384,,,15972506848661134764,912b954a3d04f1dd53376138f8812bd7458eb785a069e52e8cfcf8d7241cb0ec
liblevenshtein.causal-query-cache-policy-matrix.v2,6,4,2,fifo,hot-hits,100000,457076,4.570760,0,0.000000000,0,0.000000000,0,0,100000,0,1.000000000,128,317,128,384,,,15281478681180837072,912b954a3d04f1dd53376138f8812bd7458eb785a069e52e8cfcf8d7241cb0ec
liblevenshtein.causal-query-cache-policy-matrix.v2,6,4,3,fifo,scan,1280,62077,48.497656,3840,3.000000000,92160,72.000000000,3840,92160,0,1280,0.000000000,128,319,128,384,0,,2340858717421899392,912b954a3d04f1dd53376138f8812bd7458eb785a069e52e8cfcf8d7241cb0ec
liblevenshtein.causal-query-cache-policy-matrix.v2,7,0,0,sieve,zipf,180000,4859251,26.995839,207564,1.153133333,4981536,27.675200000,207564,4981536,110812,69188,0.615622222,128,298,128,384,,,15972506848661134764,912b954a3d04f1dd53376138f8812bd7458eb785a069e52e8cfcf8d7241cb0ec
liblevenshtein.causal-query-cache-policy-matrix.v2,7,0,1,sieve,hot-hits,100000,512621,5.126210,0,0.000000000,0,0.000000000,0,0,100000,0,1.000000000,128,317,128,384,,,15281478681180837072,912b954a3d04f1dd53376138f8812bd7458eb785a069e52e8cfcf8d7241cb0ec
liblevenshtein.causal-query-cache-policy-matrix.v2,7,0,2,sieve,scan,1280,59864,46.768750,3840,3.000000000,92160,72.000000000,3840,92160,0,1280,0.000000000,128,319,128,384,0,,2340858717421899392,912b954a3d04f1dd53376138f8812bd7458eb785a069e52e8cfcf8d7241cb0ec
liblevenshtein.causal-query-cache-policy-matrix.v2,7,0,3,sieve,phase-shift,8192,46519,5.678589,384,0.046875000,9216,1.125000000,384,9216,8064,128,0.984375000,128,321,128,384,,1,15232647556281634816,912b954a3d04f1dd53376138f8812bd7458eb785a069e52e8cfcf8d7241cb0ec
liblevenshtein.causal-query-cache-policy-matrix.v2,7,1,0,aging-exact-lfu,hot-hits,100000,625536,6.255360,0,0.000000000,0,0.000000000,0,0,100000,0,1.000000000,128,317,128,384,,,15281478681180837072,912b954a3d04f1dd53376138f8812bd7458eb785a069e52e8cfcf8d7241cb0ec
liblevenshtein.causal-query-cache-policy-matrix.v2,7,1,1,aging-exact-lfu,scan,1280,759499,593.358594,3840,3.000000000,92160,72.000000000,3840,92160,0,1280,0.000000000,128,319,128,384,127,,2340858717421899392,912b954a3d04f1dd53376138f8812bd7458eb785a069e52e8cfcf8d7241cb0ec
liblevenshtein.causal-query-cache-policy-matrix.v2,7,1,2,aging-exact-lfu,phase-shift,8192,1942130,237.076416,9594,1.171142578,230256,28.107421875,9594,230256,4994,3198,0.609619141,128,321,128,384,,25,15232647556281634816,912b954a3d04f1dd53376138f8812bd7458eb785a069e52e8cfcf8d7241cb0ec
liblevenshtein.causal-query-cache-policy-matrix.v2,7,1,3,aging-exact-lfu,zipf,180000,35826797,199.037761,182859,1.015883333,4388616,24.381200000,182859,4388616,119047,60953,0.661372222,128,299,128,384,,,15972506848661134764,912b954a3d04f1dd53376138f8812bd7458eb785a069e52e8cfcf8d7241cb0ec
liblevenshtein.causal-query-cache-policy-matrix.v2,7,2,0,tinylfu-sieve,scan,1280,243972,190.603125,2560,2.000000000,40960,32.000000000,2560,40960,0,1280,0.000000000,128,317,128,384,128,,2340858717421899392,912b954a3d04f1dd53376138f8812bd7458eb785a069e52e8cfcf8d7241cb0ec
liblevenshtein.causal-query-cache-policy-matrix.v2,7,2,1,tinylfu-sieve,phase-shift,8192,428449,52.300903,2792,0.340820312,47744,5.828125000,2792,47744,6860,1332,0.837402344,128,321,128,384,,19,15232647556281634816,912b954a3d04f1dd53376138f8812bd7458eb785a069e52e8cfcf8d7241cb0ec
liblevenshtein.causal-query-cache-policy-matrix.v2,7,2,2,tinylfu-sieve,zipf,180000,11030588,61.281044,131143,0.728572222,2406096,13.367200000,131143,2375120,119551,60449,0.664172222,128,276,128,384,,,15972506848661134764,912b954a3d04f1dd53376138f8812bd7458eb785a069e52e8cfcf8d7241cb0ec
liblevenshtein.causal-query-cache-policy-matrix.v2,7,2,3,tinylfu-sieve,hot-hits,100000,3445561,34.455610,0,0.000000000,0,0.000000000,0,0,100000,0,1.000000000,128,317,128,384,,,15281478681180837072,912b954a3d04f1dd53376138f8812bd7458eb785a069e52e8cfcf8d7241cb0ec
liblevenshtein.causal-query-cache-policy-matrix.v2,7,3,0,fifo,phase-shift,8192,43464,5.305664,384,0.046875000,9216,1.125000000,384,9216,8064,128,0.984375000,128,321,128,384,,1,15232647556281634816,912b954a3d04f1dd53376138f8812bd7458eb785a069e52e8cfcf8d7241cb0ec
liblevenshtein.causal-query-cache-policy-matrix.v2,7,3,1,fifo,zipf,180000,5273646,29.298033,243207,1.351150000,5836968,32.427600000,243207,5836968,98931,81069,0.549616667,128,302,128,384,,,15972506848661134764,912b954a3d04f1dd53376138f8812bd7458eb785a069e52e8cfcf8d7241cb0ec
liblevenshtein.causal-query-cache-policy-matrix.v2,7,3,2,fifo,hot-hits,100000,445484,4.454840,0,0.000000000,0,0.000000000,0,0,100000,0,1.000000000,128,317,128,384,,,15281478681180837072,912b954a3d04f1dd53376138f8812bd7458eb785a069e52e8cfcf8d7241cb0ec
liblevenshtein.causal-query-cache-policy-matrix.v2,7,3,3,fifo,scan,1280,61436,47.996875,3840,3.000000000,92160,72.000000000,3840,92160,0,1280,0.000000000,128,319,128,384,0,,2340858717421899392,912b954a3d04f1dd53376138f8812bd7458eb785a069e52e8cfcf8d7241cb0ec
liblevenshtein.causal-query-cache-policy-matrix.v2,7,4,0,lru,zipf,180000,5296609,29.425606,214311,1.190616667,5143464,28.574800000,214311,5143464,108563,71437,0.603127778,128,296,128,384,,,15972506848661134764,912b954a3d04f1dd53376138f8812bd7458eb785a069e52e8cfcf8d7241cb0ec
liblevenshtein.causal-query-cache-policy-matrix.v2,7,4,1,lru,hot-hits,100000,751484,7.514840,0,0.000000000,0,0.000000000,0,0,100000,0,1.000000000,128,317,128,384,,,15281478681180837072,912b954a3d04f1dd53376138f8812bd7458eb785a069e52e8cfcf8d7241cb0ec
liblevenshtein.causal-query-cache-policy-matrix.v2,7,4,2,lru,scan,1280,61336,47.918750,3840,3.000000000,92160,72.000000000,3840,92160,0,1280,0.000000000,128,319,128,384,0,,2340858717421899392,912b954a3d04f1dd53376138f8812bd7458eb785a069e52e8cfcf8d7241cb0ec
liblevenshtein.causal-query-cache-policy-matrix.v2,7,4,3,lru,phase-shift,8192,65003,7.934937,384,0.046875000,9216,1.125000000,384,9216,8064,128,0.984375000,128,321,128,384,,1,15232647556281634816,912b954a3d04f1dd53376138f8812bd7458eb785a069e52e8cfcf8d7241cb0ec
liblevenshtein.causal-query-cache-policy-matrix.v2,8,0,0,aging-exact-lfu,hot-hits,100000,626468,6.264680,0,0.000000000,0,0.000000000,0,0,100000,0,1.000000000,128,317,128,384,,,15281478681180837072,912b954a3d04f1dd53376138f8812bd7458eb785a069e52e8cfcf8d7241cb0ec
liblevenshtein.causal-query-cache-policy-matrix.v2,8,0,1,aging-exact-lfu,scan,1280,760581,594.203906,3840,3.000000000,92160,72.000000000,3840,92160,0,1280,0.000000000,128,319,128,384,127,,2340858717421899392,912b954a3d04f1dd53376138f8812bd7458eb785a069e52e8cfcf8d7241cb0ec
liblevenshtein.causal-query-cache-policy-matrix.v2,8,0,2,aging-exact-lfu,phase-shift,8192,1935036,236.210449,9594,1.171142578,230256,28.107421875,9594,230256,4994,3198,0.609619141,128,321,128,384,,25,15232647556281634816,912b954a3d04f1dd53376138f8812bd7458eb785a069e52e8cfcf8d7241cb0ec
liblevenshtein.causal-query-cache-policy-matrix.v2,8,0,3,aging-exact-lfu,zipf,180000,35829923,199.055128,182859,1.015883333,4388616,24.381200000,182859,4388616,119047,60953,0.661372222,128,299,128,384,,,15972506848661134764,912b954a3d04f1dd53376138f8812bd7458eb785a069e52e8cfcf8d7241cb0ec
liblevenshtein.causal-query-cache-policy-matrix.v2,8,1,0,tinylfu-sieve,scan,1280,244203,190.783594,2560,2.000000000,40960,32.000000000,2560,40960,0,1280,0.000000000,128,317,128,384,128,,2340858717421899392,912b954a3d04f1dd53376138f8812bd7458eb785a069e52e8cfcf8d7241cb0ec
liblevenshtein.causal-query-cache-policy-matrix.v2,8,1,1,tinylfu-sieve,phase-shift,8192,441765,53.926392,2792,0.340820312,47744,5.828125000,2792,47744,6860,1332,0.837402344,128,321,128,384,,19,15232647556281634816,912b954a3d04f1dd53376138f8812bd7458eb785a069e52e8cfcf8d7241cb0ec
liblevenshtein.causal-query-cache-policy-matrix.v2,8,1,2,tinylfu-sieve,zipf,180000,11024445,61.246917,131143,0.728572222,2406096,13.367200000,131143,2375120,119551,60449,0.664172222,128,276,128,384,,,15972506848661134764,912b954a3d04f1dd53376138f8812bd7458eb785a069e52e8cfcf8d7241cb0ec
liblevenshtein.causal-query-cache-policy-matrix.v2,8,1,3,tinylfu-sieve,hot-hits,100000,3473524,34.735240,0,0.000000000,0,0.000000000,0,0,100000,0,1.000000000,128,317,128,384,,,15281478681180837072,912b954a3d04f1dd53376138f8812bd7458eb785a069e52e8cfcf8d7241cb0ec
liblevenshtein.causal-query-cache-policy-matrix.v2,8,2,0,fifo,phase-shift,8192,44797,5.468384,384,0.046875000,9216,1.125000000,384,9216,8064,128,0.984375000,128,321,128,384,,1,15232647556281634816,912b954a3d04f1dd53376138f8812bd7458eb785a069e52e8cfcf8d7241cb0ec
liblevenshtein.causal-query-cache-policy-matrix.v2,8,2,1,fifo,zipf,180000,5490767,30.504261,243207,1.351150000,5836968,32.427600000,243207,5836968,98931,81069,0.549616667,128,302,128,384,,,15972506848661134764,912b954a3d04f1dd53376138f8812bd7458eb785a069e52e8cfcf8d7241cb0ec
liblevenshtein.causal-query-cache-policy-matrix.v2,8,2,2,fifo,hot-hits,100000,455123,4.551230,0,0.000000000,0,0.000000000,0,0,100000,0,1.000000000,128,317,128,384,,,15281478681180837072,912b954a3d04f1dd53376138f8812bd7458eb785a069e52e8cfcf8d7241cb0ec
liblevenshtein.causal-query-cache-policy-matrix.v2,8,2,3,fifo,scan,1280,61957,48.403906,3840,3.000000000,92160,72.000000000,3840,92160,0,1280,0.000000000,128,319,128,384,0,,2340858717421899392,912b954a3d04f1dd53376138f8812bd7458eb785a069e52e8cfcf8d7241cb0ec
liblevenshtein.causal-query-cache-policy-matrix.v2,8,3,0,lru,zipf,180000,5295838,29.421322,214311,1.190616667,5143464,28.574800000,214311,5143464,108563,71437,0.603127778,128,296,128,384,,,15972506848661134764,912b954a3d04f1dd53376138f8812bd7458eb785a069e52e8cfcf8d7241cb0ec
liblevenshtein.causal-query-cache-policy-matrix.v2,8,3,1,lru,hot-hits,100000,723832,7.238320,0,0.000000000,0,0.000000000,0,0,100000,0,1.000000000,128,317,128,384,,,15281478681180837072,912b954a3d04f1dd53376138f8812bd7458eb785a069e52e8cfcf8d7241cb0ec
liblevenshtein.causal-query-cache-policy-matrix.v2,8,3,2,lru,scan,1280,62138,48.545313,3840,3.000000000,92160,72.000000000,3840,92160,0,1280,0.000000000,128,319,128,384,0,,2340858717421899392,912b954a3d04f1dd53376138f8812bd7458eb785a069e52e8cfcf8d7241cb0ec
liblevenshtein.causal-query-cache-policy-matrix.v2,8,3,3,lru,phase-shift,8192,64123,7.827515,384,0.046875000,9216,1.125000000,384,9216,8064,128,0.984375000,128,321,128,384,,1,15232647556281634816,912b954a3d04f1dd53376138f8812bd7458eb785a069e52e8cfcf8d7241cb0ec
liblevenshtein.causal-query-cache-policy-matrix.v2,8,4,0,sieve,hot-hits,100000,512491,5.124910,0,0.000000000,0,0.000000000,0,0,100000,0,1.000000000,128,317,128,384,,,15281478681180837072,912b954a3d04f1dd53376138f8812bd7458eb785a069e52e8cfcf8d7241cb0ec
liblevenshtein.causal-query-cache-policy-matrix.v2,8,4,1,sieve,scan,1280,63760,49.812500,3840,3.000000000,92160,72.000000000,3840,92160,0,1280,0.000000000,128,319,128,384,0,,2340858717421899392,912b954a3d04f1dd53376138f8812bd7458eb785a069e52e8cfcf8d7241cb0ec
liblevenshtein.causal-query-cache-policy-matrix.v2,8,4,2,sieve,phase-shift,8192,47441,5.791138,384,0.046875000,9216,1.125000000,384,9216,8064,128,0.984375000,128,321,128,384,,1,15232647556281634816,912b954a3d04f1dd53376138f8812bd7458eb785a069e52e8cfcf8d7241cb0ec
liblevenshtein.causal-query-cache-policy-matrix.v2,8,4,3,sieve,zipf,180000,5069268,28.162600,207564,1.153133333,4981536,27.675200000,207564,4981536,110812,69188,0.615622222,128,298,128,384,,,15972506848661134764,912b954a3d04f1dd53376138f8812bd7458eb785a069e52e8cfcf8d7241cb0ec
liblevenshtein.causal-query-cache-policy-matrix.v2,9,0,0,tinylfu-sieve,scan,1280,242389,189.366406,2560,2.000000000,40960,32.000000000,2560,40960,0,1280,0.000000000,128,317,128,384,128,,2340858717421899392,912b954a3d04f1dd53376138f8812bd7458eb785a069e52e8cfcf8d7241cb0ec
liblevenshtein.causal-query-cache-policy-matrix.v2,9,0,1,tinylfu-sieve,phase-shift,8192,436489,53.282349,2792,0.340820312,47744,5.828125000,2792,47744,6860,1332,0.837402344,128,321,128,384,,19,15232647556281634816,912b954a3d04f1dd53376138f8812bd7458eb785a069e52e8cfcf8d7241cb0ec
liblevenshtein.causal-query-cache-policy-matrix.v2,9,0,2,tinylfu-sieve,zipf,180000,11010890,61.171611,131143,0.728572222,2406096,13.367200000,131143,2375120,119551,60449,0.664172222,128,276,128,384,,,15972506848661134764,912b954a3d04f1dd53376138f8812bd7458eb785a069e52e8cfcf8d7241cb0ec
liblevenshtein.causal-query-cache-policy-matrix.v2,9,0,3,tinylfu-sieve,hot-hits,100000,3494804,34.948040,0,0.000000000,0,0.000000000,0,0,100000,0,1.000000000,128,317,128,384,,,15281478681180837072,912b954a3d04f1dd53376138f8812bd7458eb785a069e52e8cfcf8d7241cb0ec
liblevenshtein.causal-query-cache-policy-matrix.v2,9,1,0,fifo,phase-shift,8192,45386,5.540283,384,0.046875000,9216,1.125000000,384,9216,8064,128,0.984375000,128,321,128,384,,1,15232647556281634816,912b954a3d04f1dd53376138f8812bd7458eb785a069e52e8cfcf8d7241cb0ec
liblevenshtein.causal-query-cache-policy-matrix.v2,9,1,1,fifo,zipf,180000,5288714,29.381744,243207,1.351150000,5836968,32.427600000,243207,5836968,98931,81069,0.549616667,128,302,128,384,,,15972506848661134764,912b954a3d04f1dd53376138f8812bd7458eb785a069e52e8cfcf8d7241cb0ec
liblevenshtein.causal-query-cache-policy-matrix.v2,9,1,2,fifo,hot-hits,100000,460513,4.605130,0,0.000000000,0,0.000000000,0,0,100000,0,1.000000000,128,317,128,384,,,15281478681180837072,912b954a3d04f1dd53376138f8812bd7458eb785a069e52e8cfcf8d7241cb0ec
liblevenshtein.causal-query-cache-policy-matrix.v2,9,1,3,fifo,scan,1280,62949,49.178906,3840,3.000000000,92160,72.000000000,3840,92160,0,1280,0.000000000,128,319,128,384,0,,2340858717421899392,912b954a3d04f1dd53376138f8812bd7458eb785a069e52e8cfcf8d7241cb0ec
liblevenshtein.causal-query-cache-policy-matrix.v2,9,2,0,lru,zipf,180000,5293173,29.406517,214311,1.190616667,5143464,28.574800000,214311,5143464,108563,71437,0.603127778,128,296,128,384,,,15972506848661134764,912b954a3d04f1dd53376138f8812bd7458eb785a069e52e8cfcf8d7241cb0ec
liblevenshtein.causal-query-cache-policy-matrix.v2,9,2,1,lru,hot-hits,100000,748919,7.489190,0,0.000000000,0,0.000000000,0,0,100000,0,1.000000000,128,317,128,384,,,15281478681180837072,912b954a3d04f1dd53376138f8812bd7458eb785a069e52e8cfcf8d7241cb0ec
liblevenshtein.causal-query-cache-policy-matrix.v2,9,2,2,lru,scan,1280,61657,48.169531,3840,3.000000000,92160,72.000000000,3840,92160,0,1280,0.000000000,128,319,128,384,0,,2340858717421899392,912b954a3d04f1dd53376138f8812bd7458eb785a069e52e8cfcf8d7241cb0ec
liblevenshtein.causal-query-cache-policy-matrix.v2,9,2,3,lru,phase-shift,8192,69672,8.504883,384,0.046875000,9216,1.125000000,384,9216,8064,128,0.984375000,128,321,128,384,,1,15232647556281634816,912b954a3d04f1dd53376138f8812bd7458eb785a069e52e8cfcf8d7241cb0ec
liblevenshtein.causal-query-cache-policy-matrix.v2,9,3,0,sieve,hot-hits,100000,520847,5.208470,0,0.000000000,0,0.000000000,0,0,100000,0,1.000000000,128,317,128,384,,,15281478681180837072,912b954a3d04f1dd53376138f8812bd7458eb785a069e52e8cfcf8d7241cb0ec
liblevenshtein.causal-query-cache-policy-matrix.v2,9,3,1,sieve,scan,1280,67848,53.006250,3840,3.000000000,92160,72.000000000,3840,92160,0,1280,0.000000000,128,319,128,384,0,,2340858717421899392,912b954a3d04f1dd53376138f8812bd7458eb785a069e52e8cfcf8d7241cb0ec
liblevenshtein.causal-query-cache-policy-matrix.v2,9,3,2,sieve,phase-shift,8192,48904,5.969727,384,0.046875000,9216,1.125000000,384,9216,8064,128,0.984375000,128,321,128,384,,1,15232647556281634816,912b954a3d04f1dd53376138f8812bd7458eb785a069e52e8cfcf8d7241cb0ec
liblevenshtein.causal-query-cache-policy-matrix.v2,9,3,3,sieve,zipf,180000,4948129,27.489606,207564,1.153133333,4981536,27.675200000,207564,4981536,110812,69188,0.615622222,128,298,128,384,,,15972506848661134764,912b954a3d04f1dd53376138f8812bd7458eb785a069e52e8cfcf8d7241cb0ec
liblevenshtein.causal-query-cache-policy-matrix.v2,9,4,0,aging-exact-lfu,scan,1280,764980,597.640625,3840,3.000000000,92160,72.000000000,3840,92160,0,1280,0.000000000,128,319,128,384,127,,2340858717421899392,912b954a3d04f1dd53376138f8812bd7458eb785a069e52e8cfcf8d7241cb0ec
liblevenshtein.causal-query-cache-policy-matrix.v2,9,4,1,aging-exact-lfu,phase-shift,8192,1939680,236.777344,9594,1.171142578,230256,28.107421875,9594,230256,4994,3198,0.609619141,128,321,128,384,,25,15232647556281634816,912b954a3d04f1dd53376138f8812bd7458eb785a069e52e8cfcf8d7241cb0ec
liblevenshtein.causal-query-cache-policy-matrix.v2,9,4,2,aging-exact-lfu,zipf,180000,35843649,199.131383,182859,1.015883333,4388616,24.381200000,182859,4388616,119047,60953,0.661372222,128,299,128,384,,,15972506848661134764,912b954a3d04f1dd53376138f8812bd7458eb785a069e52e8cfcf8d7241cb0ec
liblevenshtein.causal-query-cache-policy-matrix.v2,9,4,3,aging-exact-lfu,hot-hits,100000,632669,6.326690,0,0.000000000,0,0.000000000,0,0,100000,0,1.000000000,128,317,128,384,,,15281478681180837072,912b954a3d04f1dd53376138f8812bd7458eb785a069e52e8cfcf8d7241cb0ec
liblevenshtein.causal-query-cache-policy-matrix.v2,10,0,0,fifo,phase-shift,8192,43515,5.311890,384,0.046875000,9216,1.125000000,384,9216,8064,128,0.984375000,128,321,128,384,,1,15232647556281634816,912b954a3d04f1dd53376138f8812bd7458eb785a069e52e8cfcf8d7241cb0ec
liblevenshtein.causal-query-cache-policy-matrix.v2,10,0,1,fifo,zipf,180000,5237688,29.098267,243207,1.351150000,5836968,32.427600000,243207,5836968,98931,81069,0.549616667,128,302,128,384,,,15972506848661134764,912b954a3d04f1dd53376138f8812bd7458eb785a069e52e8cfcf8d7241cb0ec
liblevenshtein.causal-query-cache-policy-matrix.v2,10,0,2,fifo,hot-hits,100000,444413,4.444130,0,0.000000000,0,0.000000000,0,0,100000,0,1.000000000,128,317,128,384,,,15281478681180837072,912b954a3d04f1dd53376138f8812bd7458eb785a069e52e8cfcf8d7241cb0ec
liblevenshtein.causal-query-cache-policy-matrix.v2,10,0,3,fifo,scan,1280,59974,46.854687,3840,3.000000000,92160,72.000000000,3840,92160,0,1280,0.000000000,128,319,128,384,0,,2340858717421899392,912b954a3d04f1dd53376138f8812bd7458eb785a069e52e8cfcf8d7241cb0ec
liblevenshtein.causal-query-cache-policy-matrix.v2,10,1,0,lru,zipf,180000,5234151,29.078617,214311,1.190616667,5143464,28.574800000,214311,5143464,108563,71437,0.603127778,128,296,128,384,,,15972506848661134764,912b954a3d04f1dd53376138f8812bd7458eb785a069e52e8cfcf8d7241cb0ec
liblevenshtein.causal-query-cache-policy-matrix.v2,10,1,1,lru,hot-hits,100000,722289,7.222890,0,0.000000000,0,0.000000000,0,0,100000,0,1.000000000,128,317,128,384,,,15281478681180837072,912b954a3d04f1dd53376138f8812bd7458eb785a069e52e8cfcf8d7241cb0ec
liblevenshtein.causal-query-cache-policy-matrix.v2,10,1,2,lru,scan,1280,60124,46.971875,3840,3.000000000,92160,72.000000000,3840,92160,0,1280,0.000000000,128,319,128,384,0,,2340858717421899392,912b954a3d04f1dd53376138f8812bd7458eb785a069e52e8cfcf8d7241cb0ec
liblevenshtein.causal-query-cache-policy-matrix.v2,10,1,3,lru,phase-shift,8192,62942,7.683350,384,0.046875000,9216,1.125000000,384,9216,8064,128,0.984375000,128,321,128,384,,1,15232647556281634816,912b954a3d04f1dd53376138f8812bd7458eb785a069e52e8cfcf8d7241cb0ec
liblevenshtein.causal-query-cache-policy-matrix.v2,10,2,0,sieve,hot-hits,100000,512582,5.125820,0,0.000000000,0,0.000000000,0,0,100000,0,1.000000000,128,317,128,384,,,15281478681180837072,912b954a3d04f1dd53376138f8812bd7458eb785a069e52e8cfcf8d7241cb0ec
liblevenshtein.causal-query-cache-policy-matrix.v2,10,2,1,sieve,scan,1280,60324,47.128125,3840,3.000000000,92160,72.000000000,3840,92160,0,1280,0.000000000,128,319,128,384,0,,2340858717421899392,912b954a3d04f1dd53376138f8812bd7458eb785a069e52e8cfcf8d7241cb0ec
liblevenshtein.causal-query-cache-policy-matrix.v2,10,2,2,sieve,phase-shift,8192,46729,5.704224,384,0.046875000,9216,1.125000000,384,9216,8064,128,0.984375000,128,321,128,384,,1,15232647556281634816,912b954a3d04f1dd53376138f8812bd7458eb785a069e52e8cfcf8d7241cb0ec
liblevenshtein.causal-query-cache-policy-matrix.v2,10,2,3,sieve,zipf,180000,4896961,27.205339,207564,1.153133333,4981536,27.675200000,207564,4981536,110812,69188,0.615622222,128,298,128,384,,,15972506848661134764,912b954a3d04f1dd53376138f8812bd7458eb785a069e52e8cfcf8d7241cb0ec
liblevenshtein.causal-query-cache-policy-matrix.v2,10,3,0,aging-exact-lfu,scan,1280,763928,596.818750,3840,3.000000000,92160,72.000000000,3840,92160,0,1280,0.000000000,128,319,128,384,127,,2340858717421899392,912b954a3d04f1dd53376138f8812bd7458eb785a069e52e8cfcf8d7241cb0ec
liblevenshtein.causal-query-cache-policy-matrix.v2,10,3,1,aging-exact-lfu,phase-shift,8192,1933465,236.018677,9594,1.171142578,230256,28.107421875,9594,230256,4994,3198,0.609619141,128,321,128,384,,25,15232647556281634816,912b954a3d04f1dd53376138f8812bd7458eb785a069e52e8cfcf8d7241cb0ec
liblevenshtein.causal-query-cache-policy-matrix.v2,10,3,2,aging-exact-lfu,zipf,180000,35836225,199.090139,182859,1.015883333,4388616,24.381200000,182859,4388616,119047,60953,0.661372222,128,299,128,384,,,15972506848661134764,912b954a3d04f1dd53376138f8812bd7458eb785a069e52e8cfcf8d7241cb0ec
liblevenshtein.causal-query-cache-policy-matrix.v2,10,3,3,aging-exact-lfu,hot-hits,100000,613102,6.131020,0,0.000000000,0,0.000000000,0,0,100000,0,1.000000000,128,317,128,384,,,15281478681180837072,912b954a3d04f1dd53376138f8812bd7458eb785a069e52e8cfcf8d7241cb0ec
liblevenshtein.causal-query-cache-policy-matrix.v2,10,4,0,tinylfu-sieve,phase-shift,8192,426749,52.093384,2792,0.340820312,47744,5.828125000,2792,47744,6860,1332,0.837402344,128,321,128,384,,19,15232647556281634816,912b954a3d04f1dd53376138f8812bd7458eb785a069e52e8cfcf8d7241cb0ec
liblevenshtein.causal-query-cache-policy-matrix.v2,10,4,1,tinylfu-sieve,zipf,180000,10970143,60.945239,131143,0.728572222,2406096,13.367200000,131143,2375120,119551,60449,0.664172222,128,276,128,384,,,15972506848661134764,912b954a3d04f1dd53376138f8812bd7458eb785a069e52e8cfcf8d7241cb0ec
liblevenshtein.causal-query-cache-policy-matrix.v2,10,4,2,tinylfu-sieve,hot-hits,100000,3438137,34.381370,0,0.000000000,0,0.000000000,0,0,100000,0,1.000000000,128,317,128,384,,,15281478681180837072,912b954a3d04f1dd53376138f8812bd7458eb785a069e52e8cfcf8d7241cb0ec
liblevenshtein.causal-query-cache-policy-matrix.v2,10,4,3,tinylfu-sieve,scan,1280,239033,186.744531,2560,2.000000000,40960,32.000000000,2560,40960,0,1280,0.000000000,128,317,128,384,128,,2340858717421899392,912b954a3d04f1dd53376138f8812bd7458eb785a069e52e8cfcf8d7241cb0ec
liblevenshtein.causal-query-cache-policy-matrix.v2,11,0,0,lru,zipf,180000,5214413,28.968961,214311,1.190616667,5143464,28.574800000,214311,5143464,108563,71437,0.603127778,128,296,128,384,,,15972506848661134764,912b954a3d04f1dd53376138f8812bd7458eb785a069e52e8cfcf8d7241cb0ec
liblevenshtein.causal-query-cache-policy-matrix.v2,11,0,1,lru,hot-hits,100000,739782,7.397820,0,0.000000000,0,0.000000000,0,0,100000,0,1.000000000,128,317,128,384,,,15281478681180837072,912b954a3d04f1dd53376138f8812bd7458eb785a069e52e8cfcf8d7241cb0ec
liblevenshtein.causal-query-cache-policy-matrix.v2,11,0,2,lru,scan,1280,60695,47.417969,3840,3.000000000,92160,72.000000000,3840,92160,0,1280,0.000000000,128,319,128,384,0,,2340858717421899392,912b954a3d04f1dd53376138f8812bd7458eb785a069e52e8cfcf8d7241cb0ec
liblevenshtein.causal-query-cache-policy-matrix.v2,11,0,3,lru,phase-shift,8192,63861,7.795532,384,0.046875000,9216,1.125000000,384,9216,8064,128,0.984375000,128,321,128,384,,1,15232647556281634816,912b954a3d04f1dd53376138f8812bd7458eb785a069e52e8cfcf8d7241cb0ec
liblevenshtein.causal-query-cache-policy-matrix.v2,11,1,0,sieve,hot-hits,100000,514485,5.144850,0,0.000000000,0,0.000000000,0,0,100000,0,1.000000000,128,317,128,384,,,15281478681180837072,912b954a3d04f1dd53376138f8812bd7458eb785a069e52e8cfcf8d7241cb0ec
liblevenshtein.causal-query-cache-policy-matrix.v2,11,1,1,sieve,scan,1280,61196,47.809375,3840,3.000000000,92160,72.000000000,3840,92160,0,1280,0.000000000,128,319,128,384,0,,2340858717421899392,912b954a3d04f1dd53376138f8812bd7458eb785a069e52e8cfcf8d7241cb0ec
liblevenshtein.causal-query-cache-policy-matrix.v2,11,1,2,sieve,phase-shift,8192,51689,6.309692,384,0.046875000,9216,1.125000000,384,9216,8064,128,0.984375000,128,321,128,384,,1,15232647556281634816,912b954a3d04f1dd53376138f8812bd7458eb785a069e52e8cfcf8d7241cb0ec
liblevenshtein.causal-query-cache-policy-matrix.v2,11,1,3,sieve,zipf,180000,4888917,27.160650,207564,1.153133333,4981536,27.675200000,207564,4981536,110812,69188,0.615622222,128,298,128,384,,,15972506848661134764,912b954a3d04f1dd53376138f8812bd7458eb785a069e52e8cfcf8d7241cb0ec
liblevenshtein.causal-query-cache-policy-matrix.v2,11,2,0,aging-exact-lfu,scan,1280,763026,596.114063,3840,3.000000000,92160,72.000000000,3840,92160,0,1280,0.000000000,128,319,128,384,127,,2340858717421899392,912b954a3d04f1dd53376138f8812bd7458eb785a069e52e8cfcf8d7241cb0ec
liblevenshtein.causal-query-cache-policy-matrix.v2,11,2,1,aging-exact-lfu,phase-shift,8192,1939697,236.779419,9594,1.171142578,230256,28.107421875,9594,230256,4994,3198,0.609619141,128,321,128,384,,25,15232647556281634816,912b954a3d04f1dd53376138f8812bd7458eb785a069e52e8cfcf8d7241cb0ec
liblevenshtein.causal-query-cache-policy-matrix.v2,11,2,2,aging-exact-lfu,zipf,180000,35862685,199.237139,182859,1.015883333,4388616,24.381200000,182859,4388616,119047,60953,0.661372222,128,299,128,384,,,15972506848661134764,912b954a3d04f1dd53376138f8812bd7458eb785a069e52e8cfcf8d7241cb0ec
liblevenshtein.causal-query-cache-policy-matrix.v2,11,2,3,aging-exact-lfu,hot-hits,100000,620677,6.206770,0,0.000000000,0,0.000000000,0,0,100000,0,1.000000000,128,317,128,384,,,15281478681180837072,912b954a3d04f1dd53376138f8812bd7458eb785a069e52e8cfcf8d7241cb0ec
liblevenshtein.causal-query-cache-policy-matrix.v2,11,3,0,tinylfu-sieve,phase-shift,8192,433580,52.927246,2792,0.340820312,47744,5.828125000,2792,47744,6860,1332,0.837402344,128,321,128,384,,19,15232647556281634816,912b954a3d04f1dd53376138f8812bd7458eb785a069e52e8cfcf8d7241cb0ec
liblevenshtein.causal-query-cache-policy-matrix.v2,11,3,1,tinylfu-sieve,zipf,180000,11112844,61.738022,131143,0.728572222,2406096,13.367200000,131143,2375120,119551,60449,0.664172222,128,276,128,384,,,15972506848661134764,912b954a3d04f1dd53376138f8812bd7458eb785a069e52e8cfcf8d7241cb0ec
liblevenshtein.causal-query-cache-policy-matrix.v2,11,3,2,tinylfu-sieve,hot-hits,100000,3431624,34.316240,0,0.000000000,0,0.000000000,0,0,100000,0,1.000000000,128,317,128,384,,,15281478681180837072,912b954a3d04f1dd53376138f8812bd7458eb785a069e52e8cfcf8d7241cb0ec
liblevenshtein.causal-query-cache-policy-matrix.v2,11,3,3,tinylfu-sieve,scan,1280,239013,186.728906,2560,2.000000000,40960,32.000000000,2560,40960,0,1280,0.000000000,128,317,128,384,128,,2340858717421899392,912b954a3d04f1dd53376138f8812bd7458eb785a069e52e8cfcf8d7241cb0ec
liblevenshtein.causal-query-cache-policy-matrix.v2,11,4,0,fifo,zipf,180000,5298403,29.435572,243207,1.351150000,5836968,32.427600000,243207,5836968,98931,81069,0.549616667,128,302,128,384,,,15972506848661134764,912b954a3d04f1dd53376138f8812bd7458eb785a069e52e8cfcf8d7241cb0ec
liblevenshtein.causal-query-cache-policy-matrix.v2,11,4,1,fifo,hot-hits,100000,454482,4.544820,0,0.000000000,0,0.000000000,0,0,100000,0,1.000000000,128,317,128,384,,,15281478681180837072,912b954a3d04f1dd53376138f8812bd7458eb785a069e52e8cfcf8d7241cb0ec
liblevenshtein.causal-query-cache-policy-matrix.v2,11,4,2,fifo,scan,1280,62558,48.873438,3840,3.000000000,92160,72.000000000,3840,92160,0,1280,0.000000000,128,319,128,384,0,,2340858717421899392,912b954a3d04f1dd53376138f8812bd7458eb785a069e52e8cfcf8d7241cb0ec
liblevenshtein.causal-query-cache-policy-matrix.v2,11,4,3,fifo,phase-shift,8192,43323,5.288452,384,0.046875000,9216,1.125000000,384,9216,8064,128,0.984375000,128,321,128,384,,1,15232647556281634816,912b954a3d04f1dd53376138f8812bd7458eb785a069e52e8cfcf8d7241cb0ec
liblevenshtein.causal-query-cache-policy-matrix.v2,12,0,0,sieve,hot-hits,100000,516349,5.163490,0,0.000000000,0,0.000000000,0,0,100000,0,1.000000000,128,317,128,384,,,15281478681180837072,912b954a3d04f1dd53376138f8812bd7458eb785a069e52e8cfcf8d7241cb0ec
liblevenshtein.causal-query-cache-policy-matrix.v2,12,0,1,sieve,scan,1280,61196,47.809375,3840,3.000000000,92160,72.000000000,3840,92160,0,1280,0.000000000,128,319,128,384,0,,2340858717421899392,912b954a3d04f1dd53376138f8812bd7458eb785a069e52e8cfcf8d7241cb0ec
liblevenshtein.causal-query-cache-policy-matrix.v2,12,0,2,sieve,phase-shift,8192,47060,5.744629,384,0.046875000,9216,1.125000000,384,9216,8064,128,0.984375000,128,321,128,384,,1,15232647556281634816,912b954a3d04f1dd53376138f8812bd7458eb785a069e52e8cfcf8d7241cb0ec
liblevenshtein.causal-query-cache-policy-matrix.v2,12,0,3,sieve,zipf,180000,4860863,27.004794,207564,1.153133333,4981536,27.675200000,207564,4981536,110812,69188,0.615622222,128,298,128,384,,,15972506848661134764,912b954a3d04f1dd53376138f8812bd7458eb785a069e52e8cfcf8d7241cb0ec
liblevenshtein.causal-query-cache-policy-matrix.v2,12,1,0,aging-exact-lfu,scan,1280,764830,597.523438,3840,3.000000000,92160,72.000000000,3840,92160,0,1280,0.000000000,128,319,128,384,127,,2340858717421899392,912b954a3d04f1dd53376138f8812bd7458eb785a069e52e8cfcf8d7241cb0ec
liblevenshtein.causal-query-cache-policy-matrix.v2,12,1,1,aging-exact-lfu,phase-shift,8192,1934877,236.191040,9594,1.171142578,230256,28.107421875,9594,230256,4994,3198,0.609619141,128,321,128,384,,25,15232647556281634816,912b954a3d04f1dd53376138f8812bd7458eb785a069e52e8cfcf8d7241cb0ec
liblevenshtein.causal-query-cache-policy-matrix.v2,12,1,2,aging-exact-lfu,zipf,180000,35837878,199.099322,182859,1.015883333,4388616,24.381200000,182859,4388616,119047,60953,0.661372222,128,299,128,384,,,15972506848661134764,912b954a3d04f1dd53376138f8812bd7458eb785a069e52e8cfcf8d7241cb0ec
liblevenshtein.causal-query-cache-policy-matrix.v2,12,1,3,aging-exact-lfu,hot-hits,100000,624554,6.245540,0,0.000000000,0,0.000000000,0,0,100000,0,1.000000000,128,317,128,384,,,15281478681180837072,912b954a3d04f1dd53376138f8812bd7458eb785a069e52e8cfcf8d7241cb0ec
liblevenshtein.causal-query-cache-policy-matrix.v2,12,2,0,tinylfu-sieve,phase-shift,8192,430210,52.515869,2792,0.340820312,47744,5.828125000,2792,47744,6860,1332,0.837402344,128,321,128,384,,19,15232647556281634816,912b954a3d04f1dd53376138f8812bd7458eb785a069e52e8cfcf8d7241cb0ec
liblevenshtein.causal-query-cache-policy-matrix.v2,12,2,1,tinylfu-sieve,zipf,180000,10996242,61.090233,131143,0.728572222,2406096,13.367200000,131143,2375120,119551,60449,0.664172222,128,276,128,384,,,15972506848661134764,912b954a3d04f1dd53376138f8812bd7458eb785a069e52e8cfcf8d7241cb0ec
liblevenshtein.causal-query-cache-policy-matrix.v2,12,2,2,tinylfu-sieve,hot-hits,100000,3467542,34.675420,0,0.000000000,0,0.000000000,0,0,100000,0,1.000000000,128,317,128,384,,,15281478681180837072,912b954a3d04f1dd53376138f8812bd7458eb785a069e52e8cfcf8d7241cb0ec
liblevenshtein.causal-query-cache-policy-matrix.v2,12,2,3,tinylfu-sieve,scan,1280,238892,186.634375,2560,2.000000000,40960,32.000000000,2560,40960,0,1280,0.000000000,128,317,128,384,128,,2340858717421899392,912b954a3d04f1dd53376138f8812bd7458eb785a069e52e8cfcf8d7241cb0ec
liblevenshtein.causal-query-cache-policy-matrix.v2,12,3,0,fifo,zipf,180000,5260631,29.225728,243207,1.351150000,5836968,32.427600000,243207,5836968,98931,81069,0.549616667,128,302,128,384,,,15972506848661134764,912b954a3d04f1dd53376138f8812bd7458eb785a069e52e8cfcf8d7241cb0ec
liblevenshtein.causal-query-cache-policy-matrix.v2,12,3,1,fifo,hot-hits,100000,461475,4.614750,0,0.000000000,0,0.000000000,0,0,100000,0,1.000000000,128,317,128,384,,,15281478681180837072,912b954a3d04f1dd53376138f8812bd7458eb785a069e52e8cfcf8d7241cb0ec
liblevenshtein.causal-query-cache-policy-matrix.v2,12,3,2,fifo,scan,1280,61927,48.380469,3840,3.000000000,92160,72.000000000,3840,92160,0,1280,0.000000000,128,319,128,384,0,,2340858717421899392,912b954a3d04f1dd53376138f8812bd7458eb785a069e52e8cfcf8d7241cb0ec
liblevenshtein.causal-query-cache-policy-matrix.v2,12,3,3,fifo,phase-shift,8192,43261,5.280884,384,0.046875000,9216,1.125000000,384,9216,8064,128,0.984375000,128,321,128,384,,1,15232647556281634816,912b954a3d04f1dd53376138f8812bd7458eb785a069e52e8cfcf8d7241cb0ec
liblevenshtein.causal-query-cache-policy-matrix.v2,12,4,0,lru,hot-hits,100000,723612,7.236120,0,0.000000000,0,0.000000000,0,0,100000,0,1.000000000,128,317,128,384,,,15281478681180837072,912b954a3d04f1dd53376138f8812bd7458eb785a069e52e8cfcf8d7241cb0ec
liblevenshtein.causal-query-cache-policy-matrix.v2,12,4,1,lru,scan,1280,62819,49.077344,3840,3.000000000,92160,72.000000000,3840,92160,0,1280,0.000000000,128,319,128,384,0,,2340858717421899392,912b954a3d04f1dd53376138f8812bd7458eb785a069e52e8cfcf8d7241cb0ec
liblevenshtein.causal-query-cache-policy-matrix.v2,12,4,2,lru,phase-shift,8192,63371,7.735718,384,0.046875000,9216,1.125000000,384,9216,8064,128,0.984375000,128,321,128,384,,1,15232647556281634816,912b954a3d04f1dd53376138f8812bd7458eb785a069e52e8cfcf8d7241cb0ec
liblevenshtein.causal-query-cache-policy-matrix.v2,12,4,3,lru,zipf,180000,5281621,29.342339,214311,1.190616667,5143464,28.574800000,214311,5143464,108563,71437,0.603127778,128,296,128,384,,,15972506848661134764,912b954a3d04f1dd53376138f8812bd7458eb785a069e52e8cfcf8d7241cb0ec
liblevenshtein.causal-query-cache-policy-matrix.v2,13,0,0,aging-exact-lfu,scan,1280,773476,604.278125,3840,3.000000000,92160,72.000000000,3840,92160,0,1280,0.000000000,128,319,128,384,127,,2340858717421899392,912b954a3d04f1dd53376138f8812bd7458eb785a069e52e8cfcf8d7241cb0ec
liblevenshtein.causal-query-cache-policy-matrix.v2,13,0,1,aging-exact-lfu,phase-shift,8192,1958421,239.065063,9594,1.171142578,230256,28.107421875,9594,230256,4994,3198,0.609619141,128,321,128,384,,25,15232647556281634816,912b954a3d04f1dd53376138f8812bd7458eb785a069e52e8cfcf8d7241cb0ec
liblevenshtein.causal-query-cache-policy-matrix.v2,13,0,2,aging-exact-lfu,zipf,180000,35874467,199.302594,182859,1.015883333,4388616,24.381200000,182859,4388616,119047,60953,0.661372222,128,299,128,384,,,15972506848661134764,912b954a3d04f1dd53376138f8812bd7458eb785a069e52e8cfcf8d7241cb0ec
liblevenshtein.causal-query-cache-policy-matrix.v2,13,0,3,aging-exact-lfu,hot-hits,100000,668578,6.685780,0,0.000000000,0,0.000000000,0,0,100000,0,1.000000000,128,317,128,384,,,15281478681180837072,912b954a3d04f1dd53376138f8812bd7458eb785a069e52e8cfcf8d7241cb0ec
liblevenshtein.causal-query-cache-policy-matrix.v2,13,1,0,tinylfu-sieve,phase-shift,8192,431597,52.685181,2792,0.340820312,47744,5.828125000,2792,47744,6860,1332,0.837402344,128,321,128,384,,19,15232647556281634816,912b954a3d04f1dd53376138f8812bd7458eb785a069e52e8cfcf8d7241cb0ec
liblevenshtein.causal-query-cache-policy-matrix.v2,13,1,1,tinylfu-sieve,zipf,180000,10958651,60.881394,131143,0.728572222,2406096,13.367200000,131143,2375120,119551,60449,0.664172222,128,276,128,384,,,15972506848661134764,912b954a3d04f1dd53376138f8812bd7458eb785a069e52e8cfcf8d7241cb0ec
liblevenshtein.causal-query-cache-policy-matrix.v2,13,1,2,tinylfu-sieve,hot-hits,100000,3456251,34.562510,0,0.000000000,0,0.000000000,0,0,100000,0,1.000000000,128,317,128,384,,,15281478681180837072,912b954a3d04f1dd53376138f8812bd7458eb785a069e52e8cfcf8d7241cb0ec
liblevenshtein.causal-query-cache-policy-matrix.v2,13,1,3,tinylfu-sieve,scan,1280,240556,187.934375,2560,2.000000000,40960,32.000000000,2560,40960,0,1280,0.000000000,128,317,128,384,128,,2340858717421899392,912b954a3d04f1dd53376138f8812bd7458eb785a069e52e8cfcf8d7241cb0ec
liblevenshtein.causal-query-cache-policy-matrix.v2,13,2,0,fifo,zipf,180000,5283315,29.351750,243207,1.351150000,5836968,32.427600000,243207,5836968,98931,81069,0.549616667,128,302,128,384,,,15972506848661134764,912b954a3d04f1dd53376138f8812bd7458eb785a069e52e8cfcf8d7241cb0ec
liblevenshtein.causal-query-cache-policy-matrix.v2,13,2,1,fifo,hot-hits,100000,491121,4.911210,0,0.000000000,0,0.000000000,0,0,100000,0,1.000000000,128,317,128,384,,,15281478681180837072,912b954a3d04f1dd53376138f8812bd7458eb785a069e52e8cfcf8d7241cb0ec
liblevenshtein.causal-query-cache-policy-matrix.v2,13,2,2,fifo,scan,1280,61747,48.239844,3840,3.000000000,92160,72.000000000,3840,92160,0,1280,0.000000000,128,319,128,384,0,,2340858717421899392,912b954a3d04f1dd53376138f8812bd7458eb785a069e52e8cfcf8d7241cb0ec
liblevenshtein.causal-query-cache-policy-matrix.v2,13,2,3,fifo,phase-shift,8192,44185,5.393677,384,0.046875000,9216,1.125000000,384,9216,8064,128,0.984375000,128,321,128,384,,1,15232647556281634816,912b954a3d04f1dd53376138f8812bd7458eb785a069e52e8cfcf8d7241cb0ec
liblevenshtein.causal-query-cache-policy-matrix.v2,13,3,0,lru,hot-hits,100000,767504,7.675040,0,0.000000000,0,0.000000000,0,0,100000,0,1.000000000,128,317,128,384,,,15281478681180837072,912b954a3d04f1dd53376138f8812bd7458eb785a069e52e8cfcf8d7241cb0ec
liblevenshtein.causal-query-cache-policy-matrix.v2,13,3,1,lru,scan,1280,61907,48.364844,3840,3.000000000,92160,72.000000000,3840,92160,0,1280,0.000000000,128,319,128,384,0,,2340858717421899392,912b954a3d04f1dd53376138f8812bd7458eb785a069e52e8cfcf8d7241cb0ec
liblevenshtein.causal-query-cache-policy-matrix.v2,13,3,2,lru,phase-shift,8192,64500,7.873535,384,0.046875000,9216,1.125000000,384,9216,8064,128,0.984375000,128,321,128,384,,1,15232647556281634816,912b954a3d04f1dd53376138f8812bd7458eb785a069e52e8cfcf8d7241cb0ec
liblevenshtein.causal-query-cache-policy-matrix.v2,13,3,3,lru,zipf,180000,5286731,29.370728,214311,1.190616667,5143464,28.574800000,214311,5143464,108563,71437,0.603127778,128,296,128,384,,,15972506848661134764,912b954a3d04f1dd53376138f8812bd7458eb785a069e52e8cfcf8d7241cb0ec
liblevenshtein.causal-query-cache-policy-matrix.v2,13,4,0,sieve,scan,1280,61697,48.200781,3840,3.000000000,92160,72.000000000,3840,92160,0,1280,0.000000000,128,319,128,384,0,,2340858717421899392,912b954a3d04f1dd53376138f8812bd7458eb785a069e52e8cfcf8d7241cb0ec
liblevenshtein.causal-query-cache-policy-matrix.v2,13,4,1,sieve,phase-shift,8192,48199,5.883667,384,0.046875000,9216,1.125000000,384,9216,8064,128,0.984375000,128,321,128,384,,1,15232647556281634816,912b954a3d04f1dd53376138f8812bd7458eb785a069e52e8cfcf8d7241cb0ec
liblevenshtein.causal-query-cache-policy-matrix.v2,13,4,2,sieve,zipf,180000,4943611,27.464506,207564,1.153133333,4981536,27.675200000,207564,4981536,110812,69188,0.615622222,128,298,128,384,,,15972506848661134764,912b954a3d04f1dd53376138f8812bd7458eb785a069e52e8cfcf8d7241cb0ec
liblevenshtein.causal-query-cache-policy-matrix.v2,13,4,3,sieve,hot-hits,100000,545995,5.459950,0,0.000000000,0,0.000000000,0,0,100000,0,1.000000000,128,317,128,384,,,15281478681180837072,912b954a3d04f1dd53376138f8812bd7458eb785a069e52e8cfcf8d7241cb0ec
liblevenshtein.causal-query-cache-policy-matrix.v2,14,0,0,tinylfu-sieve,phase-shift,8192,428902,52.356201,2792,0.340820312,47744,5.828125000,2792,47744,6860,1332,0.837402344,128,321,128,384,,19,15232647556281634816,912b954a3d04f1dd53376138f8812bd7458eb785a069e52e8cfcf8d7241cb0ec
liblevenshtein.causal-query-cache-policy-matrix.v2,14,0,1,tinylfu-sieve,zipf,180000,11025519,61.252883,131143,0.728572222,2406096,13.367200000,131143,2375120,119551,60449,0.664172222,128,276,128,384,,,15972506848661134764,912b954a3d04f1dd53376138f8812bd7458eb785a069e52e8cfcf8d7241cb0ec
liblevenshtein.causal-query-cache-policy-matrix.v2,14,0,2,tinylfu-sieve,hot-hits,100000,3552904,35.529040,0,0.000000000,0,0.000000000,0,0,100000,0,1.000000000,128,317,128,384,,,15281478681180837072,912b954a3d04f1dd53376138f8812bd7458eb785a069e52e8cfcf8d7241cb0ec
liblevenshtein.causal-query-cache-policy-matrix.v2,14,0,3,tinylfu-sieve,scan,1280,239284,186.940625,2560,2.000000000,40960,32.000000000,2560,40960,0,1280,0.000000000,128,317,128,384,128,,2340858717421899392,912b954a3d04f1dd53376138f8812bd7458eb785a069e52e8cfcf8d7241cb0ec
liblevenshtein.causal-query-cache-policy-matrix.v2,14,1,0,fifo,zipf,180000,5350341,29.724117,243207,1.351150000,5836968,32.427600000,243207,5836968,98931,81069,0.549616667,128,302,128,384,,,15972506848661134764,912b954a3d04f1dd53376138f8812bd7458eb785a069e52e8cfcf8d7241cb0ec
liblevenshtein.causal-query-cache-policy-matrix.v2,14,1,1,fifo,hot-hits,100000,505358,5.053580,0,0.000000000,0,0.000000000,0,0,100000,0,1.000000000,128,317,128,384,,,15281478681180837072,912b954a3d04f1dd53376138f8812bd7458eb785a069e52e8cfcf8d7241cb0ec
liblevenshtein.causal-query-cache-policy-matrix.v2,14,1,2,fifo,scan,1280,72978,57.014063,3840,3.000000000,92160,72.000000000,3840,92160,0,1280,0.000000000,128,319,128,384,0,,2340858717421899392,912b954a3d04f1dd53376138f8812bd7458eb785a069e52e8cfcf8d7241cb0ec
liblevenshtein.causal-query-cache-policy-matrix.v2,14,1,3,fifo,phase-shift,8192,46205,5.640259,384,0.046875000,9216,1.125000000,384,9216,8064,128,0.984375000,128,321,128,384,,1,15232647556281634816,912b954a3d04f1dd53376138f8812bd7458eb785a069e52e8cfcf8d7241cb0ec
liblevenshtein.causal-query-cache-policy-matrix.v2,14,2,0,lru,hot-hits,100000,760311,7.603110,0,0.000000000,0,0.000000000,0,0,100000,0,1.000000000,128,317,128,384,,,15281478681180837072,912b954a3d04f1dd53376138f8812bd7458eb785a069e52e8cfcf8d7241cb0ec
liblevenshtein.causal-query-cache-policy-matrix.v2,14,2,1,lru,scan,1280,71005,55.472656,3840,3.000000000,92160,72.000000000,3840,92160,0,1280,0.000000000,128,319,128,384,0,,2340858717421899392,912b954a3d04f1dd53376138f8812bd7458eb785a069e52e8cfcf8d7241cb0ec
liblevenshtein.causal-query-cache-policy-matrix.v2,14,2,2,lru,phase-shift,8192,74941,9.148071,384,0.046875000,9216,1.125000000,384,9216,8064,128,0.984375000,128,321,128,384,,1,15232647556281634816,912b954a3d04f1dd53376138f8812bd7458eb785a069e52e8cfcf8d7241cb0ec
liblevenshtein.causal-query-cache-policy-matrix.v2,14,2,3,lru,zipf,180000,5715874,31.754856,214311,1.190616667,5143464,28.574800000,214311,5143464,108563,71437,0.603127778,128,296,128,384,,,15972506848661134764,912b954a3d04f1dd53376138f8812bd7458eb785a069e52e8cfcf8d7241cb0ec
liblevenshtein.causal-query-cache-policy-matrix.v2,14,3,0,sieve,scan,1280,70894,55.385937,3840,3.000000000,92160,72.000000000,3840,92160,0,1280,0.000000000,128,319,128,384,0,,2340858717421899392,912b954a3d04f1dd53376138f8812bd7458eb785a069e52e8cfcf8d7241cb0ec
liblevenshtein.causal-query-cache-policy-matrix.v2,14,3,1,sieve,phase-shift,8192,54987,6.712280,384,0.046875000,9216,1.125000000,384,9216,8064,128,0.984375000,128,321,128,384,,1,15232647556281634816,912b954a3d04f1dd53376138f8812bd7458eb785a069e52e8cfcf8d7241cb0ec
liblevenshtein.causal-query-cache-policy-matrix.v2,14,3,2,sieve,zipf,180000,5343889,29.688272,207564,1.153133333,4981536,27.675200000,207564,4981536,110812,69188,0.615622222,128,298,128,384,,,15972506848661134764,912b954a3d04f1dd53376138f8812bd7458eb785a069e52e8cfcf8d7241cb0ec
liblevenshtein.causal-query-cache-policy-matrix.v2,14,3,3,sieve,hot-hits,100000,638451,6.384510,0,0.000000000,0,0.000000000,0,0,100000,0,1.000000000,128,317,128,384,,,15281478681180837072,912b954a3d04f1dd53376138f8812bd7458eb785a069e52e8cfcf8d7241cb0ec
liblevenshtein.causal-query-cache-policy-matrix.v2,14,4,0,aging-exact-lfu,phase-shift,8192,1947870,237.777100,9594,1.171142578,230256,28.107421875,9594,230256,4994,3198,0.609619141,128,321,128,384,,25,15232647556281634816,912b954a3d04f1dd53376138f8812bd7458eb785a069e52e8cfcf8d7241cb0ec
liblevenshtein.causal-query-cache-policy-matrix.v2,14,4,1,aging-exact-lfu,zipf,180000,36419550,202.330833,182859,1.015883333,4388616,24.381200000,182859,4388616,119047,60953,0.661372222,128,299,128,384,,,15972506848661134764,912b954a3d04f1dd53376138f8812bd7458eb785a069e52e8cfcf8d7241cb0ec
liblevenshtein.causal-query-cache-policy-matrix.v2,14,4,2,aging-exact-lfu,hot-hits,100000,679087,6.790870,0,0.000000000,0,0.000000000,0,0,100000,0,1.000000000,128,317,128,384,,,15281478681180837072,912b954a3d04f1dd53376138f8812bd7458eb785a069e52e8cfcf8d7241cb0ec
liblevenshtein.causal-query-cache-policy-matrix.v2,14,4,3,aging-exact-lfu,scan,1280,765000,597.656250,3840,3.000000000,92160,72.000000000,3840,92160,0,1280,0.000000000,128,319,128,384,127,,2340858717421899392,912b954a3d04f1dd53376138f8812bd7458eb785a069e52e8cfcf8d7241cb0ec
liblevenshtein.causal-query-cache-policy-matrix.v2,15,0,0,fifo,zipf,180000,5790185,32.167694,243207,1.351150000,5836968,32.427600000,243207,5836968,98931,81069,0.549616667,128,302,128,384,,,15972506848661134764,912b954a3d04f1dd53376138f8812bd7458eb785a069e52e8cfcf8d7241cb0ec
liblevenshtein.causal-query-cache-policy-matrix.v2,15,0,1,fifo,hot-hits,100000,447188,4.471880,0,0.000000000,0,0.000000000,0,0,100000,0,1.000000000,128,317,128,384,,,15281478681180837072,912b954a3d04f1dd53376138f8812bd7458eb785a069e52e8cfcf8d7241cb0ec
liblevenshtein.causal-query-cache-policy-matrix.v2,15,0,2,fifo,scan,1280,60995,47.652344,3840,3.000000000,92160,72.000000000,3840,92160,0,1280,0.000000000,128,319,128,384,0,,2340858717421899392,912b954a3d04f1dd53376138f8812bd7458eb785a069e52e8cfcf8d7241cb0ec
liblevenshtein.causal-query-cache-policy-matrix.v2,15,0,3,fifo,phase-shift,8192,43284,5.283691,384,0.046875000,9216,1.125000000,384,9216,8064,128,0.984375000,128,321,128,384,,1,15232647556281634816,912b954a3d04f1dd53376138f8812bd7458eb785a069e52e8cfcf8d7241cb0ec
liblevenshtein.causal-query-cache-policy-matrix.v2,15,1,0,lru,hot-hits,100000,740964,7.409640,0,0.000000000,0,0.000000000,0,0,100000,0,1.000000000,128,317,128,384,,,15281478681180837072,912b954a3d04f1dd53376138f8812bd7458eb785a069e52e8cfcf8d7241cb0ec
liblevenshtein.causal-query-cache-policy-matrix.v2,15,1,1,lru,scan,1280,63240,49.406250,3840,3.000000000,92160,72.000000000,3840,92160,0,1280,0.000000000,128,319,128,384,0,,2340858717421899392,912b954a3d04f1dd53376138f8812bd7458eb785a069e52e8cfcf8d7241cb0ec
liblevenshtein.causal-query-cache-policy-matrix.v2,15,1,2,lru,phase-shift,8192,65766,8.028076,384,0.046875000,9216,1.125000000,384,9216,8064,128,0.984375000,128,321,128,384,,1,15232647556281634816,912b954a3d04f1dd53376138f8812bd7458eb785a069e52e8cfcf8d7241cb0ec
liblevenshtein.causal-query-cache-policy-matrix.v2,15,1,3,lru,zipf,180000,6175716,34.309533,214311,1.190616667,5143464,28.574800000,214311,5143464,108563,71437,0.603127778,128,296,128,384,,,15972506848661134764,912b954a3d04f1dd53376138f8812bd7458eb785a069e52e8cfcf8d7241cb0ec
liblevenshtein.causal-query-cache-policy-matrix.v2,15,2,0,sieve,scan,1280,60705,47.425781,3840,3.000000000,92160,72.000000000,3840,92160,0,1280,0.000000000,128,319,128,384,0,,2340858717421899392,912b954a3d04f1dd53376138f8812bd7458eb785a069e52e8cfcf8d7241cb0ec
liblevenshtein.causal-query-cache-policy-matrix.v2,15,2,1,sieve,phase-shift,8192,47058,5.744385,384,0.046875000,9216,1.125000000,384,9216,8064,128,0.984375000,128,321,128,384,,1,15232647556281634816,912b954a3d04f1dd53376138f8812bd7458eb785a069e52e8cfcf8d7241cb0ec
liblevenshtein.causal-query-cache-policy-matrix.v2,15,2,2,sieve,zipf,180000,4887103,27.150572,207564,1.153133333,4981536,27.675200000,207564,4981536,110812,69188,0.615622222,128,298,128,384,,,15972506848661134764,912b954a3d04f1dd53376138f8812bd7458eb785a069e52e8cfcf8d7241cb0ec
liblevenshtein.causal-query-cache-policy-matrix.v2,15,2,3,sieve,hot-hits,100000,508073,5.080730,0,0.000000000,0,0.000000000,0,0,100000,0,1.000000000,128,317,128,384,,,15281478681180837072,912b954a3d04f1dd53376138f8812bd7458eb785a069e52e8cfcf8d7241cb0ec
liblevenshtein.causal-query-cache-policy-matrix.v2,15,3,0,aging-exact-lfu,phase-shift,8192,1953441,238.457153,9594,1.171142578,230256,28.107421875,9594,230256,4994,3198,0.609619141,128,321,128,384,,25,15232647556281634816,912b954a3d04f1dd53376138f8812bd7458eb785a069e52e8cfcf8d7241cb0ec
liblevenshtein.causal-query-cache-policy-matrix.v2,15,3,1,aging-exact-lfu,zipf,180000,37546146,208.589700,182859,1.015883333,4388616,24.381200000,182859,4388616,119047,60953,0.661372222,128,299,128,384,,,15972506848661134764,912b954a3d04f1dd53376138f8812bd7458eb785a069e52e8cfcf8d7241cb0ec
liblevenshtein.causal-query-cache-policy-matrix.v2,15,3,2,aging-exact-lfu,hot-hits,100000,626267,6.262670,0,0.000000000,0,0.000000000,0,0,100000,0,1.000000000,128,317,128,384,,,15281478681180837072,912b954a3d04f1dd53376138f8812bd7458eb785a069e52e8cfcf8d7241cb0ec
liblevenshtein.causal-query-cache-policy-matrix.v2,15,3,3,aging-exact-lfu,scan,1280,925985,723.425781,3840,3.000000000,92160,72.000000000,3840,92160,0,1280,0.000000000,128,319,128,384,127,,2340858717421899392,912b954a3d04f1dd53376138f8812bd7458eb785a069e52e8cfcf8d7241cb0ec
liblevenshtein.causal-query-cache-policy-matrix.v2,15,4,0,tinylfu-sieve,zipf,180000,11597403,64.430017,131143,0.728572222,2406096,13.367200000,131143,2375120,119551,60449,0.664172222,128,276,128,384,,,15972506848661134764,912b954a3d04f1dd53376138f8812bd7458eb785a069e52e8cfcf8d7241cb0ec
liblevenshtein.causal-query-cache-policy-matrix.v2,15,4,1,tinylfu-sieve,hot-hits,100000,3733747,37.337470,0,0.000000000,0,0.000000000,0,0,100000,0,1.000000000,128,317,128,384,,,15281478681180837072,912b954a3d04f1dd53376138f8812bd7458eb785a069e52e8cfcf8d7241cb0ec
liblevenshtein.causal-query-cache-policy-matrix.v2,15,4,2,tinylfu-sieve,scan,1280,238612,186.415625,2560,2.000000000,40960,32.000000000,2560,40960,0,1280,0.000000000,128,317,128,384,128,,2340858717421899392,912b954a3d04f1dd53376138f8812bd7458eb785a069e52e8cfcf8d7241cb0ec
liblevenshtein.causal-query-cache-policy-matrix.v2,15,4,3,tinylfu-sieve,phase-shift,8192,434857,53.083130,2792,0.340820312,47744,5.828125000,2792,47744,6860,1332,0.837402344,128,321,128,384,,19,15232647556281634816,912b954a3d04f1dd53376138f8812bd7458eb785a069e52e8cfcf8d7241cb0ec
liblevenshtein.causal-query-cache-policy-matrix.v2,16,0,0,lru,hot-hits,100000,728342,7.283420,0,0.000000000,0,0.000000000,0,0,100000,0,1.000000000,128,317,128,384,,,15281478681180837072,912b954a3d04f1dd53376138f8812bd7458eb785a069e52e8cfcf8d7241cb0ec
liblevenshtein.causal-query-cache-policy-matrix.v2,16,0,1,lru,scan,1280,64553,50.432031,3840,3.000000000,92160,72.000000000,3840,92160,0,1280,0.000000000,128,319,128,384,0,,2340858717421899392,912b954a3d04f1dd53376138f8812bd7458eb785a069e52e8cfcf8d7241cb0ec
liblevenshtein.causal-query-cache-policy-matrix.v2,16,0,2,lru,phase-shift,8192,62749,7.659790,384,0.046875000,9216,1.125000000,384,9216,8064,128,0.984375000,128,321,128,384,,1,15232647556281634816,912b954a3d04f1dd53376138f8812bd7458eb785a069e52e8cfcf8d7241cb0ec
liblevenshtein.causal-query-cache-policy-matrix.v2,16,0,3,lru,zipf,180000,5274296,29.301644,214311,1.190616667,5143464,28.574800000,214311,5143464,108563,71437,0.603127778,128,296,128,384,,,15972506848661134764,912b954a3d04f1dd53376138f8812bd7458eb785a069e52e8cfcf8d7241cb0ec
liblevenshtein.causal-query-cache-policy-matrix.v2,16,1,0,sieve,scan,1280,64222,50.173437,3840,3.000000000,92160,72.000000000,3840,92160,0,1280,0.000000000,128,319,128,384,0,,2340858717421899392,912b954a3d04f1dd53376138f8812bd7458eb785a069e52e8cfcf8d7241cb0ec
liblevenshtein.causal-query-cache-policy-matrix.v2,16,1,1,sieve,phase-shift,8192,47479,5.795776,384,0.046875000,9216,1.125000000,384,9216,8064,128,0.984375000,128,321,128,384,,1,15232647556281634816,912b954a3d04f1dd53376138f8812bd7458eb785a069e52e8cfcf8d7241cb0ec
liblevenshtein.causal-query-cache-policy-matrix.v2,16,1,2,sieve,zipf,180000,4931876,27.399311,207564,1.153133333,4981536,27.675200000,207564,4981536,110812,69188,0.615622222,128,298,128,384,,,15972506848661134764,912b954a3d04f1dd53376138f8812bd7458eb785a069e52e8cfcf8d7241cb0ec
liblevenshtein.causal-query-cache-policy-matrix.v2,16,1,3,sieve,hot-hits,100000,511931,5.119310,0,0.000000000,0,0.000000000,0,0,100000,0,1.000000000,128,317,128,384,,,15281478681180837072,912b954a3d04f1dd53376138f8812bd7458eb785a069e52e8cfcf8d7241cb0ec
liblevenshtein.causal-query-cache-policy-matrix.v2,16,2,0,aging-exact-lfu,phase-shift,8192,1931715,235.805054,9594,1.171142578,230256,28.107421875,9594,230256,4994,3198,0.609619141,128,321,128,384,,25,15232647556281634816,912b954a3d04f1dd53376138f8812bd7458eb785a069e52e8cfcf8d7241cb0ec
liblevenshtein.causal-query-cache-policy-matrix.v2,16,2,1,aging-exact-lfu,zipf,180000,35883107,199.350594,182859,1.015883333,4388616,24.381200000,182859,4388616,119047,60953,0.661372222,128,299,128,384,,,15972506848661134764,912b954a3d04f1dd53376138f8812bd7458eb785a069e52e8cfcf8d7241cb0ec
liblevenshtein.causal-query-cache-policy-matrix.v2,16,2,2,aging-exact-lfu,hot-hits,100000,632970,6.329700,0,0.000000000,0,0.000000000,0,0,100000,0,1.000000000,128,317,128,384,,,15281478681180837072,912b954a3d04f1dd53376138f8812bd7458eb785a069e52e8cfcf8d7241cb0ec
liblevenshtein.causal-query-cache-policy-matrix.v2,16,2,3,aging-exact-lfu,scan,1280,762537,595.732031,3840,3.000000000,92160,72.000000000,3840,92160,0,1280,0.000000000,128,319,128,384,127,,2340858717421899392,912b954a3d04f1dd53376138f8812bd7458eb785a069e52e8cfcf8d7241cb0ec
liblevenshtein.causal-query-cache-policy-matrix.v2,16,3,0,tinylfu-sieve,zipf,180000,11119004,61.772244,131143,0.728572222,2406096,13.367200000,131143,2375120,119551,60449,0.664172222,128,276,128,384,,,15972506848661134764,912b954a3d04f1dd53376138f8812bd7458eb785a069e52e8cfcf8d7241cb0ec
liblevenshtein.causal-query-cache-policy-matrix.v2,16,3,1,tinylfu-sieve,hot-hits,100000,3429646,34.296460,0,0.000000000,0,0.000000000,0,0,100000,0,1.000000000,128,317,128,384,,,15281478681180837072,912b954a3d04f1dd53376138f8812bd7458eb785a069e52e8cfcf8d7241cb0ec
liblevenshtein.causal-query-cache-policy-matrix.v2,16,3,2,tinylfu-sieve,scan,1280,245907,192.114844,2560,2.000000000,40960,32.000000000,2560,40960,0,1280,0.000000000,128,317,128,384,128,,2340858717421899392,912b954a3d04f1dd53376138f8812bd7458eb785a069e52e8cfcf8d7241cb0ec
liblevenshtein.causal-query-cache-policy-matrix.v2,16,3,3,tinylfu-sieve,phase-shift,8192,432000,52.734375,2792,0.340820312,47744,5.828125000,2792,47744,6860,1332,0.837402344,128,321,128,384,,19,15232647556281634816,912b954a3d04f1dd53376138f8812bd7458eb785a069e52e8cfcf8d7241cb0ec
liblevenshtein.causal-query-cache-policy-matrix.v2,16,4,0,fifo,hot-hits,100000,553971,5.539710,0,0.000000000,0,0.000000000,0,0,100000,0,1.000000000,128,317,128,384,,,15281478681180837072,912b954a3d04f1dd53376138f8812bd7458eb785a069e52e8cfcf8d7241cb0ec
liblevenshtein.causal-query-cache-policy-matrix.v2,16,4,1,fifo,scan,1280,73459,57.389844,3840,3.000000000,92160,72.000000000,3840,92160,0,1280,0.000000000,128,319,128,384,0,,2340858717421899392,912b954a3d04f1dd53376138f8812bd7458eb785a069e52e8cfcf8d7241cb0ec
liblevenshtein.causal-query-cache-policy-matrix.v2,16,4,2,fifo,phase-shift,8192,50357,6.147095,384,0.046875000,9216,1.125000000,384,9216,8064,128,0.984375000,128,321,128,384,,1,15232647556281634816,912b954a3d04f1dd53376138f8812bd7458eb785a069e52e8cfcf8d7241cb0ec
liblevenshtein.causal-query-cache-policy-matrix.v2,16,4,3,fifo,zipf,180000,5968764,33.159800,243207,1.351150000,5836968,32.427600000,243207,5836968,98931,81069,0.549616667,128,302,128,384,,,15972506848661134764,912b954a3d04f1dd53376138f8812bd7458eb785a069e52e8cfcf8d7241cb0ec
liblevenshtein.causal-query-cache-policy-matrix.v2,17,0,0,sieve,scan,1280,62479,48.811719,3840,3.000000000,92160,72.000000000,3840,92160,0,1280,0.000000000,128,319,128,384,0,,2340858717421899392,912b954a3d04f1dd53376138f8812bd7458eb785a069e52e8cfcf8d7241cb0ec
liblevenshtein.causal-query-cache-policy-matrix.v2,17,0,1,sieve,phase-shift,8192,46679,5.698120,384,0.046875000,9216,1.125000000,384,9216,8064,128,0.984375000,128,321,128,384,,1,15232647556281634816,912b954a3d04f1dd53376138f8812bd7458eb785a069e52e8cfcf8d7241cb0ec
liblevenshtein.causal-query-cache-policy-matrix.v2,17,0,2,sieve,zipf,180000,4852876,26.960422,207564,1.153133333,4981536,27.675200000,207564,4981536,110812,69188,0.615622222,128,298,128,384,,,15972506848661134764,912b954a3d04f1dd53376138f8812bd7458eb785a069e52e8cfcf8d7241cb0ec
liblevenshtein.causal-query-cache-policy-matrix.v2,17,0,3,sieve,hot-hits,100000,513414,5.134140,0,0.000000000,0,0.000000000,0,0,100000,0,1.000000000,128,317,128,384,,,15281478681180837072,912b954a3d04f1dd53376138f8812bd7458eb785a069e52e8cfcf8d7241cb0ec
liblevenshtein.causal-query-cache-policy-matrix.v2,17,1,0,aging-exact-lfu,phase-shift,8192,1936156,236.347168,9594,1.171142578,230256,28.107421875,9594,230256,4994,3198,0.609619141,128,321,128,384,,25,15232647556281634816,912b954a3d04f1dd53376138f8812bd7458eb785a069e52e8cfcf8d7241cb0ec
liblevenshtein.causal-query-cache-policy-matrix.v2,17,1,1,aging-exact-lfu,zipf,180000,35851206,199.173367,182859,1.015883333,4388616,24.381200000,182859,4388616,119047,60953,0.661372222,128,299,128,384,,,15972506848661134764,912b954a3d04f1dd53376138f8812bd7458eb785a069e52e8cfcf8d7241cb0ec
liblevenshtein.causal-query-cache-policy-matrix.v2,17,1,2,aging-exact-lfu,hot-hits,100000,630116,6.301160,0,0.000000000,0,0.000000000,0,0,100000,0,1.000000000,128,317,128,384,,,15281478681180837072,912b954a3d04f1dd53376138f8812bd7458eb785a069e52e8cfcf8d7241cb0ec
liblevenshtein.causal-query-cache-policy-matrix.v2,17,1,3,aging-exact-lfu,scan,1280,765041,597.688281,3840,3.000000000,92160,72.000000000,3840,92160,0,1280,0.000000000,128,319,128,384,127,,2340858717421899392,912b954a3d04f1dd53376138f8812bd7458eb785a069e52e8cfcf8d7241cb0ec
liblevenshtein.causal-query-cache-policy-matrix.v2,17,2,0,tinylfu-sieve,zipf,180000,11034955,61.305306,131143,0.728572222,2406096,13.367200000,131143,2375120,119551,60449,0.664172222,128,276,128,384,,,15972506848661134764,912b954a3d04f1dd53376138f8812bd7458eb785a069e52e8cfcf8d7241cb0ec
liblevenshtein.causal-query-cache-policy-matrix.v2,17,2,1,tinylfu-sieve,hot-hits,100000,3384260,33.842600,0,0.000000000,0,0.000000000,0,0,100000,0,1.000000000,128,317,128,384,,,15281478681180837072,912b954a3d04f1dd53376138f8812bd7458eb785a069e52e8cfcf8d7241cb0ec
liblevenshtein.causal-query-cache-policy-matrix.v2,17,2,2,tinylfu-sieve,scan,1280,240476,187.871875,2560,2.000000000,40960,32.000000000,2560,40960,0,1280,0.000000000,128,317,128,384,128,,2340858717421899392,912b954a3d04f1dd53376138f8812bd7458eb785a069e52e8cfcf8d7241cb0ec
liblevenshtein.causal-query-cache-policy-matrix.v2,17,2,3,tinylfu-sieve,phase-shift,8192,427561,52.192505,2792,0.340820312,47744,5.828125000,2792,47744,6860,1332,0.837402344,128,321,128,384,,19,15232647556281634816,912b954a3d04f1dd53376138f8812bd7458eb785a069e52e8cfcf8d7241cb0ec
liblevenshtein.causal-query-cache-policy-matrix.v2,17,3,0,fifo,hot-hits,100000,456015,4.560150,0,0.000000000,0,0.000000000,0,0,100000,0,1.000000000,128,317,128,384,,,15281478681180837072,912b954a3d04f1dd53376138f8812bd7458eb785a069e52e8cfcf8d7241cb0ec
liblevenshtein.causal-query-cache-policy-matrix.v2,17,3,1,fifo,scan,1280,69222,54.079687,3840,3.000000000,92160,72.000000000,3840,92160,0,1280,0.000000000,128,319,128,384,0,,2340858717421899392,912b954a3d04f1dd53376138f8812bd7458eb785a069e52e8cfcf8d7241cb0ec
liblevenshtein.causal-query-cache-policy-matrix.v2,17,3,2,fifo,phase-shift,8192,43899,5.358765,384,0.046875000,9216,1.125000000,384,9216,8064,128,0.984375000,128,321,128,384,,1,15232647556281634816,912b954a3d04f1dd53376138f8812bd7458eb785a069e52e8cfcf8d7241cb0ec
liblevenshtein.causal-query-cache-policy-matrix.v2,17,3,3,fifo,zipf,180000,5272924,29.294022,243207,1.351150000,5836968,32.427600000,243207,5836968,98931,81069,0.549616667,128,302,128,384,,,15972506848661134764,912b954a3d04f1dd53376138f8812bd7458eb785a069e52e8cfcf8d7241cb0ec
liblevenshtein.causal-query-cache-policy-matrix.v2,17,4,0,lru,scan,1280,71496,55.856250,3840,3.000000000,92160,72.000000000,3840,92160,0,1280,0.000000000,128,319,128,384,0,,2340858717421899392,912b954a3d04f1dd53376138f8812bd7458eb785a069e52e8cfcf8d7241cb0ec
liblevenshtein.causal-query-cache-policy-matrix.v2,17,4,1,lru,phase-shift,8192,62912,7.679688,384,0.046875000,9216,1.125000000,384,9216,8064,128,0.984375000,128,321,128,384,,1,15232647556281634816,912b954a3d04f1dd53376138f8812bd7458eb785a069e52e8cfcf8d7241cb0ec
liblevenshtein.causal-query-cache-policy-matrix.v2,17,4,2,lru,zipf,180000,5627386,31.263256,214311,1.190616667,5143464,28.574800000,214311,5143464,108563,71437,0.603127778,128,296,128,384,,,15972506848661134764,912b954a3d04f1dd53376138f8812bd7458eb785a069e52e8cfcf8d7241cb0ec
liblevenshtein.causal-query-cache-policy-matrix.v2,17,4,3,lru,hot-hits,100000,739954,7.399540,0,0.000000000,0,0.000000000,0,0,100000,0,1.000000000,128,317,128,384,,,15281478681180837072,912b954a3d04f1dd53376138f8812bd7458eb785a069e52e8cfcf8d7241cb0ec
liblevenshtein.causal-query-cache-policy-matrix.v2,18,0,0,aging-exact-lfu,phase-shift,8192,1931092,235.729004,9594,1.171142578,230256,28.107421875,9594,230256,4994,3198,0.609619141,128,321,128,384,,25,15232647556281634816,912b954a3d04f1dd53376138f8812bd7458eb785a069e52e8cfcf8d7241cb0ec
liblevenshtein.causal-query-cache-policy-matrix.v2,18,0,1,aging-exact-lfu,zipf,180000,35802403,198.902239,182859,1.015883333,4388616,24.381200000,182859,4388616,119047,60953,0.661372222,128,299,128,384,,,15972506848661134764,912b954a3d04f1dd53376138f8812bd7458eb785a069e52e8cfcf8d7241cb0ec
liblevenshtein.causal-query-cache-policy-matrix.v2,18,0,2,aging-exact-lfu,hot-hits,100000,623303,6.233030,0,0.000000000,0,0.000000000,0,0,100000,0,1.000000000,128,317,128,384,,,15281478681180837072,912b954a3d04f1dd53376138f8812bd7458eb785a069e52e8cfcf8d7241cb0ec
liblevenshtein.causal-query-cache-policy-matrix.v2,18,0,3,aging-exact-lfu,scan,1280,763869,596.772656,3840,3.000000000,92160,72.000000000,3840,92160,0,1280,0.000000000,128,319,128,384,127,,2340858717421899392,912b954a3d04f1dd53376138f8812bd7458eb785a069e52e8cfcf8d7241cb0ec
liblevenshtein.causal-query-cache-policy-matrix.v2,18,1,0,tinylfu-sieve,zipf,180000,11086292,61.590511,131143,0.728572222,2406096,13.367200000,131143,2375120,119551,60449,0.664172222,128,276,128,384,,,15972506848661134764,912b954a3d04f1dd53376138f8812bd7458eb785a069e52e8cfcf8d7241cb0ec
liblevenshtein.causal-query-cache-policy-matrix.v2,18,1,1,tinylfu-sieve,hot-hits,100000,3424597,34.245970,0,0.000000000,0,0.000000000,0,0,100000,0,1.000000000,128,317,128,384,,,15281478681180837072,912b954a3d04f1dd53376138f8812bd7458eb785a069e52e8cfcf8d7241cb0ec
liblevenshtein.causal-query-cache-policy-matrix.v2,18,1,2,tinylfu-sieve,scan,1280,238703,186.486719,2560,2.000000000,40960,32.000000000,2560,40960,0,1280,0.000000000,128,317,128,384,128,,2340858717421899392,912b954a3d04f1dd53376138f8812bd7458eb785a069e52e8cfcf8d7241cb0ec
liblevenshtein.causal-query-cache-policy-matrix.v2,18,1,3,tinylfu-sieve,phase-shift,8192,431996,52.733887,2792,0.340820312,47744,5.828125000,2792,47744,6860,1332,0.837402344,128,321,128,384,,19,15232647556281634816,912b954a3d04f1dd53376138f8812bd7458eb785a069e52e8cfcf8d7241cb0ec
liblevenshtein.causal-query-cache-policy-matrix.v2,18,2,0,fifo,hot-hits,100000,446757,4.467570,0,0.000000000,0,0.000000000,0,0,100000,0,1.000000000,128,317,128,384,,,15281478681180837072,912b954a3d04f1dd53376138f8812bd7458eb785a069e52e8cfcf8d7241cb0ec
liblevenshtein.causal-query-cache-policy-matrix.v2,18,2,1,fifo,scan,1280,61527,48.067969,3840,3.000000000,92160,72.000000000,3840,92160,0,1280,0.000000000,128,319,128,384,0,,2340858717421899392,912b954a3d04f1dd53376138f8812bd7458eb785a069e52e8cfcf8d7241cb0ec
liblevenshtein.causal-query-cache-policy-matrix.v2,18,2,2,fifo,phase-shift,8192,43461,5.305298,384,0.046875000,9216,1.125000000,384,9216,8064,128,0.984375000,128,321,128,384,,1,15232647556281634816,912b954a3d04f1dd53376138f8812bd7458eb785a069e52e8cfcf8d7241cb0ec
liblevenshtein.causal-query-cache-policy-matrix.v2,18,2,3,fifo,zipf,180000,5249028,29.161267,243207,1.351150000,5836968,32.427600000,243207,5836968,98931,81069,0.549616667,128,302,128,384,,,15972506848661134764,912b954a3d04f1dd53376138f8812bd7458eb785a069e52e8cfcf8d7241cb0ec
liblevenshtein.causal-query-cache-policy-matrix.v2,18,3,0,lru,scan,1280,61005,47.660156,3840,3.000000000,92160,72.000000000,3840,92160,0,1280,0.000000000,128,319,128,384,0,,2340858717421899392,912b954a3d04f1dd53376138f8812bd7458eb785a069e52e8cfcf8d7241cb0ec
liblevenshtein.causal-query-cache-policy-matrix.v2,18,3,1,lru,phase-shift,8192,63137,7.707153,384,0.046875000,9216,1.125000000,384,9216,8064,128,0.984375000,128,321,128,384,,1,15232647556281634816,912b954a3d04f1dd53376138f8812bd7458eb785a069e52e8cfcf8d7241cb0ec
liblevenshtein.causal-query-cache-policy-matrix.v2,18,3,2,lru,zipf,180000,5215735,28.976306,214311,1.190616667,5143464,28.574800000,214311,5143464,108563,71437,0.603127778,128,296,128,384,,,15972506848661134764,912b954a3d04f1dd53376138f8812bd7458eb785a069e52e8cfcf8d7241cb0ec
liblevenshtein.causal-query-cache-policy-matrix.v2,18,3,3,lru,hot-hits,100000,729524,7.295240,0,0.000000000,0,0.000000000,0,0,100000,0,1.000000000,128,317,128,384,,,15281478681180837072,912b954a3d04f1dd53376138f8812bd7458eb785a069e52e8cfcf8d7241cb0ec
liblevenshtein.causal-query-cache-policy-matrix.v2,18,4,0,sieve,phase-shift,8192,48562,5.927979,384,0.046875000,9216,1.125000000,384,9216,8064,128,0.984375000,128,321,128,384,,1,15232647556281634816,912b954a3d04f1dd53376138f8812bd7458eb785a069e52e8cfcf8d7241cb0ec
liblevenshtein.causal-query-cache-policy-matrix.v2,18,4,1,sieve,zipf,180000,4903362,27.240900,207564,1.153133333,4981536,27.675200000,207564,4981536,110812,69188,0.615622222,128,298,128,384,,,15972506848661134764,912b954a3d04f1dd53376138f8812bd7458eb785a069e52e8cfcf8d7241cb0ec
liblevenshtein.causal-query-cache-policy-matrix.v2,18,4,2,sieve,hot-hits,100000,515468,5.154680,0,0.000000000,0,0.000000000,0,0,100000,0,1.000000000,128,317,128,384,,,15281478681180837072,912b954a3d04f1dd53376138f8812bd7458eb785a069e52e8cfcf8d7241cb0ec
liblevenshtein.causal-query-cache-policy-matrix.v2,18,4,3,sieve,scan,1280,61427,47.989844,3840,3.000000000,92160,72.000000000,3840,92160,0,1280,0.000000000,128,319,128,384,0,,2340858717421899392,912b954a3d04f1dd53376138f8812bd7458eb785a069e52e8cfcf8d7241cb0ec
liblevenshtein.causal-query-cache-policy-matrix.v2,19,0,0,tinylfu-sieve,zipf,180000,11089148,61.606378,131143,0.728572222,2406096,13.367200000,131143,2375120,119551,60449,0.664172222,128,276,128,384,,,15972506848661134764,912b954a3d04f1dd53376138f8812bd7458eb785a069e52e8cfcf8d7241cb0ec
liblevenshtein.causal-query-cache-policy-matrix.v2,19,0,1,tinylfu-sieve,hot-hits,100000,3434265,34.342650,0,0.000000000,0,0.000000000,0,0,100000,0,1.000000000,128,317,128,384,,,15281478681180837072,912b954a3d04f1dd53376138f8812bd7458eb785a069e52e8cfcf8d7241cb0ec
liblevenshtein.causal-query-cache-policy-matrix.v2,19,0,2,tinylfu-sieve,scan,1280,242430,189.398438,2560,2.000000000,40960,32.000000000,2560,40960,0,1280,0.000000000,128,317,128,384,128,,2340858717421899392,912b954a3d04f1dd53376138f8812bd7458eb785a069e52e8cfcf8d7241cb0ec
liblevenshtein.causal-query-cache-policy-matrix.v2,19,0,3,tinylfu-sieve,phase-shift,8192,425205,51.904907,2792,0.340820312,47744,5.828125000,2792,47744,6860,1332,0.837402344,128,321,128,384,,19,15232647556281634816,912b954a3d04f1dd53376138f8812bd7458eb785a069e52e8cfcf8d7241cb0ec
liblevenshtein.causal-query-cache-policy-matrix.v2,19,1,0,fifo,hot-hits,100000,450815,4.508150,0,0.000000000,0,0.000000000,0,0,100000,0,1.000000000,128,317,128,384,,,15281478681180837072,912b954a3d04f1dd53376138f8812bd7458eb785a069e52e8cfcf8d7241cb0ec
liblevenshtein.causal-query-cache-policy-matrix.v2,19,1,1,fifo,scan,1280,61647,48.161719,3840,3.000000000,92160,72.000000000,3840,92160,0,1280,0.000000000,128,319,128,384,0,,2340858717421899392,912b954a3d04f1dd53376138f8812bd7458eb785a069e52e8cfcf8d7241cb0ec
liblevenshtein.causal-query-cache-policy-matrix.v2,19,1,2,fifo,phase-shift,8192,43502,5.310303,384,0.046875000,9216,1.125000000,384,9216,8064,128,0.984375000,128,321,128,384,,1,15232647556281634816,912b954a3d04f1dd53376138f8812bd7458eb785a069e52e8cfcf8d7241cb0ec
liblevenshtein.causal-query-cache-policy-matrix.v2,19,1,3,fifo,zipf,180000,5272874,29.293744,243207,1.351150000,5836968,32.427600000,243207,5836968,98931,81069,0.549616667,128,302,128,384,,,15972506848661134764,912b954a3d04f1dd53376138f8812bd7458eb785a069e52e8cfcf8d7241cb0ec
liblevenshtein.causal-query-cache-policy-matrix.v2,19,2,0,lru,scan,1280,64963,50.752344,3840,3.000000000,92160,72.000000000,3840,92160,0,1280,0.000000000,128,319,128,384,0,,2340858717421899392,912b954a3d04f1dd53376138f8812bd7458eb785a069e52e8cfcf8d7241cb0ec
liblevenshtein.causal-query-cache-policy-matrix.v2,19,2,1,lru,phase-shift,8192,69773,8.517212,384,0.046875000,9216,1.125000000,384,9216,8064,128,0.984375000,128,321,128,384,,1,15232647556281634816,912b954a3d04f1dd53376138f8812bd7458eb785a069e52e8cfcf8d7241cb0ec
liblevenshtein.causal-query-cache-policy-matrix.v2,19,2,2,lru,zipf,180000,5370288,29.834933,214311,1.190616667,5143464,28.574800000,214311,5143464,108563,71437,0.603127778,128,296,128,384,,,15972506848661134764,912b954a3d04f1dd53376138f8812bd7458eb785a069e52e8cfcf8d7241cb0ec
liblevenshtein.causal-query-cache-policy-matrix.v2,19,2,3,lru,hot-hits,100000,791772,7.917720,0,0.000000000,0,0.000000000,0,0,100000,0,1.000000000,128,317,128,384,,,15281478681180837072,912b954a3d04f1dd53376138f8812bd7458eb785a069e52e8cfcf8d7241cb0ec
liblevenshtein.causal-query-cache-policy-matrix.v2,19,3,0,sieve,phase-shift,8192,47739,5.827515,384,0.046875000,9216,1.125000000,384,9216,8064,128,0.984375000,128,321,128,384,,1,15232647556281634816,912b954a3d04f1dd53376138f8812bd7458eb785a069e52e8cfcf8d7241cb0ec
liblevenshtein.causal-query-cache-policy-matrix.v2,19,3,1,sieve,zipf,180000,4946975,27.483194,207564,1.153133333,4981536,27.675200000,207564,4981536,110812,69188,0.615622222,128,298,128,384,,,15972506848661134764,912b954a3d04f1dd53376138f8812bd7458eb785a069e52e8cfcf8d7241cb0ec
liblevenshtein.causal-query-cache-policy-matrix.v2,19,3,2,sieve,hot-hits,100000,518464,5.184640,0,0.000000000,0,0.000000000,0,0,100000,0,1.000000000,128,317,128,384,,,15281478681180837072,912b954a3d04f1dd53376138f8812bd7458eb785a069e52e8cfcf8d7241cb0ec
liblevenshtein.causal-query-cache-policy-matrix.v2,19,3,3,sieve,scan,1280,62148,48.553125,3840,3.000000000,92160,72.000000000,3840,92160,0,1280,0.000000000,128,319,128,384,0,,2340858717421899392,912b954a3d04f1dd53376138f8812bd7458eb785a069e52e8cfcf8d7241cb0ec
liblevenshtein.causal-query-cache-policy-matrix.v2,19,4,0,aging-exact-lfu,zipf,180000,36922748,205.126378,182859,1.015883333,4388616,24.381200000,182859,4388616,119047,60953,0.661372222,128,299,128,384,,,15972506848661134764,912b954a3d04f1dd53376138f8812bd7458eb785a069e52e8cfcf8d7241cb0ec
liblevenshtein.causal-query-cache-policy-matrix.v2,19,4,1,aging-exact-lfu,hot-hits,100000,630827,6.308270,0,0.000000000,0,0.000000000,0,0,100000,0,1.000000000,128,317,128,384,,,15281478681180837072,912b954a3d04f1dd53376138f8812bd7458eb785a069e52e8cfcf8d7241cb0ec
liblevenshtein.causal-query-cache-policy-matrix.v2,19,4,2,aging-exact-lfu,scan,1280,766985,599.207031,3840,3.000000000,92160,72.000000000,3840,92160,0,1280,0.000000000,128,319,128,384,127,,2340858717421899392,912b954a3d04f1dd53376138f8812bd7458eb785a069e52e8cfcf8d7241cb0ec
liblevenshtein.causal-query-cache-policy-matrix.v2,19,4,3,aging-exact-lfu,phase-shift,8192,1941610,237.012939,9594,1.171142578,230256,28.107421875,9594,230256,4994,3198,0.609619141,128,321,128,384,,25,15232647556281634816,912b954a3d04f1dd53376138f8812bd7458eb785a069e52e8cfcf8d7241cb0ec
liblevenshtein.causal-query-cache-policy-matrix.v2,20,0,0,fifo,hot-hits,100000,457729,4.577290,0,0.000000000,0,0.000000000,0,0,100000,0,1.000000000,128,317,128,384,,,15281478681180837072,912b954a3d04f1dd53376138f8812bd7458eb785a069e52e8cfcf8d7241cb0ec
liblevenshtein.causal-query-cache-policy-matrix.v2,20,0,1,fifo,scan,1280,60335,47.136719,3840,3.000000000,92160,72.000000000,3840,92160,0,1280,0.000000000,128,319,128,384,0,,2340858717421899392,912b954a3d04f1dd53376138f8812bd7458eb785a069e52e8cfcf8d7241cb0ec
liblevenshtein.causal-query-cache-policy-matrix.v2,20,0,2,fifo,phase-shift,8192,43211,5.274780,384,0.046875000,9216,1.125000000,384,9216,8064,128,0.984375000,128,321,128,384,,1,15232647556281634816,912b954a3d04f1dd53376138f8812bd7458eb785a069e52e8cfcf8d7241cb0ec
liblevenshtein.causal-query-cache-policy-matrix.v2,20,0,3,fifo,zipf,180000,5208822,28.937900,243207,1.351150000,5836968,32.427600000,243207,5836968,98931,81069,0.549616667,128,302,128,384,,,15972506848661134764,912b954a3d04f1dd53376138f8812bd7458eb785a069e52e8cfcf8d7241cb0ec
liblevenshtein.causal-query-cache-policy-matrix.v2,20,1,0,lru,scan,1280,61256,47.856250,3840,3.000000000,92160,72.000000000,3840,92160,0,1280,0.000000000,128,319,128,384,0,,2340858717421899392,912b954a3d04f1dd53376138f8812bd7458eb785a069e52e8cfcf8d7241cb0ec
liblevenshtein.causal-query-cache-policy-matrix.v2,20,1,1,lru,phase-shift,8192,62529,7.632935,384,0.046875000,9216,1.125000000,384,9216,8064,128,0.984375000,128,321,128,384,,1,15232647556281634816,912b954a3d04f1dd53376138f8812bd7458eb785a069e52e8cfcf8d7241cb0ec
liblevenshtein.causal-query-cache-policy-matrix.v2,20,1,2,lru,zipf,180000,5224712,29.026178,214311,1.190616667,5143464,28.574800000,214311,5143464,108563,71437,0.603127778,128,296,128,384,,,15972506848661134764,912b954a3d04f1dd53376138f8812bd7458eb785a069e52e8cfcf8d7241cb0ec
liblevenshtein.causal-query-cache-policy-matrix.v2,20,1,3,lru,hot-hits,100000,726338,7.263380,0,0.000000000,0,0.000000000,0,0,100000,0,1.000000000,128,317,128,384,,,15281478681180837072,912b954a3d04f1dd53376138f8812bd7458eb785a069e52e8cfcf8d7241cb0ec
liblevenshtein.causal-query-cache-policy-matrix.v2,20,2,0,sieve,phase-shift,8192,46908,5.726074,384,0.046875000,9216,1.125000000,384,9216,8064,128,0.984375000,128,321,128,384,,1,15232647556281634816,912b954a3d04f1dd53376138f8812bd7458eb785a069e52e8cfcf8d7241cb0ec
liblevenshtein.causal-query-cache-policy-matrix.v2,20,2,1,sieve,zipf,180000,4901569,27.230939,207564,1.153133333,4981536,27.675200000,207564,4981536,110812,69188,0.615622222,128,298,128,384,,,15972506848661134764,912b954a3d04f1dd53376138f8812bd7458eb785a069e52e8cfcf8d7241cb0ec
liblevenshtein.causal-query-cache-policy-matrix.v2,20,2,2,sieve,hot-hits,100000,511981,5.119810,0,0.000000000,0,0.000000000,0,0,100000,0,1.000000000,128,317,128,384,,,15281478681180837072,912b954a3d04f1dd53376138f8812bd7458eb785a069e52e8cfcf8d7241cb0ec
liblevenshtein.causal-query-cache-policy-matrix.v2,20,2,3,sieve,scan,1280,61126,47.754688,3840,3.000000000,92160,72.000000000,3840,92160,0,1280,0.000000000,128,319,128,384,0,,2340858717421899392,912b954a3d04f1dd53376138f8812bd7458eb785a069e52e8cfcf8d7241cb0ec
liblevenshtein.causal-query-cache-policy-matrix.v2,20,3,0,aging-exact-lfu,zipf,180000,35879588,199.331044,182859,1.015883333,4388616,24.381200000,182859,4388616,119047,60953,0.661372222,128,299,128,384,,,15972506848661134764,912b954a3d04f1dd53376138f8812bd7458eb785a069e52e8cfcf8d7241cb0ec
liblevenshtein.causal-query-cache-policy-matrix.v2,20,3,1,aging-exact-lfu,hot-hits,100000,625907,6.259070,0,0.000000000,0,0.000000000,0,0,100000,0,1.000000000,128,317,128,384,,,15281478681180837072,912b954a3d04f1dd53376138f8812bd7458eb785a069e52e8cfcf8d7241cb0ec
liblevenshtein.causal-query-cache-policy-matrix.v2,20,3,2,aging-exact-lfu,scan,1280,765281,597.875781,3840,3.000000000,92160,72.000000000,3840,92160,0,1280,0.000000000,128,319,128,384,127,,2340858717421899392,912b954a3d04f1dd53376138f8812bd7458eb785a069e52e8cfcf8d7241cb0ec
liblevenshtein.causal-query-cache-policy-matrix.v2,20,3,3,aging-exact-lfu,phase-shift,8192,1934025,236.087036,9594,1.171142578,230256,28.107421875,9594,230256,4994,3198,0.609619141,128,321,128,384,,25,15232647556281634816,912b954a3d04f1dd53376138f8812bd7458eb785a069e52e8cfcf8d7241cb0ec
liblevenshtein.causal-query-cache-policy-matrix.v2,20,4,0,tinylfu-sieve,hot-hits,100000,3570584,35.705840,0,0.000000000,0,0.000000000,0,0,100000,0,1.000000000,128,317,128,384,,,15281478681180837072,912b954a3d04f1dd53376138f8812bd7458eb785a069e52e8cfcf8d7241cb0ec
liblevenshtein.causal-query-cache-policy-matrix.v2,20,4,1,tinylfu-sieve,scan,1280,238954,186.682813,2560,2.000000000,40960,32.000000000,2560,40960,0,1280,0.000000000,128,317,128,384,128,,2340858717421899392,912b954a3d04f1dd53376138f8812bd7458eb785a069e52e8cfcf8d7241cb0ec
liblevenshtein.causal-query-cache-policy-matrix.v2,20,4,2,tinylfu-sieve,phase-shift,8192,429254,52.399170,2792,0.340820312,47744,5.828125000,2792,47744,6860,1332,0.837402344,128,321,128,384,,19,15232647556281634816,912b954a3d04f1dd53376138f8812bd7458eb785a069e52e8cfcf8d7241cb0ec
liblevenshtein.causal-query-cache-policy-matrix.v2,20,4,3,tinylfu-sieve,zipf,180000,11035826,61.310144,131143,0.728572222,2406096,13.367200000,131143,2375120,119551,60449,0.664172222,128,276,128,384,,,15972506848661134764,912b954a3d04f1dd53376138f8812bd7458eb785a069e52e8cfcf8d7241cb0ec
liblevenshtein.causal-query-cache-policy-matrix.v2,21,0,0,lru,scan,1280,63851,49.883594,3840,3.000000000,92160,72.000000000,3840,92160,0,1280,0.000000000,128,319,128,384,0,,2340858717421899392,912b954a3d04f1dd53376138f8812bd7458eb785a069e52e8cfcf8d7241cb0ec
liblevenshtein.causal-query-cache-policy-matrix.v2,21,0,1,lru,phase-shift,8192,63981,7.810181,384,0.046875000,9216,1.125000000,384,9216,8064,128,0.984375000,128,321,128,384,,1,15232647556281634816,912b954a3d04f1dd53376138f8812bd7458eb785a069e52e8cfcf8d7241cb0ec
liblevenshtein.causal-query-cache-policy-matrix.v2,21,0,2,lru,zipf,180000,5222107,29.011706,214311,1.190616667,5143464,28.574800000,214311,5143464,108563,71437,0.603127778,128,296,128,384,,,15972506848661134764,912b954a3d04f1dd53376138f8812bd7458eb785a069e52e8cfcf8d7241cb0ec
liblevenshtein.causal-query-cache-policy-matrix.v2,21,0,3,lru,hot-hits,100000,724675,7.246750,0,0.000000000,0,0.000000000,0,0,100000,0,1.000000000,128,317,128,384,,,15281478681180837072,912b954a3d04f1dd53376138f8812bd7458eb785a069e52e8cfcf8d7241cb0ec
liblevenshtein.causal-query-cache-policy-matrix.v2,21,1,0,sieve,phase-shift,8192,47230,5.765381,384,0.046875000,9216,1.125000000,384,9216,8064,128,0.984375000,128,321,128,384,,1,15232647556281634816,912b954a3d04f1dd53376138f8812bd7458eb785a069e52e8cfcf8d7241cb0ec
liblevenshtein.causal-query-cache-policy-matrix.v2,21,1,1,sieve,zipf,180000,4905146,27.250811,207564,1.153133333,4981536,27.675200000,207564,4981536,110812,69188,0.615622222,128,298,128,384,,,15972506848661134764,912b954a3d04f1dd53376138f8812bd7458eb785a069e52e8cfcf8d7241cb0ec
liblevenshtein.causal-query-cache-policy-matrix.v2,21,1,2,sieve,hot-hits,100000,508354,5.083540,0,0.000000000,0,0.000000000,0,0,100000,0,1.000000000,128,317,128,384,,,15281478681180837072,912b954a3d04f1dd53376138f8812bd7458eb785a069e52e8cfcf8d7241cb0ec
liblevenshtein.causal-query-cache-policy-matrix.v2,21,1,3,sieve,scan,1280,61847,48.317969,3840,3.000000000,92160,72.000000000,3840,92160,0,1280,0.000000000,128,319,128,384,0,,2340858717421899392,912b954a3d04f1dd53376138f8812bd7458eb785a069e52e8cfcf8d7241cb0ec
liblevenshtein.causal-query-cache-policy-matrix.v2,21,2,0,aging-exact-lfu,zipf,180000,35787845,198.821361,182859,1.015883333,4388616,24.381200000,182859,4388616,119047,60953,0.661372222,128,299,128,384,,,15972506848661134764,912b954a3d04f1dd53376138f8812bd7458eb785a069e52e8cfcf8d7241cb0ec
liblevenshtein.causal-query-cache-policy-matrix.v2,21,2,1,aging-exact-lfu,hot-hits,100000,624355,6.243550,0,0.000000000,0,0.000000000,0,0,100000,0,1.000000000,128,317,128,384,,,15281478681180837072,912b954a3d04f1dd53376138f8812bd7458eb785a069e52e8cfcf8d7241cb0ec
liblevenshtein.causal-query-cache-policy-matrix.v2,21,2,2,aging-exact-lfu,scan,1280,760352,594.025000,3840,3.000000000,92160,72.000000000,3840,92160,0,1280,0.000000000,128,319,128,384,127,,2340858717421899392,912b954a3d04f1dd53376138f8812bd7458eb785a069e52e8cfcf8d7241cb0ec
liblevenshtein.causal-query-cache-policy-matrix.v2,21,2,3,aging-exact-lfu,phase-shift,8192,1942998,237.182373,9594,1.171142578,230256,28.107421875,9594,230256,4994,3198,0.609619141,128,321,128,384,,25,15232647556281634816,912b954a3d04f1dd53376138f8812bd7458eb785a069e52e8cfcf8d7241cb0ec
liblevenshtein.causal-query-cache-policy-matrix.v2,21,3,0,tinylfu-sieve,hot-hits,100000,3514488,35.144880,0,0.000000000,0,0.000000000,0,0,100000,0,1.000000000,128,317,128,384,,,15281478681180837072,912b954a3d04f1dd53376138f8812bd7458eb785a069e52e8cfcf8d7241cb0ec
liblevenshtein.causal-query-cache-policy-matrix.v2,21,3,1,tinylfu-sieve,scan,1280,239284,186.940625,2560,2.000000000,40960,32.000000000,2560,40960,0,1280,0.000000000,128,317,128,384,128,,2340858717421899392,912b954a3d04f1dd53376138f8812bd7458eb785a069e52e8cfcf8d7241cb0ec
liblevenshtein.causal-query-cache-policy-matrix.v2,21,3,2,tinylfu-sieve,phase-shift,8192,438161,53.486450,2792,0.340820312,47744,5.828125000,2792,47744,6860,1332,0.837402344,128,321,128,384,,19,15232647556281634816,912b954a3d04f1dd53376138f8812bd7458eb785a069e52e8cfcf8d7241cb0ec
liblevenshtein.causal-query-cache-policy-matrix.v2,21,3,3,tinylfu-sieve,zipf,180000,11210618,62.281211,131143,0.728572222,2406096,13.367200000,131143,2375120,119551,60449,0.664172222,128,276,128,384,,,15972506848661134764,912b954a3d04f1dd53376138f8812bd7458eb785a069e52e8cfcf8d7241cb0ec
liblevenshtein.causal-query-cache-policy-matrix.v2,21,4,0,fifo,scan,1280,67719,52.905469,3840,3.000000000,92160,72.000000000,3840,92160,0,1280,0.000000000,128,319,128,384,0,,2340858717421899392,912b954a3d04f1dd53376138f8812bd7458eb785a069e52e8cfcf8d7241cb0ec
liblevenshtein.causal-query-cache-policy-matrix.v2,21,4,1,fifo,phase-shift,8192,43321,5.288208,384,0.046875000,9216,1.125000000,384,9216,8064,128,0.984375000,128,321,128,384,,1,15232647556281634816,912b954a3d04f1dd53376138f8812bd7458eb785a069e52e8cfcf8d7241cb0ec
liblevenshtein.causal-query-cache-policy-matrix.v2,21,4,2,fifo,zipf,180000,5242897,29.127206,243207,1.351150000,5836968,32.427600000,243207,5836968,98931,81069,0.549616667,128,302,128,384,,,15972506848661134764,912b954a3d04f1dd53376138f8812bd7458eb785a069e52e8cfcf8d7241cb0ec
liblevenshtein.causal-query-cache-policy-matrix.v2,21,4,3,fifo,hot-hits,100000,459041,4.590410,0,0.000000000,0,0.000000000,0,0,100000,0,1.000000000,128,317,128,384,,,15281478681180837072,912b954a3d04f1dd53376138f8812bd7458eb785a069e52e8cfcf8d7241cb0ec
liblevenshtein.causal-query-cache-policy-matrix.v2,22,0,0,sieve,phase-shift,8192,47882,5.844971,384,0.046875000,9216,1.125000000,384,9216,8064,128,0.984375000,128,321,128,384,,1,15232647556281634816,912b954a3d04f1dd53376138f8812bd7458eb785a069e52e8cfcf8d7241cb0ec
liblevenshtein.causal-query-cache-policy-matrix.v2,22,0,1,sieve,zipf,180000,4855972,26.977622,207564,1.153133333,4981536,27.675200000,207564,4981536,110812,69188,0.615622222,128,298,128,384,,,15972506848661134764,912b954a3d04f1dd53376138f8812bd7458eb785a069e52e8cfcf8d7241cb0ec
liblevenshtein.causal-query-cache-policy-matrix.v2,22,0,2,sieve,hot-hits,100000,513614,5.136140,0,0.000000000,0,0.000000000,0,0,100000,0,1.000000000,128,317,128,384,,,15281478681180837072,912b954a3d04f1dd53376138f8812bd7458eb785a069e52e8cfcf8d7241cb0ec
liblevenshtein.causal-query-cache-policy-matrix.v2,22,0,3,sieve,scan,1280,60956,47.621875,3840,3.000000000,92160,72.000000000,3840,92160,0,1280,0.000000000,128,319,128,384,0,,2340858717421899392,912b954a3d04f1dd53376138f8812bd7458eb785a069e52e8cfcf8d7241cb0ec
liblevenshtein.causal-query-cache-policy-matrix.v2,22,1,0,aging-exact-lfu,zipf,180000,35844642,199.136900,182859,1.015883333,4388616,24.381200000,182859,4388616,119047,60953,0.661372222,128,299,128,384,,,15972506848661134764,912b954a3d04f1dd53376138f8812bd7458eb785a069e52e8cfcf8d7241cb0ec
liblevenshtein.causal-query-cache-policy-matrix.v2,22,1,1,aging-exact-lfu,hot-hits,100000,619625,6.196250,0,0.000000000,0,0.000000000,0,0,100000,0,1.000000000,128,317,128,384,,,15281478681180837072,912b954a3d04f1dd53376138f8812bd7458eb785a069e52e8cfcf8d7241cb0ec
liblevenshtein.causal-query-cache-policy-matrix.v2,22,1,2,aging-exact-lfu,scan,1280,758559,592.624219,3840,3.000000000,92160,72.000000000,3840,92160,0,1280,0.000000000,128,319,128,384,127,,2340858717421899392,912b954a3d04f1dd53376138f8812bd7458eb785a069e52e8cfcf8d7241cb0ec
liblevenshtein.causal-query-cache-policy-matrix.v2,22,1,3,aging-exact-lfu,phase-shift,8192,1932990,235.960693,9594,1.171142578,230256,28.107421875,9594,230256,4994,3198,0.609619141,128,321,128,384,,25,15232647556281634816,912b954a3d04f1dd53376138f8812bd7458eb785a069e52e8cfcf8d7241cb0ec
liblevenshtein.causal-query-cache-policy-matrix.v2,22,2,0,tinylfu-sieve,hot-hits,100000,3419788,34.197880,0,0.000000000,0,0.000000000,0,0,100000,0,1.000000000,128,317,128,384,,,15281478681180837072,912b954a3d04f1dd53376138f8812bd7458eb785a069e52e8cfcf8d7241cb0ec
liblevenshtein.causal-query-cache-policy-matrix.v2,22,2,1,tinylfu-sieve,scan,1280,239314,186.964063,2560,2.000000000,40960,32.000000000,2560,40960,0,1280,0.000000000,128,317,128,384,128,,2340858717421899392,912b954a3d04f1dd53376138f8812bd7458eb785a069e52e8cfcf8d7241cb0ec
liblevenshtein.causal-query-cache-policy-matrix.v2,22,2,2,tinylfu-sieve,phase-shift,8192,428933,52.359985,2792,0.340820312,47744,5.828125000,2792,47744,6860,1332,0.837402344,128,321,128,384,,19,15232647556281634816,912b954a3d04f1dd53376138f8812bd7458eb785a069e52e8cfcf8d7241cb0ec
liblevenshtein.causal-query-cache-policy-matrix.v2,22,2,3,tinylfu-sieve,zipf,180000,10998526,61.102922,131143,0.728572222,2406096,13.367200000,131143,2375120,119551,60449,0.664172222,128,276,128,384,,,15972506848661134764,912b954a3d04f1dd53376138f8812bd7458eb785a069e52e8cfcf8d7241cb0ec
liblevenshtein.causal-query-cache-policy-matrix.v2,22,3,0,fifo,scan,1280,61667,48.177344,3840,3.000000000,92160,72.000000000,3840,92160,0,1280,0.000000000,128,319,128,384,0,,2340858717421899392,912b954a3d04f1dd53376138f8812bd7458eb785a069e52e8cfcf8d7241cb0ec
liblevenshtein.causal-query-cache-policy-matrix.v2,22,3,1,fifo,phase-shift,8192,43043,5.254272,384,0.046875000,9216,1.125000000,384,9216,8064,128,0.984375000,128,321,128,384,,1,15232647556281634816,912b954a3d04f1dd53376138f8812bd7458eb785a069e52e8cfcf8d7241cb0ec
liblevenshtein.causal-query-cache-policy-matrix.v2,22,3,2,fifo,zipf,180000,5263516,29.241756,243207,1.351150000,5836968,32.427600000,243207,5836968,98931,81069,0.549616667,128,302,128,384,,,15972506848661134764,912b954a3d04f1dd53376138f8812bd7458eb785a069e52e8cfcf8d7241cb0ec
liblevenshtein.causal-query-cache-policy-matrix.v2,22,3,3,fifo,hot-hits,100000,444023,4.440230,0,0.000000000,0,0.000000000,0,0,100000,0,1.000000000,128,317,128,384,,,15281478681180837072,912b954a3d04f1dd53376138f8812bd7458eb785a069e52e8cfcf8d7241cb0ec
liblevenshtein.causal-query-cache-policy-matrix.v2,22,4,0,lru,phase-shift,8192,62069,7.576782,384,0.046875000,9216,1.125000000,384,9216,8064,128,0.984375000,128,321,128,384,,1,15232647556281634816,912b954a3d04f1dd53376138f8812bd7458eb785a069e52e8cfcf8d7241cb0ec
liblevenshtein.causal-query-cache-policy-matrix.v2,22,4,1,lru,zipf,180000,5231054,29.061411,214311,1.190616667,5143464,28.574800000,214311,5143464,108563,71437,0.603127778,128,296,128,384,,,15972506848661134764,912b954a3d04f1dd53376138f8812bd7458eb785a069e52e8cfcf8d7241cb0ec
liblevenshtein.causal-query-cache-policy-matrix.v2,22,4,2,lru,hot-hits,100000,722361,7.223610,0,0.000000000,0,0.000000000,0,0,100000,0,1.000000000,128,317,128,384,,,15281478681180837072,912b954a3d04f1dd53376138f8812bd7458eb785a069e52e8cfcf8d7241cb0ec
liblevenshtein.causal-query-cache-policy-matrix.v2,22,4,3,lru,scan,1280,62068,48.490625,3840,3.000000000,92160,72.000000000,3840,92160,0,1280,0.000000000,128,319,128,384,0,,2340858717421899392,912b954a3d04f1dd53376138f8812bd7458eb785a069e52e8cfcf8d7241cb0ec
liblevenshtein.causal-query-cache-policy-matrix.v2,23,0,0,aging-exact-lfu,zipf,180000,35799056,198.883644,182859,1.015883333,4388616,24.381200000,182859,4388616,119047,60953,0.661372222,128,299,128,384,,,15972506848661134764,912b954a3d04f1dd53376138f8812bd7458eb785a069e52e8cfcf8d7241cb0ec
liblevenshtein.causal-query-cache-policy-matrix.v2,23,0,1,aging-exact-lfu,hot-hits,100000,679399,6.793990,0,0.000000000,0,0.000000000,0,0,100000,0,1.000000000,128,317,128,384,,,15281478681180837072,912b954a3d04f1dd53376138f8812bd7458eb785a069e52e8cfcf8d7241cb0ec
liblevenshtein.causal-query-cache-policy-matrix.v2,23,0,2,aging-exact-lfu,scan,1280,763669,596.616406,3840,3.000000000,92160,72.000000000,3840,92160,0,1280,0.000000000,128,319,128,384,127,,2340858717421899392,912b954a3d04f1dd53376138f8812bd7458eb785a069e52e8cfcf8d7241cb0ec
liblevenshtein.causal-query-cache-policy-matrix.v2,23,0,3,aging-exact-lfu,phase-shift,8192,1990307,242.957397,9594,1.171142578,230256,28.107421875,9594,230256,4994,3198,0.609619141,128,321,128,384,,25,15232647556281634816,912b954a3d04f1dd53376138f8812bd7458eb785a069e52e8cfcf8d7241cb0ec
liblevenshtein.causal-query-cache-policy-matrix.v2,23,1,0,tinylfu-sieve,hot-hits,100000,3389089,33.890890,0,0.000000000,0,0.000000000,0,0,100000,0,1.000000000,128,317,128,384,,,15281478681180837072,912b954a3d04f1dd53376138f8812bd7458eb785a069e52e8cfcf8d7241cb0ec
liblevenshtein.causal-query-cache-policy-matrix.v2,23,1,1,tinylfu-sieve,scan,1280,238022,185.954688,2560,2.000000000,40960,32.000000000,2560,40960,0,1280,0.000000000,128,317,128,384,128,,2340858717421899392,912b954a3d04f1dd53376138f8812bd7458eb785a069e52e8cfcf8d7241cb0ec
liblevenshtein.causal-query-cache-policy-matrix.v2,23,1,2,tinylfu-sieve,phase-shift,8192,429663,52.449097,2792,0.340820312,47744,5.828125000,2792,47744,6860,1332,0.837402344,128,321,128,384,,19,15232647556281634816,912b954a3d04f1dd53376138f8812bd7458eb785a069e52e8cfcf8d7241cb0ec
liblevenshtein.causal-query-cache-policy-matrix.v2,23,1,3,tinylfu-sieve,zipf,180000,11281122,62.672900,131143,0.728572222,2406096,13.367200000,131143,2375120,119551,60449,0.664172222,128,276,128,384,,,15972506848661134764,912b954a3d04f1dd53376138f8812bd7458eb785a069e52e8cfcf8d7241cb0ec
liblevenshtein.causal-query-cache-policy-matrix.v2,23,2,0,fifo,scan,1280,60986,47.645313,3840,3.000000000,92160,72.000000000,3840,92160,0,1280,0.000000000,128,319,128,384,0,,2340858717421899392,912b954a3d04f1dd53376138f8812bd7458eb785a069e52e8cfcf8d7241cb0ec
liblevenshtein.causal-query-cache-policy-matrix.v2,23,2,1,fifo,phase-shift,8192,42892,5.235840,384,0.046875000,9216,1.125000000,384,9216,8064,128,0.984375000,128,321,128,384,,1,15232647556281634816,912b954a3d04f1dd53376138f8812bd7458eb785a069e52e8cfcf8d7241cb0ec
liblevenshtein.causal-query-cache-policy-matrix.v2,23,2,2,fifo,zipf,180000,5228619,29.047883,243207,1.351150000,5836968,32.427600000,243207,5836968,98931,81069,0.549616667,128,302,128,384,,,15972506848661134764,912b954a3d04f1dd53376138f8812bd7458eb785a069e52e8cfcf8d7241cb0ec
liblevenshtein.causal-query-cache-policy-matrix.v2,23,2,3,fifo,hot-hits,100000,450184,4.501840,0,0.000000000,0,0.000000000,0,0,100000,0,1.000000000,128,317,128,384,,,15281478681180837072,912b954a3d04f1dd53376138f8812bd7458eb785a069e52e8cfcf8d7241cb0ec
liblevenshtein.causal-query-cache-policy-matrix.v2,23,3,0,lru,phase-shift,8192,63073,7.699341,384,0.046875000,9216,1.125000000,384,9216,8064,128,0.984375000,128,321,128,384,,1,15232647556281634816,912b954a3d04f1dd53376138f8812bd7458eb785a069e52e8cfcf8d7241cb0ec
liblevenshtein.causal-query-cache-policy-matrix.v2,23,3,1,lru,zipf,180000,5222968,29.016489,214311,1.190616667,5143464,28.574800000,214311,5143464,108563,71437,0.603127778,128,296,128,384,,,15972506848661134764,912b954a3d04f1dd53376138f8812bd7458eb785a069e52e8cfcf8d7241cb0ec
liblevenshtein.causal-query-cache-policy-matrix.v2,23,3,2,lru,hot-hits,100000,723743,7.237430,0,0.000000000,0,0.000000000,0,0,100000,0,1.000000000,128,317,128,384,,,15281478681180837072,912b954a3d04f1dd53376138f8812bd7458eb785a069e52e8cfcf8d7241cb0ec
liblevenshtein.causal-query-cache-policy-matrix.v2,23,3,3,lru,scan,1280,61317,47.903906,3840,3.000000000,92160,72.000000000,3840,92160,0,1280,0.000000000,128,319,128,384,0,,2340858717421899392,912b954a3d04f1dd53376138f8812bd7458eb785a069e52e8cfcf8d7241cb0ec
liblevenshtein.causal-query-cache-policy-matrix.v2,23,4,0,sieve,zipf,180000,4890768,27.170933,207564,1.153133333,4981536,27.675200000,207564,4981536,110812,69188,0.615622222,128,298,128,384,,,15972506848661134764,912b954a3d04f1dd53376138f8812bd7458eb785a069e52e8cfcf8d7241cb0ec
liblevenshtein.causal-query-cache-policy-matrix.v2,23,4,1,sieve,hot-hits,100000,507663,5.076630,0,0.000000000,0,0.000000000,0,0,100000,0,1.000000000,128,317,128,384,,,15281478681180837072,912b954a3d04f1dd53376138f8812bd7458eb785a069e52e8cfcf8d7241cb0ec
liblevenshtein.causal-query-cache-policy-matrix.v2,23,4,2,sieve,scan,1280,60786,47.489063,3840,3.000000000,92160,72.000000000,3840,92160,0,1280,0.000000000,128,319,128,384,0,,2340858717421899392,912b954a3d04f1dd53376138f8812bd7458eb785a069e52e8cfcf8d7241cb0ec
liblevenshtein.causal-query-cache-policy-matrix.v2,23,4,3,sieve,phase-shift,8192,46942,5.730225,384,0.046875000,9216,1.125000000,384,9216,8064,128,0.984375000,128,321,128,384,,1,15232647556281634816,912b954a3d04f1dd53376138f8812bd7458eb785a069e52e8cfcf8d7241cb0ec
liblevenshtein.causal-query-cache-policy-matrix.v2,24,0,0,tinylfu-sieve,hot-hits,100000,3436670,34.366700,0,0.000000000,0,0.000000000,0,0,100000,0,1.000000000,128,317,128,384,,,15281478681180837072,912b954a3d04f1dd53376138f8812bd7458eb785a069e52e8cfcf8d7241cb0ec
liblevenshtein.causal-query-cache-policy-matrix.v2,24,0,1,tinylfu-sieve,scan,1280,247029,192.991406,2560,2.000000000,40960,32.000000000,2560,40960,0,1280,0.000000000,128,317,128,384,128,,2340858717421899392,912b954a3d04f1dd53376138f8812bd7458eb785a069e52e8cfcf8d7241cb0ec
liblevenshtein.causal-query-cache-policy-matrix.v2,24,0,2,tinylfu-sieve,phase-shift,8192,440446,53.765381,2792,0.340820312,47744,5.828125000,2792,47744,6860,1332,0.837402344,128,321,128,384,,19,15232647556281634816,912b954a3d04f1dd53376138f8812bd7458eb785a069e52e8cfcf8d7241cb0ec
liblevenshtein.causal-query-cache-policy-matrix.v2,24,0,3,tinylfu-sieve,zipf,180000,11247809,62.487828,131143,0.728572222,2406096,13.367200000,131143,2375120,119551,60449,0.664172222,128,276,128,384,,,15972506848661134764,912b954a3d04f1dd53376138f8812bd7458eb785a069e52e8cfcf8d7241cb0ec
liblevenshtein.causal-query-cache-policy-matrix.v2,24,1,0,fifo,scan,1280,60985,47.644531,3840,3.000000000,92160,72.000000000,3840,92160,0,1280,0.000000000,128,319,128,384,0,,2340858717421899392,912b954a3d04f1dd53376138f8812bd7458eb785a069e52e8cfcf8d7241cb0ec
liblevenshtein.causal-query-cache-policy-matrix.v2,24,1,1,fifo,phase-shift,8192,43442,5.302979,384,0.046875000,9216,1.125000000,384,9216,8064,128,0.984375000,128,321,128,384,,1,15232647556281634816,912b954a3d04f1dd53376138f8812bd7458eb785a069e52e8cfcf8d7241cb0ec
liblevenshtein.causal-query-cache-policy-matrix.v2,24,1,2,fifo,zipf,180000,5245361,29.140894,243207,1.351150000,5836968,32.427600000,243207,5836968,98931,81069,0.549616667,128,302,128,384,,,15972506848661134764,912b954a3d04f1dd53376138f8812bd7458eb785a069e52e8cfcf8d7241cb0ec
liblevenshtein.causal-query-cache-policy-matrix.v2,24,1,3,fifo,hot-hits,100000,450124,4.501240,0,0.000000000,0,0.000000000,0,0,100000,0,1.000000000,128,317,128,384,,,15281478681180837072,912b954a3d04f1dd53376138f8812bd7458eb785a069e52e8cfcf8d7241cb0ec
liblevenshtein.causal-query-cache-policy-matrix.v2,24,2,0,lru,phase-shift,8192,65706,8.020752,384,0.046875000,9216,1.125000000,384,9216,8064,128,0.984375000,128,321,128,384,,1,15232647556281634816,912b954a3d04f1dd53376138f8812bd7458eb785a069e52e8cfcf8d7241cb0ec
liblevenshtein.causal-query-cache-policy-matrix.v2,24,2,1,lru,zipf,180000,5748856,31.938089,214311,1.190616667,5143464,28.574800000,214311,5143464,108563,71437,0.603127778,128,296,128,384,,,15972506848661134764,912b954a3d04f1dd53376138f8812bd7458eb785a069e52e8cfcf8d7241cb0ec
liblevenshtein.causal-query-cache-policy-matrix.v2,24,2,2,lru,hot-hits,100000,729093,7.290930,0,0.000000000,0,0.000000000,0,0,100000,0,1.000000000,128,317,128,384,,,15281478681180837072,912b954a3d04f1dd53376138f8812bd7458eb785a069e52e8cfcf8d7241cb0ec
liblevenshtein.causal-query-cache-policy-matrix.v2,24,2,3,lru,scan,1280,85382,66.704688,3840,3.000000000,92160,72.000000000,3840,92160,0,1280,0.000000000,128,319,128,384,0,,2340858717421899392,912b954a3d04f1dd53376138f8812bd7458eb785a069e52e8cfcf8d7241cb0ec
liblevenshtein.causal-query-cache-policy-matrix.v2,24,3,0,sieve,zipf,180000,4888424,27.157911,207564,1.153133333,4981536,27.675200000,207564,4981536,110812,69188,0.615622222,128,298,128,384,,,15972506848661134764,912b954a3d04f1dd53376138f8812bd7458eb785a069e52e8cfcf8d7241cb0ec
liblevenshtein.causal-query-cache-policy-matrix.v2,24,3,1,sieve,hot-hits,100000,519946,5.199460,0,0.000000000,0,0.000000000,0,0,100000,0,1.000000000,128,317,128,384,,,15281478681180837072,912b954a3d04f1dd53376138f8812bd7458eb785a069e52e8cfcf8d7241cb0ec
liblevenshtein.causal-query-cache-policy-matrix.v2,24,3,2,sieve,scan,1280,61567,48.099219,3840,3.000000000,92160,72.000000000,3840,92160,0,1280,0.000000000,128,319,128,384,0,,2340858717421899392,912b954a3d04f1dd53376138f8812bd7458eb785a069e52e8cfcf8d7241cb0ec
liblevenshtein.causal-query-cache-policy-matrix.v2,24,3,3,sieve,phase-shift,8192,47109,5.750610,384,0.046875000,9216,1.125000000,384,9216,8064,128,0.984375000,128,321,128,384,,1,15232647556281634816,912b954a3d04f1dd53376138f8812bd7458eb785a069e52e8cfcf8d7241cb0ec
liblevenshtein.causal-query-cache-policy-matrix.v2,24,4,0,aging-exact-lfu,hot-hits,100000,628543,6.285430,0,0.000000000,0,0.000000000,0,0,100000,0,1.000000000,128,317,128,384,,,15281478681180837072,912b954a3d04f1dd53376138f8812bd7458eb785a069e52e8cfcf8d7241cb0ec
liblevenshtein.causal-query-cache-policy-matrix.v2,24,4,1,aging-exact-lfu,scan,1280,767537,599.638281,3840,3.000000000,92160,72.000000000,3840,92160,0,1280,0.000000000,128,319,128,384,127,,2340858717421899392,912b954a3d04f1dd53376138f8812bd7458eb785a069e52e8cfcf8d7241cb0ec
liblevenshtein.causal-query-cache-policy-matrix.v2,24,4,2,aging-exact-lfu,phase-shift,8192,1935851,236.309937,9594,1.171142578,230256,28.107421875,9594,230256,4994,3198,0.609619141,128,321,128,384,,25,15232647556281634816,912b954a3d04f1dd53376138f8812bd7458eb785a069e52e8cfcf8d7241cb0ec
liblevenshtein.causal-query-cache-policy-matrix.v2,24,4,3,aging-exact-lfu,zipf,180000,36256322,201.424011,182859,1.015883333,4388616,24.381200000,182859,4388616,119047,60953,0.661372222,128,299,128,384,,,15972506848661134764,912b954a3d04f1dd53376138f8812bd7458eb785a069e52e8cfcf8d7241cb0ec
liblevenshtein.causal-query-cache-policy-matrix.v2,25,0,0,fifo,scan,1280,63510,49.617188,3840,3.000000000,92160,72.000000000,3840,92160,0,1280,0.000000000,128,319,128,384,0,,2340858717421899392,912b954a3d04f1dd53376138f8812bd7458eb785a069e52e8cfcf8d7241cb0ec
liblevenshtein.causal-query-cache-policy-matrix.v2,25,0,1,fifo,phase-shift,8192,43243,5.278687,384,0.046875000,9216,1.125000000,384,9216,8064,128,0.984375000,128,321,128,384,,1,15232647556281634816,912b954a3d04f1dd53376138f8812bd7458eb785a069e52e8cfcf8d7241cb0ec
liblevenshtein.causal-query-cache-policy-matrix.v2,25,0,2,fifo,zipf,180000,5253487,29.186039,243207,1.351150000,5836968,32.427600000,243207,5836968,98931,81069,0.549616667,128,302,128,384,,,15972506848661134764,912b954a3d04f1dd53376138f8812bd7458eb785a069e52e8cfcf8d7241cb0ec
liblevenshtein.causal-query-cache-policy-matrix.v2,25,0,3,fifo,hot-hits,100000,451105,4.511050,0,0.000000000,0,0.000000000,0,0,100000,0,1.000000000,128,317,128,384,,,15281478681180837072,912b954a3d04f1dd53376138f8812bd7458eb785a069e52e8cfcf8d7241cb0ec
liblevenshtein.causal-query-cache-policy-matrix.v2,25,1,0,lru,phase-shift,8192,62776,7.663086,384,0.046875000,9216,1.125000000,384,9216,8064,128,0.984375000,128,321,128,384,,1,15232647556281634816,912b954a3d04f1dd53376138f8812bd7458eb785a069e52e8cfcf8d7241cb0ec
liblevenshtein.causal-query-cache-policy-matrix.v2,25,1,1,lru,zipf,180000,5247324,29.151800,214311,1.190616667,5143464,28.574800000,214311,5143464,108563,71437,0.603127778,128,296,128,384,,,15972506848661134764,912b954a3d04f1dd53376138f8812bd7458eb785a069e52e8cfcf8d7241cb0ec
liblevenshtein.causal-query-cache-policy-matrix.v2,25,1,2,lru,hot-hits,100000,721639,7.216390,0,0.000000000,0,0.000000000,0,0,100000,0,1.000000000,128,317,128,384,,,15281478681180837072,912b954a3d04f1dd53376138f8812bd7458eb785a069e52e8cfcf8d7241cb0ec
liblevenshtein.causal-query-cache-policy-matrix.v2,25,1,3,lru,scan,1280,62128,48.537500,3840,3.000000000,92160,72.000000000,3840,92160,0,1280,0.000000000,128,319,128,384,0,,2340858717421899392,912b954a3d04f1dd53376138f8812bd7458eb785a069e52e8cfcf8d7241cb0ec
liblevenshtein.causal-query-cache-policy-matrix.v2,25,2,0,sieve,zipf,180000,4930313,27.390628,207564,1.153133333,4981536,27.675200000,207564,4981536,110812,69188,0.615622222,128,298,128,384,,,15972506848661134764,912b954a3d04f1dd53376138f8812bd7458eb785a069e52e8cfcf8d7241cb0ec
liblevenshtein.causal-query-cache-policy-matrix.v2,25,2,1,sieve,hot-hits,100000,509537,5.095370,0,0.000000000,0,0.000000000,0,0,100000,0,1.000000000,128,317,128,384,,,15281478681180837072,912b954a3d04f1dd53376138f8812bd7458eb785a069e52e8cfcf8d7241cb0ec
liblevenshtein.causal-query-cache-policy-matrix.v2,25,2,2,sieve,scan,1280,62188,48.584375,3840,3.000000000,92160,72.000000000,3840,92160,0,1280,0.000000000,128,319,128,384,0,,2340858717421899392,912b954a3d04f1dd53376138f8812bd7458eb785a069e52e8cfcf8d7241cb0ec
liblevenshtein.causal-query-cache-policy-matrix.v2,25,2,3,sieve,phase-shift,8192,52461,6.403931,384,0.046875000,9216,1.125000000,384,9216,8064,128,0.984375000,128,321,128,384,,1,15232647556281634816,912b954a3d04f1dd53376138f8812bd7458eb785a069e52e8cfcf8d7241cb0ec
liblevenshtein.causal-query-cache-policy-matrix.v2,25,3,0,aging-exact-lfu,hot-hits,100000,621549,6.215490,0,0.000000000,0,0.000000000,0,0,100000,0,1.000000000,128,317,128,384,,,15281478681180837072,912b954a3d04f1dd53376138f8812bd7458eb785a069e52e8cfcf8d7241cb0ec
liblevenshtein.causal-query-cache-policy-matrix.v2,25,3,1,aging-exact-lfu,scan,1280,762887,596.005469,3840,3.000000000,92160,72.000000000,3840,92160,0,1280,0.000000000,128,319,128,384,127,,2340858717421899392,912b954a3d04f1dd53376138f8812bd7458eb785a069e52e8cfcf8d7241cb0ec
liblevenshtein.causal-query-cache-policy-matrix.v2,25,3,2,aging-exact-lfu,phase-shift,8192,1933237,235.990845,9594,1.171142578,230256,28.107421875,9594,230256,4994,3198,0.609619141,128,321,128,384,,25,15232647556281634816,912b954a3d04f1dd53376138f8812bd7458eb785a069e52e8cfcf8d7241cb0ec
liblevenshtein.causal-query-cache-policy-matrix.v2,25,3,3,aging-exact-lfu,zipf,180000,35873476,199.297089,182859,1.015883333,4388616,24.381200000,182859,4388616,119047,60953,0.661372222,128,299,128,384,,,15972506848661134764,912b954a3d04f1dd53376138f8812bd7458eb785a069e52e8cfcf8d7241cb0ec
liblevenshtein.causal-query-cache-policy-matrix.v2,25,4,0,tinylfu-sieve,scan,1280,238924,186.659375,2560,2.000000000,40960,32.000000000,2560,40960,0,1280,0.000000000,128,317,128,384,128,,2340858717421899392,912b954a3d04f1dd53376138f8812bd7458eb785a069e52e8cfcf8d7241cb0ec
liblevenshtein.causal-query-cache-policy-matrix.v2,25,4,1,tinylfu-sieve,phase-shift,8192,427909,52.234985,2792,0.340820312,47744,5.828125000,2792,47744,6860,1332,0.837402344,128,321,128,384,,19,15232647556281634816,912b954a3d04f1dd53376138f8812bd7458eb785a069e52e8cfcf8d7241cb0ec
liblevenshtein.causal-query-cache-policy-matrix.v2,25,4,2,tinylfu-sieve,zipf,180000,10963198,60.906656,131143,0.728572222,2406096,13.367200000,131143,2375120,119551,60449,0.664172222,128,276,128,384,,,15972506848661134764,912b954a3d04f1dd53376138f8812bd7458eb785a069e52e8cfcf8d7241cb0ec
liblevenshtein.causal-query-cache-policy-matrix.v2,25,4,3,tinylfu-sieve,hot-hits,100000,3430217,34.302170,0,0.000000000,0,0.000000000,0,0,100000,0,1.000000000,128,317,128,384,,,15281478681180837072,912b954a3d04f1dd53376138f8812bd7458eb785a069e52e8cfcf8d7241cb0ec
liblevenshtein.causal-query-cache-policy-matrix.v2,26,0,0,lru,phase-shift,8192,65918,8.046631,384,0.046875000,9216,1.125000000,384,9216,8064,128,0.984375000,128,321,128,384,,1,15232647556281634816,912b954a3d04f1dd53376138f8812bd7458eb785a069e52e8cfcf8d7241cb0ec
liblevenshtein.causal-query-cache-policy-matrix.v2,26,0,1,lru,zipf,180000,5303822,29.465678,214311,1.190616667,5143464,28.574800000,214311,5143464,108563,71437,0.603127778,128,296,128,384,,,15972506848661134764,912b954a3d04f1dd53376138f8812bd7458eb785a069e52e8cfcf8d7241cb0ec
liblevenshtein.causal-query-cache-policy-matrix.v2,26,0,2,lru,hot-hits,100000,845794,8.457940,0,0.000000000,0,0.000000000,0,0,100000,0,1.000000000,128,317,128,384,,,15281478681180837072,912b954a3d04f1dd53376138f8812bd7458eb785a069e52e8cfcf8d7241cb0ec
liblevenshtein.causal-query-cache-policy-matrix.v2,26,0,3,lru,scan,1280,63120,49.312500,3840,3.000000000,92160,72.000000000,3840,92160,0,1280,0.000000000,128,319,128,384,0,,2340858717421899392,912b954a3d04f1dd53376138f8812bd7458eb785a069e52e8cfcf8d7241cb0ec
liblevenshtein.causal-query-cache-policy-matrix.v2,26,1,0,sieve,zipf,180000,4953908,27.521711,207564,1.153133333,4981536,27.675200000,207564,4981536,110812,69188,0.615622222,128,298,128,384,,,15972506848661134764,912b954a3d04f1dd53376138f8812bd7458eb785a069e52e8cfcf8d7241cb0ec
liblevenshtein.causal-query-cache-policy-matrix.v2,26,1,1,sieve,hot-hits,100000,512853,5.128530,0,0.000000000,0,0.000000000,0,0,100000,0,1.000000000,128,317,128,384,,,15281478681180837072,912b954a3d04f1dd53376138f8812bd7458eb785a069e52e8cfcf8d7241cb0ec
liblevenshtein.causal-query-cache-policy-matrix.v2,26,1,2,sieve,scan,1280,64232,50.181250,3840,3.000000000,92160,72.000000000,3840,92160,0,1280,0.000000000,128,319,128,384,0,,2340858717421899392,912b954a3d04f1dd53376138f8812bd7458eb785a069e52e8cfcf8d7241cb0ec
liblevenshtein.causal-query-cache-policy-matrix.v2,26,1,3,sieve,phase-shift,8192,46989,5.735962,384,0.046875000,9216,1.125000000,384,9216,8064,128,0.984375000,128,321,128,384,,1,15232647556281634816,912b954a3d04f1dd53376138f8812bd7458eb785a069e52e8cfcf8d7241cb0ec
liblevenshtein.causal-query-cache-policy-matrix.v2,26,2,0,aging-exact-lfu,hot-hits,100000,638983,6.389830,0,0.000000000,0,0.000000000,0,0,100000,0,1.000000000,128,317,128,384,,,15281478681180837072,912b954a3d04f1dd53376138f8812bd7458eb785a069e52e8cfcf8d7241cb0ec
liblevenshtein.causal-query-cache-policy-matrix.v2,26,2,1,aging-exact-lfu,scan,1280,759812,593.603125,3840,3.000000000,92160,72.000000000,3840,92160,0,1280,0.000000000,128,319,128,384,127,,2340858717421899392,912b954a3d04f1dd53376138f8812bd7458eb785a069e52e8cfcf8d7241cb0ec
liblevenshtein.causal-query-cache-policy-matrix.v2,26,2,2,aging-exact-lfu,phase-shift,8192,1937063,236.457886,9594,1.171142578,230256,28.107421875,9594,230256,4994,3198,0.609619141,128,321,128,384,,25,15232647556281634816,912b954a3d04f1dd53376138f8812bd7458eb785a069e52e8cfcf8d7241cb0ec
liblevenshtein.causal-query-cache-policy-matrix.v2,26,2,3,aging-exact-lfu,zipf,180000,35869739,199.276328,182859,1.015883333,4388616,24.381200000,182859,4388616,119047,60953,0.661372222,128,299,128,384,,,15972506848661134764,912b954a3d04f1dd53376138f8812bd7458eb785a069e52e8cfcf8d7241cb0ec
liblevenshtein.causal-query-cache-policy-matrix.v2,26,3,0,tinylfu-sieve,scan,1280,245075,191.464844,2560,2.000000000,40960,32.000000000,2560,40960,0,1280,0.000000000,128,317,128,384,128,,2340858717421899392,912b954a3d04f1dd53376138f8812bd7458eb785a069e52e8cfcf8d7241cb0ec
liblevenshtein.causal-query-cache-policy-matrix.v2,26,3,1,tinylfu-sieve,phase-shift,8192,425980,51.999512,2792,0.340820312,47744,5.828125000,2792,47744,6860,1332,0.837402344,128,321,128,384,,19,15232647556281634816,912b954a3d04f1dd53376138f8812bd7458eb785a069e52e8cfcf8d7241cb0ec
liblevenshtein.causal-query-cache-policy-matrix.v2,26,3,2,tinylfu-sieve,zipf,180000,11048871,61.382617,131143,0.728572222,2406096,13.367200000,131143,2375120,119551,60449,0.664172222,128,276,128,384,,,15972506848661134764,912b954a3d04f1dd53376138f8812bd7458eb785a069e52e8cfcf8d7241cb0ec
liblevenshtein.causal-query-cache-policy-matrix.v2,26,3,3,tinylfu-sieve,hot-hits,100000,3450496,34.504960,0,0.000000000,0,0.000000000,0,0,100000,0,1.000000000,128,317,128,384,,,15281478681180837072,912b954a3d04f1dd53376138f8812bd7458eb785a069e52e8cfcf8d7241cb0ec
liblevenshtein.causal-query-cache-policy-matrix.v2,26,4,0,fifo,phase-shift,8192,43261,5.280884,384,0.046875000,9216,1.125000000,384,9216,8064,128,0.984375000,128,321,128,384,,1,15232647556281634816,912b954a3d04f1dd53376138f8812bd7458eb785a069e52e8cfcf8d7241cb0ec
liblevenshtein.causal-query-cache-policy-matrix.v2,26,4,1,fifo,zipf,180000,5255030,29.194611,243207,1.351150000,5836968,32.427600000,243207,5836968,98931,81069,0.549616667,128,302,128,384,,,15972506848661134764,912b954a3d04f1dd53376138f8812bd7458eb785a069e52e8cfcf8d7241cb0ec
liblevenshtein.causal-query-cache-policy-matrix.v2,26,4,2,fifo,hot-hits,100000,444473,4.444730,0,0.000000000,0,0.000000000,0,0,100000,0,1.000000000,128,317,128,384,,,15281478681180837072,912b954a3d04f1dd53376138f8812bd7458eb785a069e52e8cfcf8d7241cb0ec
liblevenshtein.causal-query-cache-policy-matrix.v2,26,4,3,fifo,scan,1280,62128,48.537500,3840,3.000000000,92160,72.000000000,3840,92160,0,1280,0.000000000,128,319,128,384,0,,2340858717421899392,912b954a3d04f1dd53376138f8812bd7458eb785a069e52e8cfcf8d7241cb0ec
liblevenshtein.causal-query-cache-policy-matrix.v2,27,0,0,sieve,zipf,180000,4920324,27.335133,207564,1.153133333,4981536,27.675200000,207564,4981536,110812,69188,0.615622222,128,298,128,384,,,15972506848661134764,912b954a3d04f1dd53376138f8812bd7458eb785a069e52e8cfcf8d7241cb0ec
liblevenshtein.causal-query-cache-policy-matrix.v2,27,0,1,sieve,hot-hits,100000,520909,5.209090,0,0.000000000,0,0.000000000,0,0,100000,0,1.000000000,128,317,128,384,,,15281478681180837072,912b954a3d04f1dd53376138f8812bd7458eb785a069e52e8cfcf8d7241cb0ec
liblevenshtein.causal-query-cache-policy-matrix.v2,27,0,2,sieve,scan,1280,62319,48.686719,3840,3.000000000,92160,72.000000000,3840,92160,0,1280,0.000000000,128,319,128,384,0,,2340858717421899392,912b954a3d04f1dd53376138f8812bd7458eb785a069e52e8cfcf8d7241cb0ec
liblevenshtein.causal-query-cache-policy-matrix.v2,27,0,3,sieve,phase-shift,8192,47500,5.798340,384,0.046875000,9216,1.125000000,384,9216,8064,128,0.984375000,128,321,128,384,,1,15232647556281634816,912b954a3d04f1dd53376138f8812bd7458eb785a069e52e8cfcf8d7241cb0ec
liblevenshtein.causal-query-cache-policy-matrix.v2,27,1,0,aging-exact-lfu,hot-hits,100000,629514,6.295140,0,0.000000000,0,0.000000000,0,0,100000,0,1.000000000,128,317,128,384,,,15281478681180837072,912b954a3d04f1dd53376138f8812bd7458eb785a069e52e8cfcf8d7241cb0ec
liblevenshtein.causal-query-cache-policy-matrix.v2,27,1,1,aging-exact-lfu,scan,1280,764190,597.023438,3840,3.000000000,92160,72.000000000,3840,92160,0,1280,0.000000000,128,319,128,384,127,,2340858717421899392,912b954a3d04f1dd53376138f8812bd7458eb785a069e52e8cfcf8d7241cb0ec
liblevenshtein.causal-query-cache-policy-matrix.v2,27,1,2,aging-exact-lfu,phase-shift,8192,1937784,236.545898,9594,1.171142578,230256,28.107421875,9594,230256,4994,3198,0.609619141,128,321,128,384,,25,15232647556281634816,912b954a3d04f1dd53376138f8812bd7458eb785a069e52e8cfcf8d7241cb0ec
liblevenshtein.causal-query-cache-policy-matrix.v2,27,1,3,aging-exact-lfu,zipf,180000,35920445,199.558028,182859,1.015883333,4388616,24.381200000,182859,4388616,119047,60953,0.661372222,128,299,128,384,,,15972506848661134764,912b954a3d04f1dd53376138f8812bd7458eb785a069e52e8cfcf8d7241cb0ec
liblevenshtein.causal-query-cache-policy-matrix.v2,27,2,0,tinylfu-sieve,scan,1280,239965,187.472656,2560,2.000000000,40960,32.000000000,2560,40960,0,1280,0.000000000,128,317,128,384,128,,2340858717421899392,912b954a3d04f1dd53376138f8812bd7458eb785a069e52e8cfcf8d7241cb0ec
liblevenshtein.causal-query-cache-policy-matrix.v2,27,2,1,tinylfu-sieve,phase-shift,8192,429786,52.464111,2792,0.340820312,47744,5.828125000,2792,47744,6860,1332,0.837402344,128,321,128,384,,19,15232647556281634816,912b954a3d04f1dd53376138f8812bd7458eb785a069e52e8cfcf8d7241cb0ec
liblevenshtein.causal-query-cache-policy-matrix.v2,27,2,2,tinylfu-sieve,zipf,180000,11078687,61.548261,131143,0.728572222,2406096,13.367200000,131143,2375120,119551,60449,0.664172222,128,276,128,384,,,15972506848661134764,912b954a3d04f1dd53376138f8812bd7458eb785a069e52e8cfcf8d7241cb0ec
liblevenshtein.causal-query-cache-policy-matrix.v2,27,2,3,tinylfu-sieve,hot-hits,100000,3454474,34.544740,0,0.000000000,0,0.000000000,0,0,100000,0,1.000000000,128,317,128,384,,,15281478681180837072,912b954a3d04f1dd53376138f8812bd7458eb785a069e52e8cfcf8d7241cb0ec
liblevenshtein.causal-query-cache-policy-matrix.v2,27,3,0,fifo,phase-shift,8192,43362,5.293213,384,0.046875000,9216,1.125000000,384,9216,8064,128,0.984375000,128,321,128,384,,1,15232647556281634816,912b954a3d04f1dd53376138f8812bd7458eb785a069e52e8cfcf8d7241cb0ec
liblevenshtein.causal-query-cache-policy-matrix.v2,27,3,1,fifo,zipf,180000,5328859,29.604772,243207,1.351150000,5836968,32.427600000,243207,5836968,98931,81069,0.549616667,128,302,128,384,,,15972506848661134764,912b954a3d04f1dd53376138f8812bd7458eb785a069e52e8cfcf8d7241cb0ec
liblevenshtein.causal-query-cache-policy-matrix.v2,27,3,2,fifo,hot-hits,100000,454251,4.542510,0,0.000000000,0,0.000000000,0,0,100000,0,1.000000000,128,317,128,384,,,15281478681180837072,912b954a3d04f1dd53376138f8812bd7458eb785a069e52e8cfcf8d7241cb0ec
liblevenshtein.causal-query-cache-policy-matrix.v2,27,3,3,fifo,scan,1280,63411,49.539844,3840,3.000000000,92160,72.000000000,3840,92160,0,1280,0.000000000,128,319,128,384,0,,2340858717421899392,912b954a3d04f1dd53376138f8812bd7458eb785a069e52e8cfcf8d7241cb0ec
liblevenshtein.causal-query-cache-policy-matrix.v2,27,4,0,lru,zipf,180000,5279566,29.330922,214311,1.190616667,5143464,28.574800000,214311,5143464,108563,71437,0.603127778,128,296,128,384,,,15972506848661134764,912b954a3d04f1dd53376138f8812bd7458eb785a069e52e8cfcf8d7241cb0ec
liblevenshtein.causal-query-cache-policy-matrix.v2,27,4,1,lru,hot-hits,100000,718773,7.187730,0,0.000000000,0,0.000000000,0,0,100000,0,1.000000000,128,317,128,384,,,15281478681180837072,912b954a3d04f1dd53376138f8812bd7458eb785a069e52e8cfcf8d7241cb0ec
liblevenshtein.causal-query-cache-policy-matrix.v2,27,4,2,lru,scan,1280,63550,49.648438,3840,3.000000000,92160,72.000000000,3840,92160,0,1280,0.000000000,128,319,128,384,0,,2340858717421899392,912b954a3d04f1dd53376138f8812bd7458eb785a069e52e8cfcf8d7241cb0ec
liblevenshtein.causal-query-cache-policy-matrix.v2,27,4,3,lru,phase-shift,8192,63022,7.693115,384,0.046875000,9216,1.125000000,384,9216,8064,128,0.984375000,128,321,128,384,,1,15232647556281634816,912b954a3d04f1dd53376138f8812bd7458eb785a069e52e8cfcf8d7241cb0ec
liblevenshtein.causal-query-cache-policy-matrix.v2,28,0,0,aging-exact-lfu,hot-hits,100000,629324,6.293240,0,0.000000000,0,0.000000000,0,0,100000,0,1.000000000,128,317,128,384,,,15281478681180837072,912b954a3d04f1dd53376138f8812bd7458eb785a069e52e8cfcf8d7241cb0ec
liblevenshtein.causal-query-cache-policy-matrix.v2,28,0,1,aging-exact-lfu,scan,1280,764209,597.038281,3840,3.000000000,92160,72.000000000,3840,92160,0,1280,0.000000000,128,319,128,384,127,,2340858717421899392,912b954a3d04f1dd53376138f8812bd7458eb785a069e52e8cfcf8d7241cb0ec
liblevenshtein.causal-query-cache-policy-matrix.v2,28,0,2,aging-exact-lfu,phase-shift,8192,1933718,236.049561,9594,1.171142578,230256,28.107421875,9594,230256,4994,3198,0.609619141,128,321,128,384,,25,15232647556281634816,912b954a3d04f1dd53376138f8812bd7458eb785a069e52e8cfcf8d7241cb0ec
liblevenshtein.causal-query-cache-policy-matrix.v2,28,0,3,aging-exact-lfu,zipf,180000,35809865,198.943694,182859,1.015883333,4388616,24.381200000,182859,4388616,119047,60953,0.661372222,128,299,128,384,,,15972506848661134764,912b954a3d04f1dd53376138f8812bd7458eb785a069e52e8cfcf8d7241cb0ec
liblevenshtein.causal-query-cache-policy-matrix.v2,28,1,0,tinylfu-sieve,scan,1280,240927,188.224219,2560,2.000000000,40960,32.000000000,2560,40960,0,1280,0.000000000,128,317,128,384,128,,2340858717421899392,912b954a3d04f1dd53376138f8812bd7458eb785a069e52e8cfcf8d7241cb0ec
liblevenshtein.causal-query-cache-policy-matrix.v2,28,1,1,tinylfu-sieve,phase-shift,8192,431566,52.681396,2792,0.340820312,47744,5.828125000,2792,47744,6860,1332,0.837402344,128,321,128,384,,19,15232647556281634816,912b954a3d04f1dd53376138f8812bd7458eb785a069e52e8cfcf8d7241cb0ec
liblevenshtein.causal-query-cache-policy-matrix.v2,28,1,2,tinylfu-sieve,zipf,180000,11088526,61.602922,131143,0.728572222,2406096,13.367200000,131143,2375120,119551,60449,0.664172222,128,276,128,384,,,15972506848661134764,912b954a3d04f1dd53376138f8812bd7458eb785a069e52e8cfcf8d7241cb0ec
liblevenshtein.causal-query-cache-policy-matrix.v2,28,1,3,tinylfu-sieve,hot-hits,100000,3400912,34.009120,0,0.000000000,0,0.000000000,0,0,100000,0,1.000000000,128,317,128,384,,,15281478681180837072,912b954a3d04f1dd53376138f8812bd7458eb785a069e52e8cfcf8d7241cb0ec
liblevenshtein.causal-query-cache-policy-matrix.v2,28,2,0,fifo,phase-shift,8192,43224,5.276367,384,0.046875000,9216,1.125000000,384,9216,8064,128,0.984375000,128,321,128,384,,1,15232647556281634816,912b954a3d04f1dd53376138f8812bd7458eb785a069e52e8cfcf8d7241cb0ec
liblevenshtein.causal-query-cache-policy-matrix.v2,28,2,1,fifo,zipf,180000,5275528,29.308489,243207,1.351150000,5836968,32.427600000,243207,5836968,98931,81069,0.549616667,128,302,128,384,,,15972506848661134764,912b954a3d04f1dd53376138f8812bd7458eb785a069e52e8cfcf8d7241cb0ec
liblevenshtein.causal-query-cache-policy-matrix.v2,28,2,2,fifo,hot-hits,100000,461475,4.614750,0,0.000000000,0,0.000000000,0,0,100000,0,1.000000000,128,317,128,384,,,15281478681180837072,912b954a3d04f1dd53376138f8812bd7458eb785a069e52e8cfcf8d7241cb0ec
liblevenshtein.causal-query-cache-policy-matrix.v2,28,2,3,fifo,scan,1280,62639,48.936719,3840,3.000000000,92160,72.000000000,3840,92160,0,1280,0.000000000,128,319,128,384,0,,2340858717421899392,912b954a3d04f1dd53376138f8812bd7458eb785a069e52e8cfcf8d7241cb0ec
liblevenshtein.causal-query-cache-policy-matrix.v2,28,3,0,lru,zipf,180000,5236805,29.093361,214311,1.190616667,5143464,28.574800000,214311,5143464,108563,71437,0.603127778,128,296,128,384,,,15972506848661134764,912b954a3d04f1dd53376138f8812bd7458eb785a069e52e8cfcf8d7241cb0ec
liblevenshtein.causal-query-cache-policy-matrix.v2,28,3,1,lru,hot-hits,100000,723964,7.239640,0,0.000000000,0,0.000000000,0,0,100000,0,1.000000000,128,317,128,384,,,15281478681180837072,912b954a3d04f1dd53376138f8812bd7458eb785a069e52e8cfcf8d7241cb0ec
liblevenshtein.causal-query-cache-policy-matrix.v2,28,3,2,lru,scan,1280,62047,48.474219,3840,3.000000000,92160,72.000000000,3840,92160,0,1280,0.000000000,128,319,128,384,0,,2340858717421899392,912b954a3d04f1dd53376138f8812bd7458eb785a069e52e8cfcf8d7241cb0ec
liblevenshtein.causal-query-cache-policy-matrix.v2,28,3,3,lru,phase-shift,8192,62024,7.571289,384,0.046875000,9216,1.125000000,384,9216,8064,128,0.984375000,128,321,128,384,,1,15232647556281634816,912b954a3d04f1dd53376138f8812bd7458eb785a069e52e8cfcf8d7241cb0ec
liblevenshtein.causal-query-cache-policy-matrix.v2,28,4,0,sieve,hot-hits,100000,519275,5.192750,0,0.000000000,0,0.000000000,0,0,100000,0,1.000000000,128,317,128,384,,,15281478681180837072,912b954a3d04f1dd53376138f8812bd7458eb785a069e52e8cfcf8d7241cb0ec
liblevenshtein.causal-query-cache-policy-matrix.v2,28,4,1,sieve,scan,1280,62569,48.882031,3840,3.000000000,92160,72.000000000,3840,92160,0,1280,0.000000000,128,319,128,384,0,,2340858717421899392,912b954a3d04f1dd53376138f8812bd7458eb785a069e52e8cfcf8d7241cb0ec
liblevenshtein.causal-query-cache-policy-matrix.v2,28,4,2,sieve,phase-shift,8192,46586,5.686768,384,0.046875000,9216,1.125000000,384,9216,8064,128,0.984375000,128,321,128,384,,1,15232647556281634816,912b954a3d04f1dd53376138f8812bd7458eb785a069e52e8cfcf8d7241cb0ec
liblevenshtein.causal-query-cache-policy-matrix.v2,28,4,3,sieve,zipf,180000,4909755,27.276417,207564,1.153133333,4981536,27.675200000,207564,4981536,110812,69188,0.615622222,128,298,128,384,,,15972506848661134764,912b954a3d04f1dd53376138f8812bd7458eb785a069e52e8cfcf8d7241cb0ec
liblevenshtein.causal-query-cache-policy-matrix.v2,29,0,0,tinylfu-sieve,scan,1280,239214,186.885938,2560,2.000000000,40960,32.000000000,2560,40960,0,1280,0.000000000,128,317,128,384,128,,2340858717421899392,912b954a3d04f1dd53376138f8812bd7458eb785a069e52e8cfcf8d7241cb0ec
liblevenshtein.causal-query-cache-policy-matrix.v2,29,0,1,tinylfu-sieve,phase-shift,8192,435986,53.220947,2792,0.340820312,47744,5.828125000,2792,47744,6860,1332,0.837402344,128,321,128,384,,19,15232647556281634816,912b954a3d04f1dd53376138f8812bd7458eb785a069e52e8cfcf8d7241cb0ec
liblevenshtein.causal-query-cache-policy-matrix.v2,29,0,2,tinylfu-sieve,zipf,180000,11074961,61.527561,131143,0.728572222,2406096,13.367200000,131143,2375120,119551,60449,0.664172222,128,276,128,384,,,15972506848661134764,912b954a3d04f1dd53376138f8812bd7458eb785a069e52e8cfcf8d7241cb0ec
liblevenshtein.causal-query-cache-policy-matrix.v2,29,0,3,tinylfu-sieve,hot-hits,100000,3468460,34.684600,0,0.000000000,0,0.000000000,0,0,100000,0,1.000000000,128,317,128,384,,,15281478681180837072,912b954a3d04f1dd53376138f8812bd7458eb785a069e52e8cfcf8d7241cb0ec
liblevenshtein.causal-query-cache-policy-matrix.v2,29,1,0,fifo,phase-shift,8192,43704,5.334961,384,0.046875000,9216,1.125000000,384,9216,8064,128,0.984375000,128,321,128,384,,1,15232647556281634816,912b954a3d04f1dd53376138f8812bd7458eb785a069e52e8cfcf8d7241cb0ec
liblevenshtein.causal-query-cache-policy-matrix.v2,29,1,1,fifo,zipf,180000,5300516,29.447311,243207,1.351150000,5836968,32.427600000,243207,5836968,98931,81069,0.549616667,128,302,128,384,,,15972506848661134764,912b954a3d04f1dd53376138f8812bd7458eb785a069e52e8cfcf8d7241cb0ec
liblevenshtein.causal-query-cache-policy-matrix.v2,29,1,2,fifo,hot-hits,100000,452879,4.528790,0,0.000000000,0,0.000000000,0,0,100000,0,1.000000000,128,317,128,384,,,15281478681180837072,912b954a3d04f1dd53376138f8812bd7458eb785a069e52e8cfcf8d7241cb0ec
liblevenshtein.causal-query-cache-policy-matrix.v2,29,1,3,fifo,scan,1280,61326,47.910938,3840,3.000000000,92160,72.000000000,3840,92160,0,1280,0.000000000,128,319,128,384,0,,2340858717421899392,912b954a3d04f1dd53376138f8812bd7458eb785a069e52e8cfcf8d7241cb0ec
liblevenshtein.causal-query-cache-policy-matrix.v2,29,2,0,lru,zipf,180000,5229872,29.054844,214311,1.190616667,5143464,28.574800000,214311,5143464,108563,71437,0.603127778,128,296,128,384,,,15972506848661134764,912b954a3d04f1dd53376138f8812bd7458eb785a069e52e8cfcf8d7241cb0ec
liblevenshtein.causal-query-cache-policy-matrix.v2,29,2,1,lru,hot-hits,100000,724504,7.245040,0,0.000000000,0,0.000000000,0,0,100000,0,1.000000000,128,317,128,384,,,15281478681180837072,912b954a3d04f1dd53376138f8812bd7458eb785a069e52e8cfcf8d7241cb0ec
liblevenshtein.causal-query-cache-policy-matrix.v2,29,2,2,lru,scan,1280,61056,47.700000,3840,3.000000000,92160,72.000000000,3840,92160,0,1280,0.000000000,128,319,128,384,0,,2340858717421899392,912b954a3d04f1dd53376138f8812bd7458eb785a069e52e8cfcf8d7241cb0ec
liblevenshtein.causal-query-cache-policy-matrix.v2,29,2,3,lru,phase-shift,8192,63858,7.795166,384,0.046875000,9216,1.125000000,384,9216,8064,128,0.984375000,128,321,128,384,,1,15232647556281634816,912b954a3d04f1dd53376138f8812bd7458eb785a069e52e8cfcf8d7241cb0ec
liblevenshtein.causal-query-cache-policy-matrix.v2,29,3,0,sieve,hot-hits,100000,515167,5.151670,0,0.000000000,0,0.000000000,0,0,100000,0,1.000000000,128,317,128,384,,,15281478681180837072,912b954a3d04f1dd53376138f8812bd7458eb785a069e52e8cfcf8d7241cb0ec
liblevenshtein.causal-query-cache-policy-matrix.v2,29,3,1,sieve,scan,1280,60986,47.645313,3840,3.000000000,92160,72.000000000,3840,92160,0,1280,0.000000000,128,319,128,384,0,,2340858717421899392,912b954a3d04f1dd53376138f8812bd7458eb785a069e52e8cfcf8d7241cb0ec
liblevenshtein.causal-query-cache-policy-matrix.v2,29,3,2,sieve,phase-shift,8192,52601,6.421021,384,0.046875000,9216,1.125000000,384,9216,8064,128,0.984375000,128,321,128,384,,1,15232647556281634816,912b954a3d04f1dd53376138f8812bd7458eb785a069e52e8cfcf8d7241cb0ec
liblevenshtein.causal-query-cache-policy-matrix.v2,29,3,3,sieve,zipf,180000,4916718,27.315100,207564,1.153133333,4981536,27.675200000,207564,4981536,110812,69188,0.615622222,128,298,128,384,,,15972506848661134764,912b954a3d04f1dd53376138f8812bd7458eb785a069e52e8cfcf8d7241cb0ec
liblevenshtein.causal-query-cache-policy-matrix.v2,29,4,0,aging-exact-lfu,scan,1280,763097,596.169531,3840,3.000000000,92160,72.000000000,3840,92160,0,1280,0.000000000,128,319,128,384,127,,2340858717421899392,912b954a3d04f1dd53376138f8812bd7458eb785a069e52e8cfcf8d7241cb0ec
liblevenshtein.causal-query-cache-policy-matrix.v2,29,4,1,aging-exact-lfu,phase-shift,8192,1945690,237.510986,9594,1.171142578,230256,28.107421875,9594,230256,4994,3198,0.609619141,128,321,128,384,,25,15232647556281634816,912b954a3d04f1dd53376138f8812bd7458eb785a069e52e8cfcf8d7241cb0ec
liblevenshtein.causal-query-cache-policy-matrix.v2,29,4,2,aging-exact-lfu,zipf,180000,35913291,199.518283,182859,1.015883333,4388616,24.381200000,182859,4388616,119047,60953,0.661372222,128,299,128,384,,,15972506848661134764,912b954a3d04f1dd53376138f8812bd7458eb785a069e52e8cfcf8d7241cb0ec
liblevenshtein.causal-query-cache-policy-matrix.v2,29,4,3,aging-exact-lfu,hot-hits,100000,624254,6.242540,0,0.000000000,0,0.000000000,0,0,100000,0,1.000000000,128,317,128,384,,,15281478681180837072,912b954a3d04f1dd53376138f8812bd7458eb785a069e52e8cfcf8d7241cb0ec
liblevenshtein.causal-query-cache-policy-matrix.v2,30,0,0,fifo,phase-shift,8192,45416,5.543945,384,0.046875000,9216,1.125000000,384,9216,8064,128,0.984375000,128,321,128,384,,1,15232647556281634816,912b954a3d04f1dd53376138f8812bd7458eb785a069e52e8cfcf8d7241cb0ec
liblevenshtein.causal-query-cache-policy-matrix.v2,30,0,1,fifo,zipf,180000,5276019,29.311217,243207,1.351150000,5836968,32.427600000,243207,5836968,98931,81069,0.549616667,128,302,128,384,,,15972506848661134764,912b954a3d04f1dd53376138f8812bd7458eb785a069e52e8cfcf8d7241cb0ec
liblevenshtein.causal-query-cache-policy-matrix.v2,30,0,2,fifo,hot-hits,100000,444914,4.449140,0,0.000000000,0,0.000000000,0,0,100000,0,1.000000000,128,317,128,384,,,15281478681180837072,912b954a3d04f1dd53376138f8812bd7458eb785a069e52e8cfcf8d7241cb0ec
liblevenshtein.causal-query-cache-policy-matrix.v2,30,0,3,fifo,scan,1280,61918,48.373438,3840,3.000000000,92160,72.000000000,3840,92160,0,1280,0.000000000,128,319,128,384,0,,2340858717421899392,912b954a3d04f1dd53376138f8812bd7458eb785a069e52e8cfcf8d7241cb0ec
liblevenshtein.causal-query-cache-policy-matrix.v2,30,1,0,lru,zipf,180000,5282031,29.344617,214311,1.190616667,5143464,28.574800000,214311,5143464,108563,71437,0.603127778,128,296,128,384,,,15972506848661134764,912b954a3d04f1dd53376138f8812bd7458eb785a069e52e8cfcf8d7241cb0ec
liblevenshtein.causal-query-cache-policy-matrix.v2,30,1,1,lru,hot-hits,100000,742108,7.421080,0,0.000000000,0,0.000000000,0,0,100000,0,1.000000000,128,317,128,384,,,15281478681180837072,912b954a3d04f1dd53376138f8812bd7458eb785a069e52e8cfcf8d7241cb0ec
liblevenshtein.causal-query-cache-policy-matrix.v2,30,1,2,lru,scan,1280,61938,48.389063,3840,3.000000000,92160,72.000000000,3840,92160,0,1280,0.000000000,128,319,128,384,0,,2340858717421899392,912b954a3d04f1dd53376138f8812bd7458eb785a069e52e8cfcf8d7241cb0ec
liblevenshtein.causal-query-cache-policy-matrix.v2,30,1,3,lru,phase-shift,8192,63822,7.790771,384,0.046875000,9216,1.125000000,384,9216,8064,128,0.984375000,128,321,128,384,,1,15232647556281634816,912b954a3d04f1dd53376138f8812bd7458eb785a069e52e8cfcf8d7241cb0ec
liblevenshtein.causal-query-cache-policy-matrix.v2,30,2,0,sieve,hot-hits,100000,507182,5.071820,0,0.000000000,0,0.000000000,0,0,100000,0,1.000000000,128,317,128,384,,,15281478681180837072,912b954a3d04f1dd53376138f8812bd7458eb785a069e52e8cfcf8d7241cb0ec
liblevenshtein.causal-query-cache-policy-matrix.v2,30,2,1,sieve,scan,1280,62138,48.545313,3840,3.000000000,92160,72.000000000,3840,92160,0,1280,0.000000000,128,319,128,384,0,,2340858717421899392,912b954a3d04f1dd53376138f8812bd7458eb785a069e52e8cfcf8d7241cb0ec
liblevenshtein.causal-query-cache-policy-matrix.v2,30,2,2,sieve,phase-shift,8192,52019,6.349976,384,0.046875000,9216,1.125000000,384,9216,8064,128,0.984375000,128,321,128,384,,1,15232647556281634816,912b954a3d04f1dd53376138f8812bd7458eb785a069e52e8cfcf8d7241cb0ec
liblevenshtein.causal-query-cache-policy-matrix.v2,30,2,3,sieve,zipf,180000,4914222,27.301233,207564,1.153133333,4981536,27.675200000,207564,4981536,110812,69188,0.615622222,128,298,128,384,,,15972506848661134764,912b954a3d04f1dd53376138f8812bd7458eb785a069e52e8cfcf8d7241cb0ec
liblevenshtein.causal-query-cache-policy-matrix.v2,30,3,0,aging-exact-lfu,scan,1280,764150,596.992188,3840,3.000000000,92160,72.000000000,3840,92160,0,1280,0.000000000,128,319,128,384,127,,2340858717421899392,912b954a3d04f1dd53376138f8812bd7458eb785a069e52e8cfcf8d7241cb0ec
liblevenshtein.causal-query-cache-policy-matrix.v2,30,3,1,aging-exact-lfu,phase-shift,8192,1935622,236.281982,9594,1.171142578,230256,28.107421875,9594,230256,4994,3198,0.609619141,128,321,128,384,,25,15232647556281634816,912b954a3d04f1dd53376138f8812bd7458eb785a069e52e8cfcf8d7241cb0ec
liblevenshtein.causal-query-cache-policy-matrix.v2,30,3,2,aging-exact-lfu,zipf,180000,35857125,199.206250,182859,1.015883333,4388616,24.381200000,182859,4388616,119047,60953,0.661372222,128,299,128,384,,,15972506848661134764,912b954a3d04f1dd53376138f8812bd7458eb785a069e52e8cfcf8d7241cb0ec
liblevenshtein.causal-query-cache-policy-matrix.v2,30,3,3,aging-exact-lfu,hot-hits,100000,621449,6.214490,0,0.000000000,0,0.000000000,0,0,100000,0,1.000000000,128,317,128,384,,,15281478681180837072,912b954a3d04f1dd53376138f8812bd7458eb785a069e52e8cfcf8d7241cb0ec
liblevenshtein.causal-query-cache-policy-matrix.v2,30,4,0,tinylfu-sieve,phase-shift,8192,430689,52.574341,2792,0.340820312,47744,5.828125000,2792,47744,6860,1332,0.837402344,128,321,128,384,,19,15232647556281634816,912b954a3d04f1dd53376138f8812bd7458eb785a069e52e8cfcf8d7241cb0ec
liblevenshtein.causal-query-cache-policy-matrix.v2,30,4,1,tinylfu-sieve,zipf,180000,11074059,61.522550,131143,0.728572222,2406096,13.367200000,131143,2375120,119551,60449,0.664172222,128,276,128,384,,,15972506848661134764,912b954a3d04f1dd53376138f8812bd7458eb785a069e52e8cfcf8d7241cb0ec
liblevenshtein.causal-query-cache-policy-matrix.v2,30,4,2,tinylfu-sieve,hot-hits,100000,3450966,34.509660,0,0.000000000,0,0.000000000,0,0,100000,0,1.000000000,128,317,128,384,,,15281478681180837072,912b954a3d04f1dd53376138f8812bd7458eb785a069e52e8cfcf8d7241cb0ec
liblevenshtein.causal-query-cache-policy-matrix.v2,30,4,3,tinylfu-sieve,scan,1280,240416,187.825000,2560,2.000000000,40960,32.000000000,2560,40960,0,1280,0.000000000,128,317,128,384,128,,2340858717421899392,912b954a3d04f1dd53376138f8812bd7458eb785a069e52e8cfcf8d7241cb0ec
liblevenshtein.causal-query-cache-policy-matrix.v2,31,0,0,lru,zipf,180000,5204243,28.912461,214311,1.190616667,5143464,28.574800000,214311,5143464,108563,71437,0.603127778,128,296,128,384,,,15972506848661134764,912b954a3d04f1dd53376138f8812bd7458eb785a069e52e8cfcf8d7241cb0ec
liblevenshtein.causal-query-cache-policy-matrix.v2,31,0,1,lru,hot-hits,100000,766233,7.662330,0,0.000000000,0,0.000000000,0,0,100000,0,1.000000000,128,317,128,384,,,15281478681180837072,912b954a3d04f1dd53376138f8812bd7458eb785a069e52e8cfcf8d7241cb0ec
liblevenshtein.causal-query-cache-policy-matrix.v2,31,0,2,lru,scan,1280,60615,47.355469,3840,3.000000000,92160,72.000000000,3840,92160,0,1280,0.000000000,128,319,128,384,0,,2340858717421899392,912b954a3d04f1dd53376138f8812bd7458eb785a069e52e8cfcf8d7241cb0ec
liblevenshtein.causal-query-cache-policy-matrix.v2,31,0,3,lru,phase-shift,8192,62741,7.658813,384,0.046875000,9216,1.125000000,384,9216,8064,128,0.984375000,128,321,128,384,,1,15232647556281634816,912b954a3d04f1dd53376138f8812bd7458eb785a069e52e8cfcf8d7241cb0ec
liblevenshtein.causal-query-cache-policy-matrix.v2,31,1,0,sieve,hot-hits,100000,530256,5.302560,0,0.000000000,0,0.000000000,0,0,100000,0,1.000000000,128,317,128,384,,,15281478681180837072,912b954a3d04f1dd53376138f8812bd7458eb785a069e52e8cfcf8d7241cb0ec
liblevenshtein.causal-query-cache-policy-matrix.v2,31,1,1,sieve,scan,1280,60474,47.245312,3840,3.000000000,92160,72.000000000,3840,92160,0,1280,0.000000000,128,319,128,384,0,,2340858717421899392,912b954a3d04f1dd53376138f8812bd7458eb785a069e52e8cfcf8d7241cb0ec
liblevenshtein.causal-query-cache-policy-matrix.v2,31,1,2,sieve,phase-shift,8192,46450,5.670166,384,0.046875000,9216,1.125000000,384,9216,8064,128,0.984375000,128,321,128,384,,1,15232647556281634816,912b954a3d04f1dd53376138f8812bd7458eb785a069e52e8cfcf8d7241cb0ec
liblevenshtein.causal-query-cache-policy-matrix.v2,31,1,3,sieve,zipf,180000,4912089,27.289383,207564,1.153133333,4981536,27.675200000,207564,4981536,110812,69188,0.615622222,128,298,128,384,,,15972506848661134764,912b954a3d04f1dd53376138f8812bd7458eb785a069e52e8cfcf8d7241cb0ec
liblevenshtein.causal-query-cache-policy-matrix.v2,31,2,0,aging-exact-lfu,scan,1280,767366,599.504688,3840,3.000000000,92160,72.000000000,3840,92160,0,1280,0.000000000,128,319,128,384,127,,2340858717421899392,912b954a3d04f1dd53376138f8812bd7458eb785a069e52e8cfcf8d7241cb0ec
liblevenshtein.causal-query-cache-policy-matrix.v2,31,2,1,aging-exact-lfu,phase-shift,8192,1935262,236.238037,9594,1.171142578,230256,28.107421875,9594,230256,4994,3198,0.609619141,128,321,128,384,,25,15232647556281634816,912b954a3d04f1dd53376138f8812bd7458eb785a069e52e8cfcf8d7241cb0ec
liblevenshtein.causal-query-cache-policy-matrix.v2,31,2,2,aging-exact-lfu,zipf,180000,35823340,199.018556,182859,1.015883333,4388616,24.381200000,182859,4388616,119047,60953,0.661372222,128,299,128,384,,,15972506848661134764,912b954a3d04f1dd53376138f8812bd7458eb785a069e52e8cfcf8d7241cb0ec
liblevenshtein.causal-query-cache-policy-matrix.v2,31,2,3,aging-exact-lfu,hot-hits,100000,640334,6.403340,0,0.000000000,0,0.000000000,0,0,100000,0,1.000000000,128,317,128,384,,,15281478681180837072,912b954a3d04f1dd53376138f8812bd7458eb785a069e52e8cfcf8d7241cb0ec
liblevenshtein.causal-query-cache-policy-matrix.v2,31,3,0,tinylfu-sieve,phase-shift,8192,431387,52.659546,2792,0.340820312,47744,5.828125000,2792,47744,6860,1332,0.837402344,128,321,128,384,,19,15232647556281634816,912b954a3d04f1dd53376138f8812bd7458eb785a069e52e8cfcf8d7241cb0ec
liblevenshtein.causal-query-cache-policy-matrix.v2,31,3,1,tinylfu-sieve,zipf,180000,11137569,61.875383,131143,0.728572222,2406096,13.367200000,131143,2375120,119551,60449,0.664172222,128,276,128,384,,,15972506848661134764,912b954a3d04f1dd53376138f8812bd7458eb785a069e52e8cfcf8d7241cb0ec
liblevenshtein.causal-query-cache-policy-matrix.v2,31,3,2,tinylfu-sieve,hot-hits,100000,3422342,34.223420,0,0.000000000,0,0.000000000,0,0,100000,0,1.000000000,128,317,128,384,,,15281478681180837072,912b954a3d04f1dd53376138f8812bd7458eb785a069e52e8cfcf8d7241cb0ec
liblevenshtein.causal-query-cache-policy-matrix.v2,31,3,3,tinylfu-sieve,scan,1280,239154,186.839063,2560,2.000000000,40960,32.000000000,2560,40960,0,1280,0.000000000,128,317,128,384,128,,2340858717421899392,912b954a3d04f1dd53376138f8812bd7458eb785a069e52e8cfcf8d7241cb0ec
liblevenshtein.causal-query-cache-policy-matrix.v2,31,4,0,fifo,zipf,180000,5275618,29.308989,243207,1.351150000,5836968,32.427600000,243207,5836968,98931,81069,0.549616667,128,302,128,384,,,15972506848661134764,912b954a3d04f1dd53376138f8812bd7458eb785a069e52e8cfcf8d7241cb0ec
liblevenshtein.causal-query-cache-policy-matrix.v2,31,4,1,fifo,hot-hits,100000,451908,4.519080,0,0.000000000,0,0.000000000,0,0,100000,0,1.000000000,128,317,128,384,,,15281478681180837072,912b954a3d04f1dd53376138f8812bd7458eb785a069e52e8cfcf8d7241cb0ec
liblevenshtein.causal-query-cache-policy-matrix.v2,31,4,2,fifo,scan,1280,62629,48.928906,3840,3.000000000,92160,72.000000000,3840,92160,0,1280,0.000000000,128,319,128,384,0,,2340858717421899392,912b954a3d04f1dd53376138f8812bd7458eb785a069e52e8cfcf8d7241cb0ec
liblevenshtein.causal-query-cache-policy-matrix.v2,31,4,3,fifo,phase-shift,8192,47550,5.804443,384,0.046875000,9216,1.125000000,384,9216,8064,128,0.984375000,128,321,128,384,,1,15232647556281634816,912b954a3d04f1dd53376138f8812bd7458eb785a069e52e8cfcf8d7241cb0ec
liblevenshtein.causal-query-cache-policy-matrix.v2,32,0,0,sieve,hot-hits,100000,509266,5.092660,0,0.000000000,0,0.000000000,0,0,100000,0,1.000000000,128,317,128,384,,,15281478681180837072,912b954a3d04f1dd53376138f8812bd7458eb785a069e52e8cfcf8d7241cb0ec
liblevenshtein.causal-query-cache-policy-matrix.v2,32,0,1,sieve,scan,1280,61426,47.989063,3840,3.000000000,92160,72.000000000,3840,92160,0,1280,0.000000000,128,319,128,384,0,,2340858717421899392,912b954a3d04f1dd53376138f8812bd7458eb785a069e52e8cfcf8d7241cb0ec
liblevenshtein.causal-query-cache-policy-matrix.v2,32,0,2,sieve,phase-shift,8192,47779,5.832397,384,0.046875000,9216,1.125000000,384,9216,8064,128,0.984375000,128,321,128,384,,1,15232647556281634816,912b954a3d04f1dd53376138f8812bd7458eb785a069e52e8cfcf8d7241cb0ec
liblevenshtein.causal-query-cache-policy-matrix.v2,32,0,3,sieve,zipf,180000,4885398,27.141100,207564,1.153133333,4981536,27.675200000,207564,4981536,110812,69188,0.615622222,128,298,128,384,,,15972506848661134764,912b954a3d04f1dd53376138f8812bd7458eb785a069e52e8cfcf8d7241cb0ec
liblevenshtein.causal-query-cache-policy-matrix.v2,32,1,0,aging-exact-lfu,scan,1280,764190,597.023438,3840,3.000000000,92160,72.000000000,3840,92160,0,1280,0.000000000,128,319,128,384,127,,2340858717421899392,912b954a3d04f1dd53376138f8812bd7458eb785a069e52e8cfcf8d7241cb0ec
liblevenshtein.causal-query-cache-policy-matrix.v2,32,1,1,aging-exact-lfu,phase-shift,8192,1942947,237.176147,9594,1.171142578,230256,28.107421875,9594,230256,4994,3198,0.609619141,128,321,128,384,,25,15232647556281634816,912b954a3d04f1dd53376138f8812bd7458eb785a069e52e8cfcf8d7241cb0ec
liblevenshtein.causal-query-cache-policy-matrix.v2,32,1,2,aging-exact-lfu,zipf,180000,35788073,198.822628,182859,1.015883333,4388616,24.381200000,182859,4388616,119047,60953,0.661372222,128,299,128,384,,,15972506848661134764,912b954a3d04f1dd53376138f8812bd7458eb785a069e52e8cfcf8d7241cb0ec
liblevenshtein.causal-query-cache-policy-matrix.v2,32,1,3,aging-exact-lfu,hot-hits,100000,624895,6.248950,0,0.000000000,0,0.000000000,0,0,100000,0,1.000000000,128,317,128,384,,,15281478681180837072,912b954a3d04f1dd53376138f8812bd7458eb785a069e52e8cfcf8d7241cb0ec
liblevenshtein.causal-query-cache-policy-matrix.v2,32,2,0,tinylfu-sieve,phase-shift,8192,428800,52.343750,2792,0.340820312,47744,5.828125000,2792,47744,6860,1332,0.837402344,128,321,128,384,,19,15232647556281634816,912b954a3d04f1dd53376138f8812bd7458eb785a069e52e8cfcf8d7241cb0ec
liblevenshtein.causal-query-cache-policy-matrix.v2,32,2,1,tinylfu-sieve,zipf,180000,10978327,60.990706,131143,0.728572222,2406096,13.367200000,131143,2375120,119551,60449,0.664172222,128,276,128,384,,,15972506848661134764,912b954a3d04f1dd53376138f8812bd7458eb785a069e52e8cfcf8d7241cb0ec
liblevenshtein.causal-query-cache-policy-matrix.v2,32,2,2,tinylfu-sieve,hot-hits,100000,3409558,34.095580,0,0.000000000,0,0.000000000,0,0,100000,0,1.000000000,128,317,128,384,,,15281478681180837072,912b954a3d04f1dd53376138f8812bd7458eb785a069e52e8cfcf8d7241cb0ec
liblevenshtein.causal-query-cache-policy-matrix.v2,32,2,3,tinylfu-sieve,scan,1280,243712,190.400000,2560,2.000000000,40960,32.000000000,2560,40960,0,1280,0.000000000,128,317,128,384,128,,2340858717421899392,912b954a3d04f1dd53376138f8812bd7458eb785a069e52e8cfcf8d7241cb0ec
liblevenshtein.causal-query-cache-policy-matrix.v2,32,3,0,fifo,zipf,180000,5355580,29.753222,243207,1.351150000,5836968,32.427600000,243207,5836968,98931,81069,0.549616667,128,302,128,384,,,15972506848661134764,912b954a3d04f1dd53376138f8812bd7458eb785a069e52e8cfcf8d7241cb0ec
liblevenshtein.causal-query-cache-policy-matrix.v2,32,3,1,fifo,hot-hits,100000,446587,4.465870,0,0.000000000,0,0.000000000,0,0,100000,0,1.000000000,128,317,128,384,,,15281478681180837072,912b954a3d04f1dd53376138f8812bd7458eb785a069e52e8cfcf8d7241cb0ec
liblevenshtein.causal-query-cache-policy-matrix.v2,32,3,2,fifo,scan,1280,63380,49.515625,3840,3.000000000,92160,72.000000000,3840,92160,0,1280,0.000000000,128,319,128,384,0,,2340858717421899392,912b954a3d04f1dd53376138f8812bd7458eb785a069e52e8cfcf8d7241cb0ec
liblevenshtein.causal-query-cache-policy-matrix.v2,32,3,3,fifo,phase-shift,8192,43294,5.284912,384,0.046875000,9216,1.125000000,384,9216,8064,128,0.984375000,128,321,128,384,,1,15232647556281634816,912b954a3d04f1dd53376138f8812bd7458eb785a069e52e8cfcf8d7241cb0ec
liblevenshtein.causal-query-cache-policy-matrix.v2,32,4,0,lru,hot-hits,100000,728161,7.281610,0,0.000000000,0,0.000000000,0,0,100000,0,1.000000000,128,317,128,384,,,15281478681180837072,912b954a3d04f1dd53376138f8812bd7458eb785a069e52e8cfcf8d7241cb0ec
liblevenshtein.causal-query-cache-policy-matrix.v2,32,4,1,lru,scan,1280,62919,49.155469,3840,3.000000000,92160,72.000000000,3840,92160,0,1280,0.000000000,128,319,128,384,0,,2340858717421899392,912b954a3d04f1dd53376138f8812bd7458eb785a069e52e8cfcf8d7241cb0ec
liblevenshtein.causal-query-cache-policy-matrix.v2,32,4,2,lru,phase-shift,8192,63333,7.731079,384,0.046875000,9216,1.125000000,384,9216,8064,128,0.984375000,128,321,128,384,,1,15232647556281634816,912b954a3d04f1dd53376138f8812bd7458eb785a069e52e8cfcf8d7241cb0ec
liblevenshtein.causal-query-cache-policy-matrix.v2,32,4,3,lru,zipf,180000,5288252,29.379178,214311,1.190616667,5143464,28.574800000,214311,5143464,108563,71437,0.603127778,128,296,128,384,,,15972506848661134764,912b954a3d04f1dd53376138f8812bd7458eb785a069e52e8cfcf8d7241cb0ec
liblevenshtein.causal-query-cache-policy-matrix.v2,33,0,0,aging-exact-lfu,scan,1280,766704,598.987500,3840,3.000000000,92160,72.000000000,3840,92160,0,1280,0.000000000,128,319,128,384,127,,2340858717421899392,912b954a3d04f1dd53376138f8812bd7458eb785a069e52e8cfcf8d7241cb0ec
liblevenshtein.causal-query-cache-policy-matrix.v2,33,0,1,aging-exact-lfu,phase-shift,8192,1935133,236.222290,9594,1.171142578,230256,28.107421875,9594,230256,4994,3198,0.609619141,128,321,128,384,,25,15232647556281634816,912b954a3d04f1dd53376138f8812bd7458eb785a069e52e8cfcf8d7241cb0ec
liblevenshtein.causal-query-cache-policy-matrix.v2,33,0,2,aging-exact-lfu,zipf,180000,35917729,199.542939,182859,1.015883333,4388616,24.381200000,182859,4388616,119047,60953,0.661372222,128,299,128,384,,,15972506848661134764,912b954a3d04f1dd53376138f8812bd7458eb785a069e52e8cfcf8d7241cb0ec
liblevenshtein.causal-query-cache-policy-matrix.v2,33,0,3,aging-exact-lfu,hot-hits,100000,624635,6.246350,0,0.000000000,0,0.000000000,0,0,100000,0,1.000000000,128,317,128,384,,,15281478681180837072,912b954a3d04f1dd53376138f8812bd7458eb785a069e52e8cfcf8d7241cb0ec
liblevenshtein.causal-query-cache-policy-matrix.v2,33,1,0,tinylfu-sieve,phase-shift,8192,429046,52.373779,2792,0.340820312,47744,5.828125000,2792,47744,6860,1332,0.837402344,128,321,128,384,,19,15232647556281634816,912b954a3d04f1dd53376138f8812bd7458eb785a069e52e8cfcf8d7241cb0ec
liblevenshtein.causal-query-cache-policy-matrix.v2,33,1,1,tinylfu-sieve,zipf,180000,10979189,60.995494,131143,0.728572222,2406096,13.367200000,131143,2375120,119551,60449,0.664172222,128,276,128,384,,,15972506848661134764,912b954a3d04f1dd53376138f8812bd7458eb785a069e52e8cfcf8d7241cb0ec
liblevenshtein.causal-query-cache-policy-matrix.v2,33,1,2,tinylfu-sieve,hot-hits,100000,3452640,34.526400,0,0.000000000,0,0.000000000,0,0,100000,0,1.000000000,128,317,128,384,,,15281478681180837072,912b954a3d04f1dd53376138f8812bd7458eb785a069e52e8cfcf8d7241cb0ec
liblevenshtein.causal-query-cache-policy-matrix.v2,33,1,3,tinylfu-sieve,scan,1280,240787,188.114844,2560,2.000000000,40960,32.000000000,2560,40960,0,1280,0.000000000,128,317,128,384,128,,2340858717421899392,912b954a3d04f1dd53376138f8812bd7458eb785a069e52e8cfcf8d7241cb0ec
liblevenshtein.causal-query-cache-policy-matrix.v2,33,2,0,fifo,zipf,180000,5256022,29.200122,243207,1.351150000,5836968,32.427600000,243207,5836968,98931,81069,0.549616667,128,302,128,384,,,15972506848661134764,912b954a3d04f1dd53376138f8812bd7458eb785a069e52e8cfcf8d7241cb0ec
liblevenshtein.causal-query-cache-policy-matrix.v2,33,2,1,fifo,hot-hits,100000,480031,4.800310,0,0.000000000,0,0.000000000,0,0,100000,0,1.000000000,128,317,128,384,,,15281478681180837072,912b954a3d04f1dd53376138f8812bd7458eb785a069e52e8cfcf8d7241cb0ec
liblevenshtein.causal-query-cache-policy-matrix.v2,33,2,2,fifo,scan,1280,62138,48.545313,3840,3.000000000,92160,72.000000000,3840,92160,0,1280,0.000000000,128,319,128,384,0,,2340858717421899392,912b954a3d04f1dd53376138f8812bd7458eb785a069e52e8cfcf8d7241cb0ec
liblevenshtein.causal-query-cache-policy-matrix.v2,33,2,3,fifo,phase-shift,8192,42991,5.247925,384,0.046875000,9216,1.125000000,384,9216,8064,128,0.984375000,128,321,128,384,,1,15232647556281634816,912b954a3d04f1dd53376138f8812bd7458eb785a069e52e8cfcf8d7241cb0ec
liblevenshtein.causal-query-cache-policy-matrix.v2,33,3,0,lru,hot-hits,100000,723973,7.239730,0,0.000000000,0,0.000000000,0,0,100000,0,1.000000000,128,317,128,384,,,15281478681180837072,912b954a3d04f1dd53376138f8812bd7458eb785a069e52e8cfcf8d7241cb0ec
liblevenshtein.causal-query-cache-policy-matrix.v2,33,3,1,lru,scan,1280,63010,49.226562,3840,3.000000000,92160,72.000000000,3840,92160,0,1280,0.000000000,128,319,128,384,0,,2340858717421899392,912b954a3d04f1dd53376138f8812bd7458eb785a069e52e8cfcf8d7241cb0ec
liblevenshtein.causal-query-cache-policy-matrix.v2,33,3,2,lru,phase-shift,8192,62199,7.592651,384,0.046875000,9216,1.125000000,384,9216,8064,128,0.984375000,128,321,128,384,,1,15232647556281634816,912b954a3d04f1dd53376138f8812bd7458eb785a069e52e8cfcf8d7241cb0ec
liblevenshtein.causal-query-cache-policy-matrix.v2,33,3,3,lru,zipf,180000,5238067,29.100372,214311,1.190616667,5143464,28.574800000,214311,5143464,108563,71437,0.603127778,128,296,128,384,,,15972506848661134764,912b954a3d04f1dd53376138f8812bd7458eb785a069e52e8cfcf8d7241cb0ec
liblevenshtein.causal-query-cache-policy-matrix.v2,33,4,0,sieve,scan,1280,62488,48.818750,3840,3.000000000,92160,72.000000000,3840,92160,0,1280,0.000000000,128,319,128,384,0,,2340858717421899392,912b954a3d04f1dd53376138f8812bd7458eb785a069e52e8cfcf8d7241cb0ec
liblevenshtein.causal-query-cache-policy-matrix.v2,33,4,1,sieve,phase-shift,8192,47177,5.758911,384,0.046875000,9216,1.125000000,384,9216,8064,128,0.984375000,128,321,128,384,,1,15232647556281634816,912b954a3d04f1dd53376138f8812bd7458eb785a069e52e8cfcf8d7241cb0ec
liblevenshtein.causal-query-cache-policy-matrix.v2,33,4,2,sieve,zipf,180000,4921245,27.340250,207564,1.153133333,4981536,27.675200000,207564,4981536,110812,69188,0.615622222,128,298,128,384,,,15972506848661134764,912b954a3d04f1dd53376138f8812bd7458eb785a069e52e8cfcf8d7241cb0ec
liblevenshtein.causal-query-cache-policy-matrix.v2,33,4,3,sieve,hot-hits,100000,513815,5.138150,0,0.000000000,0,0.000000000,0,0,100000,0,1.000000000,128,317,128,384,,,15281478681180837072,912b954a3d04f1dd53376138f8812bd7458eb785a069e52e8cfcf8d7241cb0ec
liblevenshtein.causal-query-cache-policy-matrix.v2,34,0,0,tinylfu-sieve,phase-shift,8192,429855,52.472534,2792,0.340820312,47744,5.828125000,2792,47744,6860,1332,0.837402344,128,321,128,384,,19,15232647556281634816,912b954a3d04f1dd53376138f8812bd7458eb785a069e52e8cfcf8d7241cb0ec
liblevenshtein.causal-query-cache-policy-matrix.v2,34,0,1,tinylfu-sieve,zipf,180000,11060092,61.444956,131143,0.728572222,2406096,13.367200000,131143,2375120,119551,60449,0.664172222,128,276,128,384,,,15972506848661134764,912b954a3d04f1dd53376138f8812bd7458eb785a069e52e8cfcf8d7241cb0ec
liblevenshtein.causal-query-cache-policy-matrix.v2,34,0,2,tinylfu-sieve,hot-hits,100000,3495691,34.956910,0,0.000000000,0,0.000000000,0,0,100000,0,1.000000000,128,317,128,384,,,15281478681180837072,912b954a3d04f1dd53376138f8812bd7458eb785a069e52e8cfcf8d7241cb0ec
liblevenshtein.causal-query-cache-policy-matrix.v2,34,0,3,tinylfu-sieve,scan,1280,238783,186.549219,2560,2.000000000,40960,32.000000000,2560,40960,0,1280,0.000000000,128,317,128,384,128,,2340858717421899392,912b954a3d04f1dd53376138f8812bd7458eb785a069e52e8cfcf8d7241cb0ec
liblevenshtein.causal-query-cache-policy-matrix.v2,34,1,0,fifo,zipf,180000,5231805,29.065583,243207,1.351150000,5836968,32.427600000,243207,5836968,98931,81069,0.549616667,128,302,128,384,,,15972506848661134764,912b954a3d04f1dd53376138f8812bd7458eb785a069e52e8cfcf8d7241cb0ec
liblevenshtein.causal-query-cache-policy-matrix.v2,34,1,1,fifo,hot-hits,100000,457889,4.578890,0,0.000000000,0,0.000000000,0,0,100000,0,1.000000000,128,317,128,384,,,15281478681180837072,912b954a3d04f1dd53376138f8812bd7458eb785a069e52e8cfcf8d7241cb0ec
liblevenshtein.causal-query-cache-policy-matrix.v2,34,1,2,fifo,scan,1280,61737,48.232031,3840,3.000000000,92160,72.000000000,3840,92160,0,1280,0.000000000,128,319,128,384,0,,2340858717421899392,912b954a3d04f1dd53376138f8812bd7458eb785a069e52e8cfcf8d7241cb0ec
liblevenshtein.causal-query-cache-policy-matrix.v2,34,1,3,fifo,phase-shift,8192,43750,5.340576,384,0.046875000,9216,1.125000000,384,9216,8064,128,0.984375000,128,321,128,384,,1,15232647556281634816,912b954a3d04f1dd53376138f8812bd7458eb785a069e52e8cfcf8d7241cb0ec
liblevenshtein.causal-query-cache-policy-matrix.v2,34,2,0,lru,hot-hits,100000,738071,7.380710,0,0.000000000,0,0.000000000,0,0,100000,0,1.000000000,128,317,128,384,,,15281478681180837072,912b954a3d04f1dd53376138f8812bd7458eb785a069e52e8cfcf8d7241cb0ec
liblevenshtein.causal-query-cache-policy-matrix.v2,34,2,1,lru,scan,1280,61236,47.840625,3840,3.000000000,92160,72.000000000,3840,92160,0,1280,0.000000000,128,319,128,384,0,,2340858717421899392,912b954a3d04f1dd53376138f8812bd7458eb785a069e52e8cfcf8d7241cb0ec
liblevenshtein.causal-query-cache-policy-matrix.v2,34,2,2,lru,phase-shift,8192,64904,7.922852,384,0.046875000,9216,1.125000000,384,9216,8064,128,0.984375000,128,321,128,384,,1,15232647556281634816,912b954a3d04f1dd53376138f8812bd7458eb785a069e52e8cfcf8d7241cb0ec
liblevenshtein.causal-query-cache-policy-matrix.v2,34,2,3,lru,zipf,180000,5249689,29.164939,214311,1.190616667,5143464,28.574800000,214311,5143464,108563,71437,0.603127778,128,296,128,384,,,15972506848661134764,912b954a3d04f1dd53376138f8812bd7458eb785a069e52e8cfcf8d7241cb0ec
liblevenshtein.causal-query-cache-policy-matrix.v2,34,3,0,sieve,scan,1280,61477,48.028906,3840,3.000000000,92160,72.000000000,3840,92160,0,1280,0.000000000,128,319,128,384,0,,2340858717421899392,912b954a3d04f1dd53376138f8812bd7458eb785a069e52e8cfcf8d7241cb0ec
liblevenshtein.causal-query-cache-policy-matrix.v2,34,3,1,sieve,phase-shift,8192,48043,5.864624,384,0.046875000,9216,1.125000000,384,9216,8064,128,0.984375000,128,321,128,384,,1,15232647556281634816,912b954a3d04f1dd53376138f8812bd7458eb785a069e52e8cfcf8d7241cb0ec
liblevenshtein.causal-query-cache-policy-matrix.v2,34,3,2,sieve,zipf,180000,4909494,27.274967,207564,1.153133333,4981536,27.675200000,207564,4981536,110812,69188,0.615622222,128,298,128,384,,,15972506848661134764,912b954a3d04f1dd53376138f8812bd7458eb785a069e52e8cfcf8d7241cb0ec
liblevenshtein.causal-query-cache-policy-matrix.v2,34,3,3,sieve,hot-hits,100000,524484,5.244840,0,0.000000000,0,0.000000000,0,0,100000,0,1.000000000,128,317,128,384,,,15281478681180837072,912b954a3d04f1dd53376138f8812bd7458eb785a069e52e8cfcf8d7241cb0ec
liblevenshtein.causal-query-cache-policy-matrix.v2,34,4,0,aging-exact-lfu,phase-shift,8192,1936173,236.349243,9594,1.171142578,230256,28.107421875,9594,230256,4994,3198,0.609619141,128,321,128,384,,25,15232647556281634816,912b954a3d04f1dd53376138f8812bd7458eb785a069e52e8cfcf8d7241cb0ec
liblevenshtein.causal-query-cache-policy-matrix.v2,34,4,1,aging-exact-lfu,zipf,180000,35805165,198.917583,182859,1.015883333,4388616,24.381200000,182859,4388616,119047,60953,0.661372222,128,299,128,384,,,15972506848661134764,912b954a3d04f1dd53376138f8812bd7458eb785a069e52e8cfcf8d7241cb0ec
liblevenshtein.causal-query-cache-policy-matrix.v2,34,4,2,aging-exact-lfu,hot-hits,100000,632801,6.328010,0,0.000000000,0,0.000000000,0,0,100000,0,1.000000000,128,317,128,384,,,15281478681180837072,912b954a3d04f1dd53376138f8812bd7458eb785a069e52e8cfcf8d7241cb0ec
liblevenshtein.causal-query-cache-policy-matrix.v2,34,4,3,aging-exact-lfu,scan,1280,763950,596.835938,3840,3.000000000,92160,72.000000000,3840,92160,0,1280,0.000000000,128,319,128,384,127,,2340858717421899392,912b954a3d04f1dd53376138f8812bd7458eb785a069e52e8cfcf8d7241cb0ec
liblevenshtein.causal-query-cache-policy-matrix.v2,35,0,0,fifo,zipf,180000,5233599,29.075550,243207,1.351150000,5836968,32.427600000,243207,5836968,98931,81069,0.549616667,128,302,128,384,,,15972506848661134764,912b954a3d04f1dd53376138f8812bd7458eb785a069e52e8cfcf8d7241cb0ec
liblevenshtein.causal-query-cache-policy-matrix.v2,35,0,1,fifo,hot-hits,100000,461876,4.618760,0,0.000000000,0,0.000000000,0,0,100000,0,1.000000000,128,317,128,384,,,15281478681180837072,912b954a3d04f1dd53376138f8812bd7458eb785a069e52e8cfcf8d7241cb0ec
liblevenshtein.causal-query-cache-policy-matrix.v2,35,0,2,fifo,scan,1280,68920,53.843750,3840,3.000000000,92160,72.000000000,3840,92160,0,1280,0.000000000,128,319,128,384,0,,2340858717421899392,912b954a3d04f1dd53376138f8812bd7458eb785a069e52e8cfcf8d7241cb0ec
liblevenshtein.causal-query-cache-policy-matrix.v2,35,0,3,fifo,phase-shift,8192,44575,5.441284,384,0.046875000,9216,1.125000000,384,9216,8064,128,0.984375000,128,321,128,384,,1,15232647556281634816,912b954a3d04f1dd53376138f8812bd7458eb785a069e52e8cfcf8d7241cb0ec
liblevenshtein.causal-query-cache-policy-matrix.v2,35,1,0,lru,hot-hits,100000,714685,7.146850,0,0.000000000,0,0.000000000,0,0,100000,0,1.000000000,128,317,128,384,,,15281478681180837072,912b954a3d04f1dd53376138f8812bd7458eb785a069e52e8cfcf8d7241cb0ec
liblevenshtein.causal-query-cache-policy-matrix.v2,35,1,1,lru,scan,1280,61948,48.396875,3840,3.000000000,92160,72.000000000,3840,92160,0,1280,0.000000000,128,319,128,384,0,,2340858717421899392,912b954a3d04f1dd53376138f8812bd7458eb785a069e52e8cfcf8d7241cb0ec
liblevenshtein.causal-query-cache-policy-matrix.v2,35,1,2,lru,phase-shift,8192,66705,8.142700,384,0.046875000,9216,1.125000000,384,9216,8064,128,0.984375000,128,321,128,384,,1,15232647556281634816,912b954a3d04f1dd53376138f8812bd7458eb785a069e52e8cfcf8d7241cb0ec
liblevenshtein.causal-query-cache-policy-matrix.v2,35,1,3,lru,zipf,180000,5259217,29.217872,214311,1.190616667,5143464,28.574800000,214311,5143464,108563,71437,0.603127778,128,296,128,384,,,15972506848661134764,912b954a3d04f1dd53376138f8812bd7458eb785a069e52e8cfcf8d7241cb0ec
liblevenshtein.causal-query-cache-policy-matrix.v2,35,2,0,sieve,scan,1280,61687,48.192969,3840,3.000000000,92160,72.000000000,3840,92160,0,1280,0.000000000,128,319,128,384,0,,2340858717421899392,912b954a3d04f1dd53376138f8812bd7458eb785a069e52e8cfcf8d7241cb0ec
liblevenshtein.causal-query-cache-policy-matrix.v2,35,2,1,sieve,phase-shift,8192,54061,6.599243,384,0.046875000,9216,1.125000000,384,9216,8064,128,0.984375000,128,321,128,384,,1,15232647556281634816,912b954a3d04f1dd53376138f8812bd7458eb785a069e52e8cfcf8d7241cb0ec
liblevenshtein.causal-query-cache-policy-matrix.v2,35,2,2,sieve,zipf,180000,4914152,27.300844,207564,1.153133333,4981536,27.675200000,207564,4981536,110812,69188,0.615622222,128,298,128,384,,,15972506848661134764,912b954a3d04f1dd53376138f8812bd7458eb785a069e52e8cfcf8d7241cb0ec
liblevenshtein.causal-query-cache-policy-matrix.v2,35,2,3,sieve,hot-hits,100000,525267,5.252670,0,0.000000000,0,0.000000000,0,0,100000,0,1.000000000,128,317,128,384,,,15281478681180837072,912b954a3d04f1dd53376138f8812bd7458eb785a069e52e8cfcf8d7241cb0ec
liblevenshtein.causal-query-cache-policy-matrix.v2,35,3,0,aging-exact-lfu,phase-shift,8192,1930040,235.600586,9594,1.171142578,230256,28.107421875,9594,230256,4994,3198,0.609619141,128,321,128,384,,25,15232647556281634816,912b954a3d04f1dd53376138f8812bd7458eb785a069e52e8cfcf8d7241cb0ec
liblevenshtein.causal-query-cache-policy-matrix.v2,35,3,1,aging-exact-lfu,zipf,180000,35821987,199.011039,182859,1.015883333,4388616,24.381200000,182859,4388616,119047,60953,0.661372222,128,299,128,384,,,15972506848661134764,912b954a3d04f1dd53376138f8812bd7458eb785a069e52e8cfcf8d7241cb0ec
liblevenshtein.causal-query-cache-policy-matrix.v2,35,3,2,aging-exact-lfu,hot-hits,100000,631739,6.317390,0,0.000000000,0,0.000000000,0,0,100000,0,1.000000000,128,317,128,384,,,15281478681180837072,912b954a3d04f1dd53376138f8812bd7458eb785a069e52e8cfcf8d7241cb0ec
liblevenshtein.causal-query-cache-policy-matrix.v2,35,3,3,aging-exact-lfu,scan,1280,763929,596.819531,3840,3.000000000,92160,72.000000000,3840,92160,0,1280,0.000000000,128,319,128,384,127,,2340858717421899392,912b954a3d04f1dd53376138f8812bd7458eb785a069e52e8cfcf8d7241cb0ec
liblevenshtein.causal-query-cache-policy-matrix.v2,35,4,0,tinylfu-sieve,zipf,180000,11369388,63.163267,131143,0.728572222,2406096,13.367200000,131143,2375120,119551,60449,0.664172222,128,276,128,384,,,15972506848661134764,912b954a3d04f1dd53376138f8812bd7458eb785a069e52e8cfcf8d7241cb0ec
liblevenshtein.causal-query-cache-policy-matrix.v2,35,4,1,tinylfu-sieve,hot-hits,100000,3456227,34.562270,0,0.000000000,0,0.000000000,0,0,100000,0,1.000000000,128,317,128,384,,,15281478681180837072,912b954a3d04f1dd53376138f8812bd7458eb785a069e52e8cfcf8d7241cb0ec
liblevenshtein.causal-query-cache-policy-matrix.v2,35,4,2,tinylfu-sieve,scan,1280,238904,186.643750,2560,2.000000000,40960,32.000000000,2560,40960,0,1280,0.000000000,128,317,128,384,128,,2340858717421899392,912b954a3d04f1dd53376138f8812bd7458eb785a069e52e8cfcf8d7241cb0ec
liblevenshtein.causal-query-cache-policy-matrix.v2,35,4,3,tinylfu-sieve,phase-shift,8192,431508,52.674316,2792,0.340820312,47744,5.828125000,2792,47744,6860,1332,0.837402344,128,321,128,384,,19,15232647556281634816,912b954a3d04f1dd53376138f8812bd7458eb785a069e52e8cfcf8d7241cb0ec
liblevenshtein.causal-query-cache-policy-matrix.v2,36,0,0,lru,hot-hits,100000,750113,7.501130,0,0.000000000,0,0.000000000,0,0,100000,0,1.000000000,128,317,128,384,,,15281478681180837072,912b954a3d04f1dd53376138f8812bd7458eb785a069e52e8cfcf8d7241cb0ec
liblevenshtein.causal-query-cache-policy-matrix.v2,36,0,1,lru,scan,1280,62569,48.882031,3840,3.000000000,92160,72.000000000,3840,92160,0,1280,0.000000000,128,319,128,384,0,,2340858717421899392,912b954a3d04f1dd53376138f8812bd7458eb785a069e52e8cfcf8d7241cb0ec
liblevenshtein.causal-query-cache-policy-matrix.v2,36,0,2,lru,phase-shift,8192,63750,7.781982,384,0.046875000,9216,1.125000000,384,9216,8064,128,0.984375000,128,321,128,384,,1,15232647556281634816,912b954a3d04f1dd53376138f8812bd7458eb785a069e52e8cfcf8d7241cb0ec
liblevenshtein.causal-query-cache-policy-matrix.v2,36,0,3,lru,zipf,180000,5200125,28.889583,214311,1.190616667,5143464,28.574800000,214311,5143464,108563,71437,0.603127778,128,296,128,384,,,15972506848661134764,912b954a3d04f1dd53376138f8812bd7458eb785a069e52e8cfcf8d7241cb0ec
liblevenshtein.causal-query-cache-policy-matrix.v2,36,1,0,sieve,scan,1280,61817,48.294531,3840,3.000000000,92160,72.000000000,3840,92160,0,1280,0.000000000,128,319,128,384,0,,2340858717421899392,912b954a3d04f1dd53376138f8812bd7458eb785a069e52e8cfcf8d7241cb0ec
liblevenshtein.causal-query-cache-policy-matrix.v2,36,1,1,sieve,phase-shift,8192,47732,5.826660,384,0.046875000,9216,1.125000000,384,9216,8064,128,0.984375000,128,321,128,384,,1,15232647556281634816,912b954a3d04f1dd53376138f8812bd7458eb785a069e52e8cfcf8d7241cb0ec
liblevenshtein.causal-query-cache-policy-matrix.v2,36,1,2,sieve,zipf,180000,4897421,27.207894,207564,1.153133333,4981536,27.675200000,207564,4981536,110812,69188,0.615622222,128,298,128,384,,,15972506848661134764,912b954a3d04f1dd53376138f8812bd7458eb785a069e52e8cfcf8d7241cb0ec
liblevenshtein.causal-query-cache-policy-matrix.v2,36,1,3,sieve,hot-hits,100000,507543,5.075430,0,0.000000000,0,0.000000000,0,0,100000,0,1.000000000,128,317,128,384,,,15281478681180837072,912b954a3d04f1dd53376138f8812bd7458eb785a069e52e8cfcf8d7241cb0ec
liblevenshtein.causal-query-cache-policy-matrix.v2,36,2,0,aging-exact-lfu,phase-shift,8192,1938687,236.656128,9594,1.171142578,230256,28.107421875,9594,230256,4994,3198,0.609619141,128,321,128,384,,25,15232647556281634816,912b954a3d04f1dd53376138f8812bd7458eb785a069e52e8cfcf8d7241cb0ec
liblevenshtein.causal-query-cache-policy-matrix.v2,36,2,1,aging-exact-lfu,zipf,180000,35859047,199.216928,182859,1.015883333,4388616,24.381200000,182859,4388616,119047,60953,0.661372222,128,299,128,384,,,15972506848661134764,912b954a3d04f1dd53376138f8812bd7458eb785a069e52e8cfcf8d7241cb0ec
liblevenshtein.causal-query-cache-policy-matrix.v2,36,2,2,aging-exact-lfu,hot-hits,100000,623954,6.239540,0,0.000000000,0,0.000000000,0,0,100000,0,1.000000000,128,317,128,384,,,15281478681180837072,912b954a3d04f1dd53376138f8812bd7458eb785a069e52e8cfcf8d7241cb0ec
liblevenshtein.causal-query-cache-policy-matrix.v2,36,2,3,aging-exact-lfu,scan,1280,760393,594.057031,3840,3.000000000,92160,72.000000000,3840,92160,0,1280,0.000000000,128,319,128,384,127,,2340858717421899392,912b954a3d04f1dd53376138f8812bd7458eb785a069e52e8cfcf8d7241cb0ec
liblevenshtein.causal-query-cache-policy-matrix.v2,36,3,0,tinylfu-sieve,zipf,180000,11098454,61.658078,131143,0.728572222,2406096,13.367200000,131143,2375120,119551,60449,0.664172222,128,276,128,384,,,15972506848661134764,912b954a3d04f1dd53376138f8812bd7458eb785a069e52e8cfcf8d7241cb0ec
liblevenshtein.causal-query-cache-policy-matrix.v2,36,3,1,tinylfu-sieve,hot-hits,100000,3438543,34.385430,0,0.000000000,0,0.000000000,0,0,100000,0,1.000000000,128,317,128,384,,,15281478681180837072,912b954a3d04f1dd53376138f8812bd7458eb785a069e52e8cfcf8d7241cb0ec
liblevenshtein.causal-query-cache-policy-matrix.v2,36,3,2,tinylfu-sieve,scan,1280,244794,191.245313,2560,2.000000000,40960,32.000000000,2560,40960,0,1280,0.000000000,128,317,128,384,128,,2340858717421899392,912b954a3d04f1dd53376138f8812bd7458eb785a069e52e8cfcf8d7241cb0ec
liblevenshtein.causal-query-cache-policy-matrix.v2,36,3,3,tinylfu-sieve,phase-shift,8192,428203,52.270874,2792,0.340820312,47744,5.828125000,2792,47744,6860,1332,0.837402344,128,321,128,384,,19,15232647556281634816,912b954a3d04f1dd53376138f8812bd7458eb785a069e52e8cfcf8d7241cb0ec
liblevenshtein.causal-query-cache-policy-matrix.v2,36,4,0,fifo,hot-hits,100000,454663,4.546630,0,0.000000000,0,0.000000000,0,0,100000,0,1.000000000,128,317,128,384,,,15281478681180837072,912b954a3d04f1dd53376138f8812bd7458eb785a069e52e8cfcf8d7241cb0ec
liblevenshtein.causal-query-cache-policy-matrix.v2,36,4,1,fifo,scan,1280,62869,49.116406,3840,3.000000000,92160,72.000000000,3840,92160,0,1280,0.000000000,128,319,128,384,0,,2340858717421899392,912b954a3d04f1dd53376138f8812bd7458eb785a069e52e8cfcf8d7241cb0ec
liblevenshtein.causal-query-cache-policy-matrix.v2,36,4,2,fifo,phase-shift,8192,43242,5.278564,384,0.046875000,9216,1.125000000,384,9216,8064,128,0.984375000,128,321,128,384,,1,15232647556281634816,912b954a3d04f1dd53376138f8812bd7458eb785a069e52e8cfcf8d7241cb0ec
liblevenshtein.causal-query-cache-policy-matrix.v2,36,4,3,fifo,zipf,180000,5324841,29.582450,243207,1.351150000,5836968,32.427600000,243207,5836968,98931,81069,0.549616667,128,302,128,384,,,15972506848661134764,912b954a3d04f1dd53376138f8812bd7458eb785a069e52e8cfcf8d7241cb0ec
liblevenshtein.causal-query-cache-policy-matrix.v2,37,0,0,sieve,scan,1280,61997,48.435156,3840,3.000000000,92160,72.000000000,3840,92160,0,1280,0.000000000,128,319,128,384,0,,2340858717421899392,912b954a3d04f1dd53376138f8812bd7458eb785a069e52e8cfcf8d7241cb0ec
liblevenshtein.causal-query-cache-policy-matrix.v2,37,0,1,sieve,phase-shift,8192,46879,5.722534,384,0.046875000,9216,1.125000000,384,9216,8064,128,0.984375000,128,321,128,384,,1,15232647556281634816,912b954a3d04f1dd53376138f8812bd7458eb785a069e52e8cfcf8d7241cb0ec
liblevenshtein.causal-query-cache-policy-matrix.v2,37,0,2,sieve,zipf,180000,4856393,26.979961,207564,1.153133333,4981536,27.675200000,207564,4981536,110812,69188,0.615622222,128,298,128,384,,,15972506848661134764,912b954a3d04f1dd53376138f8812bd7458eb785a069e52e8cfcf8d7241cb0ec
liblevenshtein.causal-query-cache-policy-matrix.v2,37,0,3,sieve,hot-hits,100000,510880,5.108800,0,0.000000000,0,0.000000000,0,0,100000,0,1.000000000,128,317,128,384,,,15281478681180837072,912b954a3d04f1dd53376138f8812bd7458eb785a069e52e8cfcf8d7241cb0ec
liblevenshtein.causal-query-cache-policy-matrix.v2,37,1,0,aging-exact-lfu,phase-shift,8192,1935232,236.234375,9594,1.171142578,230256,28.107421875,9594,230256,4994,3198,0.609619141,128,321,128,384,,25,15232647556281634816,912b954a3d04f1dd53376138f8812bd7458eb785a069e52e8cfcf8d7241cb0ec
liblevenshtein.causal-query-cache-policy-matrix.v2,37,1,1,aging-exact-lfu,zipf,180000,35796408,198.868933,182859,1.015883333,4388616,24.381200000,182859,4388616,119047,60953,0.661372222,128,299,128,384,,,15972506848661134764,912b954a3d04f1dd53376138f8812bd7458eb785a069e52e8cfcf8d7241cb0ec
liblevenshtein.causal-query-cache-policy-matrix.v2,37,1,2,aging-exact-lfu,hot-hits,100000,629023,6.290230,0,0.000000000,0,0.000000000,0,0,100000,0,1.000000000,128,317,128,384,,,15281478681180837072,912b954a3d04f1dd53376138f8812bd7458eb785a069e52e8cfcf8d7241cb0ec
liblevenshtein.causal-query-cache-policy-matrix.v2,37,1,3,aging-exact-lfu,scan,1280,763769,596.694531,3840,3.000000000,92160,72.000000000,3840,92160,0,1280,0.000000000,128,319,128,384,127,,2340858717421899392,912b954a3d04f1dd53376138f8812bd7458eb785a069e52e8cfcf8d7241cb0ec
liblevenshtein.causal-query-cache-policy-matrix.v2,37,2,0,tinylfu-sieve,zipf,180000,11033411,61.296728,131143,0.728572222,2406096,13.367200000,131143,2375120,119551,60449,0.664172222,128,276,128,384,,,15972506848661134764,912b954a3d04f1dd53376138f8812bd7458eb785a069e52e8cfcf8d7241cb0ec
liblevenshtein.causal-query-cache-policy-matrix.v2,37,2,1,tinylfu-sieve,hot-hits,100000,3471556,34.715560,0,0.000000000,0,0.000000000,0,0,100000,0,1.000000000,128,317,128,384,,,15281478681180837072,912b954a3d04f1dd53376138f8812bd7458eb785a069e52e8cfcf8d7241cb0ec
liblevenshtein.causal-query-cache-policy-matrix.v2,37,2,2,tinylfu-sieve,scan,1280,238452,186.290625,2560,2.000000000,40960,32.000000000,2560,40960,0,1280,0.000000000,128,317,128,384,128,,2340858717421899392,912b954a3d04f1dd53376138f8812bd7458eb785a069e52e8cfcf8d7241cb0ec
liblevenshtein.causal-query-cache-policy-matrix.v2,37,2,3,tinylfu-sieve,phase-shift,8192,436127,53.238159,2792,0.340820312,47744,5.828125000,2792,47744,6860,1332,0.837402344,128,321,128,384,,19,15232647556281634816,912b954a3d04f1dd53376138f8812bd7458eb785a069e52e8cfcf8d7241cb0ec
liblevenshtein.causal-query-cache-policy-matrix.v2,37,3,0,fifo,hot-hits,100000,449573,4.495730,0,0.000000000,0,0.000000000,0,0,100000,0,1.000000000,128,317,128,384,,,15281478681180837072,912b954a3d04f1dd53376138f8812bd7458eb785a069e52e8cfcf8d7241cb0ec
liblevenshtein.causal-query-cache-policy-matrix.v2,37,3,1,fifo,scan,1280,62729,49.007031,3840,3.000000000,92160,72.000000000,3840,92160,0,1280,0.000000000,128,319,128,384,0,,2340858717421899392,912b954a3d04f1dd53376138f8812bd7458eb785a069e52e8cfcf8d7241cb0ec
liblevenshtein.causal-query-cache-policy-matrix.v2,37,3,2,fifo,phase-shift,8192,43182,5.271240,384,0.046875000,9216,1.125000000,384,9216,8064,128,0.984375000,128,321,128,384,,1,15232647556281634816,912b954a3d04f1dd53376138f8812bd7458eb785a069e52e8cfcf8d7241cb0ec
liblevenshtein.causal-query-cache-policy-matrix.v2,37,3,3,fifo,zipf,180000,5252364,29.179800,243207,1.351150000,5836968,32.427600000,243207,5836968,98931,81069,0.549616667,128,302,128,384,,,15972506848661134764,912b954a3d04f1dd53376138f8812bd7458eb785a069e52e8cfcf8d7241cb0ec
liblevenshtein.causal-query-cache-policy-matrix.v2,37,4,0,lru,scan,1280,62218,48.607813,3840,3.000000000,92160,72.000000000,3840,92160,0,1280,0.000000000,128,319,128,384,0,,2340858717421899392,912b954a3d04f1dd53376138f8812bd7458eb785a069e52e8cfcf8d7241cb0ec
liblevenshtein.causal-query-cache-policy-matrix.v2,37,4,1,lru,phase-shift,8192,64577,7.882935,384,0.046875000,9216,1.125000000,384,9216,8064,128,0.984375000,128,321,128,384,,1,15232647556281634816,912b954a3d04f1dd53376138f8812bd7458eb785a069e52e8cfcf8d7241cb0ec
liblevenshtein.causal-query-cache-policy-matrix.v2,37,4,2,lru,zipf,180000,5219011,28.994506,214311,1.190616667,5143464,28.574800000,214311,5143464,108563,71437,0.603127778,128,296,128,384,,,15972506848661134764,912b954a3d04f1dd53376138f8812bd7458eb785a069e52e8cfcf8d7241cb0ec
liblevenshtein.causal-query-cache-policy-matrix.v2,37,4,3,lru,hot-hits,100000,757196,7.571960,0,0.000000000,0,0.000000000,0,0,100000,0,1.000000000,128,317,128,384,,,15281478681180837072,912b954a3d04f1dd53376138f8812bd7458eb785a069e52e8cfcf8d7241cb0ec
liblevenshtein.causal-query-cache-policy-matrix.v2,38,0,0,aging-exact-lfu,phase-shift,8192,1937017,236.452271,9594,1.171142578,230256,28.107421875,9594,230256,4994,3198,0.609619141,128,321,128,384,,25,15232647556281634816,912b954a3d04f1dd53376138f8812bd7458eb785a069e52e8cfcf8d7241cb0ec
liblevenshtein.causal-query-cache-policy-matrix.v2,38,0,1,aging-exact-lfu,zipf,180000,35925162,199.584233,182859,1.015883333,4388616,24.381200000,182859,4388616,119047,60953,0.661372222,128,299,128,384,,,15972506848661134764,912b954a3d04f1dd53376138f8812bd7458eb785a069e52e8cfcf8d7241cb0ec
liblevenshtein.causal-query-cache-policy-matrix.v2,38,0,2,aging-exact-lfu,hot-hits,100000,624385,6.243850,0,0.000000000,0,0.000000000,0,0,100000,0,1.000000000,128,317,128,384,,,15281478681180837072,912b954a3d04f1dd53376138f8812bd7458eb785a069e52e8cfcf8d7241cb0ec
liblevenshtein.causal-query-cache-policy-matrix.v2,38,0,3,aging-exact-lfu,scan,1280,758499,592.577344,3840,3.000000000,92160,72.000000000,3840,92160,0,1280,0.000000000,128,319,128,384,127,,2340858717421899392,912b954a3d04f1dd53376138f8812bd7458eb785a069e52e8cfcf8d7241cb0ec
liblevenshtein.causal-query-cache-policy-matrix.v2,38,1,0,tinylfu-sieve,zipf,180000,11092373,61.624294,131143,0.728572222,2406096,13.367200000,131143,2375120,119551,60449,0.664172222,128,276,128,384,,,15972506848661134764,912b954a3d04f1dd53376138f8812bd7458eb785a069e52e8cfcf8d7241cb0ec
liblevenshtein.causal-query-cache-policy-matrix.v2,38,1,1,tinylfu-sieve,hot-hits,100000,3400261,34.002610,0,0.000000000,0,0.000000000,0,0,100000,0,1.000000000,128,317,128,384,,,15281478681180837072,912b954a3d04f1dd53376138f8812bd7458eb785a069e52e8cfcf8d7241cb0ec
liblevenshtein.causal-query-cache-policy-matrix.v2,38,1,2,tinylfu-sieve,scan,1280,240747,188.083594,2560,2.000000000,40960,32.000000000,2560,40960,0,1280,0.000000000,128,317,128,384,128,,2340858717421899392,912b954a3d04f1dd53376138f8812bd7458eb785a069e52e8cfcf8d7241cb0ec
liblevenshtein.causal-query-cache-policy-matrix.v2,38,1,3,tinylfu-sieve,phase-shift,8192,425407,51.929565,2792,0.340820312,47744,5.828125000,2792,47744,6860,1332,0.837402344,128,321,128,384,,19,15232647556281634816,912b954a3d04f1dd53376138f8812bd7458eb785a069e52e8cfcf8d7241cb0ec
liblevenshtein.causal-query-cache-policy-matrix.v2,38,2,0,fifo,hot-hits,100000,447179,4.471790,0,0.000000000,0,0.000000000,0,0,100000,0,1.000000000,128,317,128,384,,,15281478681180837072,912b954a3d04f1dd53376138f8812bd7458eb785a069e52e8cfcf8d7241cb0ec
liblevenshtein.causal-query-cache-policy-matrix.v2,38,2,1,fifo,scan,1280,61306,47.895313,3840,3.000000000,92160,72.000000000,3840,92160,0,1280,0.000000000,128,319,128,384,0,,2340858717421899392,912b954a3d04f1dd53376138f8812bd7458eb785a069e52e8cfcf8d7241cb0ec
liblevenshtein.causal-query-cache-policy-matrix.v2,38,2,2,fifo,phase-shift,8192,42990,5.247803,384,0.046875000,9216,1.125000000,384,9216,8064,128,0.984375000,128,321,128,384,,1,15232647556281634816,912b954a3d04f1dd53376138f8812bd7458eb785a069e52e8cfcf8d7241cb0ec
liblevenshtein.causal-query-cache-policy-matrix.v2,38,2,3,fifo,zipf,180000,5244258,29.134767,243207,1.351150000,5836968,32.427600000,243207,5836968,98931,81069,0.549616667,128,302,128,384,,,15972506848661134764,912b954a3d04f1dd53376138f8812bd7458eb785a069e52e8cfcf8d7241cb0ec
liblevenshtein.causal-query-cache-policy-matrix.v2,38,3,0,lru,scan,1280,67128,52.443750,3840,3.000000000,92160,72.000000000,3840,92160,0,1280,0.000000000,128,319,128,384,0,,2340858717421899392,912b954a3d04f1dd53376138f8812bd7458eb785a069e52e8cfcf8d7241cb0ec
liblevenshtein.causal-query-cache-policy-matrix.v2,38,3,1,lru,phase-shift,8192,62495,7.628784,384,0.046875000,9216,1.125000000,384,9216,8064,128,0.984375000,128,321,128,384,,1,15232647556281634816,912b954a3d04f1dd53376138f8812bd7458eb785a069e52e8cfcf8d7241cb0ec
liblevenshtein.causal-query-cache-policy-matrix.v2,38,3,2,lru,zipf,180000,5240251,29.112506,214311,1.190616667,5143464,28.574800000,214311,5143464,108563,71437,0.603127778,128,296,128,384,,,15972506848661134764,912b954a3d04f1dd53376138f8812bd7458eb785a069e52e8cfcf8d7241cb0ec
liblevenshtein.causal-query-cache-policy-matrix.v2,38,3,3,lru,hot-hits,100000,713764,7.137640,0,0.000000000,0,0.000000000,0,0,100000,0,1.000000000,128,317,128,384,,,15281478681180837072,912b954a3d04f1dd53376138f8812bd7458eb785a069e52e8cfcf8d7241cb0ec
liblevenshtein.causal-query-cache-policy-matrix.v2,38,4,0,sieve,phase-shift,8192,46970,5.733643,384,0.046875000,9216,1.125000000,384,9216,8064,128,0.984375000,128,321,128,384,,1,15232647556281634816,912b954a3d04f1dd53376138f8812bd7458eb785a069e52e8cfcf8d7241cb0ec
liblevenshtein.causal-query-cache-policy-matrix.v2,38,4,1,sieve,zipf,180000,4889015,27.161194,207564,1.153133333,4981536,27.675200000,207564,4981536,110812,69188,0.615622222,128,298,128,384,,,15972506848661134764,912b954a3d04f1dd53376138f8812bd7458eb785a069e52e8cfcf8d7241cb0ec
liblevenshtein.causal-query-cache-policy-matrix.v2,38,4,2,sieve,hot-hits,100000,514456,5.144560,0,0.000000000,0,0.000000000,0,0,100000,0,1.000000000,128,317,128,384,,,15281478681180837072,912b954a3d04f1dd53376138f8812bd7458eb785a069e52e8cfcf8d7241cb0ec
liblevenshtein.causal-query-cache-policy-matrix.v2,38,4,3,sieve,scan,1280,61547,48.083594,3840,3.000000000,92160,72.000000000,3840,92160,0,1280,0.000000000,128,319,128,384,0,,2340858717421899392,912b954a3d04f1dd53376138f8812bd7458eb785a069e52e8cfcf8d7241cb0ec
liblevenshtein.causal-query-cache-policy-matrix.v2,39,0,0,tinylfu-sieve,zipf,180000,11116639,61.759106,131143,0.728572222,2406096,13.367200000,131143,2375120,119551,60449,0.664172222,128,276,128,384,,,15972506848661134764,912b954a3d04f1dd53376138f8812bd7458eb785a069e52e8cfcf8d7241cb0ec
liblevenshtein.causal-query-cache-policy-matrix.v2,39,0,1,tinylfu-sieve,hot-hits,100000,3455986,34.559860,0,0.000000000,0,0.000000000,0,0,100000,0,1.000000000,128,317,128,384,,,15281478681180837072,912b954a3d04f1dd53376138f8812bd7458eb785a069e52e8cfcf8d7241cb0ec
liblevenshtein.causal-query-cache-policy-matrix.v2,39,0,2,tinylfu-sieve,scan,1280,238091,186.008594,2560,2.000000000,40960,32.000000000,2560,40960,0,1280,0.000000000,128,317,128,384,128,,2340858717421899392,912b954a3d04f1dd53376138f8812bd7458eb785a069e52e8cfcf8d7241cb0ec
liblevenshtein.causal-query-cache-policy-matrix.v2,39,0,3,tinylfu-sieve,phase-shift,8192,428793,52.342896,2792,0.340820312,47744,5.828125000,2792,47744,6860,1332,0.837402344,128,321,128,384,,19,15232647556281634816,912b954a3d04f1dd53376138f8812bd7458eb785a069e52e8cfcf8d7241cb0ec
liblevenshtein.causal-query-cache-policy-matrix.v2,39,1,0,fifo,hot-hits,100000,446106,4.461060,0,0.000000000,0,0.000000000,0,0,100000,0,1.000000000,128,317,128,384,,,15281478681180837072,912b954a3d04f1dd53376138f8812bd7458eb785a069e52e8cfcf8d7241cb0ec
liblevenshtein.causal-query-cache-policy-matrix.v2,39,1,1,fifo,scan,1280,63270,49.429688,3840,3.000000000,92160,72.000000000,3840,92160,0,1280,0.000000000,128,319,128,384,0,,2340858717421899392,912b954a3d04f1dd53376138f8812bd7458eb785a069e52e8cfcf8d7241cb0ec
liblevenshtein.causal-query-cache-policy-matrix.v2,39,1,2,fifo,phase-shift,8192,43873,5.355591,384,0.046875000,9216,1.125000000,384,9216,8064,128,0.984375000,128,321,128,384,,1,15232647556281634816,912b954a3d04f1dd53376138f8812bd7458eb785a069e52e8cfcf8d7241cb0ec
liblevenshtein.causal-query-cache-policy-matrix.v2,39,1,3,fifo,zipf,180000,5341744,29.676356,243207,1.351150000,5836968,32.427600000,243207,5836968,98931,81069,0.549616667,128,302,128,384,,,15972506848661134764,912b954a3d04f1dd53376138f8812bd7458eb785a069e52e8cfcf8d7241cb0ec
liblevenshtein.causal-query-cache-policy-matrix.v2,39,2,0,lru,scan,1280,62779,49.046094,3840,3.000000000,92160,72.000000000,3840,92160,0,1280,0.000000000,128,319,128,384,0,,2340858717421899392,912b954a3d04f1dd53376138f8812bd7458eb785a069e52e8cfcf8d7241cb0ec
liblevenshtein.causal-query-cache-policy-matrix.v2,39,2,1,lru,phase-shift,8192,63292,7.726074,384,0.046875000,9216,1.125000000,384,9216,8064,128,0.984375000,128,321,128,384,,1,15232647556281634816,912b954a3d04f1dd53376138f8812bd7458eb785a069e52e8cfcf8d7241cb0ec
liblevenshtein.causal-query-cache-policy-matrix.v2,39,2,2,lru,zipf,180000,5271911,29.288394,214311,1.190616667,5143464,28.574800000,214311,5143464,108563,71437,0.603127778,128,296,128,384,,,15972506848661134764,912b954a3d04f1dd53376138f8812bd7458eb785a069e52e8cfcf8d7241cb0ec
liblevenshtein.causal-query-cache-policy-matrix.v2,39,2,3,lru,hot-hits,100000,725817,7.258170,0,0.000000000,0,0.000000000,0,0,100000,0,1.000000000,128,317,128,384,,,15281478681180837072,912b954a3d04f1dd53376138f8812bd7458eb785a069e52e8cfcf8d7241cb0ec
liblevenshtein.causal-query-cache-policy-matrix.v2,39,3,0,sieve,phase-shift,8192,47719,5.825073,384,0.046875000,9216,1.125000000,384,9216,8064,128,0.984375000,128,321,128,384,,1,15232647556281634816,912b954a3d04f1dd53376138f8812bd7458eb785a069e52e8cfcf8d7241cb0ec
liblevenshtein.causal-query-cache-policy-matrix.v2,39,3,1,sieve,zipf,180000,4931575,27.397639,207564,1.153133333,4981536,27.675200000,207564,4981536,110812,69188,0.615622222,128,298,128,384,,,15972506848661134764,912b954a3d04f1dd53376138f8812bd7458eb785a069e52e8cfcf8d7241cb0ec
liblevenshtein.causal-query-cache-policy-matrix.v2,39,3,2,sieve,hot-hits,100000,514175,5.141750,0,0.000000000,0,0.000000000,0,0,100000,0,1.000000000,128,317,128,384,,,15281478681180837072,912b954a3d04f1dd53376138f8812bd7458eb785a069e52e8cfcf8d7241cb0ec
liblevenshtein.causal-query-cache-policy-matrix.v2,39,3,3,sieve,scan,1280,62078,48.498438,3840,3.000000000,92160,72.000000000,3840,92160,0,1280,0.000000000,128,319,128,384,0,,2340858717421899392,912b954a3d04f1dd53376138f8812bd7458eb785a069e52e8cfcf8d7241cb0ec
liblevenshtein.causal-query-cache-policy-matrix.v2,39,4,0,aging-exact-lfu,zipf,180000,35869667,199.275928,182859,1.015883333,4388616,24.381200000,182859,4388616,119047,60953,0.661372222,128,299,128,384,,,15972506848661134764,912b954a3d04f1dd53376138f8812bd7458eb785a069e52e8cfcf8d7241cb0ec
liblevenshtein.causal-query-cache-policy-matrix.v2,39,4,1,aging-exact-lfu,hot-hits,100000,625647,6.256470,0,0.000000000,0,0.000000000,0,0,100000,0,1.000000000,128,317,128,384,,,15281478681180837072,912b954a3d04f1dd53376138f8812bd7458eb785a069e52e8cfcf8d7241cb0ec
liblevenshtein.causal-query-cache-policy-matrix.v2,39,4,2,aging-exact-lfu,scan,1280,758278,592.404688,3840,3.000000000,92160,72.000000000,3840,92160,0,1280,0.000000000,128,319,128,384,127,,2340858717421899392,912b954a3d04f1dd53376138f8812bd7458eb785a069e52e8cfcf8d7241cb0ec
liblevenshtein.causal-query-cache-policy-matrix.v2,39,4,3,aging-exact-lfu,phase-shift,8192,1933086,235.972412,9594,1.171142578,230256,28.107421875,9594,230256,4994,3198,0.609619141,128,321,128,384,,25,15232647556281634816,912b954a3d04f1dd53376138f8812bd7458eb785a069e52e8cfcf8d7241cb0ec
liblevenshtein.causal-query-cache-policy-matrix.v2,40,0,0,fifo,hot-hits,100000,454272,4.542720,0,0.000000000,0,0.000000000,0,0,100000,0,1.000000000,128,317,128,384,,,15281478681180837072,912b954a3d04f1dd53376138f8812bd7458eb785a069e52e8cfcf8d7241cb0ec
liblevenshtein.causal-query-cache-policy-matrix.v2,40,0,1,fifo,scan,1280,61997,48.435156,3840,3.000000000,92160,72.000000000,3840,92160,0,1280,0.000000000,128,319,128,384,0,,2340858717421899392,912b954a3d04f1dd53376138f8812bd7458eb785a069e52e8cfcf8d7241cb0ec
liblevenshtein.causal-query-cache-policy-matrix.v2,40,0,2,fifo,phase-shift,8192,44715,5.458374,384,0.046875000,9216,1.125000000,384,9216,8064,128,0.984375000,128,321,128,384,,1,15232647556281634816,912b954a3d04f1dd53376138f8812bd7458eb785a069e52e8cfcf8d7241cb0ec
liblevenshtein.causal-query-cache-policy-matrix.v2,40,0,3,fifo,zipf,180000,5234620,29.081222,243207,1.351150000,5836968,32.427600000,243207,5836968,98931,81069,0.549616667,128,302,128,384,,,15972506848661134764,912b954a3d04f1dd53376138f8812bd7458eb785a069e52e8cfcf8d7241cb0ec
liblevenshtein.causal-query-cache-policy-matrix.v2,40,1,0,lru,scan,1280,61737,48.232031,3840,3.000000000,92160,72.000000000,3840,92160,0,1280,0.000000000,128,319,128,384,0,,2340858717421899392,912b954a3d04f1dd53376138f8812bd7458eb785a069e52e8cfcf8d7241cb0ec
liblevenshtein.causal-query-cache-policy-matrix.v2,40,1,1,lru,phase-shift,8192,62986,7.688721,384,0.046875000,9216,1.125000000,384,9216,8064,128,0.984375000,128,321,128,384,,1,15232647556281634816,912b954a3d04f1dd53376138f8812bd7458eb785a069e52e8cfcf8d7241cb0ec
liblevenshtein.causal-query-cache-policy-matrix.v2,40,1,2,lru,zipf,180000,5233378,29.074322,214311,1.190616667,5143464,28.574800000,214311,5143464,108563,71437,0.603127778,128,296,128,384,,,15972506848661134764,912b954a3d04f1dd53376138f8812bd7458eb785a069e52e8cfcf8d7241cb0ec
liblevenshtein.causal-query-cache-policy-matrix.v2,40,1,3,lru,hot-hits,100000,728713,7.287130,0,0.000000000,0,0.000000000,0,0,100000,0,1.000000000,128,317,128,384,,,15281478681180837072,912b954a3d04f1dd53376138f8812bd7458eb785a069e52e8cfcf8d7241cb0ec
liblevenshtein.causal-query-cache-policy-matrix.v2,40,2,0,sieve,phase-shift,8192,52938,6.462158,384,0.046875000,9216,1.125000000,384,9216,8064,128,0.984375000,128,321,128,384,,1,15232647556281634816,912b954a3d04f1dd53376138f8812bd7458eb785a069e52e8cfcf8d7241cb0ec
liblevenshtein.causal-query-cache-policy-matrix.v2,40,2,1,sieve,zipf,180000,4942296,27.457200,207564,1.153133333,4981536,27.675200000,207564,4981536,110812,69188,0.615622222,128,298,128,384,,,15972506848661134764,912b954a3d04f1dd53376138f8812bd7458eb785a069e52e8cfcf8d7241cb0ec
liblevenshtein.causal-query-cache-policy-matrix.v2,40,2,2,sieve,hot-hits,100000,592334,5.923340,0,0.000000000,0,0.000000000,0,0,100000,0,1.000000000,128,317,128,384,,,15281478681180837072,912b954a3d04f1dd53376138f8812bd7458eb785a069e52e8cfcf8d7241cb0ec
liblevenshtein.causal-query-cache-policy-matrix.v2,40,2,3,sieve,scan,1280,61406,47.973438,3840,3.000000000,92160,72.000000000,3840,92160,0,1280,0.000000000,128,319,128,384,0,,2340858717421899392,912b954a3d04f1dd53376138f8812bd7458eb785a069e52e8cfcf8d7241cb0ec
liblevenshtein.causal-query-cache-policy-matrix.v2,40,3,0,aging-exact-lfu,zipf,180000,35900735,199.448528,182859,1.015883333,4388616,24.381200000,182859,4388616,119047,60953,0.661372222,128,299,128,384,,,15972506848661134764,912b954a3d04f1dd53376138f8812bd7458eb785a069e52e8cfcf8d7241cb0ec
liblevenshtein.causal-query-cache-policy-matrix.v2,40,3,1,aging-exact-lfu,hot-hits,100000,619295,6.192950,0,0.000000000,0,0.000000000,0,0,100000,0,1.000000000,128,317,128,384,,,15281478681180837072,912b954a3d04f1dd53376138f8812bd7458eb785a069e52e8cfcf8d7241cb0ec
liblevenshtein.causal-query-cache-policy-matrix.v2,40,3,2,aging-exact-lfu,scan,1280,763779,596.702344,3840,3.000000000,92160,72.000000000,3840,92160,0,1280,0.000000000,128,319,128,384,127,,2340858717421899392,912b954a3d04f1dd53376138f8812bd7458eb785a069e52e8cfcf8d7241cb0ec
liblevenshtein.causal-query-cache-policy-matrix.v2,40,3,3,aging-exact-lfu,phase-shift,8192,1935821,236.306274,9594,1.171142578,230256,28.107421875,9594,230256,4994,3198,0.609619141,128,321,128,384,,25,15232647556281634816,912b954a3d04f1dd53376138f8812bd7458eb785a069e52e8cfcf8d7241cb0ec
liblevenshtein.causal-query-cache-policy-matrix.v2,40,4,0,tinylfu-sieve,hot-hits,100000,3427702,34.277020,0,0.000000000,0,0.000000000,0,0,100000,0,1.000000000,128,317,128,384,,,15281478681180837072,912b954a3d04f1dd53376138f8812bd7458eb785a069e52e8cfcf8d7241cb0ec
liblevenshtein.causal-query-cache-policy-matrix.v2,40,4,1,tinylfu-sieve,scan,1280,239825,187.363281,2560,2.000000000,40960,32.000000000,2560,40960,0,1280,0.000000000,128,317,128,384,128,,2340858717421899392,912b954a3d04f1dd53376138f8812bd7458eb785a069e52e8cfcf8d7241cb0ec
liblevenshtein.causal-query-cache-policy-matrix.v2,40,4,2,tinylfu-sieve,phase-shift,8192,426288,52.037109,2792,0.340820312,47744,5.828125000,2792,47744,6860,1332,0.837402344,128,321,128,384,,19,15232647556281634816,912b954a3d04f1dd53376138f8812bd7458eb785a069e52e8cfcf8d7241cb0ec
liblevenshtein.causal-query-cache-policy-matrix.v2,40,4,3,tinylfu-sieve,zipf,180000,10954030,60.855722,131143,0.728572222,2406096,13.367200000,131143,2375120,119551,60449,0.664172222,128,276,128,384,,,15972506848661134764,912b954a3d04f1dd53376138f8812bd7458eb785a069e52e8cfcf8d7241cb0ec
liblevenshtein.causal-query-cache-policy-matrix.v2,41,0,0,lru,scan,1280,61547,48.083594,3840,3.000000000,92160,72.000000000,3840,92160,0,1280,0.000000000,128,319,128,384,0,,2340858717421899392,912b954a3d04f1dd53376138f8812bd7458eb785a069e52e8cfcf8d7241cb0ec
liblevenshtein.causal-query-cache-policy-matrix.v2,41,0,1,lru,phase-shift,8192,62307,7.605835,384,0.046875000,9216,1.125000000,384,9216,8064,128,0.984375000,128,321,128,384,,1,15232647556281634816,912b954a3d04f1dd53376138f8812bd7458eb785a069e52e8cfcf8d7241cb0ec
liblevenshtein.causal-query-cache-policy-matrix.v2,41,0,2,lru,zipf,180000,5187601,28.820006,214311,1.190616667,5143464,28.574800000,214311,5143464,108563,71437,0.603127778,128,296,128,384,,,15972506848661134764,912b954a3d04f1dd53376138f8812bd7458eb785a069e52e8cfcf8d7241cb0ec
liblevenshtein.causal-query-cache-policy-matrix.v2,41,0,3,lru,hot-hits,100000,729424,7.294240,0,0.000000000,0,0.000000000,0,0,100000,0,1.000000000,128,317,128,384,,,15281478681180837072,912b954a3d04f1dd53376138f8812bd7458eb785a069e52e8cfcf8d7241cb0ec
liblevenshtein.causal-query-cache-policy-matrix.v2,41,1,0,sieve,phase-shift,8192,47429,5.789673,384,0.046875000,9216,1.125000000,384,9216,8064,128,0.984375000,128,321,128,384,,1,15232647556281634816,912b954a3d04f1dd53376138f8812bd7458eb785a069e52e8cfcf8d7241cb0ec
liblevenshtein.causal-query-cache-policy-matrix.v2,41,1,1,sieve,zipf,180000,4879417,27.107872,207564,1.153133333,4981536,27.675200000,207564,4981536,110812,69188,0.615622222,128,298,128,384,,,15972506848661134764,912b954a3d04f1dd53376138f8812bd7458eb785a069e52e8cfcf8d7241cb0ec
liblevenshtein.causal-query-cache-policy-matrix.v2,41,1,2,sieve,hot-hits,100000,517060,5.170600,0,0.000000000,0,0.000000000,0,0,100000,0,1.000000000,128,317,128,384,,,15281478681180837072,912b954a3d04f1dd53376138f8812bd7458eb785a069e52e8cfcf8d7241cb0ec
liblevenshtein.causal-query-cache-policy-matrix.v2,41,1,3,sieve,scan,1280,60695,47.417969,3840,3.000000000,92160,72.000000000,3840,92160,0,1280,0.000000000,128,319,128,384,0,,2340858717421899392,912b954a3d04f1dd53376138f8812bd7458eb785a069e52e8cfcf8d7241cb0ec
liblevenshtein.causal-query-cache-policy-matrix.v2,41,2,0,aging-exact-lfu,zipf,180000,35830091,199.056061,182859,1.015883333,4388616,24.381200000,182859,4388616,119047,60953,0.661372222,128,299,128,384,,,15972506848661134764,912b954a3d04f1dd53376138f8812bd7458eb785a069e52e8cfcf8d7241cb0ec
liblevenshtein.causal-query-cache-policy-matrix.v2,41,2,1,aging-exact-lfu,hot-hits,100000,624515,6.245150,0,0.000000000,0,0.000000000,0,0,100000,0,1.000000000,128,317,128,384,,,15281478681180837072,912b954a3d04f1dd53376138f8812bd7458eb785a069e52e8cfcf8d7241cb0ec
liblevenshtein.causal-query-cache-policy-matrix.v2,41,2,2,aging-exact-lfu,scan,1280,762005,595.316406,3840,3.000000000,92160,72.000000000,3840,92160,0,1280,0.000000000,128,319,128,384,127,,2340858717421899392,912b954a3d04f1dd53376138f8812bd7458eb785a069e52e8cfcf8d7241cb0ec
liblevenshtein.causal-query-cache-policy-matrix.v2,41,2,3,aging-exact-lfu,phase-shift,8192,1930258,235.627197,9594,1.171142578,230256,28.107421875,9594,230256,4994,3198,0.609619141,128,321,128,384,,25,15232647556281634816,912b954a3d04f1dd53376138f8812bd7458eb785a069e52e8cfcf8d7241cb0ec
liblevenshtein.causal-query-cache-policy-matrix.v2,41,3,0,tinylfu-sieve,hot-hits,100000,3448562,34.485620,0,0.000000000,0,0.000000000,0,0,100000,0,1.000000000,128,317,128,384,,,15281478681180837072,912b954a3d04f1dd53376138f8812bd7458eb785a069e52e8cfcf8d7241cb0ec
liblevenshtein.causal-query-cache-policy-matrix.v2,41,3,1,tinylfu-sieve,scan,1280,242019,189.077344,2560,2.000000000,40960,32.000000000,2560,40960,0,1280,0.000000000,128,317,128,384,128,,2340858717421899392,912b954a3d04f1dd53376138f8812bd7458eb785a069e52e8cfcf8d7241cb0ec
liblevenshtein.causal-query-cache-policy-matrix.v2,41,3,2,tinylfu-sieve,phase-shift,8192,433754,52.948486,2792,0.340820312,47744,5.828125000,2792,47744,6860,1332,0.837402344,128,321,128,384,,19,15232647556281634816,912b954a3d04f1dd53376138f8812bd7458eb785a069e52e8cfcf8d7241cb0ec
liblevenshtein.causal-query-cache-policy-matrix.v2,41,3,3,tinylfu-sieve,zipf,180000,11279057,62.661428,131143,0.728572222,2406096,13.367200000,131143,2375120,119551,60449,0.664172222,128,276,128,384,,,15972506848661134764,912b954a3d04f1dd53376138f8812bd7458eb785a069e52e8cfcf8d7241cb0ec
liblevenshtein.causal-query-cache-policy-matrix.v2,41,4,0,fifo,scan,1280,63100,49.296875,3840,3.000000000,92160,72.000000000,3840,92160,0,1280,0.000000000,128,319,128,384,0,,2340858717421899392,912b954a3d04f1dd53376138f8812bd7458eb785a069e52e8cfcf8d7241cb0ec
liblevenshtein.causal-query-cache-policy-matrix.v2,41,4,1,fifo,phase-shift,8192,72709,8.875610,384,0.046875000,9216,1.125000000,384,9216,8064,128,0.984375000,128,321,128,384,,1,15232647556281634816,912b954a3d04f1dd53376138f8812bd7458eb785a069e52e8cfcf8d7241cb0ec
liblevenshtein.causal-query-cache-policy-matrix.v2,41,4,2,fifo,zipf,180000,5585015,31.027861,243207,1.351150000,5836968,32.427600000,243207,5836968,98931,81069,0.549616667,128,302,128,384,,,15972506848661134764,912b954a3d04f1dd53376138f8812bd7458eb785a069e52e8cfcf8d7241cb0ec
liblevenshtein.causal-query-cache-policy-matrix.v2,41,4,3,fifo,hot-hits,100000,448501,4.485010,0,0.000000000,0,0.000000000,0,0,100000,0,1.000000000,128,317,128,384,,,15281478681180837072,912b954a3d04f1dd53376138f8812bd7458eb785a069e52e8cfcf8d7241cb0ec
liblevenshtein.causal-query-cache-policy-matrix.v2,42,0,0,sieve,phase-shift,8192,47931,5.850952,384,0.046875000,9216,1.125000000,384,9216,8064,128,0.984375000,128,321,128,384,,1,15232647556281634816,912b954a3d04f1dd53376138f8812bd7458eb785a069e52e8cfcf8d7241cb0ec
liblevenshtein.causal-query-cache-policy-matrix.v2,42,0,1,sieve,zipf,180000,4877944,27.099689,207564,1.153133333,4981536,27.675200000,207564,4981536,110812,69188,0.615622222,128,298,128,384,,,15972506848661134764,912b954a3d04f1dd53376138f8812bd7458eb785a069e52e8cfcf8d7241cb0ec
liblevenshtein.causal-query-cache-policy-matrix.v2,42,0,2,sieve,hot-hits,100000,524866,5.248660,0,0.000000000,0,0.000000000,0,0,100000,0,1.000000000,128,317,128,384,,,15281478681180837072,912b954a3d04f1dd53376138f8812bd7458eb785a069e52e8cfcf8d7241cb0ec
liblevenshtein.causal-query-cache-policy-matrix.v2,42,0,3,sieve,scan,1280,60024,46.893750,3840,3.000000000,92160,72.000000000,3840,92160,0,1280,0.000000000,128,319,128,384,0,,2340858717421899392,912b954a3d04f1dd53376138f8812bd7458eb785a069e52e8cfcf8d7241cb0ec
liblevenshtein.causal-query-cache-policy-matrix.v2,42,1,0,aging-exact-lfu,zipf,180000,35835863,199.088128,182859,1.015883333,4388616,24.381200000,182859,4388616,119047,60953,0.661372222,128,299,128,384,,,15972506848661134764,912b954a3d04f1dd53376138f8812bd7458eb785a069e52e8cfcf8d7241cb0ec
liblevenshtein.causal-query-cache-policy-matrix.v2,42,1,1,aging-exact-lfu,hot-hits,100000,630786,6.307860,0,0.000000000,0,0.000000000,0,0,100000,0,1.000000000,128,317,128,384,,,15281478681180837072,912b954a3d04f1dd53376138f8812bd7458eb785a069e52e8cfcf8d7241cb0ec
liblevenshtein.causal-query-cache-policy-matrix.v2,42,1,2,aging-exact-lfu,scan,1280,763398,596.404688,3840,3.000000000,92160,72.000000000,3840,92160,0,1280,0.000000000,128,319,128,384,127,,2340858717421899392,912b954a3d04f1dd53376138f8812bd7458eb785a069e52e8cfcf8d7241cb0ec
liblevenshtein.causal-query-cache-policy-matrix.v2,42,1,3,aging-exact-lfu,phase-shift,8192,1934961,236.201294,9594,1.171142578,230256,28.107421875,9594,230256,4994,3198,0.609619141,128,321,128,384,,25,15232647556281634816,912b954a3d04f1dd53376138f8812bd7458eb785a069e52e8cfcf8d7241cb0ec
liblevenshtein.causal-query-cache-policy-matrix.v2,42,2,0,tinylfu-sieve,hot-hits,100000,3523113,35.231130,0,0.000000000,0,0.000000000,0,0,100000,0,1.000000000,128,317,128,384,,,15281478681180837072,912b954a3d04f1dd53376138f8812bd7458eb785a069e52e8cfcf8d7241cb0ec
liblevenshtein.causal-query-cache-policy-matrix.v2,42,2,1,tinylfu-sieve,scan,1280,239003,186.721094,2560,2.000000000,40960,32.000000000,2560,40960,0,1280,0.000000000,128,317,128,384,128,,2340858717421899392,912b954a3d04f1dd53376138f8812bd7458eb785a069e52e8cfcf8d7241cb0ec
liblevenshtein.causal-query-cache-policy-matrix.v2,42,2,2,tinylfu-sieve,phase-shift,8192,433649,52.935669,2792,0.340820312,47744,5.828125000,2792,47744,6860,1332,0.837402344,128,321,128,384,,19,15232647556281634816,912b954a3d04f1dd53376138f8812bd7458eb785a069e52e8cfcf8d7241cb0ec
liblevenshtein.causal-query-cache-policy-matrix.v2,42,2,3,tinylfu-sieve,zipf,180000,10996731,61.092950,131143,0.728572222,2406096,13.367200000,131143,2375120,119551,60449,0.664172222,128,276,128,384,,,15972506848661134764,912b954a3d04f1dd53376138f8812bd7458eb785a069e52e8cfcf8d7241cb0ec
liblevenshtein.causal-query-cache-policy-matrix.v2,42,3,0,fifo,scan,1280,61647,48.161719,3840,3.000000000,92160,72.000000000,3840,92160,0,1280,0.000000000,128,319,128,384,0,,2340858717421899392,912b954a3d04f1dd53376138f8812bd7458eb785a069e52e8cfcf8d7241cb0ec
liblevenshtein.causal-query-cache-policy-matrix.v2,42,3,1,fifo,phase-shift,8192,43402,5.298096,384,0.046875000,9216,1.125000000,384,9216,8064,128,0.984375000,128,321,128,384,,1,15232647556281634816,912b954a3d04f1dd53376138f8812bd7458eb785a069e52e8cfcf8d7241cb0ec
liblevenshtein.causal-query-cache-policy-matrix.v2,42,3,2,fifo,zipf,180000,5252344,29.179689,243207,1.351150000,5836968,32.427600000,243207,5836968,98931,81069,0.549616667,128,302,128,384,,,15972506848661134764,912b954a3d04f1dd53376138f8812bd7458eb785a069e52e8cfcf8d7241cb0ec
liblevenshtein.causal-query-cache-policy-matrix.v2,42,3,3,fifo,hot-hits,100000,464481,4.644810,0,0.000000000,0,0.000000000,0,0,100000,0,1.000000000,128,317,128,384,,,15281478681180837072,912b954a3d04f1dd53376138f8812bd7458eb785a069e52e8cfcf8d7241cb0ec
liblevenshtein.causal-query-cache-policy-matrix.v2,42,4,0,lru,phase-shift,8192,63148,7.708496,384,0.046875000,9216,1.125000000,384,9216,8064,128,0.984375000,128,321,128,384,,1,15232647556281634816,912b954a3d04f1dd53376138f8812bd7458eb785a069e52e8cfcf8d7241cb0ec
liblevenshtein.causal-query-cache-policy-matrix.v2,42,4,1,lru,zipf,180000,5225393,29.029961,214311,1.190616667,5143464,28.574800000,214311,5143464,108563,71437,0.603127778,128,296,128,384,,,15972506848661134764,912b954a3d04f1dd53376138f8812bd7458eb785a069e52e8cfcf8d7241cb0ec
liblevenshtein.causal-query-cache-policy-matrix.v2,42,4,2,lru,hot-hits,100000,749172,7.491720,0,0.000000000,0,0.000000000,0,0,100000,0,1.000000000,128,317,128,384,,,15281478681180837072,912b954a3d04f1dd53376138f8812bd7458eb785a069e52e8cfcf8d7241cb0ec
liblevenshtein.causal-query-cache-policy-matrix.v2,42,4,3,lru,scan,1280,61787,48.271094,3840,3.000000000,92160,72.000000000,3840,92160,0,1280,0.000000000,128,319,128,384,0,,2340858717421899392,912b954a3d04f1dd53376138f8812bd7458eb785a069e52e8cfcf8d7241cb0ec
liblevenshtein.causal-query-cache-policy-matrix.v2,43,0,0,aging-exact-lfu,zipf,180000,35909131,199.495172,182859,1.015883333,4388616,24.381200000,182859,4388616,119047,60953,0.661372222,128,299,128,384,,,15972506848661134764,912b954a3d04f1dd53376138f8812bd7458eb785a069e52e8cfcf8d7241cb0ec
liblevenshtein.causal-query-cache-policy-matrix.v2,43,0,1,aging-exact-lfu,hot-hits,100000,625267,6.252670,0,0.000000000,0,0.000000000,0,0,100000,0,1.000000000,128,317,128,384,,,15281478681180837072,912b954a3d04f1dd53376138f8812bd7458eb785a069e52e8cfcf8d7241cb0ec
liblevenshtein.causal-query-cache-policy-matrix.v2,43,0,2,aging-exact-lfu,scan,1280,759782,593.579687,3840,3.000000000,92160,72.000000000,3840,92160,0,1280,0.000000000,128,319,128,384,127,,2340858717421899392,912b954a3d04f1dd53376138f8812bd7458eb785a069e52e8cfcf8d7241cb0ec
liblevenshtein.causal-query-cache-policy-matrix.v2,43,0,3,aging-exact-lfu,phase-shift,8192,1936455,236.383667,9594,1.171142578,230256,28.107421875,9594,230256,4994,3198,0.609619141,128,321,128,384,,25,15232647556281634816,912b954a3d04f1dd53376138f8812bd7458eb785a069e52e8cfcf8d7241cb0ec
liblevenshtein.causal-query-cache-policy-matrix.v2,43,1,0,tinylfu-sieve,hot-hits,100000,3454764,34.547640,0,0.000000000,0,0.000000000,0,0,100000,0,1.000000000,128,317,128,384,,,15281478681180837072,912b954a3d04f1dd53376138f8812bd7458eb785a069e52e8cfcf8d7241cb0ec
liblevenshtein.causal-query-cache-policy-matrix.v2,43,1,1,tinylfu-sieve,scan,1280,240476,187.871875,2560,2.000000000,40960,32.000000000,2560,40960,0,1280,0.000000000,128,317,128,384,128,,2340858717421899392,912b954a3d04f1dd53376138f8812bd7458eb785a069e52e8cfcf8d7241cb0ec
liblevenshtein.causal-query-cache-policy-matrix.v2,43,1,2,tinylfu-sieve,phase-shift,8192,435863,53.205933,2792,0.340820312,47744,5.828125000,2792,47744,6860,1332,0.837402344,128,321,128,384,,19,15232647556281634816,912b954a3d04f1dd53376138f8812bd7458eb785a069e52e8cfcf8d7241cb0ec
liblevenshtein.causal-query-cache-policy-matrix.v2,43,1,3,tinylfu-sieve,zipf,180000,11291821,62.732339,131143,0.728572222,2406096,13.367200000,131143,2375120,119551,60449,0.664172222,128,276,128,384,,,15972506848661134764,912b954a3d04f1dd53376138f8812bd7458eb785a069e52e8cfcf8d7241cb0ec
liblevenshtein.causal-query-cache-policy-matrix.v2,43,2,0,fifo,scan,1280,62268,48.646875,3840,3.000000000,92160,72.000000000,3840,92160,0,1280,0.000000000,128,319,128,384,0,,2340858717421899392,912b954a3d04f1dd53376138f8812bd7458eb785a069e52e8cfcf8d7241cb0ec
liblevenshtein.causal-query-cache-policy-matrix.v2,43,2,1,fifo,phase-shift,8192,44054,5.377686,384,0.046875000,9216,1.125000000,384,9216,8064,128,0.984375000,128,321,128,384,,1,15232647556281634816,912b954a3d04f1dd53376138f8812bd7458eb785a069e52e8cfcf8d7241cb0ec
liblevenshtein.causal-query-cache-policy-matrix.v2,43,2,2,fifo,zipf,180000,5277041,29.316894,243207,1.351150000,5836968,32.427600000,243207,5836968,98931,81069,0.549616667,128,302,128,384,,,15972506848661134764,912b954a3d04f1dd53376138f8812bd7458eb785a069e52e8cfcf8d7241cb0ec
liblevenshtein.causal-query-cache-policy-matrix.v2,43,2,3,fifo,hot-hits,100000,470643,4.706430,0,0.000000000,0,0.000000000,0,0,100000,0,1.000000000,128,317,128,384,,,15281478681180837072,912b954a3d04f1dd53376138f8812bd7458eb785a069e52e8cfcf8d7241cb0ec
liblevenshtein.causal-query-cache-policy-matrix.v2,43,3,0,lru,phase-shift,8192,63108,7.703613,384,0.046875000,9216,1.125000000,384,9216,8064,128,0.984375000,128,321,128,384,,1,15232647556281634816,912b954a3d04f1dd53376138f8812bd7458eb785a069e52e8cfcf8d7241cb0ec
liblevenshtein.causal-query-cache-policy-matrix.v2,43,3,1,lru,zipf,180000,5246824,29.149022,214311,1.190616667,5143464,28.574800000,214311,5143464,108563,71437,0.603127778,128,296,128,384,,,15972506848661134764,912b954a3d04f1dd53376138f8812bd7458eb785a069e52e8cfcf8d7241cb0ec
liblevenshtein.causal-query-cache-policy-matrix.v2,43,3,2,lru,hot-hits,100000,736237,7.362370,0,0.000000000,0,0.000000000,0,0,100000,0,1.000000000,128,317,128,384,,,15281478681180837072,912b954a3d04f1dd53376138f8812bd7458eb785a069e52e8cfcf8d7241cb0ec
liblevenshtein.causal-query-cache-policy-matrix.v2,43,3,3,lru,scan,1280,62499,48.827344,3840,3.000000000,92160,72.000000000,3840,92160,0,1280,0.000000000,128,319,128,384,0,,2340858717421899392,912b954a3d04f1dd53376138f8812bd7458eb785a069e52e8cfcf8d7241cb0ec
liblevenshtein.causal-query-cache-policy-matrix.v2,43,4,0,sieve,zipf,180000,4956472,27.535956,207564,1.153133333,4981536,27.675200000,207564,4981536,110812,69188,0.615622222,128,298,128,384,,,15972506848661134764,912b954a3d04f1dd53376138f8812bd7458eb785a069e52e8cfcf8d7241cb0ec
liblevenshtein.causal-query-cache-policy-matrix.v2,43,4,1,sieve,hot-hits,100000,545144,5.451440,0,0.000000000,0,0.000000000,0,0,100000,0,1.000000000,128,317,128,384,,,15281478681180837072,912b954a3d04f1dd53376138f8812bd7458eb785a069e52e8cfcf8d7241cb0ec
liblevenshtein.causal-query-cache-policy-matrix.v2,43,4,2,sieve,scan,1280,62779,49.046094,3840,3.000000000,92160,72.000000000,3840,92160,0,1280,0.000000000,128,319,128,384,0,,2340858717421899392,912b954a3d04f1dd53376138f8812bd7458eb785a069e52e8cfcf8d7241cb0ec
liblevenshtein.causal-query-cache-policy-matrix.v2,43,4,3,sieve,phase-shift,8192,47461,5.793579,384,0.046875000,9216,1.125000000,384,9216,8064,128,0.984375000,128,321,128,384,,1,15232647556281634816,912b954a3d04f1dd53376138f8812bd7458eb785a069e52e8cfcf8d7241cb0ec
liblevenshtein.causal-query-cache-policy-matrix.v2,44,0,0,tinylfu-sieve,hot-hits,100000,3435117,34.351170,0,0.000000000,0,0.000000000,0,0,100000,0,1.000000000,128,317,128,384,,,15281478681180837072,912b954a3d04f1dd53376138f8812bd7458eb785a069e52e8cfcf8d7241cb0ec
liblevenshtein.causal-query-cache-policy-matrix.v2,44,0,1,tinylfu-sieve,scan,1280,238974,186.698438,2560,2.000000000,40960,32.000000000,2560,40960,0,1280,0.000000000,128,317,128,384,128,,2340858717421899392,912b954a3d04f1dd53376138f8812bd7458eb785a069e52e8cfcf8d7241cb0ec
liblevenshtein.causal-query-cache-policy-matrix.v2,44,0,2,tinylfu-sieve,phase-shift,8192,436446,53.277100,2792,0.340820312,47744,5.828125000,2792,47744,6860,1332,0.837402344,128,321,128,384,,19,15232647556281634816,912b954a3d04f1dd53376138f8812bd7458eb785a069e52e8cfcf8d7241cb0ec
liblevenshtein.causal-query-cache-policy-matrix.v2,44,0,3,tinylfu-sieve,zipf,180000,10984888,61.027156,131143,0.728572222,2406096,13.367200000,131143,2375120,119551,60449,0.664172222,128,276,128,384,,,15972506848661134764,912b954a3d04f1dd53376138f8812bd7458eb785a069e52e8cfcf8d7241cb0ec
liblevenshtein.causal-query-cache-policy-matrix.v2,44,1,0,fifo,scan,1280,61687,48.192969,3840,3.000000000,92160,72.000000000,3840,92160,0,1280,0.000000000,128,319,128,384,0,,2340858717421899392,912b954a3d04f1dd53376138f8812bd7458eb785a069e52e8cfcf8d7241cb0ec
liblevenshtein.causal-query-cache-policy-matrix.v2,44,1,1,fifo,phase-shift,8192,43181,5.271118,384,0.046875000,9216,1.125000000,384,9216,8064,128,0.984375000,128,321,128,384,,1,15232647556281634816,912b954a3d04f1dd53376138f8812bd7458eb785a069e52e8cfcf8d7241cb0ec
liblevenshtein.causal-query-cache-policy-matrix.v2,44,1,2,fifo,zipf,180000,5246282,29.146011,243207,1.351150000,5836968,32.427600000,243207,5836968,98931,81069,0.549616667,128,302,128,384,,,15972506848661134764,912b954a3d04f1dd53376138f8812bd7458eb785a069e52e8cfcf8d7241cb0ec
liblevenshtein.causal-query-cache-policy-matrix.v2,44,1,3,fifo,hot-hits,100000,454321,4.543210,0,0.000000000,0,0.000000000,0,0,100000,0,1.000000000,128,317,128,384,,,15281478681180837072,912b954a3d04f1dd53376138f8812bd7458eb785a069e52e8cfcf8d7241cb0ec
liblevenshtein.causal-query-cache-policy-matrix.v2,44,2,0,lru,phase-shift,8192,64453,7.867798,384,0.046875000,9216,1.125000000,384,9216,8064,128,0.984375000,128,321,128,384,,1,15232647556281634816,912b954a3d04f1dd53376138f8812bd7458eb785a069e52e8cfcf8d7241cb0ec
liblevenshtein.causal-query-cache-policy-matrix.v2,44,2,1,lru,zipf,180000,5257994,29.211078,214311,1.190616667,5143464,28.574800000,214311,5143464,108563,71437,0.603127778,128,296,128,384,,,15972506848661134764,912b954a3d04f1dd53376138f8812bd7458eb785a069e52e8cfcf8d7241cb0ec
liblevenshtein.causal-query-cache-policy-matrix.v2,44,2,2,lru,hot-hits,100000,747819,7.478190,0,0.000000000,0,0.000000000,0,0,100000,0,1.000000000,128,317,128,384,,,15281478681180837072,912b954a3d04f1dd53376138f8812bd7458eb785a069e52e8cfcf8d7241cb0ec
liblevenshtein.causal-query-cache-policy-matrix.v2,44,2,3,lru,scan,1280,61487,48.036719,3840,3.000000000,92160,72.000000000,3840,92160,0,1280,0.000000000,128,319,128,384,0,,2340858717421899392,912b954a3d04f1dd53376138f8812bd7458eb785a069e52e8cfcf8d7241cb0ec
liblevenshtein.causal-query-cache-policy-matrix.v2,44,3,0,sieve,zipf,180000,4919823,27.332350,207564,1.153133333,4981536,27.675200000,207564,4981536,110812,69188,0.615622222,128,298,128,384,,,15972506848661134764,912b954a3d04f1dd53376138f8812bd7458eb785a069e52e8cfcf8d7241cb0ec
liblevenshtein.causal-query-cache-policy-matrix.v2,44,3,1,sieve,hot-hits,100000,601551,6.015510,0,0.000000000,0,0.000000000,0,0,100000,0,1.000000000,128,317,128,384,,,15281478681180837072,912b954a3d04f1dd53376138f8812bd7458eb785a069e52e8cfcf8d7241cb0ec
liblevenshtein.causal-query-cache-policy-matrix.v2,44,3,2,sieve,scan,1280,62859,49.108594,3840,3.000000000,92160,72.000000000,3840,92160,0,1280,0.000000000,128,319,128,384,0,,2340858717421899392,912b954a3d04f1dd53376138f8812bd7458eb785a069e52e8cfcf8d7241cb0ec
liblevenshtein.causal-query-cache-policy-matrix.v2,44,3,3,sieve,phase-shift,8192,47541,5.803345,384,0.046875000,9216,1.125000000,384,9216,8064,128,0.984375000,128,321,128,384,,1,15232647556281634816,912b954a3d04f1dd53376138f8812bd7458eb785a069e52e8cfcf8d7241cb0ec
liblevenshtein.causal-query-cache-policy-matrix.v2,44,4,0,aging-exact-lfu,hot-hits,100000,647698,6.476980,0,0.000000000,0,0.000000000,0,0,100000,0,1.000000000,128,317,128,384,,,15281478681180837072,912b954a3d04f1dd53376138f8812bd7458eb785a069e52e8cfcf8d7241cb0ec
liblevenshtein.causal-query-cache-policy-matrix.v2,44,4,1,aging-exact-lfu,scan,1280,764360,597.156250,3840,3.000000000,92160,72.000000000,3840,92160,0,1280,0.000000000,128,319,128,384,127,,2340858717421899392,912b954a3d04f1dd53376138f8812bd7458eb785a069e52e8cfcf8d7241cb0ec
liblevenshtein.causal-query-cache-policy-matrix.v2,44,4,2,aging-exact-lfu,phase-shift,8192,1937466,236.507080,9594,1.171142578,230256,28.107421875,9594,230256,4994,3198,0.609619141,128,321,128,384,,25,15232647556281634816,912b954a3d04f1dd53376138f8812bd7458eb785a069e52e8cfcf8d7241cb0ec
liblevenshtein.causal-query-cache-policy-matrix.v2,44,4,3,aging-exact-lfu,zipf,180000,35841312,199.118400,182859,1.015883333,4388616,24.381200000,182859,4388616,119047,60953,0.661372222,128,299,128,384,,,15972506848661134764,912b954a3d04f1dd53376138f8812bd7458eb785a069e52e8cfcf8d7241cb0ec
liblevenshtein.causal-query-cache-policy-matrix.v2,45,0,0,fifo,scan,1280,60234,47.057812,3840,3.000000000,92160,72.000000000,3840,92160,0,1280,0.000000000,128,319,128,384,0,,2340858717421899392,912b954a3d04f1dd53376138f8812bd7458eb785a069e52e8cfcf8d7241cb0ec
liblevenshtein.causal-query-cache-policy-matrix.v2,45,0,1,fifo,phase-shift,8192,43050,5.255127,384,0.046875000,9216,1.125000000,384,9216,8064,128,0.984375000,128,321,128,384,,1,15232647556281634816,912b954a3d04f1dd53376138f8812bd7458eb785a069e52e8cfcf8d7241cb0ec
liblevenshtein.causal-query-cache-policy-matrix.v2,45,0,2,fifo,zipf,180000,5159557,28.664206,243207,1.351150000,5836968,32.427600000,243207,5836968,98931,81069,0.549616667,128,302,128,384,,,15972506848661134764,912b954a3d04f1dd53376138f8812bd7458eb785a069e52e8cfcf8d7241cb0ec
liblevenshtein.causal-query-cache-policy-matrix.v2,45,0,3,fifo,hot-hits,100000,458751,4.587510,0,0.000000000,0,0.000000000,0,0,100000,0,1.000000000,128,317,128,384,,,15281478681180837072,912b954a3d04f1dd53376138f8812bd7458eb785a069e52e8cfcf8d7241cb0ec
liblevenshtein.causal-query-cache-policy-matrix.v2,45,1,0,lru,phase-shift,8192,62740,7.658691,384,0.046875000,9216,1.125000000,384,9216,8064,128,0.984375000,128,321,128,384,,1,15232647556281634816,912b954a3d04f1dd53376138f8812bd7458eb785a069e52e8cfcf8d7241cb0ec
liblevenshtein.causal-query-cache-policy-matrix.v2,45,1,1,lru,zipf,180000,5190987,28.838817,214311,1.190616667,5143464,28.574800000,214311,5143464,108563,71437,0.603127778,128,296,128,384,,,15972506848661134764,912b954a3d04f1dd53376138f8812bd7458eb785a069e52e8cfcf8d7241cb0ec
liblevenshtein.causal-query-cache-policy-matrix.v2,45,1,2,lru,hot-hits,100000,735516,7.355160,0,0.000000000,0,0.000000000,0,0,100000,0,1.000000000,128,317,128,384,,,15281478681180837072,912b954a3d04f1dd53376138f8812bd7458eb785a069e52e8cfcf8d7241cb0ec
liblevenshtein.causal-query-cache-policy-matrix.v2,45,1,3,lru,scan,1280,59694,46.635937,3840,3.000000000,92160,72.000000000,3840,92160,0,1280,0.000000000,128,319,128,384,0,,2340858717421899392,912b954a3d04f1dd53376138f8812bd7458eb785a069e52e8cfcf8d7241cb0ec
liblevenshtein.causal-query-cache-policy-matrix.v2,45,2,0,sieve,zipf,180000,4876220,27.090111,207564,1.153133333,4981536,27.675200000,207564,4981536,110812,69188,0.615622222,128,298,128,384,,,15972506848661134764,912b954a3d04f1dd53376138f8812bd7458eb785a069e52e8cfcf8d7241cb0ec
liblevenshtein.causal-query-cache-policy-matrix.v2,45,2,1,sieve,hot-hits,100000,517301,5.173010,0,0.000000000,0,0.000000000,0,0,100000,0,1.000000000,128,317,128,384,,,15281478681180837072,912b954a3d04f1dd53376138f8812bd7458eb785a069e52e8cfcf8d7241cb0ec
liblevenshtein.causal-query-cache-policy-matrix.v2,45,2,2,sieve,scan,1280,60354,47.151562,3840,3.000000000,92160,72.000000000,3840,92160,0,1280,0.000000000,128,319,128,384,0,,2340858717421899392,912b954a3d04f1dd53376138f8812bd7458eb785a069e52e8cfcf8d7241cb0ec
liblevenshtein.causal-query-cache-policy-matrix.v2,45,2,3,sieve,phase-shift,8192,46829,5.716431,384,0.046875000,9216,1.125000000,384,9216,8064,128,0.984375000,128,321,128,384,,1,15232647556281634816,912b954a3d04f1dd53376138f8812bd7458eb785a069e52e8cfcf8d7241cb0ec
liblevenshtein.causal-query-cache-policy-matrix.v2,45,3,0,aging-exact-lfu,hot-hits,100000,627289,6.272890,0,0.000000000,0,0.000000000,0,0,100000,0,1.000000000,128,317,128,384,,,15281478681180837072,912b954a3d04f1dd53376138f8812bd7458eb785a069e52e8cfcf8d7241cb0ec
liblevenshtein.causal-query-cache-policy-matrix.v2,45,3,1,aging-exact-lfu,scan,1280,764310,597.117188,3840,3.000000000,92160,72.000000000,3840,92160,0,1280,0.000000000,128,319,128,384,127,,2340858717421899392,912b954a3d04f1dd53376138f8812bd7458eb785a069e52e8cfcf8d7241cb0ec
liblevenshtein.causal-query-cache-policy-matrix.v2,45,3,2,aging-exact-lfu,phase-shift,8192,1934881,236.191528,9594,1.171142578,230256,28.107421875,9594,230256,4994,3198,0.609619141,128,321,128,384,,25,15232647556281634816,912b954a3d04f1dd53376138f8812bd7458eb785a069e52e8cfcf8d7241cb0ec
liblevenshtein.causal-query-cache-policy-matrix.v2,45,3,3,aging-exact-lfu,zipf,180000,35826153,199.034183,182859,1.015883333,4388616,24.381200000,182859,4388616,119047,60953,0.661372222,128,299,128,384,,,15972506848661134764,912b954a3d04f1dd53376138f8812bd7458eb785a069e52e8cfcf8d7241cb0ec
liblevenshtein.causal-query-cache-policy-matrix.v2,45,4,0,tinylfu-sieve,scan,1280,238863,186.611719,2560,2.000000000,40960,32.000000000,2560,40960,0,1280,0.000000000,128,317,128,384,128,,2340858717421899392,912b954a3d04f1dd53376138f8812bd7458eb785a069e52e8cfcf8d7241cb0ec
liblevenshtein.causal-query-cache-policy-matrix.v2,45,4,1,tinylfu-sieve,phase-shift,8192,435797,53.197876,2792,0.340820312,47744,5.828125000,2792,47744,6860,1332,0.837402344,128,321,128,384,,19,15232647556281634816,912b954a3d04f1dd53376138f8812bd7458eb785a069e52e8cfcf8d7241cb0ec
liblevenshtein.causal-query-cache-policy-matrix.v2,45,4,2,tinylfu-sieve,zipf,180000,10994406,61.080033,131143,0.728572222,2406096,13.367200000,131143,2375120,119551,60449,0.664172222,128,276,128,384,,,15972506848661134764,912b954a3d04f1dd53376138f8812bd7458eb785a069e52e8cfcf8d7241cb0ec
liblevenshtein.causal-query-cache-policy-matrix.v2,45,4,3,tinylfu-sieve,hot-hits,100000,3440688,34.406880,0,0.000000000,0,0.000000000,0,0,100000,0,1.000000000,128,317,128,384,,,15281478681180837072,912b954a3d04f1dd53376138f8812bd7458eb785a069e52e8cfcf8d7241cb0ec
liblevenshtein.causal-query-cache-policy-matrix.v2,46,0,0,lru,phase-shift,8192,65374,7.980225,384,0.046875000,9216,1.125000000,384,9216,8064,128,0.984375000,128,321,128,384,,1,15232647556281634816,912b954a3d04f1dd53376138f8812bd7458eb785a069e52e8cfcf8d7241cb0ec
liblevenshtein.causal-query-cache-policy-matrix.v2,46,0,1,lru,zipf,180000,5245410,29.141167,214311,1.190616667,5143464,28.574800000,214311,5143464,108563,71437,0.603127778,128,296,128,384,,,15972506848661134764,912b954a3d04f1dd53376138f8812bd7458eb785a069e52e8cfcf8d7241cb0ec
liblevenshtein.causal-query-cache-policy-matrix.v2,46,0,2,lru,hot-hits,100000,723843,7.238430,0,0.000000000,0,0.000000000,0,0,100000,0,1.000000000,128,317,128,384,,,15281478681180837072,912b954a3d04f1dd53376138f8812bd7458eb785a069e52e8cfcf8d7241cb0ec
liblevenshtein.causal-query-cache-policy-matrix.v2,46,0,3,lru,scan,1280,63010,49.226562,3840,3.000000000,92160,72.000000000,3840,92160,0,1280,0.000000000,128,319,128,384,0,,2340858717421899392,912b954a3d04f1dd53376138f8812bd7458eb785a069e52e8cfcf8d7241cb0ec
liblevenshtein.causal-query-cache-policy-matrix.v2,46,1,0,sieve,zipf,180000,4920655,27.336972,207564,1.153133333,4981536,27.675200000,207564,4981536,110812,69188,0.615622222,128,298,128,384,,,15972506848661134764,912b954a3d04f1dd53376138f8812bd7458eb785a069e52e8cfcf8d7241cb0ec
liblevenshtein.causal-query-cache-policy-matrix.v2,46,1,1,sieve,hot-hits,100000,523213,5.232130,0,0.000000000,0,0.000000000,0,0,100000,0,1.000000000,128,317,128,384,,,15281478681180837072,912b954a3d04f1dd53376138f8812bd7458eb785a069e52e8cfcf8d7241cb0ec
liblevenshtein.causal-query-cache-policy-matrix.v2,46,1,2,sieve,scan,1280,62138,48.545313,3840,3.000000000,92160,72.000000000,3840,92160,0,1280,0.000000000,128,319,128,384,0,,2340858717421899392,912b954a3d04f1dd53376138f8812bd7458eb785a069e52e8cfcf8d7241cb0ec
liblevenshtein.causal-query-cache-policy-matrix.v2,46,1,3,sieve,phase-shift,8192,46929,5.728638,384,0.046875000,9216,1.125000000,384,9216,8064,128,0.984375000,128,321,128,384,,1,15232647556281634816,912b954a3d04f1dd53376138f8812bd7458eb785a069e52e8cfcf8d7241cb0ec
liblevenshtein.causal-query-cache-policy-matrix.v2,46,2,0,aging-exact-lfu,hot-hits,100000,624745,6.247450,0,0.000000000,0,0.000000000,0,0,100000,0,1.000000000,128,317,128,384,,,15281478681180837072,912b954a3d04f1dd53376138f8812bd7458eb785a069e52e8cfcf8d7241cb0ec
liblevenshtein.causal-query-cache-policy-matrix.v2,46,2,1,aging-exact-lfu,scan,1280,761214,594.698437,3840,3.000000000,92160,72.000000000,3840,92160,0,1280,0.000000000,128,319,128,384,127,,2340858717421899392,912b954a3d04f1dd53376138f8812bd7458eb785a069e52e8cfcf8d7241cb0ec
liblevenshtein.causal-query-cache-policy-matrix.v2,46,2,2,aging-exact-lfu,phase-shift,8192,1937999,236.572144,9594,1.171142578,230256,28.107421875,9594,230256,4994,3198,0.609619141,128,321,128,384,,25,15232647556281634816,912b954a3d04f1dd53376138f8812bd7458eb785a069e52e8cfcf8d7241cb0ec
liblevenshtein.causal-query-cache-policy-matrix.v2,46,2,3,aging-exact-lfu,zipf,180000,35871889,199.288272,182859,1.015883333,4388616,24.381200000,182859,4388616,119047,60953,0.661372222,128,299,128,384,,,15972506848661134764,912b954a3d04f1dd53376138f8812bd7458eb785a069e52e8cfcf8d7241cb0ec
liblevenshtein.causal-query-cache-policy-matrix.v2,46,3,0,tinylfu-sieve,scan,1280,243562,190.282813,2560,2.000000000,40960,32.000000000,2560,40960,0,1280,0.000000000,128,317,128,384,128,,2340858717421899392,912b954a3d04f1dd53376138f8812bd7458eb785a069e52e8cfcf8d7241cb0ec
liblevenshtein.causal-query-cache-policy-matrix.v2,46,3,1,tinylfu-sieve,phase-shift,8192,424225,51.785278,2792,0.340820312,47744,5.828125000,2792,47744,6860,1332,0.837402344,128,321,128,384,,19,15232647556281634816,912b954a3d04f1dd53376138f8812bd7458eb785a069e52e8cfcf8d7241cb0ec
liblevenshtein.causal-query-cache-policy-matrix.v2,46,3,2,tinylfu-sieve,zipf,180000,11029553,61.275294,131143,0.728572222,2406096,13.367200000,131143,2375120,119551,60449,0.664172222,128,276,128,384,,,15972506848661134764,912b954a3d04f1dd53376138f8812bd7458eb785a069e52e8cfcf8d7241cb0ec
liblevenshtein.causal-query-cache-policy-matrix.v2,46,3,3,tinylfu-sieve,hot-hits,100000,3441248,34.412480,0,0.000000000,0,0.000000000,0,0,100000,0,1.000000000,128,317,128,384,,,15281478681180837072,912b954a3d04f1dd53376138f8812bd7458eb785a069e52e8cfcf8d7241cb0ec
liblevenshtein.causal-query-cache-policy-matrix.v2,46,4,0,fifo,phase-shift,8192,43494,5.309326,384,0.046875000,9216,1.125000000,384,9216,8064,128,0.984375000,128,321,128,384,,1,15232647556281634816,912b954a3d04f1dd53376138f8812bd7458eb785a069e52e8cfcf8d7241cb0ec
liblevenshtein.causal-query-cache-policy-matrix.v2,46,4,1,fifo,zipf,180000,5267733,29.265183,243207,1.351150000,5836968,32.427600000,243207,5836968,98931,81069,0.549616667,128,302,128,384,,,15972506848661134764,912b954a3d04f1dd53376138f8812bd7458eb785a069e52e8cfcf8d7241cb0ec
liblevenshtein.causal-query-cache-policy-matrix.v2,46,4,2,fifo,hot-hits,100000,447128,4.471280,0,0.000000000,0,0.000000000,0,0,100000,0,1.000000000,128,317,128,384,,,15281478681180837072,912b954a3d04f1dd53376138f8812bd7458eb785a069e52e8cfcf8d7241cb0ec
liblevenshtein.causal-query-cache-policy-matrix.v2,46,4,3,fifo,scan,1280,62008,48.443750,3840,3.000000000,92160,72.000000000,3840,92160,0,1280,0.000000000,128,319,128,384,0,,2340858717421899392,912b954a3d04f1dd53376138f8812bd7458eb785a069e52e8cfcf8d7241cb0ec
liblevenshtein.causal-query-cache-policy-matrix.v2,47,0,0,sieve,zipf,180000,4850532,26.947400,207564,1.153133333,4981536,27.675200000,207564,4981536,110812,69188,0.615622222,128,298,128,384,,,15972506848661134764,912b954a3d04f1dd53376138f8812bd7458eb785a069e52e8cfcf8d7241cb0ec
liblevenshtein.causal-query-cache-policy-matrix.v2,47,0,1,sieve,hot-hits,100000,509146,5.091460,0,0.000000000,0,0.000000000,0,0,100000,0,1.000000000,128,317,128,384,,,15281478681180837072,912b954a3d04f1dd53376138f8812bd7458eb785a069e52e8cfcf8d7241cb0ec
liblevenshtein.causal-query-cache-policy-matrix.v2,47,0,2,sieve,scan,1280,60735,47.449219,3840,3.000000000,92160,72.000000000,3840,92160,0,1280,0.000000000,128,319,128,384,0,,2340858717421899392,912b954a3d04f1dd53376138f8812bd7458eb785a069e52e8cfcf8d7241cb0ec
liblevenshtein.causal-query-cache-policy-matrix.v2,47,0,3,sieve,phase-shift,8192,47160,5.756836,384,0.046875000,9216,1.125000000,384,9216,8064,128,0.984375000,128,321,128,384,,1,15232647556281634816,912b954a3d04f1dd53376138f8812bd7458eb785a069e52e8cfcf8d7241cb0ec
liblevenshtein.causal-query-cache-policy-matrix.v2,47,1,0,aging-exact-lfu,hot-hits,100000,625707,6.257070,0,0.000000000,0,0.000000000,0,0,100000,0,1.000000000,128,317,128,384,,,15281478681180837072,912b954a3d04f1dd53376138f8812bd7458eb785a069e52e8cfcf8d7241cb0ec
liblevenshtein.causal-query-cache-policy-matrix.v2,47,1,1,aging-exact-lfu,scan,1280,764490,597.257812,3840,3.000000000,92160,72.000000000,3840,92160,0,1280,0.000000000,128,319,128,384,127,,2340858717421899392,912b954a3d04f1dd53376138f8812bd7458eb785a069e52e8cfcf8d7241cb0ec
liblevenshtein.causal-query-cache-policy-matrix.v2,47,1,2,aging-exact-lfu,phase-shift,8192,1940040,236.821289,9594,1.171142578,230256,28.107421875,9594,230256,4994,3198,0.609619141,128,321,128,384,,25,15232647556281634816,912b954a3d04f1dd53376138f8812bd7458eb785a069e52e8cfcf8d7241cb0ec
liblevenshtein.causal-query-cache-policy-matrix.v2,47,1,3,aging-exact-lfu,zipf,180000,35827636,199.042422,182859,1.015883333,4388616,24.381200000,182859,4388616,119047,60953,0.661372222,128,299,128,384,,,15972506848661134764,912b954a3d04f1dd53376138f8812bd7458eb785a069e52e8cfcf8d7241cb0ec
liblevenshtein.causal-query-cache-policy-matrix.v2,47,2,0,tinylfu-sieve,scan,1280,241058,188.326562,2560,2.000000000,40960,32.000000000,2560,40960,0,1280,0.000000000,128,317,128,384,128,,2340858717421899392,912b954a3d04f1dd53376138f8812bd7458eb785a069e52e8cfcf8d7241cb0ec
liblevenshtein.causal-query-cache-policy-matrix.v2,47,2,1,tinylfu-sieve,phase-shift,8192,437980,53.464355,2792,0.340820312,47744,5.828125000,2792,47744,6860,1332,0.837402344,128,321,128,384,,19,15232647556281634816,912b954a3d04f1dd53376138f8812bd7458eb785a069e52e8cfcf8d7241cb0ec
liblevenshtein.causal-query-cache-policy-matrix.v2,47,2,2,tinylfu-sieve,zipf,180000,11078506,61.547256,131143,0.728572222,2406096,13.367200000,131143,2375120,119551,60449,0.664172222,128,276,128,384,,,15972506848661134764,912b954a3d04f1dd53376138f8812bd7458eb785a069e52e8cfcf8d7241cb0ec
liblevenshtein.causal-query-cache-policy-matrix.v2,47,2,3,tinylfu-sieve,hot-hits,100000,3464162,34.641620,0,0.000000000,0,0.000000000,0,0,100000,0,1.000000000,128,317,128,384,,,15281478681180837072,912b954a3d04f1dd53376138f8812bd7458eb785a069e52e8cfcf8d7241cb0ec
liblevenshtein.causal-query-cache-policy-matrix.v2,47,3,0,fifo,phase-shift,8192,43742,5.339600,384,0.046875000,9216,1.125000000,384,9216,8064,128,0.984375000,128,321,128,384,,1,15232647556281634816,912b954a3d04f1dd53376138f8812bd7458eb785a069e52e8cfcf8d7241cb0ec
liblevenshtein.causal-query-cache-policy-matrix.v2,47,3,1,fifo,zipf,180000,5354819,29.748994,243207,1.351150000,5836968,32.427600000,243207,5836968,98931,81069,0.549616667,128,302,128,384,,,15972506848661134764,912b954a3d04f1dd53376138f8812bd7458eb785a069e52e8cfcf8d7241cb0ec
liblevenshtein.causal-query-cache-policy-matrix.v2,47,3,2,fifo,hot-hits,100000,445976,4.459760,0,0.000000000,0,0.000000000,0,0,100000,0,1.000000000,128,317,128,384,,,15281478681180837072,912b954a3d04f1dd53376138f8812bd7458eb785a069e52e8cfcf8d7241cb0ec
liblevenshtein.causal-query-cache-policy-matrix.v2,47,3,3,fifo,scan,1280,62148,48.553125,3840,3.000000000,92160,72.000000000,3840,92160,0,1280,0.000000000,128,319,128,384,0,,2340858717421899392,912b954a3d04f1dd53376138f8812bd7458eb785a069e52e8cfcf8d7241cb0ec
liblevenshtein.causal-query-cache-policy-matrix.v2,47,4,0,lru,zipf,180000,5254869,29.193717,214311,1.190616667,5143464,28.574800000,214311,5143464,108563,71437,0.603127778,128,296,128,384,,,15972506848661134764,912b954a3d04f1dd53376138f8812bd7458eb785a069e52e8cfcf8d7241cb0ec
liblevenshtein.causal-query-cache-policy-matrix.v2,47,4,1,lru,hot-hits,100000,729594,7.295940,0,0.000000000,0,0.000000000,0,0,100000,0,1.000000000,128,317,128,384,,,15281478681180837072,912b954a3d04f1dd53376138f8812bd7458eb785a069e52e8cfcf8d7241cb0ec
liblevenshtein.causal-query-cache-policy-matrix.v2,47,4,2,lru,scan,1280,62890,49.132812,3840,3.000000000,92160,72.000000000,3840,92160,0,1280,0.000000000,128,319,128,384,0,,2340858717421899392,912b954a3d04f1dd53376138f8812bd7458eb785a069e52e8cfcf8d7241cb0ec
liblevenshtein.causal-query-cache-policy-matrix.v2,47,4,3,lru,phase-shift,8192,64523,7.876343,384,0.046875000,9216,1.125000000,384,9216,8064,128,0.984375000,128,321,128,384,,1,15232647556281634816,912b954a3d04f1dd53376138f8812bd7458eb785a069e52e8cfcf8d7241cb0ec
liblevenshtein.causal-query-cache-policy-matrix.v2,48,0,0,aging-exact-lfu,hot-hits,100000,628953,6.289530,0,0.000000000,0,0.000000000,0,0,100000,0,1.000000000,128,317,128,384,,,15281478681180837072,912b954a3d04f1dd53376138f8812bd7458eb785a069e52e8cfcf8d7241cb0ec
liblevenshtein.causal-query-cache-policy-matrix.v2,48,0,1,aging-exact-lfu,scan,1280,759321,593.219531,3840,3.000000000,92160,72.000000000,3840,92160,0,1280,0.000000000,128,319,128,384,127,,2340858717421899392,912b954a3d04f1dd53376138f8812bd7458eb785a069e52e8cfcf8d7241cb0ec
liblevenshtein.causal-query-cache-policy-matrix.v2,48,0,2,aging-exact-lfu,phase-shift,8192,1938117,236.586548,9594,1.171142578,230256,28.107421875,9594,230256,4994,3198,0.609619141,128,321,128,384,,25,15232647556281634816,912b954a3d04f1dd53376138f8812bd7458eb785a069e52e8cfcf8d7241cb0ec
liblevenshtein.causal-query-cache-policy-matrix.v2,48,0,3,aging-exact-lfu,zipf,180000,35838165,199.100917,182859,1.015883333,4388616,24.381200000,182859,4388616,119047,60953,0.661372222,128,299,128,384,,,15972506848661134764,912b954a3d04f1dd53376138f8812bd7458eb785a069e52e8cfcf8d7241cb0ec
liblevenshtein.causal-query-cache-policy-matrix.v2,48,1,0,tinylfu-sieve,scan,1280,245766,192.004687,2560,2.000000000,40960,32.000000000,2560,40960,0,1280,0.000000000,128,317,128,384,128,,2340858717421899392,912b954a3d04f1dd53376138f8812bd7458eb785a069e52e8cfcf8d7241cb0ec
liblevenshtein.causal-query-cache-policy-matrix.v2,48,1,1,tinylfu-sieve,phase-shift,8192,425265,51.912231,2792,0.340820312,47744,5.828125000,2792,47744,6860,1332,0.837402344,128,321,128,384,,19,15232647556281634816,912b954a3d04f1dd53376138f8812bd7458eb785a069e52e8cfcf8d7241cb0ec
liblevenshtein.causal-query-cache-policy-matrix.v2,48,1,2,tinylfu-sieve,zipf,180000,11053679,61.409328,131143,0.728572222,2406096,13.367200000,131143,2375120,119551,60449,0.664172222,128,276,128,384,,,15972506848661134764,912b954a3d04f1dd53376138f8812bd7458eb785a069e52e8cfcf8d7241cb0ec
liblevenshtein.causal-query-cache-policy-matrix.v2,48,1,3,tinylfu-sieve,hot-hits,100000,3392425,33.924250,0,0.000000000,0,0.000000000,0,0,100000,0,1.000000000,128,317,128,384,,,15281478681180837072,912b954a3d04f1dd53376138f8812bd7458eb785a069e52e8cfcf8d7241cb0ec
liblevenshtein.causal-query-cache-policy-matrix.v2,48,2,0,fifo,phase-shift,8192,43462,5.305420,384,0.046875000,9216,1.125000000,384,9216,8064,128,0.984375000,128,321,128,384,,1,15232647556281634816,912b954a3d04f1dd53376138f8812bd7458eb785a069e52e8cfcf8d7241cb0ec
liblevenshtein.causal-query-cache-policy-matrix.v2,48,2,1,fifo,zipf,180000,5303611,29.464506,243207,1.351150000,5836968,32.427600000,243207,5836968,98931,81069,0.549616667,128,302,128,384,,,15972506848661134764,912b954a3d04f1dd53376138f8812bd7458eb785a069e52e8cfcf8d7241cb0ec
liblevenshtein.causal-query-cache-policy-matrix.v2,48,2,2,fifo,hot-hits,100000,447739,4.477390,0,0.000000000,0,0.000000000,0,0,100000,0,1.000000000,128,317,128,384,,,15281478681180837072,912b954a3d04f1dd53376138f8812bd7458eb785a069e52e8cfcf8d7241cb0ec
liblevenshtein.causal-query-cache-policy-matrix.v2,48,2,3,fifo,scan,1280,61206,47.817188,3840,3.000000000,92160,72.000000000,3840,92160,0,1280,0.000000000,128,319,128,384,0,,2340858717421899392,912b954a3d04f1dd53376138f8812bd7458eb785a069e52e8cfcf8d7241cb0ec
liblevenshtein.causal-query-cache-policy-matrix.v2,48,3,0,lru,zipf,180000,5237245,29.095806,214311,1.190616667,5143464,28.574800000,214311,5143464,108563,71437,0.603127778,128,296,128,384,,,15972506848661134764,912b954a3d04f1dd53376138f8812bd7458eb785a069e52e8cfcf8d7241cb0ec
liblevenshtein.causal-query-cache-policy-matrix.v2,48,3,1,lru,hot-hits,100000,767065,7.670650,0,0.000000000,0,0.000000000,0,0,100000,0,1.000000000,128,317,128,384,,,15281478681180837072,912b954a3d04f1dd53376138f8812bd7458eb785a069e52e8cfcf8d7241cb0ec
liblevenshtein.causal-query-cache-policy-matrix.v2,48,3,2,lru,scan,1280,61176,47.793750,3840,3.000000000,92160,72.000000000,3840,92160,0,1280,0.000000000,128,319,128,384,0,,2340858717421899392,912b954a3d04f1dd53376138f8812bd7458eb785a069e52e8cfcf8d7241cb0ec
liblevenshtein.causal-query-cache-policy-matrix.v2,48,3,3,lru,phase-shift,8192,63660,7.770996,384,0.046875000,9216,1.125000000,384,9216,8064,128,0.984375000,128,321,128,384,,1,15232647556281634816,912b954a3d04f1dd53376138f8812bd7458eb785a069e52e8cfcf8d7241cb0ec
liblevenshtein.causal-query-cache-policy-matrix.v2,48,4,0,sieve,hot-hits,100000,527952,5.279520,0,0.000000000,0,0.000000000,0,0,100000,0,1.000000000,128,317,128,384,,,15281478681180837072,912b954a3d04f1dd53376138f8812bd7458eb785a069e52e8cfcf8d7241cb0ec
liblevenshtein.causal-query-cache-policy-matrix.v2,48,4,1,sieve,scan,1280,61417,47.982031,3840,3.000000000,92160,72.000000000,3840,92160,0,1280,0.000000000,128,319,128,384,0,,2340858717421899392,912b954a3d04f1dd53376138f8812bd7458eb785a069e52e8cfcf8d7241cb0ec
liblevenshtein.causal-query-cache-policy-matrix.v2,48,4,2,sieve,phase-shift,8192,53651,6.549194,384,0.046875000,9216,1.125000000,384,9216,8064,128,0.984375000,128,321,128,384,,1,15232647556281634816,912b954a3d04f1dd53376138f8812bd7458eb785a069e52e8cfcf8d7241cb0ec
liblevenshtein.causal-query-cache-policy-matrix.v2,48,4,3,sieve,zipf,180000,4928890,27.382722,207564,1.153133333,4981536,27.675200000,207564,4981536,110812,69188,0.615622222,128,298,128,384,,,15972506848661134764,912b954a3d04f1dd53376138f8812bd7458eb785a069e52e8cfcf8d7241cb0ec
liblevenshtein.causal-query-cache-policy-matrix.v2,49,0,0,tinylfu-sieve,scan,1280,239114,186.807813,2560,2.000000000,40960,32.000000000,2560,40960,0,1280,0.000000000,128,317,128,384,128,,2340858717421899392,912b954a3d04f1dd53376138f8812bd7458eb785a069e52e8cfcf8d7241cb0ec
liblevenshtein.causal-query-cache-policy-matrix.v2,49,0,1,tinylfu-sieve,phase-shift,8192,439230,53.616943,2792,0.340820312,47744,5.828125000,2792,47744,6860,1332,0.837402344,128,321,128,384,,19,15232647556281634816,912b954a3d04f1dd53376138f8812bd7458eb785a069e52e8cfcf8d7241cb0ec
liblevenshtein.causal-query-cache-policy-matrix.v2,49,0,2,tinylfu-sieve,zipf,180000,10920146,60.667478,131143,0.728572222,2406096,13.367200000,131143,2375120,119551,60449,0.664172222,128,276,128,384,,,15972506848661134764,912b954a3d04f1dd53376138f8812bd7458eb785a069e52e8cfcf8d7241cb0ec
liblevenshtein.causal-query-cache-policy-matrix.v2,49,0,3,tinylfu-sieve,hot-hits,100000,3404398,34.043980,0,0.000000000,0,0.000000000,0,0,100000,0,1.000000000,128,317,128,384,,,15281478681180837072,912b954a3d04f1dd53376138f8812bd7458eb785a069e52e8cfcf8d7241cb0ec
liblevenshtein.causal-query-cache-policy-matrix.v2,49,1,0,fifo,phase-shift,8192,43133,5.265259,384,0.046875000,9216,1.125000000,384,9216,8064,128,0.984375000,128,321,128,384,,1,15232647556281634816,912b954a3d04f1dd53376138f8812bd7458eb785a069e52e8cfcf8d7241cb0ec
liblevenshtein.causal-query-cache-policy-matrix.v2,49,1,1,fifo,zipf,180000,5184064,28.800356,243207,1.351150000,5836968,32.427600000,243207,5836968,98931,81069,0.549616667,128,302,128,384,,,15972506848661134764,912b954a3d04f1dd53376138f8812bd7458eb785a069e52e8cfcf8d7241cb0ec
liblevenshtein.causal-query-cache-policy-matrix.v2,49,1,2,fifo,hot-hits,100000,448822,4.488220,0,0.000000000,0,0.000000000,0,0,100000,0,1.000000000,128,317,128,384,,,15281478681180837072,912b954a3d04f1dd53376138f8812bd7458eb785a069e52e8cfcf8d7241cb0ec
liblevenshtein.causal-query-cache-policy-matrix.v2,49,1,3,fifo,scan,1280,62298,48.670313,3840,3.000000000,92160,72.000000000,3840,92160,0,1280,0.000000000,128,319,128,384,0,,2340858717421899392,912b954a3d04f1dd53376138f8812bd7458eb785a069e52e8cfcf8d7241cb0ec
liblevenshtein.causal-query-cache-policy-matrix.v2,49,2,0,lru,zipf,180000,5248617,29.158983,214311,1.190616667,5143464,28.574800000,214311,5143464,108563,71437,0.603127778,128,296,128,384,,,15972506848661134764,912b954a3d04f1dd53376138f8812bd7458eb785a069e52e8cfcf8d7241cb0ec
liblevenshtein.causal-query-cache-policy-matrix.v2,49,2,1,lru,hot-hits,100000,738481,7.384810,0,0.000000000,0,0.000000000,0,0,100000,0,1.000000000,128,317,128,384,,,15281478681180837072,912b954a3d04f1dd53376138f8812bd7458eb785a069e52e8cfcf8d7241cb0ec
liblevenshtein.causal-query-cache-policy-matrix.v2,49,2,2,lru,scan,1280,61737,48.232031,3840,3.000000000,92160,72.000000000,3840,92160,0,1280,0.000000000,128,319,128,384,0,,2340858717421899392,912b954a3d04f1dd53376138f8812bd7458eb785a069e52e8cfcf8d7241cb0ec
liblevenshtein.causal-query-cache-policy-matrix.v2,49,2,3,lru,phase-shift,8192,63078,7.699951,384,0.046875000,9216,1.125000000,384,9216,8064,128,0.984375000,128,321,128,384,,1,15232647556281634816,912b954a3d04f1dd53376138f8812bd7458eb785a069e52e8cfcf8d7241cb0ec
liblevenshtein.causal-query-cache-policy-matrix.v2,49,3,0,sieve,hot-hits,100000,511851,5.118510,0,0.000000000,0,0.000000000,0,0,100000,0,1.000000000,128,317,128,384,,,15281478681180837072,912b954a3d04f1dd53376138f8812bd7458eb785a069e52e8cfcf8d7241cb0ec
liblevenshtein.causal-query-cache-policy-matrix.v2,49,3,1,sieve,scan,1280,61647,48.161719,3840,3.000000000,92160,72.000000000,3840,92160,0,1280,0.000000000,128,319,128,384,0,,2340858717421899392,912b954a3d04f1dd53376138f8812bd7458eb785a069e52e8cfcf8d7241cb0ec
liblevenshtein.causal-query-cache-policy-matrix.v2,49,3,2,sieve,phase-shift,8192,46409,5.665161,384,0.046875000,9216,1.125000000,384,9216,8064,128,0.984375000,128,321,128,384,,1,15232647556281634816,912b954a3d04f1dd53376138f8812bd7458eb785a069e52e8cfcf8d7241cb0ec
liblevenshtein.causal-query-cache-policy-matrix.v2,49,3,3,sieve,zipf,180000,4899434,27.219078,207564,1.153133333,4981536,27.675200000,207564,4981536,110812,69188,0.615622222,128,298,128,384,,,15972506848661134764,912b954a3d04f1dd53376138f8812bd7458eb785a069e52e8cfcf8d7241cb0ec
liblevenshtein.causal-query-cache-policy-matrix.v2,49,4,0,aging-exact-lfu,scan,1280,759801,593.594531,3840,3.000000000,92160,72.000000000,3840,92160,0,1280,0.000000000,128,319,128,384,127,,2340858717421899392,912b954a3d04f1dd53376138f8812bd7458eb785a069e52e8cfcf8d7241cb0ec
liblevenshtein.causal-query-cache-policy-matrix.v2,49,4,1,aging-exact-lfu,phase-shift,8192,1933097,235.973755,9594,1.171142578,230256,28.107421875,9594,230256,4994,3198,0.609619141,128,321,128,384,,25,15232647556281634816,912b954a3d04f1dd53376138f8812bd7458eb785a069e52e8cfcf8d7241cb0ec
liblevenshtein.causal-query-cache-policy-matrix.v2,49,4,2,aging-exact-lfu,zipf,180000,35756390,198.646611,182859,1.015883333,4388616,24.381200000,182859,4388616,119047,60953,0.661372222,128,299,128,384,,,15972506848661134764,912b954a3d04f1dd53376138f8812bd7458eb785a069e52e8cfcf8d7241cb0ec
liblevenshtein.causal-query-cache-policy-matrix.v2,49,4,3,aging-exact-lfu,hot-hits,100000,625427,6.254270,0,0.000000000,0,0.000000000,0,0,100000,0,1.000000000,128,317,128,384,,,15281478681180837072,912b954a3d04f1dd53376138f8812bd7458eb785a069e52e8cfcf8d7241cb0ec
liblevenshtein.causal-query-cache-policy-matrix.v2,50,0,0,fifo,phase-shift,8192,46038,5.619873,384,0.046875000,9216,1.125000000,384,9216,8064,128,0.984375000,128,321,128,384,,1,15232647556281634816,912b954a3d04f1dd53376138f8812bd7458eb785a069e52e8cfcf8d7241cb0ec
liblevenshtein.causal-query-cache-policy-matrix.v2,50,0,1,fifo,zipf,180000,5386478,29.924878,243207,1.351150000,5836968,32.427600000,243207,5836968,98931,81069,0.549616667,128,302,128,384,,,15972506848661134764,912b954a3d04f1dd53376138f8812bd7458eb785a069e52e8cfcf8d7241cb0ec
liblevenshtein.causal-query-cache-policy-matrix.v2,50,0,2,fifo,hot-hits,100000,452108,4.521080,0,0.000000000,0,0.000000000,0,0,100000,0,1.000000000,128,317,128,384,,,15281478681180837072,912b954a3d04f1dd53376138f8812bd7458eb785a069e52e8cfcf8d7241cb0ec
liblevenshtein.causal-query-cache-policy-matrix.v2,50,0,3,fifo,scan,1280,64482,50.376562,3840,3.000000000,92160,72.000000000,3840,92160,0,1280,0.000000000,128,319,128,384,0,,2340858717421899392,912b954a3d04f1dd53376138f8812bd7458eb785a069e52e8cfcf8d7241cb0ec
liblevenshtein.causal-query-cache-policy-matrix.v2,50,1,0,lru,zipf,180000,5339298,29.662767,214311,1.190616667,5143464,28.574800000,214311,5143464,108563,71437,0.603127778,128,296,128,384,,,15972506848661134764,912b954a3d04f1dd53376138f8812bd7458eb785a069e52e8cfcf8d7241cb0ec
liblevenshtein.causal-query-cache-policy-matrix.v2,50,1,1,lru,hot-hits,100000,721198,7.211980,0,0.000000000,0,0.000000000,0,0,100000,0,1.000000000,128,317,128,384,,,15281478681180837072,912b954a3d04f1dd53376138f8812bd7458eb785a069e52e8cfcf8d7241cb0ec
liblevenshtein.causal-query-cache-policy-matrix.v2,50,1,2,lru,scan,1280,63340,49.484375,3840,3.000000000,92160,72.000000000,3840,92160,0,1280,0.000000000,128,319,128,384,0,,2340858717421899392,912b954a3d04f1dd53376138f8812bd7458eb785a069e52e8cfcf8d7241cb0ec
liblevenshtein.causal-query-cache-policy-matrix.v2,50,1,3,lru,phase-shift,8192,64650,7.891846,384,0.046875000,9216,1.125000000,384,9216,8064,128,0.984375000,128,321,128,384,,1,15232647556281634816,912b954a3d04f1dd53376138f8812bd7458eb785a069e52e8cfcf8d7241cb0ec
liblevenshtein.causal-query-cache-policy-matrix.v2,50,2,0,sieve,hot-hits,100000,512422,5.124220,0,0.000000000,0,0.000000000,0,0,100000,0,1.000000000,128,317,128,384,,,15281478681180837072,912b954a3d04f1dd53376138f8812bd7458eb785a069e52e8cfcf8d7241cb0ec
liblevenshtein.causal-query-cache-policy-matrix.v2,50,2,1,sieve,scan,1280,64161,50.125781,3840,3.000000000,92160,72.000000000,3840,92160,0,1280,0.000000000,128,319,128,384,0,,2340858717421899392,912b954a3d04f1dd53376138f8812bd7458eb785a069e52e8cfcf8d7241cb0ec
liblevenshtein.causal-query-cache-policy-matrix.v2,50,2,2,sieve,phase-shift,8192,47929,5.850708,384,0.046875000,9216,1.125000000,384,9216,8064,128,0.984375000,128,321,128,384,,1,15232647556281634816,912b954a3d04f1dd53376138f8812bd7458eb785a069e52e8cfcf8d7241cb0ec
liblevenshtein.causal-query-cache-policy-matrix.v2,50,2,3,sieve,zipf,180000,4982402,27.680011,207564,1.153133333,4981536,27.675200000,207564,4981536,110812,69188,0.615622222,128,298,128,384,,,15972506848661134764,912b954a3d04f1dd53376138f8812bd7458eb785a069e52e8cfcf8d7241cb0ec
liblevenshtein.causal-query-cache-policy-matrix.v2,50,3,0,aging-exact-lfu,scan,1280,763799,596.717969,3840,3.000000000,92160,72.000000000,3840,92160,0,1280,0.000000000,128,319,128,384,127,,2340858717421899392,912b954a3d04f1dd53376138f8812bd7458eb785a069e52e8cfcf8d7241cb0ec
liblevenshtein.causal-query-cache-policy-matrix.v2,50,3,1,aging-exact-lfu,phase-shift,8192,1936846,236.431396,9594,1.171142578,230256,28.107421875,9594,230256,4994,3198,0.609619141,128,321,128,384,,25,15232647556281634816,912b954a3d04f1dd53376138f8812bd7458eb785a069e52e8cfcf8d7241cb0ec
liblevenshtein.causal-query-cache-policy-matrix.v2,50,3,2,aging-exact-lfu,zipf,180000,35903008,199.461156,182859,1.015883333,4388616,24.381200000,182859,4388616,119047,60953,0.661372222,128,299,128,384,,,15972506848661134764,912b954a3d04f1dd53376138f8812bd7458eb785a069e52e8cfcf8d7241cb0ec
liblevenshtein.causal-query-cache-policy-matrix.v2,50,3,3,aging-exact-lfu,hot-hits,100000,624334,6.243340,0,0.000000000,0,0.000000000,0,0,100000,0,1.000000000,128,317,128,384,,,15281478681180837072,912b954a3d04f1dd53376138f8812bd7458eb785a069e52e8cfcf8d7241cb0ec
liblevenshtein.causal-query-cache-policy-matrix.v2,50,4,0,tinylfu-sieve,phase-shift,8192,446555,54.511108,2792,0.340820312,47744,5.828125000,2792,47744,6860,1332,0.837402344,128,321,128,384,,19,15232647556281634816,912b954a3d04f1dd53376138f8812bd7458eb785a069e52e8cfcf8d7241cb0ec
liblevenshtein.causal-query-cache-policy-matrix.v2,50,4,1,tinylfu-sieve,zipf,180000,11093584,61.631022,131143,0.728572222,2406096,13.367200000,131143,2375120,119551,60449,0.664172222,128,276,128,384,,,15972506848661134764,912b954a3d04f1dd53376138f8812bd7458eb785a069e52e8cfcf8d7241cb0ec
liblevenshtein.causal-query-cache-policy-matrix.v2,50,4,2,tinylfu-sieve,hot-hits,100000,3605549,36.055490,0,0.000000000,0,0.000000000,0,0,100000,0,1.000000000,128,317,128,384,,,15281478681180837072,912b954a3d04f1dd53376138f8812bd7458eb785a069e52e8cfcf8d7241cb0ec
liblevenshtein.causal-query-cache-policy-matrix.v2,50,4,3,tinylfu-sieve,scan,1280,240275,187.714844,2560,2.000000000,40960,32.000000000,2560,40960,0,1280,0.000000000,128,317,128,384,128,,2340858717421899392,912b954a3d04f1dd53376138f8812bd7458eb785a069e52e8cfcf8d7241cb0ec
liblevenshtein.causal-query-cache-policy-matrix.v2,51,0,0,lru,zipf,180000,5201437,28.896872,214311,1.190616667,5143464,28.574800000,214311,5143464,108563,71437,0.603127778,128,296,128,384,,,15972506848661134764,912b954a3d04f1dd53376138f8812bd7458eb785a069e52e8cfcf8d7241cb0ec
liblevenshtein.causal-query-cache-policy-matrix.v2,51,0,1,lru,hot-hits,100000,744202,7.442020,0,0.000000000,0,0.000000000,0,0,100000,0,1.000000000,128,317,128,384,,,15281478681180837072,912b954a3d04f1dd53376138f8812bd7458eb785a069e52e8cfcf8d7241cb0ec
liblevenshtein.causal-query-cache-policy-matrix.v2,51,0,2,lru,scan,1280,60605,47.347656,3840,3.000000000,92160,72.000000000,3840,92160,0,1280,0.000000000,128,319,128,384,0,,2340858717421899392,912b954a3d04f1dd53376138f8812bd7458eb785a069e52e8cfcf8d7241cb0ec
liblevenshtein.causal-query-cache-policy-matrix.v2,51,0,3,lru,phase-shift,8192,64291,7.848022,384,0.046875000,9216,1.125000000,384,9216,8064,128,0.984375000,128,321,128,384,,1,15232647556281634816,912b954a3d04f1dd53376138f8812bd7458eb785a069e52e8cfcf8d7241cb0ec
liblevenshtein.causal-query-cache-policy-matrix.v2,51,1,0,sieve,hot-hits,100000,512582,5.125820,0,0.000000000,0,0.000000000,0,0,100000,0,1.000000000,128,317,128,384,,,15281478681180837072,912b954a3d04f1dd53376138f8812bd7458eb785a069e52e8cfcf8d7241cb0ec
liblevenshtein.causal-query-cache-policy-matrix.v2,51,1,1,sieve,scan,1280,59983,46.861719,3840,3.000000000,92160,72.000000000,3840,92160,0,1280,0.000000000,128,319,128,384,0,,2340858717421899392,912b954a3d04f1dd53376138f8812bd7458eb785a069e52e8cfcf8d7241cb0ec
liblevenshtein.causal-query-cache-policy-matrix.v2,51,1,2,sieve,phase-shift,8192,47208,5.762695,384,0.046875000,9216,1.125000000,384,9216,8064,128,0.984375000,128,321,128,384,,1,15232647556281634816,912b954a3d04f1dd53376138f8812bd7458eb785a069e52e8cfcf8d7241cb0ec
liblevenshtein.causal-query-cache-policy-matrix.v2,51,1,3,sieve,zipf,180000,4863617,27.020094,207564,1.153133333,4981536,27.675200000,207564,4981536,110812,69188,0.615622222,128,298,128,384,,,15972506848661134764,912b954a3d04f1dd53376138f8812bd7458eb785a069e52e8cfcf8d7241cb0ec
liblevenshtein.causal-query-cache-policy-matrix.v2,51,2,0,aging-exact-lfu,scan,1280,759210,593.132812,3840,3.000000000,92160,72.000000000,3840,92160,0,1280,0.000000000,128,319,128,384,127,,2340858717421899392,912b954a3d04f1dd53376138f8812bd7458eb785a069e52e8cfcf8d7241cb0ec
liblevenshtein.causal-query-cache-policy-matrix.v2,51,2,1,aging-exact-lfu,phase-shift,8192,1935851,236.309937,9594,1.171142578,230256,28.107421875,9594,230256,4994,3198,0.609619141,128,321,128,384,,25,15232647556281634816,912b954a3d04f1dd53376138f8812bd7458eb785a069e52e8cfcf8d7241cb0ec
liblevenshtein.causal-query-cache-policy-matrix.v2,51,2,2,aging-exact-lfu,zipf,180000,35851831,199.176839,182859,1.015883333,4388616,24.381200000,182859,4388616,119047,60953,0.661372222,128,299,128,384,,,15972506848661134764,912b954a3d04f1dd53376138f8812bd7458eb785a069e52e8cfcf8d7241cb0ec
liblevenshtein.causal-query-cache-policy-matrix.v2,51,2,3,aging-exact-lfu,hot-hits,100000,626519,6.265190,0,0.000000000,0,0.000000000,0,0,100000,0,1.000000000,128,317,128,384,,,15281478681180837072,912b954a3d04f1dd53376138f8812bd7458eb785a069e52e8cfcf8d7241cb0ec
liblevenshtein.causal-query-cache-policy-matrix.v2,51,3,0,tinylfu-sieve,phase-shift,8192,429314,52.406494,2792,0.340820312,47744,5.828125000,2792,47744,6860,1332,0.837402344,128,321,128,384,,19,15232647556281634816,912b954a3d04f1dd53376138f8812bd7458eb785a069e52e8cfcf8d7241cb0ec
liblevenshtein.causal-query-cache-policy-matrix.v2,51,3,1,tinylfu-sieve,zipf,180000,11162745,62.015250,131143,0.728572222,2406096,13.367200000,131143,2375120,119551,60449,0.664172222,128,276,128,384,,,15972506848661134764,912b954a3d04f1dd53376138f8812bd7458eb785a069e52e8cfcf8d7241cb0ec
liblevenshtein.causal-query-cache-policy-matrix.v2,51,3,2,tinylfu-sieve,hot-hits,100000,3444625,34.446250,0,0.000000000,0,0.000000000,0,0,100000,0,1.000000000,128,317,128,384,,,15281478681180837072,912b954a3d04f1dd53376138f8812bd7458eb785a069e52e8cfcf8d7241cb0ec
liblevenshtein.causal-query-cache-policy-matrix.v2,51,3,3,tinylfu-sieve,scan,1280,242921,189.782031,2560,2.000000000,40960,32.000000000,2560,40960,0,1280,0.000000000,128,317,128,384,128,,2340858717421899392,912b954a3d04f1dd53376138f8812bd7458eb785a069e52e8cfcf8d7241cb0ec
liblevenshtein.causal-query-cache-policy-matrix.v2,51,4,0,fifo,zipf,180000,5259647,29.220261,243207,1.351150000,5836968,32.427600000,243207,5836968,98931,81069,0.549616667,128,302,128,384,,,15972506848661134764,912b954a3d04f1dd53376138f8812bd7458eb785a069e52e8cfcf8d7241cb0ec
liblevenshtein.causal-query-cache-policy-matrix.v2,51,4,1,fifo,hot-hits,100000,455584,4.555840,0,0.000000000,0,0.000000000,0,0,100000,0,1.000000000,128,317,128,384,,,15281478681180837072,912b954a3d04f1dd53376138f8812bd7458eb785a069e52e8cfcf8d7241cb0ec
liblevenshtein.causal-query-cache-policy-matrix.v2,51,4,2,fifo,scan,1280,61797,48.278906,3840,3.000000000,92160,72.000000000,3840,92160,0,1280,0.000000000,128,319,128,384,0,,2340858717421899392,912b954a3d04f1dd53376138f8812bd7458eb785a069e52e8cfcf8d7241cb0ec
liblevenshtein.causal-query-cache-policy-matrix.v2,51,4,3,fifo,phase-shift,8192,43342,5.290771,384,0.046875000,9216,1.125000000,384,9216,8064,128,0.984375000,128,321,128,384,,1,15232647556281634816,912b954a3d04f1dd53376138f8812bd7458eb785a069e52e8cfcf8d7241cb0ec
