project	source	trait	provider_translation	abi_capabilities	language	host_idioms	provider_surface_status	support_scope	evidence	next_required_work
llattice	src/lib.rs	Lattice	direct-capability-vtable	VtLatticeVTable	rust	traits; IntoIterator/Iterator; Result; Drop	complete	full-native-trait-surface	["llattice:src/lib.rs"]	-
llattice	src/lib.rs	Lattice	direct-capability-vtable	VtLatticeVTable	c	opaque handles; status codes; bounded buffers; vtables	complete	full-modeled-provider-surface	["vinary-tree-interop:include/vinary_tree_interop.h"]	-
llattice	src/lib.rs	Lattice	direct-capability-vtable	VtLatticeVTable	cpp	RAII; ranges/iterators; move-only handles; typed errors	complete	full-modeled-provider-surface	["vinary-tree-interop:include/vinary_tree/interop.hpp","vinary-tree-interop:tests/cpp/providers.cpp"]	-
llattice	src/lib.rs	Lattice	direct-capability-vtable	VtLatticeVTable	python	context managers; iterators/collections; exceptions; protocols	missing	-	-	implement-direct-capability-vtable
llattice	src/lib.rs	Lattice	direct-capability-vtable	VtLatticeVTable	java	AutoCloseable/try-with-resources; Collection/Map; Stream/Spliterator; interfaces	missing	-	-	implement-direct-capability-vtable
llattice	src/lib.rs	Lattice	direct-capability-vtable	VtLatticeVTable	kotlin	use; Iterable/Map; Sequence; SAM interfaces	missing	-	-	implement-direct-capability-vtable
llattice	src/lib.rs	Lattice	direct-capability-vtable	VtLatticeVTable	scala	Using/AutoCloseable; Iterable; Iterator; type classes	missing	-	-	implement-direct-capability-vtable
llattice	src/lib.rs	Lattice	direct-capability-vtable	VtLatticeVTable	clojure	Seqable; IReduceInit; Closeable; persistent values	missing	-	-	implement-direct-capability-vtable
llattice	src/lib.rs	Lattice	direct-capability-vtable	VtLatticeVTable	csharp	IDisposable/using; IEnumerable/IDictionary; exceptions; interfaces	complete	full-modeled-provider-surface	["vinary-tree-interop:bindings/dotnet/src/VinaryTree.Interop/LatticeProviders.cs","vinary-tree-interop:bindings/dotnet/tests/VinaryTree.Interop.ProviderTests/Program.cs"]	-
llattice	src/lib.rs	Lattice	direct-capability-vtable	VtLatticeVTable	fsharp	use/use!; seq; Result; object expressions; interfaces	complete	full-modeled-provider-surface	["vinary-tree-interop:bindings/dotnet/src/VinaryTree.Interop/LatticeProviders.cs","vinary-tree-interop:bindings/dotnet/tests/VinaryTree.Interop.FSharpProviders/Program.fs"]	-
llattice	src/lib.rs	Lattice	direct-capability-vtable	VtLatticeVTable	go	interfaces; iter.Seq; io.Closer; errors	missing	-	-	implement-direct-capability-vtable
llattice	src/lib.rs	Lattice	direct-capability-vtable	VtLatticeVTable	javascript	Symbol.iterator; Symbol.dispose; Error; native/WASM/WASI runtime identity	missing	-	-	implement-direct-capability-vtable
llattice	src/lib.rs	Lattice	direct-capability-vtable	VtLatticeVTable	typescript	structural interfaces; Iterable; Disposable; discriminated errors	missing	-	-	implement-direct-capability-vtable
llattice	src/lib.rs	Lattice	direct-capability-vtable	VtLatticeVTable	clojurescript	ISeqable; IReduce; protocol dispatch; close!	missing	-	-	implement-direct-capability-vtable
llattice	src/lib.rs	Lattice	direct-capability-vtable	VtLatticeVTable	swift	Sequence/Collection; protocols; throws; deterministic scoped ownership	missing	-	-	implement-direct-capability-vtable
llattice	src/lib.rs	Lattice	direct-capability-vtable	VtLatticeVTable	ruby	Enumerable; blocks/ensure; exceptions; explicit close	missing	-	-	implement-direct-capability-vtable
llattice	src/lib.rs	Lattice	direct-capability-vtable	VtLatticeVTable	fortran	modules; derived types; type-bound procedures; finalizers	missing	-	-	implement-direct-capability-vtable
llattice	src/lib.rs	Lattice	direct-capability-vtable	VtLatticeVTable	ocaml	abstract types; Seq; result; Fun.protect	missing	-	-	implement-direct-capability-vtable
llattice	src/lib.rs	Lattice	direct-capability-vtable	VtLatticeVTable	haskell	type classes; Foldable; bracket; Either	missing	-	-	implement-direct-capability-vtable
llattice	src/lib.rs	Lattice	direct-capability-vtable	VtLatticeVTable	lua	generic-for iterators; __close; tables; error values	missing	-	-	implement-direct-capability-vtable
llattice	src/lib.rs	Lattice	direct-capability-vtable	VtLatticeVTable	raku	NativeCall; Iterable/Positional/Associative; LEAVE; exceptions	complete	full-modeled-provider-surface	["llattice:bindings/raku/lib/LLattice.rakumod","llattice:bindings/raku/t/02-provider-shim.rakutest"]	-
llattice	src/lib.rs	Lattice	direct-capability-vtable	VtLatticeVTable	julia	ccall; multiple dispatch; AbstractDict/AbstractSet; iteration; do blocks; deterministic close and finalizers; @cfunction interfaces	complete	full-modeled-provider-surface	["llattice:bindings/julia/LLattice/src/LLattice.jl","llattice:bindings/julia/LLattice/test/runtests.jl"]	-
lling-llang	src/acoustic/mod.rs	AcousticModel	high-level-operation-interface	-	rust	traits; IntoIterator/Iterator; Result; Drop	complete	full-native-trait-surface	["lling-llang:src/acoustic/mod.rs"]	-
lling-llang	src/acoustic/mod.rs	AcousticModel	high-level-operation-interface	-	c	opaque handles; status codes; bounded buffers; vtables	missing	-	-	implement-high-level-operation-interface
lling-llang	src/acoustic/mod.rs	AcousticModel	high-level-operation-interface	-	cpp	RAII; ranges/iterators; move-only handles; typed errors	missing	-	-	implement-high-level-operation-interface
lling-llang	src/acoustic/mod.rs	AcousticModel	high-level-operation-interface	-	python	context managers; iterators/collections; exceptions; protocols	missing	-	-	implement-high-level-operation-interface
lling-llang	src/acoustic/mod.rs	AcousticModel	high-level-operation-interface	-	java	AutoCloseable/try-with-resources; Collection/Map; Stream/Spliterator; interfaces	missing	-	-	implement-high-level-operation-interface
lling-llang	src/acoustic/mod.rs	AcousticModel	high-level-operation-interface	-	kotlin	use; Iterable/Map; Sequence; SAM interfaces	missing	-	-	implement-high-level-operation-interface
lling-llang	src/acoustic/mod.rs	AcousticModel	high-level-operation-interface	-	scala	Using/AutoCloseable; Iterable; Iterator; type classes	missing	-	-	implement-high-level-operation-interface
lling-llang	src/acoustic/mod.rs	AcousticModel	high-level-operation-interface	-	clojure	Seqable; IReduceInit; Closeable; persistent values	missing	-	-	implement-high-level-operation-interface
lling-llang	src/acoustic/mod.rs	AcousticModel	high-level-operation-interface	-	csharp	IDisposable/using; IEnumerable/IDictionary; exceptions; interfaces	missing	-	-	implement-high-level-operation-interface
lling-llang	src/acoustic/mod.rs	AcousticModel	high-level-operation-interface	-	fsharp	use/use!; seq; Result; object expressions; interfaces	missing	-	-	implement-high-level-operation-interface
lling-llang	src/acoustic/mod.rs	AcousticModel	high-level-operation-interface	-	go	interfaces; iter.Seq; io.Closer; errors	missing	-	-	implement-high-level-operation-interface
lling-llang	src/acoustic/mod.rs	AcousticModel	high-level-operation-interface	-	javascript	Symbol.iterator; Symbol.dispose; Error; native/WASM/WASI runtime identity	missing	-	-	implement-high-level-operation-interface
lling-llang	src/acoustic/mod.rs	AcousticModel	high-level-operation-interface	-	typescript	structural interfaces; Iterable; Disposable; discriminated errors	missing	-	-	implement-high-level-operation-interface
lling-llang	src/acoustic/mod.rs	AcousticModel	high-level-operation-interface	-	clojurescript	ISeqable; IReduce; protocol dispatch; close!	missing	-	-	implement-high-level-operation-interface
lling-llang	src/acoustic/mod.rs	AcousticModel	high-level-operation-interface	-	swift	Sequence/Collection; protocols; throws; deterministic scoped ownership	missing	-	-	implement-high-level-operation-interface
lling-llang	src/acoustic/mod.rs	AcousticModel	high-level-operation-interface	-	ruby	Enumerable; blocks/ensure; exceptions; explicit close	missing	-	-	implement-high-level-operation-interface
lling-llang	src/acoustic/mod.rs	AcousticModel	high-level-operation-interface	-	fortran	modules; derived types; type-bound procedures; finalizers	missing	-	-	implement-high-level-operation-interface
lling-llang	src/acoustic/mod.rs	AcousticModel	high-level-operation-interface	-	ocaml	abstract types; Seq; result; Fun.protect	missing	-	-	implement-high-level-operation-interface
lling-llang	src/acoustic/mod.rs	AcousticModel	high-level-operation-interface	-	haskell	type classes; Foldable; bracket; Either	missing	-	-	implement-high-level-operation-interface
lling-llang	src/acoustic/mod.rs	AcousticModel	high-level-operation-interface	-	lua	generic-for iterators; __close; tables; error values	missing	-	-	implement-high-level-operation-interface
lling-llang	src/acoustic/mod.rs	AcousticModel	high-level-operation-interface	-	raku	NativeCall; Iterable/Positional/Associative; LEAVE; exceptions	missing	-	-	implement-high-level-operation-interface
lling-llang	src/acoustic/mod.rs	AcousticModel	high-level-operation-interface	-	julia	ccall; multiple dispatch; AbstractDict/AbstractSet; iteration; do blocks; deterministic close and finalizers; @cfunction interfaces	missing	-	-	implement-high-level-operation-interface
lling-llang	src/algorithms/queue.rs	ShortestDistanceQueue	high-level-operation-interface	-	rust	traits; IntoIterator/Iterator; Result; Drop	complete	full-native-trait-surface	["lling-llang:src/algorithms/queue.rs"]	-
lling-llang	src/algorithms/queue.rs	ShortestDistanceQueue	high-level-operation-interface	-	c	opaque handles; status codes; bounded buffers; vtables	missing	-	-	implement-high-level-operation-interface
lling-llang	src/algorithms/queue.rs	ShortestDistanceQueue	high-level-operation-interface	-	cpp	RAII; ranges/iterators; move-only handles; typed errors	missing	-	-	implement-high-level-operation-interface
lling-llang	src/algorithms/queue.rs	ShortestDistanceQueue	high-level-operation-interface	-	python	context managers; iterators/collections; exceptions; protocols	missing	-	-	implement-high-level-operation-interface
lling-llang	src/algorithms/queue.rs	ShortestDistanceQueue	high-level-operation-interface	-	java	AutoCloseable/try-with-resources; Collection/Map; Stream/Spliterator; interfaces	missing	-	-	implement-high-level-operation-interface
lling-llang	src/algorithms/queue.rs	ShortestDistanceQueue	high-level-operation-interface	-	kotlin	use; Iterable/Map; Sequence; SAM interfaces	missing	-	-	implement-high-level-operation-interface
lling-llang	src/algorithms/queue.rs	ShortestDistanceQueue	high-level-operation-interface	-	scala	Using/AutoCloseable; Iterable; Iterator; type classes	missing	-	-	implement-high-level-operation-interface
lling-llang	src/algorithms/queue.rs	ShortestDistanceQueue	high-level-operation-interface	-	clojure	Seqable; IReduceInit; Closeable; persistent values	missing	-	-	implement-high-level-operation-interface
lling-llang	src/algorithms/queue.rs	ShortestDistanceQueue	high-level-operation-interface	-	csharp	IDisposable/using; IEnumerable/IDictionary; exceptions; interfaces	missing	-	-	implement-high-level-operation-interface
lling-llang	src/algorithms/queue.rs	ShortestDistanceQueue	high-level-operation-interface	-	fsharp	use/use!; seq; Result; object expressions; interfaces	missing	-	-	implement-high-level-operation-interface
lling-llang	src/algorithms/queue.rs	ShortestDistanceQueue	high-level-operation-interface	-	go	interfaces; iter.Seq; io.Closer; errors	missing	-	-	implement-high-level-operation-interface
lling-llang	src/algorithms/queue.rs	ShortestDistanceQueue	high-level-operation-interface	-	javascript	Symbol.iterator; Symbol.dispose; Error; native/WASM/WASI runtime identity	missing	-	-	implement-high-level-operation-interface
lling-llang	src/algorithms/queue.rs	ShortestDistanceQueue	high-level-operation-interface	-	typescript	structural interfaces; Iterable; Disposable; discriminated errors	missing	-	-	implement-high-level-operation-interface
lling-llang	src/algorithms/queue.rs	ShortestDistanceQueue	high-level-operation-interface	-	clojurescript	ISeqable; IReduce; protocol dispatch; close!	missing	-	-	implement-high-level-operation-interface
lling-llang	src/algorithms/queue.rs	ShortestDistanceQueue	high-level-operation-interface	-	swift	Sequence/Collection; protocols; throws; deterministic scoped ownership	missing	-	-	implement-high-level-operation-interface
lling-llang	src/algorithms/queue.rs	ShortestDistanceQueue	high-level-operation-interface	-	ruby	Enumerable; blocks/ensure; exceptions; explicit close	missing	-	-	implement-high-level-operation-interface
lling-llang	src/algorithms/queue.rs	ShortestDistanceQueue	high-level-operation-interface	-	fortran	modules; derived types; type-bound procedures; finalizers	missing	-	-	implement-high-level-operation-interface
lling-llang	src/algorithms/queue.rs	ShortestDistanceQueue	high-level-operation-interface	-	ocaml	abstract types; Seq; result; Fun.protect	missing	-	-	implement-high-level-operation-interface
lling-llang	src/algorithms/queue.rs	ShortestDistanceQueue	high-level-operation-interface	-	haskell	type classes; Foldable; bracket; Either	missing	-	-	implement-high-level-operation-interface
lling-llang	src/algorithms/queue.rs	ShortestDistanceQueue	high-level-operation-interface	-	lua	generic-for iterators; __close; tables; error values	missing	-	-	implement-high-level-operation-interface
lling-llang	src/algorithms/queue.rs	ShortestDistanceQueue	high-level-operation-interface	-	raku	NativeCall; Iterable/Positional/Associative; LEAVE; exceptions	missing	-	-	implement-high-level-operation-interface
lling-llang	src/algorithms/queue.rs	ShortestDistanceQueue	high-level-operation-interface	-	julia	ccall; multiple dispatch; AbstractDict/AbstractSet; iteration; do blocks; deterministic close and finalizers; @cfunction interfaces	missing	-	-	implement-high-level-operation-interface
lling-llang	src/backend/pathmap.rs	PathMapSharingBackend	resource-cursor-protocol	-	rust	traits; IntoIterator/Iterator; Result; Drop	complete	full-native-trait-surface	["lling-llang:src/backend/pathmap.rs"]	-
lling-llang	src/backend/pathmap.rs	PathMapSharingBackend	resource-cursor-protocol	-	c	opaque handles; status codes; bounded buffers; vtables	missing	-	-	implement-resource-cursor-protocol
lling-llang	src/backend/pathmap.rs	PathMapSharingBackend	resource-cursor-protocol	-	cpp	RAII; ranges/iterators; move-only handles; typed errors	missing	-	-	implement-resource-cursor-protocol
lling-llang	src/backend/pathmap.rs	PathMapSharingBackend	resource-cursor-protocol	-	python	context managers; iterators/collections; exceptions; protocols	missing	-	-	implement-resource-cursor-protocol
lling-llang	src/backend/pathmap.rs	PathMapSharingBackend	resource-cursor-protocol	-	java	AutoCloseable/try-with-resources; Collection/Map; Stream/Spliterator; interfaces	missing	-	-	implement-resource-cursor-protocol
lling-llang	src/backend/pathmap.rs	PathMapSharingBackend	resource-cursor-protocol	-	kotlin	use; Iterable/Map; Sequence; SAM interfaces	missing	-	-	implement-resource-cursor-protocol
lling-llang	src/backend/pathmap.rs	PathMapSharingBackend	resource-cursor-protocol	-	scala	Using/AutoCloseable; Iterable; Iterator; type classes	missing	-	-	implement-resource-cursor-protocol
lling-llang	src/backend/pathmap.rs	PathMapSharingBackend	resource-cursor-protocol	-	clojure	Seqable; IReduceInit; Closeable; persistent values	missing	-	-	implement-resource-cursor-protocol
lling-llang	src/backend/pathmap.rs	PathMapSharingBackend	resource-cursor-protocol	-	csharp	IDisposable/using; IEnumerable/IDictionary; exceptions; interfaces	missing	-	-	implement-resource-cursor-protocol
lling-llang	src/backend/pathmap.rs	PathMapSharingBackend	resource-cursor-protocol	-	fsharp	use/use!; seq; Result; object expressions; interfaces	missing	-	-	implement-resource-cursor-protocol
lling-llang	src/backend/pathmap.rs	PathMapSharingBackend	resource-cursor-protocol	-	go	interfaces; iter.Seq; io.Closer; errors	missing	-	-	implement-resource-cursor-protocol
lling-llang	src/backend/pathmap.rs	PathMapSharingBackend	resource-cursor-protocol	-	javascript	Symbol.iterator; Symbol.dispose; Error; native/WASM/WASI runtime identity	missing	-	-	implement-resource-cursor-protocol
lling-llang	src/backend/pathmap.rs	PathMapSharingBackend	resource-cursor-protocol	-	typescript	structural interfaces; Iterable; Disposable; discriminated errors	missing	-	-	implement-resource-cursor-protocol
lling-llang	src/backend/pathmap.rs	PathMapSharingBackend	resource-cursor-protocol	-	clojurescript	ISeqable; IReduce; protocol dispatch; close!	missing	-	-	implement-resource-cursor-protocol
lling-llang	src/backend/pathmap.rs	PathMapSharingBackend	resource-cursor-protocol	-	swift	Sequence/Collection; protocols; throws; deterministic scoped ownership	missing	-	-	implement-resource-cursor-protocol
lling-llang	src/backend/pathmap.rs	PathMapSharingBackend	resource-cursor-protocol	-	ruby	Enumerable; blocks/ensure; exceptions; explicit close	missing	-	-	implement-resource-cursor-protocol
lling-llang	src/backend/pathmap.rs	PathMapSharingBackend	resource-cursor-protocol	-	fortran	modules; derived types; type-bound procedures; finalizers	missing	-	-	implement-resource-cursor-protocol
lling-llang	src/backend/pathmap.rs	PathMapSharingBackend	resource-cursor-protocol	-	ocaml	abstract types; Seq; result; Fun.protect	missing	-	-	implement-resource-cursor-protocol
lling-llang	src/backend/pathmap.rs	PathMapSharingBackend	resource-cursor-protocol	-	haskell	type classes; Foldable; bracket; Either	missing	-	-	implement-resource-cursor-protocol
lling-llang	src/backend/pathmap.rs	PathMapSharingBackend	resource-cursor-protocol	-	lua	generic-for iterators; __close; tables; error values	missing	-	-	implement-resource-cursor-protocol
lling-llang	src/backend/pathmap.rs	PathMapSharingBackend	resource-cursor-protocol	-	raku	NativeCall; Iterable/Positional/Associative; LEAVE; exceptions	missing	-	-	implement-resource-cursor-protocol
lling-llang	src/backend/pathmap.rs	PathMapSharingBackend	resource-cursor-protocol	-	julia	ccall; multiple dispatch; AbstractDict/AbstractSet; iteration; do blocks; deterministic close and finalizers; @cfunction interfaces	missing	-	-	implement-resource-cursor-protocol
lling-llang	src/backend/traits.rs	LatticeBackend	resource-cursor-protocol	-	rust	traits; IntoIterator/Iterator; Result; Drop	complete	full-native-trait-surface	["lling-llang:src/backend/traits.rs"]	-
lling-llang	src/backend/traits.rs	LatticeBackend	resource-cursor-protocol	-	c	opaque handles; status codes; bounded buffers; vtables	missing	-	-	implement-resource-cursor-protocol
lling-llang	src/backend/traits.rs	LatticeBackend	resource-cursor-protocol	-	cpp	RAII; ranges/iterators; move-only handles; typed errors	missing	-	-	implement-resource-cursor-protocol
lling-llang	src/backend/traits.rs	LatticeBackend	resource-cursor-protocol	-	python	context managers; iterators/collections; exceptions; protocols	missing	-	-	implement-resource-cursor-protocol
lling-llang	src/backend/traits.rs	LatticeBackend	resource-cursor-protocol	-	java	AutoCloseable/try-with-resources; Collection/Map; Stream/Spliterator; interfaces	missing	-	-	implement-resource-cursor-protocol
lling-llang	src/backend/traits.rs	LatticeBackend	resource-cursor-protocol	-	kotlin	use; Iterable/Map; Sequence; SAM interfaces	missing	-	-	implement-resource-cursor-protocol
lling-llang	src/backend/traits.rs	LatticeBackend	resource-cursor-protocol	-	scala	Using/AutoCloseable; Iterable; Iterator; type classes	missing	-	-	implement-resource-cursor-protocol
lling-llang	src/backend/traits.rs	LatticeBackend	resource-cursor-protocol	-	clojure	Seqable; IReduceInit; Closeable; persistent values	missing	-	-	implement-resource-cursor-protocol
lling-llang	src/backend/traits.rs	LatticeBackend	resource-cursor-protocol	-	csharp	IDisposable/using; IEnumerable/IDictionary; exceptions; interfaces	missing	-	-	implement-resource-cursor-protocol
lling-llang	src/backend/traits.rs	LatticeBackend	resource-cursor-protocol	-	fsharp	use/use!; seq; Result; object expressions; interfaces	missing	-	-	implement-resource-cursor-protocol
lling-llang	src/backend/traits.rs	LatticeBackend	resource-cursor-protocol	-	go	interfaces; iter.Seq; io.Closer; errors	missing	-	-	implement-resource-cursor-protocol
lling-llang	src/backend/traits.rs	LatticeBackend	resource-cursor-protocol	-	javascript	Symbol.iterator; Symbol.dispose; Error; native/WASM/WASI runtime identity	missing	-	-	implement-resource-cursor-protocol
lling-llang	src/backend/traits.rs	LatticeBackend	resource-cursor-protocol	-	typescript	structural interfaces; Iterable; Disposable; discriminated errors	missing	-	-	implement-resource-cursor-protocol
lling-llang	src/backend/traits.rs	LatticeBackend	resource-cursor-protocol	-	clojurescript	ISeqable; IReduce; protocol dispatch; close!	missing	-	-	implement-resource-cursor-protocol
lling-llang	src/backend/traits.rs	LatticeBackend	resource-cursor-protocol	-	swift	Sequence/Collection; protocols; throws; deterministic scoped ownership	missing	-	-	implement-resource-cursor-protocol
lling-llang	src/backend/traits.rs	LatticeBackend	resource-cursor-protocol	-	ruby	Enumerable; blocks/ensure; exceptions; explicit close	missing	-	-	implement-resource-cursor-protocol
lling-llang	src/backend/traits.rs	LatticeBackend	resource-cursor-protocol	-	fortran	modules; derived types; type-bound procedures; finalizers	missing	-	-	implement-resource-cursor-protocol
lling-llang	src/backend/traits.rs	LatticeBackend	resource-cursor-protocol	-	ocaml	abstract types; Seq; result; Fun.protect	missing	-	-	implement-resource-cursor-protocol
lling-llang	src/backend/traits.rs	LatticeBackend	resource-cursor-protocol	-	haskell	type classes; Foldable; bracket; Either	missing	-	-	implement-resource-cursor-protocol
lling-llang	src/backend/traits.rs	LatticeBackend	resource-cursor-protocol	-	lua	generic-for iterators; __close; tables; error values	missing	-	-	implement-resource-cursor-protocol
lling-llang	src/backend/traits.rs	LatticeBackend	resource-cursor-protocol	-	raku	NativeCall; Iterable/Positional/Associative; LEAVE; exceptions	missing	-	-	implement-resource-cursor-protocol
lling-llang	src/backend/traits.rs	LatticeBackend	resource-cursor-protocol	-	julia	ccall; multiple dispatch; AbstractDict/AbstractSet; iteration; do blocks; deterministic close and finalizers; @cfunction interfaces	missing	-	-	implement-resource-cursor-protocol
lling-llang	src/backend/traits.rs	SharingBackend	resource-cursor-protocol	-	rust	traits; IntoIterator/Iterator; Result; Drop	complete	full-native-trait-surface	["lling-llang:src/backend/traits.rs"]	-
lling-llang	src/backend/traits.rs	SharingBackend	resource-cursor-protocol	-	c	opaque handles; status codes; bounded buffers; vtables	missing	-	-	implement-resource-cursor-protocol
lling-llang	src/backend/traits.rs	SharingBackend	resource-cursor-protocol	-	cpp	RAII; ranges/iterators; move-only handles; typed errors	missing	-	-	implement-resource-cursor-protocol
lling-llang	src/backend/traits.rs	SharingBackend	resource-cursor-protocol	-	python	context managers; iterators/collections; exceptions; protocols	missing	-	-	implement-resource-cursor-protocol
lling-llang	src/backend/traits.rs	SharingBackend	resource-cursor-protocol	-	java	AutoCloseable/try-with-resources; Collection/Map; Stream/Spliterator; interfaces	missing	-	-	implement-resource-cursor-protocol
lling-llang	src/backend/traits.rs	SharingBackend	resource-cursor-protocol	-	kotlin	use; Iterable/Map; Sequence; SAM interfaces	missing	-	-	implement-resource-cursor-protocol
lling-llang	src/backend/traits.rs	SharingBackend	resource-cursor-protocol	-	scala	Using/AutoCloseable; Iterable; Iterator; type classes	missing	-	-	implement-resource-cursor-protocol
lling-llang	src/backend/traits.rs	SharingBackend	resource-cursor-protocol	-	clojure	Seqable; IReduceInit; Closeable; persistent values	missing	-	-	implement-resource-cursor-protocol
lling-llang	src/backend/traits.rs	SharingBackend	resource-cursor-protocol	-	csharp	IDisposable/using; IEnumerable/IDictionary; exceptions; interfaces	missing	-	-	implement-resource-cursor-protocol
lling-llang	src/backend/traits.rs	SharingBackend	resource-cursor-protocol	-	fsharp	use/use!; seq; Result; object expressions; interfaces	missing	-	-	implement-resource-cursor-protocol
lling-llang	src/backend/traits.rs	SharingBackend	resource-cursor-protocol	-	go	interfaces; iter.Seq; io.Closer; errors	missing	-	-	implement-resource-cursor-protocol
lling-llang	src/backend/traits.rs	SharingBackend	resource-cursor-protocol	-	javascript	Symbol.iterator; Symbol.dispose; Error; native/WASM/WASI runtime identity	missing	-	-	implement-resource-cursor-protocol
lling-llang	src/backend/traits.rs	SharingBackend	resource-cursor-protocol	-	typescript	structural interfaces; Iterable; Disposable; discriminated errors	missing	-	-	implement-resource-cursor-protocol
lling-llang	src/backend/traits.rs	SharingBackend	resource-cursor-protocol	-	clojurescript	ISeqable; IReduce; protocol dispatch; close!	missing	-	-	implement-resource-cursor-protocol
lling-llang	src/backend/traits.rs	SharingBackend	resource-cursor-protocol	-	swift	Sequence/Collection; protocols; throws; deterministic scoped ownership	missing	-	-	implement-resource-cursor-protocol
lling-llang	src/backend/traits.rs	SharingBackend	resource-cursor-protocol	-	ruby	Enumerable; blocks/ensure; exceptions; explicit close	missing	-	-	implement-resource-cursor-protocol
lling-llang	src/backend/traits.rs	SharingBackend	resource-cursor-protocol	-	fortran	modules; derived types; type-bound procedures; finalizers	missing	-	-	implement-resource-cursor-protocol
lling-llang	src/backend/traits.rs	SharingBackend	resource-cursor-protocol	-	ocaml	abstract types; Seq; result; Fun.protect	missing	-	-	implement-resource-cursor-protocol
lling-llang	src/backend/traits.rs	SharingBackend	resource-cursor-protocol	-	haskell	type classes; Foldable; bracket; Either	missing	-	-	implement-resource-cursor-protocol
lling-llang	src/backend/traits.rs	SharingBackend	resource-cursor-protocol	-	lua	generic-for iterators; __close; tables; error values	missing	-	-	implement-resource-cursor-protocol
lling-llang	src/backend/traits.rs	SharingBackend	resource-cursor-protocol	-	raku	NativeCall; Iterable/Positional/Associative; LEAVE; exceptions	missing	-	-	implement-resource-cursor-protocol
lling-llang	src/backend/traits.rs	SharingBackend	resource-cursor-protocol	-	julia	ccall; multiple dispatch; AbstractDict/AbstractSet; iteration; do blocks; deterministic close and finalizers; @cfunction interfaces	missing	-	-	implement-resource-cursor-protocol
lling-llang	src/bindings.rs	ScalarWfstProvider	resource-cursor-protocol	VtWfstVTable	rust	traits; IntoIterator/Iterator; Result; Drop	complete	full-native-trait-surface	["lling-llang:src/bindings.rs"]	-
lling-llang	src/bindings.rs	ScalarWfstProvider	resource-cursor-protocol	VtWfstVTable	c	opaque handles; status codes; bounded buffers; vtables	complete	full-modeled-provider-surface	["vinary-tree-interop:include/vinary_tree_interop.h","lling-llang:src/bindings.rs"]	-
lling-llang	src/bindings.rs	ScalarWfstProvider	resource-cursor-protocol	VtWfstVTable	cpp	RAII; ranges/iterators; move-only handles; typed errors	complete	full-modeled-provider-surface	["vinary-tree-interop:include/vinary_tree/interop.hpp","vinary-tree-interop:tests/cpp/providers.cpp"]	-
lling-llang	src/bindings.rs	ScalarWfstProvider	resource-cursor-protocol	VtWfstVTable	python	context managers; iterators/collections; exceptions; protocols	missing	-	-	implement-resource-cursor-protocol
lling-llang	src/bindings.rs	ScalarWfstProvider	resource-cursor-protocol	VtWfstVTable	java	AutoCloseable/try-with-resources; Collection/Map; Stream/Spliterator; interfaces	missing	-	-	implement-resource-cursor-protocol
lling-llang	src/bindings.rs	ScalarWfstProvider	resource-cursor-protocol	VtWfstVTable	kotlin	use; Iterable/Map; Sequence; SAM interfaces	missing	-	-	implement-resource-cursor-protocol
lling-llang	src/bindings.rs	ScalarWfstProvider	resource-cursor-protocol	VtWfstVTable	scala	Using/AutoCloseable; Iterable; Iterator; type classes	missing	-	-	implement-resource-cursor-protocol
lling-llang	src/bindings.rs	ScalarWfstProvider	resource-cursor-protocol	VtWfstVTable	clojure	Seqable; IReduceInit; Closeable; persistent values	missing	-	-	implement-resource-cursor-protocol
lling-llang	src/bindings.rs	ScalarWfstProvider	resource-cursor-protocol	VtWfstVTable	csharp	IDisposable/using; IEnumerable/IDictionary; exceptions; interfaces	complete	full-modeled-provider-surface	["vinary-tree-interop:bindings/dotnet/src/VinaryTree.Interop/ScalarWfstProviders.cs","vinary-tree-interop:bindings/dotnet/tests/VinaryTree.Interop.ProviderTests/Program.cs"]	-
lling-llang	src/bindings.rs	ScalarWfstProvider	resource-cursor-protocol	VtWfstVTable	fsharp	use/use!; seq; Result; object expressions; interfaces	complete	full-modeled-provider-surface	["vinary-tree-interop:bindings/dotnet/src/VinaryTree.Interop/ScalarWfstProviders.cs","vinary-tree-interop:bindings/dotnet/tests/VinaryTree.Interop.FSharpProviders/Program.fs"]	-
lling-llang	src/bindings.rs	ScalarWfstProvider	resource-cursor-protocol	VtWfstVTable	go	interfaces; iter.Seq; io.Closer; errors	missing	-	-	implement-resource-cursor-protocol
lling-llang	src/bindings.rs	ScalarWfstProvider	resource-cursor-protocol	VtWfstVTable	javascript	Symbol.iterator; Symbol.dispose; Error; native/WASM/WASI runtime identity	missing	-	-	implement-resource-cursor-protocol
lling-llang	src/bindings.rs	ScalarWfstProvider	resource-cursor-protocol	VtWfstVTable	typescript	structural interfaces; Iterable; Disposable; discriminated errors	missing	-	-	implement-resource-cursor-protocol
lling-llang	src/bindings.rs	ScalarWfstProvider	resource-cursor-protocol	VtWfstVTable	clojurescript	ISeqable; IReduce; protocol dispatch; close!	missing	-	-	implement-resource-cursor-protocol
lling-llang	src/bindings.rs	ScalarWfstProvider	resource-cursor-protocol	VtWfstVTable	swift	Sequence/Collection; protocols; throws; deterministic scoped ownership	missing	-	-	implement-resource-cursor-protocol
lling-llang	src/bindings.rs	ScalarWfstProvider	resource-cursor-protocol	VtWfstVTable	ruby	Enumerable; blocks/ensure; exceptions; explicit close	missing	-	-	implement-resource-cursor-protocol
lling-llang	src/bindings.rs	ScalarWfstProvider	resource-cursor-protocol	VtWfstVTable	fortran	modules; derived types; type-bound procedures; finalizers	missing	-	-	implement-resource-cursor-protocol
lling-llang	src/bindings.rs	ScalarWfstProvider	resource-cursor-protocol	VtWfstVTable	ocaml	abstract types; Seq; result; Fun.protect	missing	-	-	implement-resource-cursor-protocol
lling-llang	src/bindings.rs	ScalarWfstProvider	resource-cursor-protocol	VtWfstVTable	haskell	type classes; Foldable; bracket; Either	missing	-	-	implement-resource-cursor-protocol
lling-llang	src/bindings.rs	ScalarWfstProvider	resource-cursor-protocol	VtWfstVTable	lua	generic-for iterators; __close; tables; error values	missing	-	-	implement-resource-cursor-protocol
lling-llang	src/bindings.rs	ScalarWfstProvider	resource-cursor-protocol	VtWfstVTable	raku	NativeCall; Iterable/Positional/Associative; LEAVE; exceptions	complete	full-modeled-provider-surface	["lling-llang:bindings/raku/lib/Lling/Llang.rakumod","lling-llang:bindings/raku/t/01-conformance.rakutest"]	-
lling-llang	src/bindings.rs	ScalarWfstProvider	resource-cursor-protocol	VtWfstVTable	julia	ccall; multiple dispatch; AbstractDict/AbstractSet; iteration; do blocks; deterministic close and finalizers; @cfunction interfaces	complete	full-modeled-provider-surface	["lling-llang:bindings/julia/LlingLlang/src/LlingLlang.jl","lling-llang:bindings/julia/LlingLlang/test/runtests.jl"]	-
lling-llang	src/differentiable/layers.rs	WfstConvLabel	high-level-operation-interface	-	rust	traits; IntoIterator/Iterator; Result; Drop	complete	full-native-trait-surface	["lling-llang:src/differentiable/layers.rs"]	-
lling-llang	src/differentiable/layers.rs	WfstConvLabel	high-level-operation-interface	-	c	opaque handles; status codes; bounded buffers; vtables	missing	-	-	implement-high-level-operation-interface
lling-llang	src/differentiable/layers.rs	WfstConvLabel	high-level-operation-interface	-	cpp	RAII; ranges/iterators; move-only handles; typed errors	missing	-	-	implement-high-level-operation-interface
lling-llang	src/differentiable/layers.rs	WfstConvLabel	high-level-operation-interface	-	python	context managers; iterators/collections; exceptions; protocols	missing	-	-	implement-high-level-operation-interface
lling-llang	src/differentiable/layers.rs	WfstConvLabel	high-level-operation-interface	-	java	AutoCloseable/try-with-resources; Collection/Map; Stream/Spliterator; interfaces	missing	-	-	implement-high-level-operation-interface
lling-llang	src/differentiable/layers.rs	WfstConvLabel	high-level-operation-interface	-	kotlin	use; Iterable/Map; Sequence; SAM interfaces	missing	-	-	implement-high-level-operation-interface
lling-llang	src/differentiable/layers.rs	WfstConvLabel	high-level-operation-interface	-	scala	Using/AutoCloseable; Iterable; Iterator; type classes	missing	-	-	implement-high-level-operation-interface
lling-llang	src/differentiable/layers.rs	WfstConvLabel	high-level-operation-interface	-	clojure	Seqable; IReduceInit; Closeable; persistent values	missing	-	-	implement-high-level-operation-interface
lling-llang	src/differentiable/layers.rs	WfstConvLabel	high-level-operation-interface	-	csharp	IDisposable/using; IEnumerable/IDictionary; exceptions; interfaces	missing	-	-	implement-high-level-operation-interface
lling-llang	src/differentiable/layers.rs	WfstConvLabel	high-level-operation-interface	-	fsharp	use/use!; seq; Result; object expressions; interfaces	missing	-	-	implement-high-level-operation-interface
lling-llang	src/differentiable/layers.rs	WfstConvLabel	high-level-operation-interface	-	go	interfaces; iter.Seq; io.Closer; errors	missing	-	-	implement-high-level-operation-interface
lling-llang	src/differentiable/layers.rs	WfstConvLabel	high-level-operation-interface	-	javascript	Symbol.iterator; Symbol.dispose; Error; native/WASM/WASI runtime identity	missing	-	-	implement-high-level-operation-interface
lling-llang	src/differentiable/layers.rs	WfstConvLabel	high-level-operation-interface	-	typescript	structural interfaces; Iterable; Disposable; discriminated errors	missing	-	-	implement-high-level-operation-interface
lling-llang	src/differentiable/layers.rs	WfstConvLabel	high-level-operation-interface	-	clojurescript	ISeqable; IReduce; protocol dispatch; close!	missing	-	-	implement-high-level-operation-interface
lling-llang	src/differentiable/layers.rs	WfstConvLabel	high-level-operation-interface	-	swift	Sequence/Collection; protocols; throws; deterministic scoped ownership	missing	-	-	implement-high-level-operation-interface
lling-llang	src/differentiable/layers.rs	WfstConvLabel	high-level-operation-interface	-	ruby	Enumerable; blocks/ensure; exceptions; explicit close	missing	-	-	implement-high-level-operation-interface
lling-llang	src/differentiable/layers.rs	WfstConvLabel	high-level-operation-interface	-	fortran	modules; derived types; type-bound procedures; finalizers	missing	-	-	implement-high-level-operation-interface
lling-llang	src/differentiable/layers.rs	WfstConvLabel	high-level-operation-interface	-	ocaml	abstract types; Seq; result; Fun.protect	missing	-	-	implement-high-level-operation-interface
lling-llang	src/differentiable/layers.rs	WfstConvLabel	high-level-operation-interface	-	haskell	type classes; Foldable; bracket; Either	missing	-	-	implement-high-level-operation-interface
lling-llang	src/differentiable/layers.rs	WfstConvLabel	high-level-operation-interface	-	lua	generic-for iterators; __close; tables; error values	missing	-	-	implement-high-level-operation-interface
lling-llang	src/differentiable/layers.rs	WfstConvLabel	high-level-operation-interface	-	raku	NativeCall; Iterable/Positional/Associative; LEAVE; exceptions	missing	-	-	implement-high-level-operation-interface
lling-llang	src/differentiable/layers.rs	WfstConvLabel	high-level-operation-interface	-	julia	ccall; multiple dispatch; AbstractDict/AbstractSet; iteration; do blocks; deterministic close and finalizers; @cfunction interfaces	missing	-	-	implement-high-level-operation-interface
lling-llang	src/dynamic_lattice.rs	LatticeAccess	reviewed-rust-only-proof	-	rust	traits; IntoIterator/Iterator; Result; Drop	inapplicable	library-owned-type-level-access-marker	["proof:docs/bindings/host-extension-trait-governance.md#sealed-dynamic-adapter-markers"]	-
lling-llang	src/dynamic_lattice.rs	LatticeAccess	reviewed-rust-only-proof	-	c	opaque handles; status codes; bounded buffers; vtables	inapplicable	library-owned-type-level-access-marker	["proof:docs/bindings/host-extension-trait-governance.md#sealed-dynamic-adapter-markers"]	-
lling-llang	src/dynamic_lattice.rs	LatticeAccess	reviewed-rust-only-proof	-	cpp	RAII; ranges/iterators; move-only handles; typed errors	inapplicable	library-owned-type-level-access-marker	["proof:docs/bindings/host-extension-trait-governance.md#sealed-dynamic-adapter-markers"]	-
lling-llang	src/dynamic_lattice.rs	LatticeAccess	reviewed-rust-only-proof	-	python	context managers; iterators/collections; exceptions; protocols	inapplicable	library-owned-type-level-access-marker	["proof:docs/bindings/host-extension-trait-governance.md#sealed-dynamic-adapter-markers"]	-
lling-llang	src/dynamic_lattice.rs	LatticeAccess	reviewed-rust-only-proof	-	java	AutoCloseable/try-with-resources; Collection/Map; Stream/Spliterator; interfaces	inapplicable	library-owned-type-level-access-marker	["proof:docs/bindings/host-extension-trait-governance.md#sealed-dynamic-adapter-markers"]	-
lling-llang	src/dynamic_lattice.rs	LatticeAccess	reviewed-rust-only-proof	-	kotlin	use; Iterable/Map; Sequence; SAM interfaces	inapplicable	library-owned-type-level-access-marker	["proof:docs/bindings/host-extension-trait-governance.md#sealed-dynamic-adapter-markers"]	-
lling-llang	src/dynamic_lattice.rs	LatticeAccess	reviewed-rust-only-proof	-	scala	Using/AutoCloseable; Iterable; Iterator; type classes	inapplicable	library-owned-type-level-access-marker	["proof:docs/bindings/host-extension-trait-governance.md#sealed-dynamic-adapter-markers"]	-
lling-llang	src/dynamic_lattice.rs	LatticeAccess	reviewed-rust-only-proof	-	clojure	Seqable; IReduceInit; Closeable; persistent values	inapplicable	library-owned-type-level-access-marker	["proof:docs/bindings/host-extension-trait-governance.md#sealed-dynamic-adapter-markers"]	-
lling-llang	src/dynamic_lattice.rs	LatticeAccess	reviewed-rust-only-proof	-	csharp	IDisposable/using; IEnumerable/IDictionary; exceptions; interfaces	inapplicable	library-owned-type-level-access-marker	["proof:docs/bindings/host-extension-trait-governance.md#sealed-dynamic-adapter-markers"]	-
lling-llang	src/dynamic_lattice.rs	LatticeAccess	reviewed-rust-only-proof	-	fsharp	use/use!; seq; Result; object expressions; interfaces	inapplicable	library-owned-type-level-access-marker	["proof:docs/bindings/host-extension-trait-governance.md#sealed-dynamic-adapter-markers"]	-
lling-llang	src/dynamic_lattice.rs	LatticeAccess	reviewed-rust-only-proof	-	go	interfaces; iter.Seq; io.Closer; errors	inapplicable	library-owned-type-level-access-marker	["proof:docs/bindings/host-extension-trait-governance.md#sealed-dynamic-adapter-markers"]	-
lling-llang	src/dynamic_lattice.rs	LatticeAccess	reviewed-rust-only-proof	-	javascript	Symbol.iterator; Symbol.dispose; Error; native/WASM/WASI runtime identity	inapplicable	library-owned-type-level-access-marker	["proof:docs/bindings/host-extension-trait-governance.md#sealed-dynamic-adapter-markers"]	-
lling-llang	src/dynamic_lattice.rs	LatticeAccess	reviewed-rust-only-proof	-	typescript	structural interfaces; Iterable; Disposable; discriminated errors	inapplicable	library-owned-type-level-access-marker	["proof:docs/bindings/host-extension-trait-governance.md#sealed-dynamic-adapter-markers"]	-
lling-llang	src/dynamic_lattice.rs	LatticeAccess	reviewed-rust-only-proof	-	clojurescript	ISeqable; IReduce; protocol dispatch; close!	inapplicable	library-owned-type-level-access-marker	["proof:docs/bindings/host-extension-trait-governance.md#sealed-dynamic-adapter-markers"]	-
lling-llang	src/dynamic_lattice.rs	LatticeAccess	reviewed-rust-only-proof	-	swift	Sequence/Collection; protocols; throws; deterministic scoped ownership	inapplicable	library-owned-type-level-access-marker	["proof:docs/bindings/host-extension-trait-governance.md#sealed-dynamic-adapter-markers"]	-
lling-llang	src/dynamic_lattice.rs	LatticeAccess	reviewed-rust-only-proof	-	ruby	Enumerable; blocks/ensure; exceptions; explicit close	inapplicable	library-owned-type-level-access-marker	["proof:docs/bindings/host-extension-trait-governance.md#sealed-dynamic-adapter-markers"]	-
lling-llang	src/dynamic_lattice.rs	LatticeAccess	reviewed-rust-only-proof	-	fortran	modules; derived types; type-bound procedures; finalizers	inapplicable	library-owned-type-level-access-marker	["proof:docs/bindings/host-extension-trait-governance.md#sealed-dynamic-adapter-markers"]	-
lling-llang	src/dynamic_lattice.rs	LatticeAccess	reviewed-rust-only-proof	-	ocaml	abstract types; Seq; result; Fun.protect	inapplicable	library-owned-type-level-access-marker	["proof:docs/bindings/host-extension-trait-governance.md#sealed-dynamic-adapter-markers"]	-
lling-llang	src/dynamic_lattice.rs	LatticeAccess	reviewed-rust-only-proof	-	haskell	type classes; Foldable; bracket; Either	inapplicable	library-owned-type-level-access-marker	["proof:docs/bindings/host-extension-trait-governance.md#sealed-dynamic-adapter-markers"]	-
lling-llang	src/dynamic_lattice.rs	LatticeAccess	reviewed-rust-only-proof	-	lua	generic-for iterators; __close; tables; error values	inapplicable	library-owned-type-level-access-marker	["proof:docs/bindings/host-extension-trait-governance.md#sealed-dynamic-adapter-markers"]	-
lling-llang	src/dynamic_lattice.rs	LatticeAccess	reviewed-rust-only-proof	-	raku	NativeCall; Iterable/Positional/Associative; LEAVE; exceptions	inapplicable	library-owned-type-level-access-marker	["proof:docs/bindings/host-extension-trait-governance.md#sealed-dynamic-adapter-markers"]	-
lling-llang	src/dynamic_lattice.rs	LatticeAccess	reviewed-rust-only-proof	-	julia	ccall; multiple dispatch; AbstractDict/AbstractSet; iteration; do blocks; deterministic close and finalizers; @cfunction interfaces	inapplicable	library-owned-type-level-access-marker	["proof:docs/bindings/host-extension-trait-governance.md#sealed-dynamic-adapter-markers"]	-
lling-llang	src/dynamic_lattice.rs	Sealed	reviewed-rust-only-proof	-	rust	traits; IntoIterator/Iterator; Result; Drop	inapplicable	library-owned-type-level-access-marker	["proof:docs/bindings/host-extension-trait-governance.md#sealed-dynamic-adapter-markers"]	-
lling-llang	src/dynamic_lattice.rs	Sealed	reviewed-rust-only-proof	-	c	opaque handles; status codes; bounded buffers; vtables	inapplicable	library-owned-type-level-access-marker	["proof:docs/bindings/host-extension-trait-governance.md#sealed-dynamic-adapter-markers"]	-
lling-llang	src/dynamic_lattice.rs	Sealed	reviewed-rust-only-proof	-	cpp	RAII; ranges/iterators; move-only handles; typed errors	inapplicable	library-owned-type-level-access-marker	["proof:docs/bindings/host-extension-trait-governance.md#sealed-dynamic-adapter-markers"]	-
lling-llang	src/dynamic_lattice.rs	Sealed	reviewed-rust-only-proof	-	python	context managers; iterators/collections; exceptions; protocols	inapplicable	library-owned-type-level-access-marker	["proof:docs/bindings/host-extension-trait-governance.md#sealed-dynamic-adapter-markers"]	-
lling-llang	src/dynamic_lattice.rs	Sealed	reviewed-rust-only-proof	-	java	AutoCloseable/try-with-resources; Collection/Map; Stream/Spliterator; interfaces	inapplicable	library-owned-type-level-access-marker	["proof:docs/bindings/host-extension-trait-governance.md#sealed-dynamic-adapter-markers"]	-
lling-llang	src/dynamic_lattice.rs	Sealed	reviewed-rust-only-proof	-	kotlin	use; Iterable/Map; Sequence; SAM interfaces	inapplicable	library-owned-type-level-access-marker	["proof:docs/bindings/host-extension-trait-governance.md#sealed-dynamic-adapter-markers"]	-
lling-llang	src/dynamic_lattice.rs	Sealed	reviewed-rust-only-proof	-	scala	Using/AutoCloseable; Iterable; Iterator; type classes	inapplicable	library-owned-type-level-access-marker	["proof:docs/bindings/host-extension-trait-governance.md#sealed-dynamic-adapter-markers"]	-
lling-llang	src/dynamic_lattice.rs	Sealed	reviewed-rust-only-proof	-	clojure	Seqable; IReduceInit; Closeable; persistent values	inapplicable	library-owned-type-level-access-marker	["proof:docs/bindings/host-extension-trait-governance.md#sealed-dynamic-adapter-markers"]	-
lling-llang	src/dynamic_lattice.rs	Sealed	reviewed-rust-only-proof	-	csharp	IDisposable/using; IEnumerable/IDictionary; exceptions; interfaces	inapplicable	library-owned-type-level-access-marker	["proof:docs/bindings/host-extension-trait-governance.md#sealed-dynamic-adapter-markers"]	-
lling-llang	src/dynamic_lattice.rs	Sealed	reviewed-rust-only-proof	-	fsharp	use/use!; seq; Result; object expressions; interfaces	inapplicable	library-owned-type-level-access-marker	["proof:docs/bindings/host-extension-trait-governance.md#sealed-dynamic-adapter-markers"]	-
lling-llang	src/dynamic_lattice.rs	Sealed	reviewed-rust-only-proof	-	go	interfaces; iter.Seq; io.Closer; errors	inapplicable	library-owned-type-level-access-marker	["proof:docs/bindings/host-extension-trait-governance.md#sealed-dynamic-adapter-markers"]	-
lling-llang	src/dynamic_lattice.rs	Sealed	reviewed-rust-only-proof	-	javascript	Symbol.iterator; Symbol.dispose; Error; native/WASM/WASI runtime identity	inapplicable	library-owned-type-level-access-marker	["proof:docs/bindings/host-extension-trait-governance.md#sealed-dynamic-adapter-markers"]	-
lling-llang	src/dynamic_lattice.rs	Sealed	reviewed-rust-only-proof	-	typescript	structural interfaces; Iterable; Disposable; discriminated errors	inapplicable	library-owned-type-level-access-marker	["proof:docs/bindings/host-extension-trait-governance.md#sealed-dynamic-adapter-markers"]	-
lling-llang	src/dynamic_lattice.rs	Sealed	reviewed-rust-only-proof	-	clojurescript	ISeqable; IReduce; protocol dispatch; close!	inapplicable	library-owned-type-level-access-marker	["proof:docs/bindings/host-extension-trait-governance.md#sealed-dynamic-adapter-markers"]	-
lling-llang	src/dynamic_lattice.rs	Sealed	reviewed-rust-only-proof	-	swift	Sequence/Collection; protocols; throws; deterministic scoped ownership	inapplicable	library-owned-type-level-access-marker	["proof:docs/bindings/host-extension-trait-governance.md#sealed-dynamic-adapter-markers"]	-
lling-llang	src/dynamic_lattice.rs	Sealed	reviewed-rust-only-proof	-	ruby	Enumerable; blocks/ensure; exceptions; explicit close	inapplicable	library-owned-type-level-access-marker	["proof:docs/bindings/host-extension-trait-governance.md#sealed-dynamic-adapter-markers"]	-
lling-llang	src/dynamic_lattice.rs	Sealed	reviewed-rust-only-proof	-	fortran	modules; derived types; type-bound procedures; finalizers	inapplicable	library-owned-type-level-access-marker	["proof:docs/bindings/host-extension-trait-governance.md#sealed-dynamic-adapter-markers"]	-
lling-llang	src/dynamic_lattice.rs	Sealed	reviewed-rust-only-proof	-	ocaml	abstract types; Seq; result; Fun.protect	inapplicable	library-owned-type-level-access-marker	["proof:docs/bindings/host-extension-trait-governance.md#sealed-dynamic-adapter-markers"]	-
lling-llang	src/dynamic_lattice.rs	Sealed	reviewed-rust-only-proof	-	haskell	type classes; Foldable; bracket; Either	inapplicable	library-owned-type-level-access-marker	["proof:docs/bindings/host-extension-trait-governance.md#sealed-dynamic-adapter-markers"]	-
lling-llang	src/dynamic_lattice.rs	Sealed	reviewed-rust-only-proof	-	lua	generic-for iterators; __close; tables; error values	inapplicable	library-owned-type-level-access-marker	["proof:docs/bindings/host-extension-trait-governance.md#sealed-dynamic-adapter-markers"]	-
lling-llang	src/dynamic_lattice.rs	Sealed	reviewed-rust-only-proof	-	raku	NativeCall; Iterable/Positional/Associative; LEAVE; exceptions	inapplicable	library-owned-type-level-access-marker	["proof:docs/bindings/host-extension-trait-governance.md#sealed-dynamic-adapter-markers"]	-
lling-llang	src/dynamic_lattice.rs	Sealed	reviewed-rust-only-proof	-	julia	ccall; multiple dispatch; AbstractDict/AbstractSet; iteration; do blocks; deterministic close and finalizers; @cfunction interfaces	inapplicable	library-owned-type-level-access-marker	["proof:docs/bindings/host-extension-trait-governance.md#sealed-dynamic-adapter-markers"]	-
lling-llang	src/dynamic_semiring.rs	Sealed	reviewed-rust-only-proof	-	rust	traits; IntoIterator/Iterator; Result; Drop	inapplicable	library-owned-type-level-access-marker	["proof:docs/bindings/host-extension-trait-governance.md#sealed-dynamic-adapter-markers"]	-
lling-llang	src/dynamic_semiring.rs	Sealed	reviewed-rust-only-proof	-	c	opaque handles; status codes; bounded buffers; vtables	inapplicable	library-owned-type-level-access-marker	["proof:docs/bindings/host-extension-trait-governance.md#sealed-dynamic-adapter-markers"]	-
lling-llang	src/dynamic_semiring.rs	Sealed	reviewed-rust-only-proof	-	cpp	RAII; ranges/iterators; move-only handles; typed errors	inapplicable	library-owned-type-level-access-marker	["proof:docs/bindings/host-extension-trait-governance.md#sealed-dynamic-adapter-markers"]	-
lling-llang	src/dynamic_semiring.rs	Sealed	reviewed-rust-only-proof	-	python	context managers; iterators/collections; exceptions; protocols	inapplicable	library-owned-type-level-access-marker	["proof:docs/bindings/host-extension-trait-governance.md#sealed-dynamic-adapter-markers"]	-
lling-llang	src/dynamic_semiring.rs	Sealed	reviewed-rust-only-proof	-	java	AutoCloseable/try-with-resources; Collection/Map; Stream/Spliterator; interfaces	inapplicable	library-owned-type-level-access-marker	["proof:docs/bindings/host-extension-trait-governance.md#sealed-dynamic-adapter-markers"]	-
lling-llang	src/dynamic_semiring.rs	Sealed	reviewed-rust-only-proof	-	kotlin	use; Iterable/Map; Sequence; SAM interfaces	inapplicable	library-owned-type-level-access-marker	["proof:docs/bindings/host-extension-trait-governance.md#sealed-dynamic-adapter-markers"]	-
lling-llang	src/dynamic_semiring.rs	Sealed	reviewed-rust-only-proof	-	scala	Using/AutoCloseable; Iterable; Iterator; type classes	inapplicable	library-owned-type-level-access-marker	["proof:docs/bindings/host-extension-trait-governance.md#sealed-dynamic-adapter-markers"]	-
lling-llang	src/dynamic_semiring.rs	Sealed	reviewed-rust-only-proof	-	clojure	Seqable; IReduceInit; Closeable; persistent values	inapplicable	library-owned-type-level-access-marker	["proof:docs/bindings/host-extension-trait-governance.md#sealed-dynamic-adapter-markers"]	-
lling-llang	src/dynamic_semiring.rs	Sealed	reviewed-rust-only-proof	-	csharp	IDisposable/using; IEnumerable/IDictionary; exceptions; interfaces	inapplicable	library-owned-type-level-access-marker	["proof:docs/bindings/host-extension-trait-governance.md#sealed-dynamic-adapter-markers"]	-
lling-llang	src/dynamic_semiring.rs	Sealed	reviewed-rust-only-proof	-	fsharp	use/use!; seq; Result; object expressions; interfaces	inapplicable	library-owned-type-level-access-marker	["proof:docs/bindings/host-extension-trait-governance.md#sealed-dynamic-adapter-markers"]	-
lling-llang	src/dynamic_semiring.rs	Sealed	reviewed-rust-only-proof	-	go	interfaces; iter.Seq; io.Closer; errors	inapplicable	library-owned-type-level-access-marker	["proof:docs/bindings/host-extension-trait-governance.md#sealed-dynamic-adapter-markers"]	-
lling-llang	src/dynamic_semiring.rs	Sealed	reviewed-rust-only-proof	-	javascript	Symbol.iterator; Symbol.dispose; Error; native/WASM/WASI runtime identity	inapplicable	library-owned-type-level-access-marker	["proof:docs/bindings/host-extension-trait-governance.md#sealed-dynamic-adapter-markers"]	-
lling-llang	src/dynamic_semiring.rs	Sealed	reviewed-rust-only-proof	-	typescript	structural interfaces; Iterable; Disposable; discriminated errors	inapplicable	library-owned-type-level-access-marker	["proof:docs/bindings/host-extension-trait-governance.md#sealed-dynamic-adapter-markers"]	-
lling-llang	src/dynamic_semiring.rs	Sealed	reviewed-rust-only-proof	-	clojurescript	ISeqable; IReduce; protocol dispatch; close!	inapplicable	library-owned-type-level-access-marker	["proof:docs/bindings/host-extension-trait-governance.md#sealed-dynamic-adapter-markers"]	-
lling-llang	src/dynamic_semiring.rs	Sealed	reviewed-rust-only-proof	-	swift	Sequence/Collection; protocols; throws; deterministic scoped ownership	inapplicable	library-owned-type-level-access-marker	["proof:docs/bindings/host-extension-trait-governance.md#sealed-dynamic-adapter-markers"]	-
lling-llang	src/dynamic_semiring.rs	Sealed	reviewed-rust-only-proof	-	ruby	Enumerable; blocks/ensure; exceptions; explicit close	inapplicable	library-owned-type-level-access-marker	["proof:docs/bindings/host-extension-trait-governance.md#sealed-dynamic-adapter-markers"]	-
lling-llang	src/dynamic_semiring.rs	Sealed	reviewed-rust-only-proof	-	fortran	modules; derived types; type-bound procedures; finalizers	inapplicable	library-owned-type-level-access-marker	["proof:docs/bindings/host-extension-trait-governance.md#sealed-dynamic-adapter-markers"]	-
lling-llang	src/dynamic_semiring.rs	Sealed	reviewed-rust-only-proof	-	ocaml	abstract types; Seq; result; Fun.protect	inapplicable	library-owned-type-level-access-marker	["proof:docs/bindings/host-extension-trait-governance.md#sealed-dynamic-adapter-markers"]	-
lling-llang	src/dynamic_semiring.rs	Sealed	reviewed-rust-only-proof	-	haskell	type classes; Foldable; bracket; Either	inapplicable	library-owned-type-level-access-marker	["proof:docs/bindings/host-extension-trait-governance.md#sealed-dynamic-adapter-markers"]	-
lling-llang	src/dynamic_semiring.rs	Sealed	reviewed-rust-only-proof	-	lua	generic-for iterators; __close; tables; error values	inapplicable	library-owned-type-level-access-marker	["proof:docs/bindings/host-extension-trait-governance.md#sealed-dynamic-adapter-markers"]	-
lling-llang	src/dynamic_semiring.rs	Sealed	reviewed-rust-only-proof	-	raku	NativeCall; Iterable/Positional/Associative; LEAVE; exceptions	inapplicable	library-owned-type-level-access-marker	["proof:docs/bindings/host-extension-trait-governance.md#sealed-dynamic-adapter-markers"]	-
lling-llang	src/dynamic_semiring.rs	Sealed	reviewed-rust-only-proof	-	julia	ccall; multiple dispatch; AbstractDict/AbstractSet; iteration; do blocks; deterministic close and finalizers; @cfunction interfaces	inapplicable	library-owned-type-level-access-marker	["proof:docs/bindings/host-extension-trait-governance.md#sealed-dynamic-adapter-markers"]	-
lling-llang	src/dynamic_semiring.rs	SemiringAccess	reviewed-rust-only-proof	-	rust	traits; IntoIterator/Iterator; Result; Drop	inapplicable	library-owned-type-level-access-marker	["proof:docs/bindings/host-extension-trait-governance.md#sealed-dynamic-adapter-markers"]	-
lling-llang	src/dynamic_semiring.rs	SemiringAccess	reviewed-rust-only-proof	-	c	opaque handles; status codes; bounded buffers; vtables	inapplicable	library-owned-type-level-access-marker	["proof:docs/bindings/host-extension-trait-governance.md#sealed-dynamic-adapter-markers"]	-
lling-llang	src/dynamic_semiring.rs	SemiringAccess	reviewed-rust-only-proof	-	cpp	RAII; ranges/iterators; move-only handles; typed errors	inapplicable	library-owned-type-level-access-marker	["proof:docs/bindings/host-extension-trait-governance.md#sealed-dynamic-adapter-markers"]	-
lling-llang	src/dynamic_semiring.rs	SemiringAccess	reviewed-rust-only-proof	-	python	context managers; iterators/collections; exceptions; protocols	inapplicable	library-owned-type-level-access-marker	["proof:docs/bindings/host-extension-trait-governance.md#sealed-dynamic-adapter-markers"]	-
lling-llang	src/dynamic_semiring.rs	SemiringAccess	reviewed-rust-only-proof	-	java	AutoCloseable/try-with-resources; Collection/Map; Stream/Spliterator; interfaces	inapplicable	library-owned-type-level-access-marker	["proof:docs/bindings/host-extension-trait-governance.md#sealed-dynamic-adapter-markers"]	-
lling-llang	src/dynamic_semiring.rs	SemiringAccess	reviewed-rust-only-proof	-	kotlin	use; Iterable/Map; Sequence; SAM interfaces	inapplicable	library-owned-type-level-access-marker	["proof:docs/bindings/host-extension-trait-governance.md#sealed-dynamic-adapter-markers"]	-
lling-llang	src/dynamic_semiring.rs	SemiringAccess	reviewed-rust-only-proof	-	scala	Using/AutoCloseable; Iterable; Iterator; type classes	inapplicable	library-owned-type-level-access-marker	["proof:docs/bindings/host-extension-trait-governance.md#sealed-dynamic-adapter-markers"]	-
lling-llang	src/dynamic_semiring.rs	SemiringAccess	reviewed-rust-only-proof	-	clojure	Seqable; IReduceInit; Closeable; persistent values	inapplicable	library-owned-type-level-access-marker	["proof:docs/bindings/host-extension-trait-governance.md#sealed-dynamic-adapter-markers"]	-
lling-llang	src/dynamic_semiring.rs	SemiringAccess	reviewed-rust-only-proof	-	csharp	IDisposable/using; IEnumerable/IDictionary; exceptions; interfaces	inapplicable	library-owned-type-level-access-marker	["proof:docs/bindings/host-extension-trait-governance.md#sealed-dynamic-adapter-markers"]	-
lling-llang	src/dynamic_semiring.rs	SemiringAccess	reviewed-rust-only-proof	-	fsharp	use/use!; seq; Result; object expressions; interfaces	inapplicable	library-owned-type-level-access-marker	["proof:docs/bindings/host-extension-trait-governance.md#sealed-dynamic-adapter-markers"]	-
lling-llang	src/dynamic_semiring.rs	SemiringAccess	reviewed-rust-only-proof	-	go	interfaces; iter.Seq; io.Closer; errors	inapplicable	library-owned-type-level-access-marker	["proof:docs/bindings/host-extension-trait-governance.md#sealed-dynamic-adapter-markers"]	-
lling-llang	src/dynamic_semiring.rs	SemiringAccess	reviewed-rust-only-proof	-	javascript	Symbol.iterator; Symbol.dispose; Error; native/WASM/WASI runtime identity	inapplicable	library-owned-type-level-access-marker	["proof:docs/bindings/host-extension-trait-governance.md#sealed-dynamic-adapter-markers"]	-
lling-llang	src/dynamic_semiring.rs	SemiringAccess	reviewed-rust-only-proof	-	typescript	structural interfaces; Iterable; Disposable; discriminated errors	inapplicable	library-owned-type-level-access-marker	["proof:docs/bindings/host-extension-trait-governance.md#sealed-dynamic-adapter-markers"]	-
lling-llang	src/dynamic_semiring.rs	SemiringAccess	reviewed-rust-only-proof	-	clojurescript	ISeqable; IReduce; protocol dispatch; close!	inapplicable	library-owned-type-level-access-marker	["proof:docs/bindings/host-extension-trait-governance.md#sealed-dynamic-adapter-markers"]	-
lling-llang	src/dynamic_semiring.rs	SemiringAccess	reviewed-rust-only-proof	-	swift	Sequence/Collection; protocols; throws; deterministic scoped ownership	inapplicable	library-owned-type-level-access-marker	["proof:docs/bindings/host-extension-trait-governance.md#sealed-dynamic-adapter-markers"]	-
lling-llang	src/dynamic_semiring.rs	SemiringAccess	reviewed-rust-only-proof	-	ruby	Enumerable; blocks/ensure; exceptions; explicit close	inapplicable	library-owned-type-level-access-marker	["proof:docs/bindings/host-extension-trait-governance.md#sealed-dynamic-adapter-markers"]	-
lling-llang	src/dynamic_semiring.rs	SemiringAccess	reviewed-rust-only-proof	-	fortran	modules; derived types; type-bound procedures; finalizers	inapplicable	library-owned-type-level-access-marker	["proof:docs/bindings/host-extension-trait-governance.md#sealed-dynamic-adapter-markers"]	-
lling-llang	src/dynamic_semiring.rs	SemiringAccess	reviewed-rust-only-proof	-	ocaml	abstract types; Seq; result; Fun.protect	inapplicable	library-owned-type-level-access-marker	["proof:docs/bindings/host-extension-trait-governance.md#sealed-dynamic-adapter-markers"]	-
lling-llang	src/dynamic_semiring.rs	SemiringAccess	reviewed-rust-only-proof	-	haskell	type classes; Foldable; bracket; Either	inapplicable	library-owned-type-level-access-marker	["proof:docs/bindings/host-extension-trait-governance.md#sealed-dynamic-adapter-markers"]	-
lling-llang	src/dynamic_semiring.rs	SemiringAccess	reviewed-rust-only-proof	-	lua	generic-for iterators; __close; tables; error values	inapplicable	library-owned-type-level-access-marker	["proof:docs/bindings/host-extension-trait-governance.md#sealed-dynamic-adapter-markers"]	-
lling-llang	src/dynamic_semiring.rs	SemiringAccess	reviewed-rust-only-proof	-	raku	NativeCall; Iterable/Positional/Associative; LEAVE; exceptions	inapplicable	library-owned-type-level-access-marker	["proof:docs/bindings/host-extension-trait-governance.md#sealed-dynamic-adapter-markers"]	-
lling-llang	src/dynamic_semiring.rs	SemiringAccess	reviewed-rust-only-proof	-	julia	ccall; multiple dispatch; AbstractDict/AbstractSet; iteration; do blocks; deterministic close and finalizers; @cfunction interfaces	inapplicable	library-owned-type-level-access-marker	["proof:docs/bindings/host-extension-trait-governance.md#sealed-dynamic-adapter-markers"]	-
lling-llang	src/lattice/iterator.rs	LatticePathExt	derived-adapter	-	rust	traits; IntoIterator/Iterator; Result; Drop	complete	full-native-trait-surface	["lling-llang:src/lattice/iterator.rs"]	-
lling-llang	src/lattice/iterator.rs	LatticePathExt	derived-adapter	-	c	opaque handles; status codes; bounded buffers; vtables	missing	-	-	implement-derived-adapter
lling-llang	src/lattice/iterator.rs	LatticePathExt	derived-adapter	-	cpp	RAII; ranges/iterators; move-only handles; typed errors	missing	-	-	implement-derived-adapter
lling-llang	src/lattice/iterator.rs	LatticePathExt	derived-adapter	-	python	context managers; iterators/collections; exceptions; protocols	missing	-	-	implement-derived-adapter
lling-llang	src/lattice/iterator.rs	LatticePathExt	derived-adapter	-	java	AutoCloseable/try-with-resources; Collection/Map; Stream/Spliterator; interfaces	missing	-	-	implement-derived-adapter
lling-llang	src/lattice/iterator.rs	LatticePathExt	derived-adapter	-	kotlin	use; Iterable/Map; Sequence; SAM interfaces	missing	-	-	implement-derived-adapter
lling-llang	src/lattice/iterator.rs	LatticePathExt	derived-adapter	-	scala	Using/AutoCloseable; Iterable; Iterator; type classes	missing	-	-	implement-derived-adapter
lling-llang	src/lattice/iterator.rs	LatticePathExt	derived-adapter	-	clojure	Seqable; IReduceInit; Closeable; persistent values	missing	-	-	implement-derived-adapter
lling-llang	src/lattice/iterator.rs	LatticePathExt	derived-adapter	-	csharp	IDisposable/using; IEnumerable/IDictionary; exceptions; interfaces	missing	-	-	implement-derived-adapter
lling-llang	src/lattice/iterator.rs	LatticePathExt	derived-adapter	-	fsharp	use/use!; seq; Result; object expressions; interfaces	missing	-	-	implement-derived-adapter
lling-llang	src/lattice/iterator.rs	LatticePathExt	derived-adapter	-	go	interfaces; iter.Seq; io.Closer; errors	missing	-	-	implement-derived-adapter
lling-llang	src/lattice/iterator.rs	LatticePathExt	derived-adapter	-	javascript	Symbol.iterator; Symbol.dispose; Error; native/WASM/WASI runtime identity	missing	-	-	implement-derived-adapter
lling-llang	src/lattice/iterator.rs	LatticePathExt	derived-adapter	-	typescript	structural interfaces; Iterable; Disposable; discriminated errors	missing	-	-	implement-derived-adapter
lling-llang	src/lattice/iterator.rs	LatticePathExt	derived-adapter	-	clojurescript	ISeqable; IReduce; protocol dispatch; close!	missing	-	-	implement-derived-adapter
lling-llang	src/lattice/iterator.rs	LatticePathExt	derived-adapter	-	swift	Sequence/Collection; protocols; throws; deterministic scoped ownership	missing	-	-	implement-derived-adapter
lling-llang	src/lattice/iterator.rs	LatticePathExt	derived-adapter	-	ruby	Enumerable; blocks/ensure; exceptions; explicit close	missing	-	-	implement-derived-adapter
lling-llang	src/lattice/iterator.rs	LatticePathExt	derived-adapter	-	fortran	modules; derived types; type-bound procedures; finalizers	missing	-	-	implement-derived-adapter
lling-llang	src/lattice/iterator.rs	LatticePathExt	derived-adapter	-	ocaml	abstract types; Seq; result; Fun.protect	missing	-	-	implement-derived-adapter
lling-llang	src/lattice/iterator.rs	LatticePathExt	derived-adapter	-	haskell	type classes; Foldable; bracket; Either	missing	-	-	implement-derived-adapter
lling-llang	src/lattice/iterator.rs	LatticePathExt	derived-adapter	-	lua	generic-for iterators; __close; tables; error values	missing	-	-	implement-derived-adapter
lling-llang	src/lattice/iterator.rs	LatticePathExt	derived-adapter	-	raku	NativeCall; Iterable/Positional/Associative; LEAVE; exceptions	missing	-	-	implement-derived-adapter
lling-llang	src/lattice/iterator.rs	LatticePathExt	derived-adapter	-	julia	ccall; multiple dispatch; AbstractDict/AbstractSet; iteration; do blocks; deterministic close and finalizers; @cfunction interfaces	missing	-	-	implement-derived-adapter
lling-llang	src/lattice_bridge.rs	SemiringLattice	derived-adapter	-	rust	traits; IntoIterator/Iterator; Result; Drop	complete	full-native-trait-surface	["lling-llang:src/lattice_bridge.rs"]	-
lling-llang	src/lattice_bridge.rs	SemiringLattice	derived-adapter	-	c	opaque handles; status codes; bounded buffers; vtables	missing	-	-	implement-derived-adapter
lling-llang	src/lattice_bridge.rs	SemiringLattice	derived-adapter	-	cpp	RAII; ranges/iterators; move-only handles; typed errors	missing	-	-	implement-derived-adapter
lling-llang	src/lattice_bridge.rs	SemiringLattice	derived-adapter	-	python	context managers; iterators/collections; exceptions; protocols	missing	-	-	implement-derived-adapter
lling-llang	src/lattice_bridge.rs	SemiringLattice	derived-adapter	-	java	AutoCloseable/try-with-resources; Collection/Map; Stream/Spliterator; interfaces	missing	-	-	implement-derived-adapter
lling-llang	src/lattice_bridge.rs	SemiringLattice	derived-adapter	-	kotlin	use; Iterable/Map; Sequence; SAM interfaces	missing	-	-	implement-derived-adapter
lling-llang	src/lattice_bridge.rs	SemiringLattice	derived-adapter	-	scala	Using/AutoCloseable; Iterable; Iterator; type classes	missing	-	-	implement-derived-adapter
lling-llang	src/lattice_bridge.rs	SemiringLattice	derived-adapter	-	clojure	Seqable; IReduceInit; Closeable; persistent values	missing	-	-	implement-derived-adapter
lling-llang	src/lattice_bridge.rs	SemiringLattice	derived-adapter	-	csharp	IDisposable/using; IEnumerable/IDictionary; exceptions; interfaces	missing	-	-	implement-derived-adapter
lling-llang	src/lattice_bridge.rs	SemiringLattice	derived-adapter	-	fsharp	use/use!; seq; Result; object expressions; interfaces	missing	-	-	implement-derived-adapter
lling-llang	src/lattice_bridge.rs	SemiringLattice	derived-adapter	-	go	interfaces; iter.Seq; io.Closer; errors	missing	-	-	implement-derived-adapter
lling-llang	src/lattice_bridge.rs	SemiringLattice	derived-adapter	-	javascript	Symbol.iterator; Symbol.dispose; Error; native/WASM/WASI runtime identity	missing	-	-	implement-derived-adapter
lling-llang	src/lattice_bridge.rs	SemiringLattice	derived-adapter	-	typescript	structural interfaces; Iterable; Disposable; discriminated errors	missing	-	-	implement-derived-adapter
lling-llang	src/lattice_bridge.rs	SemiringLattice	derived-adapter	-	clojurescript	ISeqable; IReduce; protocol dispatch; close!	missing	-	-	implement-derived-adapter
lling-llang	src/lattice_bridge.rs	SemiringLattice	derived-adapter	-	swift	Sequence/Collection; protocols; throws; deterministic scoped ownership	missing	-	-	implement-derived-adapter
lling-llang	src/lattice_bridge.rs	SemiringLattice	derived-adapter	-	ruby	Enumerable; blocks/ensure; exceptions; explicit close	missing	-	-	implement-derived-adapter
lling-llang	src/lattice_bridge.rs	SemiringLattice	derived-adapter	-	fortran	modules; derived types; type-bound procedures; finalizers	missing	-	-	implement-derived-adapter
lling-llang	src/lattice_bridge.rs	SemiringLattice	derived-adapter	-	ocaml	abstract types; Seq; result; Fun.protect	missing	-	-	implement-derived-adapter
lling-llang	src/lattice_bridge.rs	SemiringLattice	derived-adapter	-	haskell	type classes; Foldable; bracket; Either	missing	-	-	implement-derived-adapter
lling-llang	src/lattice_bridge.rs	SemiringLattice	derived-adapter	-	lua	generic-for iterators; __close; tables; error values	missing	-	-	implement-derived-adapter
lling-llang	src/lattice_bridge.rs	SemiringLattice	derived-adapter	-	raku	NativeCall; Iterable/Positional/Associative; LEAVE; exceptions	missing	-	-	implement-derived-adapter
lling-llang	src/lattice_bridge.rs	SemiringLattice	derived-adapter	-	julia	ccall; multiple dispatch; AbstractDict/AbstractSet; iteration; do blocks; deterministic close and finalizers; @cfunction interfaces	missing	-	-	implement-derived-adapter
lling-llang	src/layers/filtering/edit_distance.rs	Dictionary	resource-cursor-protocol	-	rust	traits; IntoIterator/Iterator; Result; Drop	complete	full-native-trait-surface	["lling-llang:src/layers/filtering/edit_distance.rs"]	-
lling-llang	src/layers/filtering/edit_distance.rs	Dictionary	resource-cursor-protocol	-	c	opaque handles; status codes; bounded buffers; vtables	missing	-	-	implement-resource-cursor-protocol
lling-llang	src/layers/filtering/edit_distance.rs	Dictionary	resource-cursor-protocol	-	cpp	RAII; ranges/iterators; move-only handles; typed errors	missing	-	-	implement-resource-cursor-protocol
lling-llang	src/layers/filtering/edit_distance.rs	Dictionary	resource-cursor-protocol	-	python	context managers; iterators/collections; exceptions; protocols	missing	-	-	implement-resource-cursor-protocol
lling-llang	src/layers/filtering/edit_distance.rs	Dictionary	resource-cursor-protocol	-	java	AutoCloseable/try-with-resources; Collection/Map; Stream/Spliterator; interfaces	missing	-	-	implement-resource-cursor-protocol
lling-llang	src/layers/filtering/edit_distance.rs	Dictionary	resource-cursor-protocol	-	kotlin	use; Iterable/Map; Sequence; SAM interfaces	missing	-	-	implement-resource-cursor-protocol
lling-llang	src/layers/filtering/edit_distance.rs	Dictionary	resource-cursor-protocol	-	scala	Using/AutoCloseable; Iterable; Iterator; type classes	missing	-	-	implement-resource-cursor-protocol
lling-llang	src/layers/filtering/edit_distance.rs	Dictionary	resource-cursor-protocol	-	clojure	Seqable; IReduceInit; Closeable; persistent values	missing	-	-	implement-resource-cursor-protocol
lling-llang	src/layers/filtering/edit_distance.rs	Dictionary	resource-cursor-protocol	-	csharp	IDisposable/using; IEnumerable/IDictionary; exceptions; interfaces	missing	-	-	implement-resource-cursor-protocol
lling-llang	src/layers/filtering/edit_distance.rs	Dictionary	resource-cursor-protocol	-	fsharp	use/use!; seq; Result; object expressions; interfaces	missing	-	-	implement-resource-cursor-protocol
lling-llang	src/layers/filtering/edit_distance.rs	Dictionary	resource-cursor-protocol	-	go	interfaces; iter.Seq; io.Closer; errors	missing	-	-	implement-resource-cursor-protocol
lling-llang	src/layers/filtering/edit_distance.rs	Dictionary	resource-cursor-protocol	-	javascript	Symbol.iterator; Symbol.dispose; Error; native/WASM/WASI runtime identity	missing	-	-	implement-resource-cursor-protocol
lling-llang	src/layers/filtering/edit_distance.rs	Dictionary	resource-cursor-protocol	-	typescript	structural interfaces; Iterable; Disposable; discriminated errors	missing	-	-	implement-resource-cursor-protocol
lling-llang	src/layers/filtering/edit_distance.rs	Dictionary	resource-cursor-protocol	-	clojurescript	ISeqable; IReduce; protocol dispatch; close!	missing	-	-	implement-resource-cursor-protocol
lling-llang	src/layers/filtering/edit_distance.rs	Dictionary	resource-cursor-protocol	-	swift	Sequence/Collection; protocols; throws; deterministic scoped ownership	missing	-	-	implement-resource-cursor-protocol
lling-llang	src/layers/filtering/edit_distance.rs	Dictionary	resource-cursor-protocol	-	ruby	Enumerable; blocks/ensure; exceptions; explicit close	missing	-	-	implement-resource-cursor-protocol
lling-llang	src/layers/filtering/edit_distance.rs	Dictionary	resource-cursor-protocol	-	fortran	modules; derived types; type-bound procedures; finalizers	missing	-	-	implement-resource-cursor-protocol
lling-llang	src/layers/filtering/edit_distance.rs	Dictionary	resource-cursor-protocol	-	ocaml	abstract types; Seq; result; Fun.protect	missing	-	-	implement-resource-cursor-protocol
lling-llang	src/layers/filtering/edit_distance.rs	Dictionary	resource-cursor-protocol	-	haskell	type classes; Foldable; bracket; Either	missing	-	-	implement-resource-cursor-protocol
lling-llang	src/layers/filtering/edit_distance.rs	Dictionary	resource-cursor-protocol	-	lua	generic-for iterators; __close; tables; error values	missing	-	-	implement-resource-cursor-protocol
lling-llang	src/layers/filtering/edit_distance.rs	Dictionary	resource-cursor-protocol	-	raku	NativeCall; Iterable/Positional/Associative; LEAVE; exceptions	missing	-	-	implement-resource-cursor-protocol
lling-llang	src/layers/filtering/edit_distance.rs	Dictionary	resource-cursor-protocol	-	julia	ccall; multiple dispatch; AbstractDict/AbstractSet; iteration; do blocks; deterministic close and finalizers; @cfunction interfaces	missing	-	-	implement-resource-cursor-protocol
lling-llang	src/layers/latex/repair.rs	RepairStrategy	high-level-operation-interface	-	rust	traits; IntoIterator/Iterator; Result; Drop	complete	full-native-trait-surface	["lling-llang:src/layers/latex/repair.rs"]	-
lling-llang	src/layers/latex/repair.rs	RepairStrategy	high-level-operation-interface	-	c	opaque handles; status codes; bounded buffers; vtables	missing	-	-	implement-high-level-operation-interface
lling-llang	src/layers/latex/repair.rs	RepairStrategy	high-level-operation-interface	-	cpp	RAII; ranges/iterators; move-only handles; typed errors	missing	-	-	implement-high-level-operation-interface
lling-llang	src/layers/latex/repair.rs	RepairStrategy	high-level-operation-interface	-	python	context managers; iterators/collections; exceptions; protocols	missing	-	-	implement-high-level-operation-interface
lling-llang	src/layers/latex/repair.rs	RepairStrategy	high-level-operation-interface	-	java	AutoCloseable/try-with-resources; Collection/Map; Stream/Spliterator; interfaces	missing	-	-	implement-high-level-operation-interface
lling-llang	src/layers/latex/repair.rs	RepairStrategy	high-level-operation-interface	-	kotlin	use; Iterable/Map; Sequence; SAM interfaces	missing	-	-	implement-high-level-operation-interface
lling-llang	src/layers/latex/repair.rs	RepairStrategy	high-level-operation-interface	-	scala	Using/AutoCloseable; Iterable; Iterator; type classes	missing	-	-	implement-high-level-operation-interface
lling-llang	src/layers/latex/repair.rs	RepairStrategy	high-level-operation-interface	-	clojure	Seqable; IReduceInit; Closeable; persistent values	missing	-	-	implement-high-level-operation-interface
lling-llang	src/layers/latex/repair.rs	RepairStrategy	high-level-operation-interface	-	csharp	IDisposable/using; IEnumerable/IDictionary; exceptions; interfaces	missing	-	-	implement-high-level-operation-interface
lling-llang	src/layers/latex/repair.rs	RepairStrategy	high-level-operation-interface	-	fsharp	use/use!; seq; Result; object expressions; interfaces	missing	-	-	implement-high-level-operation-interface
lling-llang	src/layers/latex/repair.rs	RepairStrategy	high-level-operation-interface	-	go	interfaces; iter.Seq; io.Closer; errors	missing	-	-	implement-high-level-operation-interface
lling-llang	src/layers/latex/repair.rs	RepairStrategy	high-level-operation-interface	-	javascript	Symbol.iterator; Symbol.dispose; Error; native/WASM/WASI runtime identity	missing	-	-	implement-high-level-operation-interface
lling-llang	src/layers/latex/repair.rs	RepairStrategy	high-level-operation-interface	-	typescript	structural interfaces; Iterable; Disposable; discriminated errors	missing	-	-	implement-high-level-operation-interface
lling-llang	src/layers/latex/repair.rs	RepairStrategy	high-level-operation-interface	-	clojurescript	ISeqable; IReduce; protocol dispatch; close!	missing	-	-	implement-high-level-operation-interface
lling-llang	src/layers/latex/repair.rs	RepairStrategy	high-level-operation-interface	-	swift	Sequence/Collection; protocols; throws; deterministic scoped ownership	missing	-	-	implement-high-level-operation-interface
lling-llang	src/layers/latex/repair.rs	RepairStrategy	high-level-operation-interface	-	ruby	Enumerable; blocks/ensure; exceptions; explicit close	missing	-	-	implement-high-level-operation-interface
lling-llang	src/layers/latex/repair.rs	RepairStrategy	high-level-operation-interface	-	fortran	modules; derived types; type-bound procedures; finalizers	missing	-	-	implement-high-level-operation-interface
lling-llang	src/layers/latex/repair.rs	RepairStrategy	high-level-operation-interface	-	ocaml	abstract types; Seq; result; Fun.protect	missing	-	-	implement-high-level-operation-interface
lling-llang	src/layers/latex/repair.rs	RepairStrategy	high-level-operation-interface	-	haskell	type classes; Foldable; bracket; Either	missing	-	-	implement-high-level-operation-interface
lling-llang	src/layers/latex/repair.rs	RepairStrategy	high-level-operation-interface	-	lua	generic-for iterators; __close; tables; error values	missing	-	-	implement-high-level-operation-interface
lling-llang	src/layers/latex/repair.rs	RepairStrategy	high-level-operation-interface	-	raku	NativeCall; Iterable/Positional/Associative; LEAVE; exceptions	missing	-	-	implement-high-level-operation-interface
lling-llang	src/layers/latex/repair.rs	RepairStrategy	high-level-operation-interface	-	julia	ccall; multiple dispatch; AbstractDict/AbstractSet; iteration; do blocks; deterministic close and finalizers; @cfunction interfaces	missing	-	-	implement-high-level-operation-interface
lling-llang	src/layers/rescoring/lm_rerank.rs	LanguageModel	high-level-operation-interface	-	rust	traits; IntoIterator/Iterator; Result; Drop	complete	full-native-trait-surface	["lling-llang:src/layers/rescoring/lm_rerank.rs"]	-
lling-llang	src/layers/rescoring/lm_rerank.rs	LanguageModel	high-level-operation-interface	-	c	opaque handles; status codes; bounded buffers; vtables	missing	-	-	implement-high-level-operation-interface
lling-llang	src/layers/rescoring/lm_rerank.rs	LanguageModel	high-level-operation-interface	-	cpp	RAII; ranges/iterators; move-only handles; typed errors	missing	-	-	implement-high-level-operation-interface
lling-llang	src/layers/rescoring/lm_rerank.rs	LanguageModel	high-level-operation-interface	-	python	context managers; iterators/collections; exceptions; protocols	missing	-	-	implement-high-level-operation-interface
lling-llang	src/layers/rescoring/lm_rerank.rs	LanguageModel	high-level-operation-interface	-	java	AutoCloseable/try-with-resources; Collection/Map; Stream/Spliterator; interfaces	missing	-	-	implement-high-level-operation-interface
lling-llang	src/layers/rescoring/lm_rerank.rs	LanguageModel	high-level-operation-interface	-	kotlin	use; Iterable/Map; Sequence; SAM interfaces	missing	-	-	implement-high-level-operation-interface
lling-llang	src/layers/rescoring/lm_rerank.rs	LanguageModel	high-level-operation-interface	-	scala	Using/AutoCloseable; Iterable; Iterator; type classes	missing	-	-	implement-high-level-operation-interface
lling-llang	src/layers/rescoring/lm_rerank.rs	LanguageModel	high-level-operation-interface	-	clojure	Seqable; IReduceInit; Closeable; persistent values	missing	-	-	implement-high-level-operation-interface
lling-llang	src/layers/rescoring/lm_rerank.rs	LanguageModel	high-level-operation-interface	-	csharp	IDisposable/using; IEnumerable/IDictionary; exceptions; interfaces	missing	-	-	implement-high-level-operation-interface
lling-llang	src/layers/rescoring/lm_rerank.rs	LanguageModel	high-level-operation-interface	-	fsharp	use/use!; seq; Result; object expressions; interfaces	missing	-	-	implement-high-level-operation-interface
lling-llang	src/layers/rescoring/lm_rerank.rs	LanguageModel	high-level-operation-interface	-	go	interfaces; iter.Seq; io.Closer; errors	missing	-	-	implement-high-level-operation-interface
lling-llang	src/layers/rescoring/lm_rerank.rs	LanguageModel	high-level-operation-interface	-	javascript	Symbol.iterator; Symbol.dispose; Error; native/WASM/WASI runtime identity	missing	-	-	implement-high-level-operation-interface
lling-llang	src/layers/rescoring/lm_rerank.rs	LanguageModel	high-level-operation-interface	-	typescript	structural interfaces; Iterable; Disposable; discriminated errors	missing	-	-	implement-high-level-operation-interface
lling-llang	src/layers/rescoring/lm_rerank.rs	LanguageModel	high-level-operation-interface	-	clojurescript	ISeqable; IReduce; protocol dispatch; close!	missing	-	-	implement-high-level-operation-interface
lling-llang	src/layers/rescoring/lm_rerank.rs	LanguageModel	high-level-operation-interface	-	swift	Sequence/Collection; protocols; throws; deterministic scoped ownership	missing	-	-	implement-high-level-operation-interface
lling-llang	src/layers/rescoring/lm_rerank.rs	LanguageModel	high-level-operation-interface	-	ruby	Enumerable; blocks/ensure; exceptions; explicit close	missing	-	-	implement-high-level-operation-interface
lling-llang	src/layers/rescoring/lm_rerank.rs	LanguageModel	high-level-operation-interface	-	fortran	modules; derived types; type-bound procedures; finalizers	missing	-	-	implement-high-level-operation-interface
lling-llang	src/layers/rescoring/lm_rerank.rs	LanguageModel	high-level-operation-interface	-	ocaml	abstract types; Seq; result; Fun.protect	missing	-	-	implement-high-level-operation-interface
lling-llang	src/layers/rescoring/lm_rerank.rs	LanguageModel	high-level-operation-interface	-	haskell	type classes; Foldable; bracket; Either	missing	-	-	implement-high-level-operation-interface
lling-llang	src/layers/rescoring/lm_rerank.rs	LanguageModel	high-level-operation-interface	-	lua	generic-for iterators; __close; tables; error values	missing	-	-	implement-high-level-operation-interface
lling-llang	src/layers/rescoring/lm_rerank.rs	LanguageModel	high-level-operation-interface	-	raku	NativeCall; Iterable/Positional/Associative; LEAVE; exceptions	missing	-	-	implement-high-level-operation-interface
lling-llang	src/layers/rescoring/lm_rerank.rs	LanguageModel	high-level-operation-interface	-	julia	ccall; multiple dispatch; AbstractDict/AbstractSet; iteration; do blocks; deterministic close and finalizers; @cfunction interfaces	missing	-	-	implement-high-level-operation-interface
lling-llang	src/layers/rescoring/phonetic_rescore.rs	PhoneticReference	high-level-operation-interface	-	rust	traits; IntoIterator/Iterator; Result; Drop	complete	full-native-trait-surface	["lling-llang:src/layers/rescoring/phonetic_rescore.rs"]	-
lling-llang	src/layers/rescoring/phonetic_rescore.rs	PhoneticReference	high-level-operation-interface	-	c	opaque handles; status codes; bounded buffers; vtables	missing	-	-	implement-high-level-operation-interface
lling-llang	src/layers/rescoring/phonetic_rescore.rs	PhoneticReference	high-level-operation-interface	-	cpp	RAII; ranges/iterators; move-only handles; typed errors	missing	-	-	implement-high-level-operation-interface
lling-llang	src/layers/rescoring/phonetic_rescore.rs	PhoneticReference	high-level-operation-interface	-	python	context managers; iterators/collections; exceptions; protocols	missing	-	-	implement-high-level-operation-interface
lling-llang	src/layers/rescoring/phonetic_rescore.rs	PhoneticReference	high-level-operation-interface	-	java	AutoCloseable/try-with-resources; Collection/Map; Stream/Spliterator; interfaces	missing	-	-	implement-high-level-operation-interface
lling-llang	src/layers/rescoring/phonetic_rescore.rs	PhoneticReference	high-level-operation-interface	-	kotlin	use; Iterable/Map; Sequence; SAM interfaces	missing	-	-	implement-high-level-operation-interface
lling-llang	src/layers/rescoring/phonetic_rescore.rs	PhoneticReference	high-level-operation-interface	-	scala	Using/AutoCloseable; Iterable; Iterator; type classes	missing	-	-	implement-high-level-operation-interface
lling-llang	src/layers/rescoring/phonetic_rescore.rs	PhoneticReference	high-level-operation-interface	-	clojure	Seqable; IReduceInit; Closeable; persistent values	missing	-	-	implement-high-level-operation-interface
lling-llang	src/layers/rescoring/phonetic_rescore.rs	PhoneticReference	high-level-operation-interface	-	csharp	IDisposable/using; IEnumerable/IDictionary; exceptions; interfaces	missing	-	-	implement-high-level-operation-interface
lling-llang	src/layers/rescoring/phonetic_rescore.rs	PhoneticReference	high-level-operation-interface	-	fsharp	use/use!; seq; Result; object expressions; interfaces	missing	-	-	implement-high-level-operation-interface
lling-llang	src/layers/rescoring/phonetic_rescore.rs	PhoneticReference	high-level-operation-interface	-	go	interfaces; iter.Seq; io.Closer; errors	missing	-	-	implement-high-level-operation-interface
lling-llang	src/layers/rescoring/phonetic_rescore.rs	PhoneticReference	high-level-operation-interface	-	javascript	Symbol.iterator; Symbol.dispose; Error; native/WASM/WASI runtime identity	missing	-	-	implement-high-level-operation-interface
lling-llang	src/layers/rescoring/phonetic_rescore.rs	PhoneticReference	high-level-operation-interface	-	typescript	structural interfaces; Iterable; Disposable; discriminated errors	missing	-	-	implement-high-level-operation-interface
lling-llang	src/layers/rescoring/phonetic_rescore.rs	PhoneticReference	high-level-operation-interface	-	clojurescript	ISeqable; IReduce; protocol dispatch; close!	missing	-	-	implement-high-level-operation-interface
lling-llang	src/layers/rescoring/phonetic_rescore.rs	PhoneticReference	high-level-operation-interface	-	swift	Sequence/Collection; protocols; throws; deterministic scoped ownership	missing	-	-	implement-high-level-operation-interface
lling-llang	src/layers/rescoring/phonetic_rescore.rs	PhoneticReference	high-level-operation-interface	-	ruby	Enumerable; blocks/ensure; exceptions; explicit close	missing	-	-	implement-high-level-operation-interface
lling-llang	src/layers/rescoring/phonetic_rescore.rs	PhoneticReference	high-level-operation-interface	-	fortran	modules; derived types; type-bound procedures; finalizers	missing	-	-	implement-high-level-operation-interface
lling-llang	src/layers/rescoring/phonetic_rescore.rs	PhoneticReference	high-level-operation-interface	-	ocaml	abstract types; Seq; result; Fun.protect	missing	-	-	implement-high-level-operation-interface
lling-llang	src/layers/rescoring/phonetic_rescore.rs	PhoneticReference	high-level-operation-interface	-	haskell	type classes; Foldable; bracket; Either	missing	-	-	implement-high-level-operation-interface
lling-llang	src/layers/rescoring/phonetic_rescore.rs	PhoneticReference	high-level-operation-interface	-	lua	generic-for iterators; __close; tables; error values	missing	-	-	implement-high-level-operation-interface
lling-llang	src/layers/rescoring/phonetic_rescore.rs	PhoneticReference	high-level-operation-interface	-	raku	NativeCall; Iterable/Positional/Associative; LEAVE; exceptions	missing	-	-	implement-high-level-operation-interface
lling-llang	src/layers/rescoring/phonetic_rescore.rs	PhoneticReference	high-level-operation-interface	-	julia	ccall; multiple dispatch; AbstractDict/AbstractSet; iteration; do blocks; deterministic close and finalizers; @cfunction interfaces	missing	-	-	implement-high-level-operation-interface
lling-llang	src/layers/syntactic/mettail_type.rs	TypeChecker	high-level-operation-interface	-	rust	traits; IntoIterator/Iterator; Result; Drop	complete	full-native-trait-surface	["lling-llang:src/layers/syntactic/mettail_type.rs"]	-
lling-llang	src/layers/syntactic/mettail_type.rs	TypeChecker	high-level-operation-interface	-	c	opaque handles; status codes; bounded buffers; vtables	missing	-	-	implement-high-level-operation-interface
lling-llang	src/layers/syntactic/mettail_type.rs	TypeChecker	high-level-operation-interface	-	cpp	RAII; ranges/iterators; move-only handles; typed errors	missing	-	-	implement-high-level-operation-interface
lling-llang	src/layers/syntactic/mettail_type.rs	TypeChecker	high-level-operation-interface	-	python	context managers; iterators/collections; exceptions; protocols	missing	-	-	implement-high-level-operation-interface
lling-llang	src/layers/syntactic/mettail_type.rs	TypeChecker	high-level-operation-interface	-	java	AutoCloseable/try-with-resources; Collection/Map; Stream/Spliterator; interfaces	missing	-	-	implement-high-level-operation-interface
lling-llang	src/layers/syntactic/mettail_type.rs	TypeChecker	high-level-operation-interface	-	kotlin	use; Iterable/Map; Sequence; SAM interfaces	missing	-	-	implement-high-level-operation-interface
lling-llang	src/layers/syntactic/mettail_type.rs	TypeChecker	high-level-operation-interface	-	scala	Using/AutoCloseable; Iterable; Iterator; type classes	missing	-	-	implement-high-level-operation-interface
lling-llang	src/layers/syntactic/mettail_type.rs	TypeChecker	high-level-operation-interface	-	clojure	Seqable; IReduceInit; Closeable; persistent values	missing	-	-	implement-high-level-operation-interface
lling-llang	src/layers/syntactic/mettail_type.rs	TypeChecker	high-level-operation-interface	-	csharp	IDisposable/using; IEnumerable/IDictionary; exceptions; interfaces	missing	-	-	implement-high-level-operation-interface
lling-llang	src/layers/syntactic/mettail_type.rs	TypeChecker	high-level-operation-interface	-	fsharp	use/use!; seq; Result; object expressions; interfaces	missing	-	-	implement-high-level-operation-interface
lling-llang	src/layers/syntactic/mettail_type.rs	TypeChecker	high-level-operation-interface	-	go	interfaces; iter.Seq; io.Closer; errors	missing	-	-	implement-high-level-operation-interface
lling-llang	src/layers/syntactic/mettail_type.rs	TypeChecker	high-level-operation-interface	-	javascript	Symbol.iterator; Symbol.dispose; Error; native/WASM/WASI runtime identity	missing	-	-	implement-high-level-operation-interface
lling-llang	src/layers/syntactic/mettail_type.rs	TypeChecker	high-level-operation-interface	-	typescript	structural interfaces; Iterable; Disposable; discriminated errors	missing	-	-	implement-high-level-operation-interface
lling-llang	src/layers/syntactic/mettail_type.rs	TypeChecker	high-level-operation-interface	-	clojurescript	ISeqable; IReduce; protocol dispatch; close!	missing	-	-	implement-high-level-operation-interface
lling-llang	src/layers/syntactic/mettail_type.rs	TypeChecker	high-level-operation-interface	-	swift	Sequence/Collection; protocols; throws; deterministic scoped ownership	missing	-	-	implement-high-level-operation-interface
lling-llang	src/layers/syntactic/mettail_type.rs	TypeChecker	high-level-operation-interface	-	ruby	Enumerable; blocks/ensure; exceptions; explicit close	missing	-	-	implement-high-level-operation-interface
lling-llang	src/layers/syntactic/mettail_type.rs	TypeChecker	high-level-operation-interface	-	fortran	modules; derived types; type-bound procedures; finalizers	missing	-	-	implement-high-level-operation-interface
lling-llang	src/layers/syntactic/mettail_type.rs	TypeChecker	high-level-operation-interface	-	ocaml	abstract types; Seq; result; Fun.protect	missing	-	-	implement-high-level-operation-interface
lling-llang	src/layers/syntactic/mettail_type.rs	TypeChecker	high-level-operation-interface	-	haskell	type classes; Foldable; bracket; Either	missing	-	-	implement-high-level-operation-interface
lling-llang	src/layers/syntactic/mettail_type.rs	TypeChecker	high-level-operation-interface	-	lua	generic-for iterators; __close; tables; error values	missing	-	-	implement-high-level-operation-interface
lling-llang	src/layers/syntactic/mettail_type.rs	TypeChecker	high-level-operation-interface	-	raku	NativeCall; Iterable/Positional/Associative; LEAVE; exceptions	missing	-	-	implement-high-level-operation-interface
lling-llang	src/layers/syntactic/mettail_type.rs	TypeChecker	high-level-operation-interface	-	julia	ccall; multiple dispatch; AbstractDict/AbstractSet; iteration; do blocks; deterministic close and finalizers; @cfunction interfaces	missing	-	-	implement-high-level-operation-interface
lling-llang	src/layers/syntactic/pos_tagging.rs	PosModel	high-level-operation-interface	-	rust	traits; IntoIterator/Iterator; Result; Drop	complete	full-native-trait-surface	["lling-llang:src/layers/syntactic/pos_tagging.rs"]	-
lling-llang	src/layers/syntactic/pos_tagging.rs	PosModel	high-level-operation-interface	-	c	opaque handles; status codes; bounded buffers; vtables	missing	-	-	implement-high-level-operation-interface
lling-llang	src/layers/syntactic/pos_tagging.rs	PosModel	high-level-operation-interface	-	cpp	RAII; ranges/iterators; move-only handles; typed errors	missing	-	-	implement-high-level-operation-interface
lling-llang	src/layers/syntactic/pos_tagging.rs	PosModel	high-level-operation-interface	-	python	context managers; iterators/collections; exceptions; protocols	missing	-	-	implement-high-level-operation-interface
lling-llang	src/layers/syntactic/pos_tagging.rs	PosModel	high-level-operation-interface	-	java	AutoCloseable/try-with-resources; Collection/Map; Stream/Spliterator; interfaces	missing	-	-	implement-high-level-operation-interface
lling-llang	src/layers/syntactic/pos_tagging.rs	PosModel	high-level-operation-interface	-	kotlin	use; Iterable/Map; Sequence; SAM interfaces	missing	-	-	implement-high-level-operation-interface
lling-llang	src/layers/syntactic/pos_tagging.rs	PosModel	high-level-operation-interface	-	scala	Using/AutoCloseable; Iterable; Iterator; type classes	missing	-	-	implement-high-level-operation-interface
lling-llang	src/layers/syntactic/pos_tagging.rs	PosModel	high-level-operation-interface	-	clojure	Seqable; IReduceInit; Closeable; persistent values	missing	-	-	implement-high-level-operation-interface
lling-llang	src/layers/syntactic/pos_tagging.rs	PosModel	high-level-operation-interface	-	csharp	IDisposable/using; IEnumerable/IDictionary; exceptions; interfaces	missing	-	-	implement-high-level-operation-interface
lling-llang	src/layers/syntactic/pos_tagging.rs	PosModel	high-level-operation-interface	-	fsharp	use/use!; seq; Result; object expressions; interfaces	missing	-	-	implement-high-level-operation-interface
lling-llang	src/layers/syntactic/pos_tagging.rs	PosModel	high-level-operation-interface	-	go	interfaces; iter.Seq; io.Closer; errors	missing	-	-	implement-high-level-operation-interface
lling-llang	src/layers/syntactic/pos_tagging.rs	PosModel	high-level-operation-interface	-	javascript	Symbol.iterator; Symbol.dispose; Error; native/WASM/WASI runtime identity	missing	-	-	implement-high-level-operation-interface
lling-llang	src/layers/syntactic/pos_tagging.rs	PosModel	high-level-operation-interface	-	typescript	structural interfaces; Iterable; Disposable; discriminated errors	missing	-	-	implement-high-level-operation-interface
lling-llang	src/layers/syntactic/pos_tagging.rs	PosModel	high-level-operation-interface	-	clojurescript	ISeqable; IReduce; protocol dispatch; close!	missing	-	-	implement-high-level-operation-interface
lling-llang	src/layers/syntactic/pos_tagging.rs	PosModel	high-level-operation-interface	-	swift	Sequence/Collection; protocols; throws; deterministic scoped ownership	missing	-	-	implement-high-level-operation-interface
lling-llang	src/layers/syntactic/pos_tagging.rs	PosModel	high-level-operation-interface	-	ruby	Enumerable; blocks/ensure; exceptions; explicit close	missing	-	-	implement-high-level-operation-interface
lling-llang	src/layers/syntactic/pos_tagging.rs	PosModel	high-level-operation-interface	-	fortran	modules; derived types; type-bound procedures; finalizers	missing	-	-	implement-high-level-operation-interface
lling-llang	src/layers/syntactic/pos_tagging.rs	PosModel	high-level-operation-interface	-	ocaml	abstract types; Seq; result; Fun.protect	missing	-	-	implement-high-level-operation-interface
lling-llang	src/layers/syntactic/pos_tagging.rs	PosModel	high-level-operation-interface	-	haskell	type classes; Foldable; bracket; Either	missing	-	-	implement-high-level-operation-interface
lling-llang	src/layers/syntactic/pos_tagging.rs	PosModel	high-level-operation-interface	-	lua	generic-for iterators; __close; tables; error values	missing	-	-	implement-high-level-operation-interface
lling-llang	src/layers/syntactic/pos_tagging.rs	PosModel	high-level-operation-interface	-	raku	NativeCall; Iterable/Positional/Associative; LEAVE; exceptions	missing	-	-	implement-high-level-operation-interface
lling-llang	src/layers/syntactic/pos_tagging.rs	PosModel	high-level-operation-interface	-	julia	ccall; multiple dispatch; AbstractDict/AbstractSet; iteration; do blocks; deterministic close and finalizers; @cfunction interfaces	missing	-	-	implement-high-level-operation-interface
lling-llang	src/layers/traits.rs	CorrectionLayer	high-level-operation-interface	-	rust	traits; IntoIterator/Iterator; Result; Drop	complete	full-native-trait-surface	["lling-llang:src/layers/traits.rs"]	-
lling-llang	src/layers/traits.rs	CorrectionLayer	high-level-operation-interface	-	c	opaque handles; status codes; bounded buffers; vtables	missing	-	-	implement-high-level-operation-interface
lling-llang	src/layers/traits.rs	CorrectionLayer	high-level-operation-interface	-	cpp	RAII; ranges/iterators; move-only handles; typed errors	missing	-	-	implement-high-level-operation-interface
lling-llang	src/layers/traits.rs	CorrectionLayer	high-level-operation-interface	-	python	context managers; iterators/collections; exceptions; protocols	missing	-	-	implement-high-level-operation-interface
lling-llang	src/layers/traits.rs	CorrectionLayer	high-level-operation-interface	-	java	AutoCloseable/try-with-resources; Collection/Map; Stream/Spliterator; interfaces	missing	-	-	implement-high-level-operation-interface
lling-llang	src/layers/traits.rs	CorrectionLayer	high-level-operation-interface	-	kotlin	use; Iterable/Map; Sequence; SAM interfaces	missing	-	-	implement-high-level-operation-interface
lling-llang	src/layers/traits.rs	CorrectionLayer	high-level-operation-interface	-	scala	Using/AutoCloseable; Iterable; Iterator; type classes	missing	-	-	implement-high-level-operation-interface
lling-llang	src/layers/traits.rs	CorrectionLayer	high-level-operation-interface	-	clojure	Seqable; IReduceInit; Closeable; persistent values	missing	-	-	implement-high-level-operation-interface
lling-llang	src/layers/traits.rs	CorrectionLayer	high-level-operation-interface	-	csharp	IDisposable/using; IEnumerable/IDictionary; exceptions; interfaces	missing	-	-	implement-high-level-operation-interface
lling-llang	src/layers/traits.rs	CorrectionLayer	high-level-operation-interface	-	fsharp	use/use!; seq; Result; object expressions; interfaces	missing	-	-	implement-high-level-operation-interface
lling-llang	src/layers/traits.rs	CorrectionLayer	high-level-operation-interface	-	go	interfaces; iter.Seq; io.Closer; errors	missing	-	-	implement-high-level-operation-interface
lling-llang	src/layers/traits.rs	CorrectionLayer	high-level-operation-interface	-	javascript	Symbol.iterator; Symbol.dispose; Error; native/WASM/WASI runtime identity	missing	-	-	implement-high-level-operation-interface
lling-llang	src/layers/traits.rs	CorrectionLayer	high-level-operation-interface	-	typescript	structural interfaces; Iterable; Disposable; discriminated errors	missing	-	-	implement-high-level-operation-interface
lling-llang	src/layers/traits.rs	CorrectionLayer	high-level-operation-interface	-	clojurescript	ISeqable; IReduce; protocol dispatch; close!	missing	-	-	implement-high-level-operation-interface
lling-llang	src/layers/traits.rs	CorrectionLayer	high-level-operation-interface	-	swift	Sequence/Collection; protocols; throws; deterministic scoped ownership	missing	-	-	implement-high-level-operation-interface
lling-llang	src/layers/traits.rs	CorrectionLayer	high-level-operation-interface	-	ruby	Enumerable; blocks/ensure; exceptions; explicit close	missing	-	-	implement-high-level-operation-interface
lling-llang	src/layers/traits.rs	CorrectionLayer	high-level-operation-interface	-	fortran	modules; derived types; type-bound procedures; finalizers	missing	-	-	implement-high-level-operation-interface
lling-llang	src/layers/traits.rs	CorrectionLayer	high-level-operation-interface	-	ocaml	abstract types; Seq; result; Fun.protect	missing	-	-	implement-high-level-operation-interface
lling-llang	src/layers/traits.rs	CorrectionLayer	high-level-operation-interface	-	haskell	type classes; Foldable; bracket; Either	missing	-	-	implement-high-level-operation-interface
lling-llang	src/layers/traits.rs	CorrectionLayer	high-level-operation-interface	-	lua	generic-for iterators; __close; tables; error values	missing	-	-	implement-high-level-operation-interface
lling-llang	src/layers/traits.rs	CorrectionLayer	high-level-operation-interface	-	raku	NativeCall; Iterable/Positional/Associative; LEAVE; exceptions	missing	-	-	implement-high-level-operation-interface
lling-llang	src/layers/traits.rs	CorrectionLayer	high-level-operation-interface	-	julia	ccall; multiple dispatch; AbstractDict/AbstractSet; iteration; do blocks; deterministic close and finalizers; @cfunction interfaces	missing	-	-	implement-high-level-operation-interface
lling-llang	src/llm/mod.rs	ConstrainedDecoder	high-level-operation-interface	-	rust	traits; IntoIterator/Iterator; Result; Drop	complete	full-native-trait-surface	["lling-llang:src/llm/mod.rs"]	-
lling-llang	src/llm/mod.rs	ConstrainedDecoder	high-level-operation-interface	-	c	opaque handles; status codes; bounded buffers; vtables	missing	-	-	implement-high-level-operation-interface
lling-llang	src/llm/mod.rs	ConstrainedDecoder	high-level-operation-interface	-	cpp	RAII; ranges/iterators; move-only handles; typed errors	missing	-	-	implement-high-level-operation-interface
lling-llang	src/llm/mod.rs	ConstrainedDecoder	high-level-operation-interface	-	python	context managers; iterators/collections; exceptions; protocols	missing	-	-	implement-high-level-operation-interface
lling-llang	src/llm/mod.rs	ConstrainedDecoder	high-level-operation-interface	-	java	AutoCloseable/try-with-resources; Collection/Map; Stream/Spliterator; interfaces	missing	-	-	implement-high-level-operation-interface
lling-llang	src/llm/mod.rs	ConstrainedDecoder	high-level-operation-interface	-	kotlin	use; Iterable/Map; Sequence; SAM interfaces	missing	-	-	implement-high-level-operation-interface
lling-llang	src/llm/mod.rs	ConstrainedDecoder	high-level-operation-interface	-	scala	Using/AutoCloseable; Iterable; Iterator; type classes	missing	-	-	implement-high-level-operation-interface
lling-llang	src/llm/mod.rs	ConstrainedDecoder	high-level-operation-interface	-	clojure	Seqable; IReduceInit; Closeable; persistent values	missing	-	-	implement-high-level-operation-interface
lling-llang	src/llm/mod.rs	ConstrainedDecoder	high-level-operation-interface	-	csharp	IDisposable/using; IEnumerable/IDictionary; exceptions; interfaces	missing	-	-	implement-high-level-operation-interface
lling-llang	src/llm/mod.rs	ConstrainedDecoder	high-level-operation-interface	-	fsharp	use/use!; seq; Result; object expressions; interfaces	missing	-	-	implement-high-level-operation-interface
lling-llang	src/llm/mod.rs	ConstrainedDecoder	high-level-operation-interface	-	go	interfaces; iter.Seq; io.Closer; errors	missing	-	-	implement-high-level-operation-interface
lling-llang	src/llm/mod.rs	ConstrainedDecoder	high-level-operation-interface	-	javascript	Symbol.iterator; Symbol.dispose; Error; native/WASM/WASI runtime identity	missing	-	-	implement-high-level-operation-interface
lling-llang	src/llm/mod.rs	ConstrainedDecoder	high-level-operation-interface	-	typescript	structural interfaces; Iterable; Disposable; discriminated errors	missing	-	-	implement-high-level-operation-interface
lling-llang	src/llm/mod.rs	ConstrainedDecoder	high-level-operation-interface	-	clojurescript	ISeqable; IReduce; protocol dispatch; close!	missing	-	-	implement-high-level-operation-interface
lling-llang	src/llm/mod.rs	ConstrainedDecoder	high-level-operation-interface	-	swift	Sequence/Collection; protocols; throws; deterministic scoped ownership	missing	-	-	implement-high-level-operation-interface
lling-llang	src/llm/mod.rs	ConstrainedDecoder	high-level-operation-interface	-	ruby	Enumerable; blocks/ensure; exceptions; explicit close	missing	-	-	implement-high-level-operation-interface
lling-llang	src/llm/mod.rs	ConstrainedDecoder	high-level-operation-interface	-	fortran	modules; derived types; type-bound procedures; finalizers	missing	-	-	implement-high-level-operation-interface
lling-llang	src/llm/mod.rs	ConstrainedDecoder	high-level-operation-interface	-	ocaml	abstract types; Seq; result; Fun.protect	missing	-	-	implement-high-level-operation-interface
lling-llang	src/llm/mod.rs	ConstrainedDecoder	high-level-operation-interface	-	haskell	type classes; Foldable; bracket; Either	missing	-	-	implement-high-level-operation-interface
lling-llang	src/llm/mod.rs	ConstrainedDecoder	high-level-operation-interface	-	lua	generic-for iterators; __close; tables; error values	missing	-	-	implement-high-level-operation-interface
lling-llang	src/llm/mod.rs	ConstrainedDecoder	high-level-operation-interface	-	raku	NativeCall; Iterable/Positional/Associative; LEAVE; exceptions	missing	-	-	implement-high-level-operation-interface
lling-llang	src/llm/mod.rs	ConstrainedDecoder	high-level-operation-interface	-	julia	ccall; multiple dispatch; AbstractDict/AbstractSet; iteration; do blocks; deterministic close and finalizers; @cfunction interfaces	missing	-	-	implement-high-level-operation-interface
lling-llang	src/multilingual/language.rs	LanguageModel	high-level-operation-interface	-	rust	traits; IntoIterator/Iterator; Result; Drop	complete	full-native-trait-surface	["lling-llang:src/multilingual/language.rs"]	-
lling-llang	src/multilingual/language.rs	LanguageModel	high-level-operation-interface	-	c	opaque handles; status codes; bounded buffers; vtables	missing	-	-	implement-high-level-operation-interface
lling-llang	src/multilingual/language.rs	LanguageModel	high-level-operation-interface	-	cpp	RAII; ranges/iterators; move-only handles; typed errors	missing	-	-	implement-high-level-operation-interface
lling-llang	src/multilingual/language.rs	LanguageModel	high-level-operation-interface	-	python	context managers; iterators/collections; exceptions; protocols	missing	-	-	implement-high-level-operation-interface
lling-llang	src/multilingual/language.rs	LanguageModel	high-level-operation-interface	-	java	AutoCloseable/try-with-resources; Collection/Map; Stream/Spliterator; interfaces	missing	-	-	implement-high-level-operation-interface
lling-llang	src/multilingual/language.rs	LanguageModel	high-level-operation-interface	-	kotlin	use; Iterable/Map; Sequence; SAM interfaces	missing	-	-	implement-high-level-operation-interface
lling-llang	src/multilingual/language.rs	LanguageModel	high-level-operation-interface	-	scala	Using/AutoCloseable; Iterable; Iterator; type classes	missing	-	-	implement-high-level-operation-interface
lling-llang	src/multilingual/language.rs	LanguageModel	high-level-operation-interface	-	clojure	Seqable; IReduceInit; Closeable; persistent values	missing	-	-	implement-high-level-operation-interface
lling-llang	src/multilingual/language.rs	LanguageModel	high-level-operation-interface	-	csharp	IDisposable/using; IEnumerable/IDictionary; exceptions; interfaces	missing	-	-	implement-high-level-operation-interface
lling-llang	src/multilingual/language.rs	LanguageModel	high-level-operation-interface	-	fsharp	use/use!; seq; Result; object expressions; interfaces	missing	-	-	implement-high-level-operation-interface
lling-llang	src/multilingual/language.rs	LanguageModel	high-level-operation-interface	-	go	interfaces; iter.Seq; io.Closer; errors	missing	-	-	implement-high-level-operation-interface
lling-llang	src/multilingual/language.rs	LanguageModel	high-level-operation-interface	-	javascript	Symbol.iterator; Symbol.dispose; Error; native/WASM/WASI runtime identity	missing	-	-	implement-high-level-operation-interface
lling-llang	src/multilingual/language.rs	LanguageModel	high-level-operation-interface	-	typescript	structural interfaces; Iterable; Disposable; discriminated errors	missing	-	-	implement-high-level-operation-interface
lling-llang	src/multilingual/language.rs	LanguageModel	high-level-operation-interface	-	clojurescript	ISeqable; IReduce; protocol dispatch; close!	missing	-	-	implement-high-level-operation-interface
lling-llang	src/multilingual/language.rs	LanguageModel	high-level-operation-interface	-	swift	Sequence/Collection; protocols; throws; deterministic scoped ownership	missing	-	-	implement-high-level-operation-interface
lling-llang	src/multilingual/language.rs	LanguageModel	high-level-operation-interface	-	ruby	Enumerable; blocks/ensure; exceptions; explicit close	missing	-	-	implement-high-level-operation-interface
lling-llang	src/multilingual/language.rs	LanguageModel	high-level-operation-interface	-	fortran	modules; derived types; type-bound procedures; finalizers	missing	-	-	implement-high-level-operation-interface
lling-llang	src/multilingual/language.rs	LanguageModel	high-level-operation-interface	-	ocaml	abstract types; Seq; result; Fun.protect	missing	-	-	implement-high-level-operation-interface
lling-llang	src/multilingual/language.rs	LanguageModel	high-level-operation-interface	-	haskell	type classes; Foldable; bracket; Either	missing	-	-	implement-high-level-operation-interface
lling-llang	src/multilingual/language.rs	LanguageModel	high-level-operation-interface	-	lua	generic-for iterators; __close; tables; error values	missing	-	-	implement-high-level-operation-interface
lling-llang	src/multilingual/language.rs	LanguageModel	high-level-operation-interface	-	raku	NativeCall; Iterable/Positional/Associative; LEAVE; exceptions	missing	-	-	implement-high-level-operation-interface
lling-llang	src/multilingual/language.rs	LanguageModel	high-level-operation-interface	-	julia	ccall; multiple dispatch; AbstractDict/AbstractSet; iteration; do blocks; deterministic close and finalizers; @cfunction interfaces	missing	-	-	implement-high-level-operation-interface
lling-llang	src/multitape/traits.rs	MultiTapeWfst	resource-cursor-protocol	-	rust	traits; IntoIterator/Iterator; Result; Drop	complete	full-native-trait-surface	["lling-llang:src/multitape/traits.rs"]	-
lling-llang	src/multitape/traits.rs	MultiTapeWfst	resource-cursor-protocol	-	c	opaque handles; status codes; bounded buffers; vtables	missing	-	-	implement-resource-cursor-protocol
lling-llang	src/multitape/traits.rs	MultiTapeWfst	resource-cursor-protocol	-	cpp	RAII; ranges/iterators; move-only handles; typed errors	missing	-	-	implement-resource-cursor-protocol
lling-llang	src/multitape/traits.rs	MultiTapeWfst	resource-cursor-protocol	-	python	context managers; iterators/collections; exceptions; protocols	missing	-	-	implement-resource-cursor-protocol
lling-llang	src/multitape/traits.rs	MultiTapeWfst	resource-cursor-protocol	-	java	AutoCloseable/try-with-resources; Collection/Map; Stream/Spliterator; interfaces	missing	-	-	implement-resource-cursor-protocol
lling-llang	src/multitape/traits.rs	MultiTapeWfst	resource-cursor-protocol	-	kotlin	use; Iterable/Map; Sequence; SAM interfaces	missing	-	-	implement-resource-cursor-protocol
lling-llang	src/multitape/traits.rs	MultiTapeWfst	resource-cursor-protocol	-	scala	Using/AutoCloseable; Iterable; Iterator; type classes	missing	-	-	implement-resource-cursor-protocol
lling-llang	src/multitape/traits.rs	MultiTapeWfst	resource-cursor-protocol	-	clojure	Seqable; IReduceInit; Closeable; persistent values	missing	-	-	implement-resource-cursor-protocol
lling-llang	src/multitape/traits.rs	MultiTapeWfst	resource-cursor-protocol	-	csharp	IDisposable/using; IEnumerable/IDictionary; exceptions; interfaces	missing	-	-	implement-resource-cursor-protocol
lling-llang	src/multitape/traits.rs	MultiTapeWfst	resource-cursor-protocol	-	fsharp	use/use!; seq; Result; object expressions; interfaces	missing	-	-	implement-resource-cursor-protocol
lling-llang	src/multitape/traits.rs	MultiTapeWfst	resource-cursor-protocol	-	go	interfaces; iter.Seq; io.Closer; errors	missing	-	-	implement-resource-cursor-protocol
lling-llang	src/multitape/traits.rs	MultiTapeWfst	resource-cursor-protocol	-	javascript	Symbol.iterator; Symbol.dispose; Error; native/WASM/WASI runtime identity	missing	-	-	implement-resource-cursor-protocol
lling-llang	src/multitape/traits.rs	MultiTapeWfst	resource-cursor-protocol	-	typescript	structural interfaces; Iterable; Disposable; discriminated errors	missing	-	-	implement-resource-cursor-protocol
lling-llang	src/multitape/traits.rs	MultiTapeWfst	resource-cursor-protocol	-	clojurescript	ISeqable; IReduce; protocol dispatch; close!	missing	-	-	implement-resource-cursor-protocol
lling-llang	src/multitape/traits.rs	MultiTapeWfst	resource-cursor-protocol	-	swift	Sequence/Collection; protocols; throws; deterministic scoped ownership	missing	-	-	implement-resource-cursor-protocol
lling-llang	src/multitape/traits.rs	MultiTapeWfst	resource-cursor-protocol	-	ruby	Enumerable; blocks/ensure; exceptions; explicit close	missing	-	-	implement-resource-cursor-protocol
lling-llang	src/multitape/traits.rs	MultiTapeWfst	resource-cursor-protocol	-	fortran	modules; derived types; type-bound procedures; finalizers	missing	-	-	implement-resource-cursor-protocol
lling-llang	src/multitape/traits.rs	MultiTapeWfst	resource-cursor-protocol	-	ocaml	abstract types; Seq; result; Fun.protect	missing	-	-	implement-resource-cursor-protocol
lling-llang	src/multitape/traits.rs	MultiTapeWfst	resource-cursor-protocol	-	haskell	type classes; Foldable; bracket; Either	missing	-	-	implement-resource-cursor-protocol
lling-llang	src/multitape/traits.rs	MultiTapeWfst	resource-cursor-protocol	-	lua	generic-for iterators; __close; tables; error values	missing	-	-	implement-resource-cursor-protocol
lling-llang	src/multitape/traits.rs	MultiTapeWfst	resource-cursor-protocol	-	raku	NativeCall; Iterable/Positional/Associative; LEAVE; exceptions	missing	-	-	implement-resource-cursor-protocol
lling-llang	src/multitape/traits.rs	MultiTapeWfst	resource-cursor-protocol	-	julia	ccall; multiple dispatch; AbstractDict/AbstractSet; iteration; do blocks; deterministic close and finalizers; @cfunction interfaces	missing	-	-	implement-resource-cursor-protocol
lling-llang	src/multitape/traits.rs	MultiTapeWfstOps	derived-adapter	-	rust	traits; IntoIterator/Iterator; Result; Drop	complete	full-native-trait-surface	["lling-llang:src/multitape/traits.rs"]	-
lling-llang	src/multitape/traits.rs	MultiTapeWfstOps	derived-adapter	-	c	opaque handles; status codes; bounded buffers; vtables	missing	-	-	implement-derived-adapter
lling-llang	src/multitape/traits.rs	MultiTapeWfstOps	derived-adapter	-	cpp	RAII; ranges/iterators; move-only handles; typed errors	missing	-	-	implement-derived-adapter
lling-llang	src/multitape/traits.rs	MultiTapeWfstOps	derived-adapter	-	python	context managers; iterators/collections; exceptions; protocols	missing	-	-	implement-derived-adapter
lling-llang	src/multitape/traits.rs	MultiTapeWfstOps	derived-adapter	-	java	AutoCloseable/try-with-resources; Collection/Map; Stream/Spliterator; interfaces	missing	-	-	implement-derived-adapter
lling-llang	src/multitape/traits.rs	MultiTapeWfstOps	derived-adapter	-	kotlin	use; Iterable/Map; Sequence; SAM interfaces	missing	-	-	implement-derived-adapter
lling-llang	src/multitape/traits.rs	MultiTapeWfstOps	derived-adapter	-	scala	Using/AutoCloseable; Iterable; Iterator; type classes	missing	-	-	implement-derived-adapter
lling-llang	src/multitape/traits.rs	MultiTapeWfstOps	derived-adapter	-	clojure	Seqable; IReduceInit; Closeable; persistent values	missing	-	-	implement-derived-adapter
lling-llang	src/multitape/traits.rs	MultiTapeWfstOps	derived-adapter	-	csharp	IDisposable/using; IEnumerable/IDictionary; exceptions; interfaces	missing	-	-	implement-derived-adapter
lling-llang	src/multitape/traits.rs	MultiTapeWfstOps	derived-adapter	-	fsharp	use/use!; seq; Result; object expressions; interfaces	missing	-	-	implement-derived-adapter
lling-llang	src/multitape/traits.rs	MultiTapeWfstOps	derived-adapter	-	go	interfaces; iter.Seq; io.Closer; errors	missing	-	-	implement-derived-adapter
lling-llang	src/multitape/traits.rs	MultiTapeWfstOps	derived-adapter	-	javascript	Symbol.iterator; Symbol.dispose; Error; native/WASM/WASI runtime identity	missing	-	-	implement-derived-adapter
lling-llang	src/multitape/traits.rs	MultiTapeWfstOps	derived-adapter	-	typescript	structural interfaces; Iterable; Disposable; discriminated errors	missing	-	-	implement-derived-adapter
lling-llang	src/multitape/traits.rs	MultiTapeWfstOps	derived-adapter	-	clojurescript	ISeqable; IReduce; protocol dispatch; close!	missing	-	-	implement-derived-adapter
lling-llang	src/multitape/traits.rs	MultiTapeWfstOps	derived-adapter	-	swift	Sequence/Collection; protocols; throws; deterministic scoped ownership	missing	-	-	implement-derived-adapter
lling-llang	src/multitape/traits.rs	MultiTapeWfstOps	derived-adapter	-	ruby	Enumerable; blocks/ensure; exceptions; explicit close	missing	-	-	implement-derived-adapter
lling-llang	src/multitape/traits.rs	MultiTapeWfstOps	derived-adapter	-	fortran	modules; derived types; type-bound procedures; finalizers	missing	-	-	implement-derived-adapter
lling-llang	src/multitape/traits.rs	MultiTapeWfstOps	derived-adapter	-	ocaml	abstract types; Seq; result; Fun.protect	missing	-	-	implement-derived-adapter
lling-llang	src/multitape/traits.rs	MultiTapeWfstOps	derived-adapter	-	haskell	type classes; Foldable; bracket; Either	missing	-	-	implement-derived-adapter
lling-llang	src/multitape/traits.rs	MultiTapeWfstOps	derived-adapter	-	lua	generic-for iterators; __close; tables; error values	missing	-	-	implement-derived-adapter
lling-llang	src/multitape/traits.rs	MultiTapeWfstOps	derived-adapter	-	raku	NativeCall; Iterable/Positional/Associative; LEAVE; exceptions	missing	-	-	implement-derived-adapter
lling-llang	src/multitape/traits.rs	MultiTapeWfstOps	derived-adapter	-	julia	ccall; multiple dispatch; AbstractDict/AbstractSet; iteration; do blocks; deterministic close and finalizers; @cfunction interfaces	missing	-	-	implement-derived-adapter
lling-llang	src/programming/traits.rs	ParserBackend	high-level-operation-interface	-	rust	traits; IntoIterator/Iterator; Result; Drop	complete	full-native-trait-surface	["lling-llang:src/programming/traits.rs"]	-
lling-llang	src/programming/traits.rs	ParserBackend	high-level-operation-interface	-	c	opaque handles; status codes; bounded buffers; vtables	missing	-	-	implement-high-level-operation-interface
lling-llang	src/programming/traits.rs	ParserBackend	high-level-operation-interface	-	cpp	RAII; ranges/iterators; move-only handles; typed errors	missing	-	-	implement-high-level-operation-interface
lling-llang	src/programming/traits.rs	ParserBackend	high-level-operation-interface	-	python	context managers; iterators/collections; exceptions; protocols	missing	-	-	implement-high-level-operation-interface
lling-llang	src/programming/traits.rs	ParserBackend	high-level-operation-interface	-	java	AutoCloseable/try-with-resources; Collection/Map; Stream/Spliterator; interfaces	missing	-	-	implement-high-level-operation-interface
lling-llang	src/programming/traits.rs	ParserBackend	high-level-operation-interface	-	kotlin	use; Iterable/Map; Sequence; SAM interfaces	missing	-	-	implement-high-level-operation-interface
lling-llang	src/programming/traits.rs	ParserBackend	high-level-operation-interface	-	scala	Using/AutoCloseable; Iterable; Iterator; type classes	missing	-	-	implement-high-level-operation-interface
lling-llang	src/programming/traits.rs	ParserBackend	high-level-operation-interface	-	clojure	Seqable; IReduceInit; Closeable; persistent values	missing	-	-	implement-high-level-operation-interface
lling-llang	src/programming/traits.rs	ParserBackend	high-level-operation-interface	-	csharp	IDisposable/using; IEnumerable/IDictionary; exceptions; interfaces	missing	-	-	implement-high-level-operation-interface
lling-llang	src/programming/traits.rs	ParserBackend	high-level-operation-interface	-	fsharp	use/use!; seq; Result; object expressions; interfaces	missing	-	-	implement-high-level-operation-interface
lling-llang	src/programming/traits.rs	ParserBackend	high-level-operation-interface	-	go	interfaces; iter.Seq; io.Closer; errors	missing	-	-	implement-high-level-operation-interface
lling-llang	src/programming/traits.rs	ParserBackend	high-level-operation-interface	-	javascript	Symbol.iterator; Symbol.dispose; Error; native/WASM/WASI runtime identity	missing	-	-	implement-high-level-operation-interface
lling-llang	src/programming/traits.rs	ParserBackend	high-level-operation-interface	-	typescript	structural interfaces; Iterable; Disposable; discriminated errors	missing	-	-	implement-high-level-operation-interface
lling-llang	src/programming/traits.rs	ParserBackend	high-level-operation-interface	-	clojurescript	ISeqable; IReduce; protocol dispatch; close!	missing	-	-	implement-high-level-operation-interface
lling-llang	src/programming/traits.rs	ParserBackend	high-level-operation-interface	-	swift	Sequence/Collection; protocols; throws; deterministic scoped ownership	missing	-	-	implement-high-level-operation-interface
lling-llang	src/programming/traits.rs	ParserBackend	high-level-operation-interface	-	ruby	Enumerable; blocks/ensure; exceptions; explicit close	missing	-	-	implement-high-level-operation-interface
lling-llang	src/programming/traits.rs	ParserBackend	high-level-operation-interface	-	fortran	modules; derived types; type-bound procedures; finalizers	missing	-	-	implement-high-level-operation-interface
lling-llang	src/programming/traits.rs	ParserBackend	high-level-operation-interface	-	ocaml	abstract types; Seq; result; Fun.protect	missing	-	-	implement-high-level-operation-interface
lling-llang	src/programming/traits.rs	ParserBackend	high-level-operation-interface	-	haskell	type classes; Foldable; bracket; Either	missing	-	-	implement-high-level-operation-interface
lling-llang	src/programming/traits.rs	ParserBackend	high-level-operation-interface	-	lua	generic-for iterators; __close; tables; error values	missing	-	-	implement-high-level-operation-interface
lling-llang	src/programming/traits.rs	ParserBackend	high-level-operation-interface	-	raku	NativeCall; Iterable/Positional/Associative; LEAVE; exceptions	missing	-	-	implement-high-level-operation-interface
lling-llang	src/programming/traits.rs	ParserBackend	high-level-operation-interface	-	julia	ccall; multiple dispatch; AbstractDict/AbstractSet; iteration; do blocks; deterministic close and finalizers; @cfunction interfaces	missing	-	-	implement-high-level-operation-interface
lling-llang	src/programming/traits.rs	SyntaxNodeRef	resource-cursor-protocol	-	rust	traits; IntoIterator/Iterator; Result; Drop	complete	full-native-trait-surface	["lling-llang:src/programming/traits.rs"]	-
lling-llang	src/programming/traits.rs	SyntaxNodeRef	resource-cursor-protocol	-	c	opaque handles; status codes; bounded buffers; vtables	missing	-	-	implement-resource-cursor-protocol
lling-llang	src/programming/traits.rs	SyntaxNodeRef	resource-cursor-protocol	-	cpp	RAII; ranges/iterators; move-only handles; typed errors	missing	-	-	implement-resource-cursor-protocol
lling-llang	src/programming/traits.rs	SyntaxNodeRef	resource-cursor-protocol	-	python	context managers; iterators/collections; exceptions; protocols	missing	-	-	implement-resource-cursor-protocol
lling-llang	src/programming/traits.rs	SyntaxNodeRef	resource-cursor-protocol	-	java	AutoCloseable/try-with-resources; Collection/Map; Stream/Spliterator; interfaces	missing	-	-	implement-resource-cursor-protocol
lling-llang	src/programming/traits.rs	SyntaxNodeRef	resource-cursor-protocol	-	kotlin	use; Iterable/Map; Sequence; SAM interfaces	missing	-	-	implement-resource-cursor-protocol
lling-llang	src/programming/traits.rs	SyntaxNodeRef	resource-cursor-protocol	-	scala	Using/AutoCloseable; Iterable; Iterator; type classes	missing	-	-	implement-resource-cursor-protocol
lling-llang	src/programming/traits.rs	SyntaxNodeRef	resource-cursor-protocol	-	clojure	Seqable; IReduceInit; Closeable; persistent values	missing	-	-	implement-resource-cursor-protocol
lling-llang	src/programming/traits.rs	SyntaxNodeRef	resource-cursor-protocol	-	csharp	IDisposable/using; IEnumerable/IDictionary; exceptions; interfaces	missing	-	-	implement-resource-cursor-protocol
lling-llang	src/programming/traits.rs	SyntaxNodeRef	resource-cursor-protocol	-	fsharp	use/use!; seq; Result; object expressions; interfaces	missing	-	-	implement-resource-cursor-protocol
lling-llang	src/programming/traits.rs	SyntaxNodeRef	resource-cursor-protocol	-	go	interfaces; iter.Seq; io.Closer; errors	missing	-	-	implement-resource-cursor-protocol
lling-llang	src/programming/traits.rs	SyntaxNodeRef	resource-cursor-protocol	-	javascript	Symbol.iterator; Symbol.dispose; Error; native/WASM/WASI runtime identity	missing	-	-	implement-resource-cursor-protocol
lling-llang	src/programming/traits.rs	SyntaxNodeRef	resource-cursor-protocol	-	typescript	structural interfaces; Iterable; Disposable; discriminated errors	missing	-	-	implement-resource-cursor-protocol
lling-llang	src/programming/traits.rs	SyntaxNodeRef	resource-cursor-protocol	-	clojurescript	ISeqable; IReduce; protocol dispatch; close!	missing	-	-	implement-resource-cursor-protocol
lling-llang	src/programming/traits.rs	SyntaxNodeRef	resource-cursor-protocol	-	swift	Sequence/Collection; protocols; throws; deterministic scoped ownership	missing	-	-	implement-resource-cursor-protocol
lling-llang	src/programming/traits.rs	SyntaxNodeRef	resource-cursor-protocol	-	ruby	Enumerable; blocks/ensure; exceptions; explicit close	missing	-	-	implement-resource-cursor-protocol
lling-llang	src/programming/traits.rs	SyntaxNodeRef	resource-cursor-protocol	-	fortran	modules; derived types; type-bound procedures; finalizers	missing	-	-	implement-resource-cursor-protocol
lling-llang	src/programming/traits.rs	SyntaxNodeRef	resource-cursor-protocol	-	ocaml	abstract types; Seq; result; Fun.protect	missing	-	-	implement-resource-cursor-protocol
lling-llang	src/programming/traits.rs	SyntaxNodeRef	resource-cursor-protocol	-	haskell	type classes; Foldable; bracket; Either	missing	-	-	implement-resource-cursor-protocol
lling-llang	src/programming/traits.rs	SyntaxNodeRef	resource-cursor-protocol	-	lua	generic-for iterators; __close; tables; error values	missing	-	-	implement-resource-cursor-protocol
lling-llang	src/programming/traits.rs	SyntaxNodeRef	resource-cursor-protocol	-	raku	NativeCall; Iterable/Positional/Associative; LEAVE; exceptions	missing	-	-	implement-resource-cursor-protocol
lling-llang	src/programming/traits.rs	SyntaxNodeRef	resource-cursor-protocol	-	julia	ccall; multiple dispatch; AbstractDict/AbstractSet; iteration; do blocks; deterministic close and finalizers; @cfunction interfaces	missing	-	-	implement-resource-cursor-protocol
lling-llang	src/pushdown/traits.rs	WeightedPda	resource-cursor-protocol	-	rust	traits; IntoIterator/Iterator; Result; Drop	complete	full-native-trait-surface	["lling-llang:src/pushdown/traits.rs"]	-
lling-llang	src/pushdown/traits.rs	WeightedPda	resource-cursor-protocol	-	c	opaque handles; status codes; bounded buffers; vtables	missing	-	-	implement-resource-cursor-protocol
lling-llang	src/pushdown/traits.rs	WeightedPda	resource-cursor-protocol	-	cpp	RAII; ranges/iterators; move-only handles; typed errors	missing	-	-	implement-resource-cursor-protocol
lling-llang	src/pushdown/traits.rs	WeightedPda	resource-cursor-protocol	-	python	context managers; iterators/collections; exceptions; protocols	missing	-	-	implement-resource-cursor-protocol
lling-llang	src/pushdown/traits.rs	WeightedPda	resource-cursor-protocol	-	java	AutoCloseable/try-with-resources; Collection/Map; Stream/Spliterator; interfaces	missing	-	-	implement-resource-cursor-protocol
lling-llang	src/pushdown/traits.rs	WeightedPda	resource-cursor-protocol	-	kotlin	use; Iterable/Map; Sequence; SAM interfaces	missing	-	-	implement-resource-cursor-protocol
lling-llang	src/pushdown/traits.rs	WeightedPda	resource-cursor-protocol	-	scala	Using/AutoCloseable; Iterable; Iterator; type classes	missing	-	-	implement-resource-cursor-protocol
lling-llang	src/pushdown/traits.rs	WeightedPda	resource-cursor-protocol	-	clojure	Seqable; IReduceInit; Closeable; persistent values	missing	-	-	implement-resource-cursor-protocol
lling-llang	src/pushdown/traits.rs	WeightedPda	resource-cursor-protocol	-	csharp	IDisposable/using; IEnumerable/IDictionary; exceptions; interfaces	missing	-	-	implement-resource-cursor-protocol
lling-llang	src/pushdown/traits.rs	WeightedPda	resource-cursor-protocol	-	fsharp	use/use!; seq; Result; object expressions; interfaces	missing	-	-	implement-resource-cursor-protocol
lling-llang	src/pushdown/traits.rs	WeightedPda	resource-cursor-protocol	-	go	interfaces; iter.Seq; io.Closer; errors	missing	-	-	implement-resource-cursor-protocol
lling-llang	src/pushdown/traits.rs	WeightedPda	resource-cursor-protocol	-	javascript	Symbol.iterator; Symbol.dispose; Error; native/WASM/WASI runtime identity	missing	-	-	implement-resource-cursor-protocol
lling-llang	src/pushdown/traits.rs	WeightedPda	resource-cursor-protocol	-	typescript	structural interfaces; Iterable; Disposable; discriminated errors	missing	-	-	implement-resource-cursor-protocol
lling-llang	src/pushdown/traits.rs	WeightedPda	resource-cursor-protocol	-	clojurescript	ISeqable; IReduce; protocol dispatch; close!	missing	-	-	implement-resource-cursor-protocol
lling-llang	src/pushdown/traits.rs	WeightedPda	resource-cursor-protocol	-	swift	Sequence/Collection; protocols; throws; deterministic scoped ownership	missing	-	-	implement-resource-cursor-protocol
lling-llang	src/pushdown/traits.rs	WeightedPda	resource-cursor-protocol	-	ruby	Enumerable; blocks/ensure; exceptions; explicit close	missing	-	-	implement-resource-cursor-protocol
lling-llang	src/pushdown/traits.rs	WeightedPda	resource-cursor-protocol	-	fortran	modules; derived types; type-bound procedures; finalizers	missing	-	-	implement-resource-cursor-protocol
lling-llang	src/pushdown/traits.rs	WeightedPda	resource-cursor-protocol	-	ocaml	abstract types; Seq; result; Fun.protect	missing	-	-	implement-resource-cursor-protocol
lling-llang	src/pushdown/traits.rs	WeightedPda	resource-cursor-protocol	-	haskell	type classes; Foldable; bracket; Either	missing	-	-	implement-resource-cursor-protocol
lling-llang	src/pushdown/traits.rs	WeightedPda	resource-cursor-protocol	-	lua	generic-for iterators; __close; tables; error values	missing	-	-	implement-resource-cursor-protocol
lling-llang	src/pushdown/traits.rs	WeightedPda	resource-cursor-protocol	-	raku	NativeCall; Iterable/Positional/Associative; LEAVE; exceptions	missing	-	-	implement-resource-cursor-protocol
lling-llang	src/pushdown/traits.rs	WeightedPda	resource-cursor-protocol	-	julia	ccall; multiple dispatch; AbstractDict/AbstractSet; iteration; do blocks; deterministic close and finalizers; @cfunction interfaces	missing	-	-	implement-resource-cursor-protocol
lling-llang	src/semiring/signed/signed_tropical.rs	FallibleStarSemiring	direct-capability-vtable	VtSemiringStarVTable	rust	traits; IntoIterator/Iterator; Result; Drop	complete	full-native-trait-surface	["lling-llang:src/semiring/signed/signed_tropical.rs"]	-
lling-llang	src/semiring/signed/signed_tropical.rs	FallibleStarSemiring	direct-capability-vtable	VtSemiringStarVTable	c	opaque handles; status codes; bounded buffers; vtables	complete	full-modeled-provider-surface	["vinary-tree-interop:include/vinary_tree_interop.h"]	-
lling-llang	src/semiring/signed/signed_tropical.rs	FallibleStarSemiring	direct-capability-vtable	VtSemiringStarVTable	cpp	RAII; ranges/iterators; move-only handles; typed errors	complete	full-modeled-provider-surface	["vinary-tree-interop:include/vinary_tree/interop.hpp","vinary-tree-interop:tests/cpp/providers.cpp"]	-
lling-llang	src/semiring/signed/signed_tropical.rs	FallibleStarSemiring	direct-capability-vtable	VtSemiringStarVTable	python	context managers; iterators/collections; exceptions; protocols	missing	-	-	implement-direct-capability-vtable
lling-llang	src/semiring/signed/signed_tropical.rs	FallibleStarSemiring	direct-capability-vtable	VtSemiringStarVTable	java	AutoCloseable/try-with-resources; Collection/Map; Stream/Spliterator; interfaces	missing	-	-	implement-direct-capability-vtable
lling-llang	src/semiring/signed/signed_tropical.rs	FallibleStarSemiring	direct-capability-vtable	VtSemiringStarVTable	kotlin	use; Iterable/Map; Sequence; SAM interfaces	missing	-	-	implement-direct-capability-vtable
lling-llang	src/semiring/signed/signed_tropical.rs	FallibleStarSemiring	direct-capability-vtable	VtSemiringStarVTable	scala	Using/AutoCloseable; Iterable; Iterator; type classes	missing	-	-	implement-direct-capability-vtable
lling-llang	src/semiring/signed/signed_tropical.rs	FallibleStarSemiring	direct-capability-vtable	VtSemiringStarVTable	clojure	Seqable; IReduceInit; Closeable; persistent values	missing	-	-	implement-direct-capability-vtable
lling-llang	src/semiring/signed/signed_tropical.rs	FallibleStarSemiring	direct-capability-vtable	VtSemiringStarVTable	csharp	IDisposable/using; IEnumerable/IDictionary; exceptions; interfaces	complete	full-modeled-provider-surface	["vinary-tree-interop:bindings/dotnet/src/VinaryTree.Interop/SemiringProviders.cs","vinary-tree-interop:bindings/dotnet/tests/VinaryTree.Interop.ProviderTests/Program.cs"]	-
lling-llang	src/semiring/signed/signed_tropical.rs	FallibleStarSemiring	direct-capability-vtable	VtSemiringStarVTable	fsharp	use/use!; seq; Result; object expressions; interfaces	complete	full-modeled-provider-surface	["vinary-tree-interop:bindings/dotnet/src/VinaryTree.Interop/SemiringProviders.cs","vinary-tree-interop:bindings/dotnet/tests/VinaryTree.Interop.FSharpProviders/Program.fs"]	-
lling-llang	src/semiring/signed/signed_tropical.rs	FallibleStarSemiring	direct-capability-vtable	VtSemiringStarVTable	go	interfaces; iter.Seq; io.Closer; errors	missing	-	-	implement-direct-capability-vtable
lling-llang	src/semiring/signed/signed_tropical.rs	FallibleStarSemiring	direct-capability-vtable	VtSemiringStarVTable	javascript	Symbol.iterator; Symbol.dispose; Error; native/WASM/WASI runtime identity	missing	-	-	implement-direct-capability-vtable
lling-llang	src/semiring/signed/signed_tropical.rs	FallibleStarSemiring	direct-capability-vtable	VtSemiringStarVTable	typescript	structural interfaces; Iterable; Disposable; discriminated errors	missing	-	-	implement-direct-capability-vtable
lling-llang	src/semiring/signed/signed_tropical.rs	FallibleStarSemiring	direct-capability-vtable	VtSemiringStarVTable	clojurescript	ISeqable; IReduce; protocol dispatch; close!	missing	-	-	implement-direct-capability-vtable
lling-llang	src/semiring/signed/signed_tropical.rs	FallibleStarSemiring	direct-capability-vtable	VtSemiringStarVTable	swift	Sequence/Collection; protocols; throws; deterministic scoped ownership	missing	-	-	implement-direct-capability-vtable
lling-llang	src/semiring/signed/signed_tropical.rs	FallibleStarSemiring	direct-capability-vtable	VtSemiringStarVTable	ruby	Enumerable; blocks/ensure; exceptions; explicit close	missing	-	-	implement-direct-capability-vtable
lling-llang	src/semiring/signed/signed_tropical.rs	FallibleStarSemiring	direct-capability-vtable	VtSemiringStarVTable	fortran	modules; derived types; type-bound procedures; finalizers	missing	-	-	implement-direct-capability-vtable
lling-llang	src/semiring/signed/signed_tropical.rs	FallibleStarSemiring	direct-capability-vtable	VtSemiringStarVTable	ocaml	abstract types; Seq; result; Fun.protect	missing	-	-	implement-direct-capability-vtable
lling-llang	src/semiring/signed/signed_tropical.rs	FallibleStarSemiring	direct-capability-vtable	VtSemiringStarVTable	haskell	type classes; Foldable; bracket; Either	missing	-	-	implement-direct-capability-vtable
lling-llang	src/semiring/signed/signed_tropical.rs	FallibleStarSemiring	direct-capability-vtable	VtSemiringStarVTable	lua	generic-for iterators; __close; tables; error values	missing	-	-	implement-direct-capability-vtable
lling-llang	src/semiring/signed/signed_tropical.rs	FallibleStarSemiring	direct-capability-vtable	VtSemiringStarVTable	raku	NativeCall; Iterable/Positional/Associative; LEAVE; exceptions	complete	full-modeled-provider-surface	["lling-llang:bindings/raku/lib/Lling/Llang.rakumod","lling-llang:bindings/raku/t/01-conformance.rakutest"]	-
lling-llang	src/semiring/signed/signed_tropical.rs	FallibleStarSemiring	direct-capability-vtable	VtSemiringStarVTable	julia	ccall; multiple dispatch; AbstractDict/AbstractSet; iteration; do blocks; deterministic close and finalizers; @cfunction interfaces	complete	full-modeled-provider-surface	["lling-llang:bindings/julia/LlingLlang/src/LlingLlang.jl","lling-llang:bindings/julia/LlingLlang/test/runtests.jl"]	-
lling-llang	src/semiring/traits.rs	CommutativeTimesSemiring	declared-law-marker	VT_SEMIRING_PROPERTY_COMMUTATIVE_TIMES	rust	traits; IntoIterator/Iterator; Result; Drop	complete	full-native-trait-surface	["lling-llang:src/semiring/traits.rs"]	-
lling-llang	src/semiring/traits.rs	CommutativeTimesSemiring	declared-law-marker	VT_SEMIRING_PROPERTY_COMMUTATIVE_TIMES	c	opaque handles; status codes; bounded buffers; vtables	complete	full-modeled-provider-surface	["vinary-tree-interop:include/vinary_tree_interop.h"]	-
lling-llang	src/semiring/traits.rs	CommutativeTimesSemiring	declared-law-marker	VT_SEMIRING_PROPERTY_COMMUTATIVE_TIMES	cpp	RAII; ranges/iterators; move-only handles; typed errors	complete	full-modeled-provider-surface	["vinary-tree-interop:include/vinary_tree/interop.hpp","vinary-tree-interop:tests/cpp/providers.cpp"]	-
lling-llang	src/semiring/traits.rs	CommutativeTimesSemiring	declared-law-marker	VT_SEMIRING_PROPERTY_COMMUTATIVE_TIMES	python	context managers; iterators/collections; exceptions; protocols	missing	-	-	implement-declared-law-marker
lling-llang	src/semiring/traits.rs	CommutativeTimesSemiring	declared-law-marker	VT_SEMIRING_PROPERTY_COMMUTATIVE_TIMES	java	AutoCloseable/try-with-resources; Collection/Map; Stream/Spliterator; interfaces	missing	-	-	implement-declared-law-marker
lling-llang	src/semiring/traits.rs	CommutativeTimesSemiring	declared-law-marker	VT_SEMIRING_PROPERTY_COMMUTATIVE_TIMES	kotlin	use; Iterable/Map; Sequence; SAM interfaces	missing	-	-	implement-declared-law-marker
lling-llang	src/semiring/traits.rs	CommutativeTimesSemiring	declared-law-marker	VT_SEMIRING_PROPERTY_COMMUTATIVE_TIMES	scala	Using/AutoCloseable; Iterable; Iterator; type classes	missing	-	-	implement-declared-law-marker
lling-llang	src/semiring/traits.rs	CommutativeTimesSemiring	declared-law-marker	VT_SEMIRING_PROPERTY_COMMUTATIVE_TIMES	clojure	Seqable; IReduceInit; Closeable; persistent values	missing	-	-	implement-declared-law-marker
lling-llang	src/semiring/traits.rs	CommutativeTimesSemiring	declared-law-marker	VT_SEMIRING_PROPERTY_COMMUTATIVE_TIMES	csharp	IDisposable/using; IEnumerable/IDictionary; exceptions; interfaces	complete	full-modeled-provider-surface	["vinary-tree-interop:bindings/dotnet/src/VinaryTree.Interop/SemiringProviders.cs","vinary-tree-interop:bindings/dotnet/tests/VinaryTree.Interop.ProviderTests/Program.cs"]	-
lling-llang	src/semiring/traits.rs	CommutativeTimesSemiring	declared-law-marker	VT_SEMIRING_PROPERTY_COMMUTATIVE_TIMES	fsharp	use/use!; seq; Result; object expressions; interfaces	complete	full-modeled-provider-surface	["vinary-tree-interop:bindings/dotnet/src/VinaryTree.Interop/SemiringProviders.cs","vinary-tree-interop:bindings/dotnet/tests/VinaryTree.Interop.FSharpProviders/Program.fs"]	-
lling-llang	src/semiring/traits.rs	CommutativeTimesSemiring	declared-law-marker	VT_SEMIRING_PROPERTY_COMMUTATIVE_TIMES	go	interfaces; iter.Seq; io.Closer; errors	missing	-	-	implement-declared-law-marker
lling-llang	src/semiring/traits.rs	CommutativeTimesSemiring	declared-law-marker	VT_SEMIRING_PROPERTY_COMMUTATIVE_TIMES	javascript	Symbol.iterator; Symbol.dispose; Error; native/WASM/WASI runtime identity	missing	-	-	implement-declared-law-marker
lling-llang	src/semiring/traits.rs	CommutativeTimesSemiring	declared-law-marker	VT_SEMIRING_PROPERTY_COMMUTATIVE_TIMES	typescript	structural interfaces; Iterable; Disposable; discriminated errors	missing	-	-	implement-declared-law-marker
lling-llang	src/semiring/traits.rs	CommutativeTimesSemiring	declared-law-marker	VT_SEMIRING_PROPERTY_COMMUTATIVE_TIMES	clojurescript	ISeqable; IReduce; protocol dispatch; close!	missing	-	-	implement-declared-law-marker
lling-llang	src/semiring/traits.rs	CommutativeTimesSemiring	declared-law-marker	VT_SEMIRING_PROPERTY_COMMUTATIVE_TIMES	swift	Sequence/Collection; protocols; throws; deterministic scoped ownership	missing	-	-	implement-declared-law-marker
lling-llang	src/semiring/traits.rs	CommutativeTimesSemiring	declared-law-marker	VT_SEMIRING_PROPERTY_COMMUTATIVE_TIMES	ruby	Enumerable; blocks/ensure; exceptions; explicit close	missing	-	-	implement-declared-law-marker
lling-llang	src/semiring/traits.rs	CommutativeTimesSemiring	declared-law-marker	VT_SEMIRING_PROPERTY_COMMUTATIVE_TIMES	fortran	modules; derived types; type-bound procedures; finalizers	missing	-	-	implement-declared-law-marker
lling-llang	src/semiring/traits.rs	CommutativeTimesSemiring	declared-law-marker	VT_SEMIRING_PROPERTY_COMMUTATIVE_TIMES	ocaml	abstract types; Seq; result; Fun.protect	missing	-	-	implement-declared-law-marker
lling-llang	src/semiring/traits.rs	CommutativeTimesSemiring	declared-law-marker	VT_SEMIRING_PROPERTY_COMMUTATIVE_TIMES	haskell	type classes; Foldable; bracket; Either	missing	-	-	implement-declared-law-marker
lling-llang	src/semiring/traits.rs	CommutativeTimesSemiring	declared-law-marker	VT_SEMIRING_PROPERTY_COMMUTATIVE_TIMES	lua	generic-for iterators; __close; tables; error values	missing	-	-	implement-declared-law-marker
lling-llang	src/semiring/traits.rs	CommutativeTimesSemiring	declared-law-marker	VT_SEMIRING_PROPERTY_COMMUTATIVE_TIMES	raku	NativeCall; Iterable/Positional/Associative; LEAVE; exceptions	complete	full-modeled-provider-surface	["lling-llang:bindings/raku/lib/Lling/Llang.rakumod","lling-llang:bindings/raku/t/01-conformance.rakutest"]	-
lling-llang	src/semiring/traits.rs	CommutativeTimesSemiring	declared-law-marker	VT_SEMIRING_PROPERTY_COMMUTATIVE_TIMES	julia	ccall; multiple dispatch; AbstractDict/AbstractSet; iteration; do blocks; deterministic close and finalizers; @cfunction interfaces	complete	full-modeled-provider-surface	["lling-llang:bindings/julia/LlingLlang/src/LlingLlang.jl","lling-llang:bindings/julia/LlingLlang/test/runtests.jl"]	-
lling-llang	src/semiring/traits.rs	DivisibleSemiring	direct-capability-vtable	VtSemiringDivisionVTable	rust	traits; IntoIterator/Iterator; Result; Drop	complete	full-native-trait-surface	["lling-llang:src/semiring/traits.rs"]	-
lling-llang	src/semiring/traits.rs	DivisibleSemiring	direct-capability-vtable	VtSemiringDivisionVTable	c	opaque handles; status codes; bounded buffers; vtables	complete	full-modeled-provider-surface	["vinary-tree-interop:include/vinary_tree_interop.h"]	-
lling-llang	src/semiring/traits.rs	DivisibleSemiring	direct-capability-vtable	VtSemiringDivisionVTable	cpp	RAII; ranges/iterators; move-only handles; typed errors	complete	full-modeled-provider-surface	["vinary-tree-interop:include/vinary_tree/interop.hpp","vinary-tree-interop:tests/cpp/providers.cpp"]	-
lling-llang	src/semiring/traits.rs	DivisibleSemiring	direct-capability-vtable	VtSemiringDivisionVTable	python	context managers; iterators/collections; exceptions; protocols	missing	-	-	implement-direct-capability-vtable
lling-llang	src/semiring/traits.rs	DivisibleSemiring	direct-capability-vtable	VtSemiringDivisionVTable	java	AutoCloseable/try-with-resources; Collection/Map; Stream/Spliterator; interfaces	missing	-	-	implement-direct-capability-vtable
lling-llang	src/semiring/traits.rs	DivisibleSemiring	direct-capability-vtable	VtSemiringDivisionVTable	kotlin	use; Iterable/Map; Sequence; SAM interfaces	missing	-	-	implement-direct-capability-vtable
lling-llang	src/semiring/traits.rs	DivisibleSemiring	direct-capability-vtable	VtSemiringDivisionVTable	scala	Using/AutoCloseable; Iterable; Iterator; type classes	missing	-	-	implement-direct-capability-vtable
lling-llang	src/semiring/traits.rs	DivisibleSemiring	direct-capability-vtable	VtSemiringDivisionVTable	clojure	Seqable; IReduceInit; Closeable; persistent values	missing	-	-	implement-direct-capability-vtable
lling-llang	src/semiring/traits.rs	DivisibleSemiring	direct-capability-vtable	VtSemiringDivisionVTable	csharp	IDisposable/using; IEnumerable/IDictionary; exceptions; interfaces	complete	full-modeled-provider-surface	["vinary-tree-interop:bindings/dotnet/src/VinaryTree.Interop/SemiringProviders.cs","vinary-tree-interop:bindings/dotnet/tests/VinaryTree.Interop.ProviderTests/Program.cs"]	-
lling-llang	src/semiring/traits.rs	DivisibleSemiring	direct-capability-vtable	VtSemiringDivisionVTable	fsharp	use/use!; seq; Result; object expressions; interfaces	complete	full-modeled-provider-surface	["vinary-tree-interop:bindings/dotnet/src/VinaryTree.Interop/SemiringProviders.cs","vinary-tree-interop:bindings/dotnet/tests/VinaryTree.Interop.FSharpProviders/Program.fs"]	-
lling-llang	src/semiring/traits.rs	DivisibleSemiring	direct-capability-vtable	VtSemiringDivisionVTable	go	interfaces; iter.Seq; io.Closer; errors	missing	-	-	implement-direct-capability-vtable
lling-llang	src/semiring/traits.rs	DivisibleSemiring	direct-capability-vtable	VtSemiringDivisionVTable	javascript	Symbol.iterator; Symbol.dispose; Error; native/WASM/WASI runtime identity	missing	-	-	implement-direct-capability-vtable
lling-llang	src/semiring/traits.rs	DivisibleSemiring	direct-capability-vtable	VtSemiringDivisionVTable	typescript	structural interfaces; Iterable; Disposable; discriminated errors	missing	-	-	implement-direct-capability-vtable
lling-llang	src/semiring/traits.rs	DivisibleSemiring	direct-capability-vtable	VtSemiringDivisionVTable	clojurescript	ISeqable; IReduce; protocol dispatch; close!	missing	-	-	implement-direct-capability-vtable
lling-llang	src/semiring/traits.rs	DivisibleSemiring	direct-capability-vtable	VtSemiringDivisionVTable	swift	Sequence/Collection; protocols; throws; deterministic scoped ownership	missing	-	-	implement-direct-capability-vtable
lling-llang	src/semiring/traits.rs	DivisibleSemiring	direct-capability-vtable	VtSemiringDivisionVTable	ruby	Enumerable; blocks/ensure; exceptions; explicit close	missing	-	-	implement-direct-capability-vtable
lling-llang	src/semiring/traits.rs	DivisibleSemiring	direct-capability-vtable	VtSemiringDivisionVTable	fortran	modules; derived types; type-bound procedures; finalizers	missing	-	-	implement-direct-capability-vtable
lling-llang	src/semiring/traits.rs	DivisibleSemiring	direct-capability-vtable	VtSemiringDivisionVTable	ocaml	abstract types; Seq; result; Fun.protect	missing	-	-	implement-direct-capability-vtable
lling-llang	src/semiring/traits.rs	DivisibleSemiring	direct-capability-vtable	VtSemiringDivisionVTable	haskell	type classes; Foldable; bracket; Either	missing	-	-	implement-direct-capability-vtable
lling-llang	src/semiring/traits.rs	DivisibleSemiring	direct-capability-vtable	VtSemiringDivisionVTable	lua	generic-for iterators; __close; tables; error values	missing	-	-	implement-direct-capability-vtable
lling-llang	src/semiring/traits.rs	DivisibleSemiring	direct-capability-vtable	VtSemiringDivisionVTable	raku	NativeCall; Iterable/Positional/Associative; LEAVE; exceptions	complete	full-modeled-provider-surface	["lling-llang:bindings/raku/lib/Lling/Llang.rakumod","lling-llang:bindings/raku/t/01-conformance.rakutest"]	-
lling-llang	src/semiring/traits.rs	DivisibleSemiring	direct-capability-vtable	VtSemiringDivisionVTable	julia	ccall; multiple dispatch; AbstractDict/AbstractSet; iteration; do blocks; deterministic close and finalizers; @cfunction interfaces	complete	full-modeled-provider-surface	["lling-llang:bindings/julia/LlingLlang/src/LlingLlang.jl","lling-llang:bindings/julia/LlingLlang/test/runtests.jl"]	-
lling-llang	src/semiring/traits.rs	HashableSemiring	declared-law-marker	VtSemiringVTable.stable_bytes,VT_SEMIRING_PROPERTY_HASHABLE	rust	traits; IntoIterator/Iterator; Result; Drop	complete	full-native-trait-surface	["lling-llang:src/semiring/traits.rs"]	-
lling-llang	src/semiring/traits.rs	HashableSemiring	declared-law-marker	VtSemiringVTable.stable_bytes,VT_SEMIRING_PROPERTY_HASHABLE	c	opaque handles; status codes; bounded buffers; vtables	complete	full-modeled-provider-surface	["vinary-tree-interop:include/vinary_tree_interop.h"]	-
lling-llang	src/semiring/traits.rs	HashableSemiring	declared-law-marker	VtSemiringVTable.stable_bytes,VT_SEMIRING_PROPERTY_HASHABLE	cpp	RAII; ranges/iterators; move-only handles; typed errors	complete	full-modeled-provider-surface	["vinary-tree-interop:include/vinary_tree/interop.hpp","vinary-tree-interop:tests/cpp/providers.cpp"]	-
lling-llang	src/semiring/traits.rs	HashableSemiring	declared-law-marker	VtSemiringVTable.stable_bytes,VT_SEMIRING_PROPERTY_HASHABLE	python	context managers; iterators/collections; exceptions; protocols	missing	-	-	implement-declared-law-marker
lling-llang	src/semiring/traits.rs	HashableSemiring	declared-law-marker	VtSemiringVTable.stable_bytes,VT_SEMIRING_PROPERTY_HASHABLE	java	AutoCloseable/try-with-resources; Collection/Map; Stream/Spliterator; interfaces	missing	-	-	implement-declared-law-marker
lling-llang	src/semiring/traits.rs	HashableSemiring	declared-law-marker	VtSemiringVTable.stable_bytes,VT_SEMIRING_PROPERTY_HASHABLE	kotlin	use; Iterable/Map; Sequence; SAM interfaces	missing	-	-	implement-declared-law-marker
lling-llang	src/semiring/traits.rs	HashableSemiring	declared-law-marker	VtSemiringVTable.stable_bytes,VT_SEMIRING_PROPERTY_HASHABLE	scala	Using/AutoCloseable; Iterable; Iterator; type classes	missing	-	-	implement-declared-law-marker
lling-llang	src/semiring/traits.rs	HashableSemiring	declared-law-marker	VtSemiringVTable.stable_bytes,VT_SEMIRING_PROPERTY_HASHABLE	clojure	Seqable; IReduceInit; Closeable; persistent values	missing	-	-	implement-declared-law-marker
lling-llang	src/semiring/traits.rs	HashableSemiring	declared-law-marker	VtSemiringVTable.stable_bytes,VT_SEMIRING_PROPERTY_HASHABLE	csharp	IDisposable/using; IEnumerable/IDictionary; exceptions; interfaces	complete	full-modeled-provider-surface	["vinary-tree-interop:bindings/dotnet/src/VinaryTree.Interop/SemiringProviders.cs","vinary-tree-interop:bindings/dotnet/tests/VinaryTree.Interop.ProviderTests/Program.cs"]	-
lling-llang	src/semiring/traits.rs	HashableSemiring	declared-law-marker	VtSemiringVTable.stable_bytes,VT_SEMIRING_PROPERTY_HASHABLE	fsharp	use/use!; seq; Result; object expressions; interfaces	complete	full-modeled-provider-surface	["vinary-tree-interop:bindings/dotnet/src/VinaryTree.Interop/SemiringProviders.cs","vinary-tree-interop:bindings/dotnet/tests/VinaryTree.Interop.FSharpProviders/Program.fs"]	-
lling-llang	src/semiring/traits.rs	HashableSemiring	declared-law-marker	VtSemiringVTable.stable_bytes,VT_SEMIRING_PROPERTY_HASHABLE	go	interfaces; iter.Seq; io.Closer; errors	missing	-	-	implement-declared-law-marker
lling-llang	src/semiring/traits.rs	HashableSemiring	declared-law-marker	VtSemiringVTable.stable_bytes,VT_SEMIRING_PROPERTY_HASHABLE	javascript	Symbol.iterator; Symbol.dispose; Error; native/WASM/WASI runtime identity	missing	-	-	implement-declared-law-marker
lling-llang	src/semiring/traits.rs	HashableSemiring	declared-law-marker	VtSemiringVTable.stable_bytes,VT_SEMIRING_PROPERTY_HASHABLE	typescript	structural interfaces; Iterable; Disposable; discriminated errors	missing	-	-	implement-declared-law-marker
lling-llang	src/semiring/traits.rs	HashableSemiring	declared-law-marker	VtSemiringVTable.stable_bytes,VT_SEMIRING_PROPERTY_HASHABLE	clojurescript	ISeqable; IReduce; protocol dispatch; close!	missing	-	-	implement-declared-law-marker
lling-llang	src/semiring/traits.rs	HashableSemiring	declared-law-marker	VtSemiringVTable.stable_bytes,VT_SEMIRING_PROPERTY_HASHABLE	swift	Sequence/Collection; protocols; throws; deterministic scoped ownership	missing	-	-	implement-declared-law-marker
lling-llang	src/semiring/traits.rs	HashableSemiring	declared-law-marker	VtSemiringVTable.stable_bytes,VT_SEMIRING_PROPERTY_HASHABLE	ruby	Enumerable; blocks/ensure; exceptions; explicit close	missing	-	-	implement-declared-law-marker
lling-llang	src/semiring/traits.rs	HashableSemiring	declared-law-marker	VtSemiringVTable.stable_bytes,VT_SEMIRING_PROPERTY_HASHABLE	fortran	modules; derived types; type-bound procedures; finalizers	missing	-	-	implement-declared-law-marker
lling-llang	src/semiring/traits.rs	HashableSemiring	declared-law-marker	VtSemiringVTable.stable_bytes,VT_SEMIRING_PROPERTY_HASHABLE	ocaml	abstract types; Seq; result; Fun.protect	missing	-	-	implement-declared-law-marker
lling-llang	src/semiring/traits.rs	HashableSemiring	declared-law-marker	VtSemiringVTable.stable_bytes,VT_SEMIRING_PROPERTY_HASHABLE	haskell	type classes; Foldable; bracket; Either	missing	-	-	implement-declared-law-marker
lling-llang	src/semiring/traits.rs	HashableSemiring	declared-law-marker	VtSemiringVTable.stable_bytes,VT_SEMIRING_PROPERTY_HASHABLE	lua	generic-for iterators; __close; tables; error values	missing	-	-	implement-declared-law-marker
lling-llang	src/semiring/traits.rs	HashableSemiring	declared-law-marker	VtSemiringVTable.stable_bytes,VT_SEMIRING_PROPERTY_HASHABLE	raku	NativeCall; Iterable/Positional/Associative; LEAVE; exceptions	complete	full-modeled-provider-surface	["lling-llang:bindings/raku/lib/Lling/Llang.rakumod","lling-llang:bindings/raku/t/01-conformance.rakutest"]	-
lling-llang	src/semiring/traits.rs	HashableSemiring	declared-law-marker	VtSemiringVTable.stable_bytes,VT_SEMIRING_PROPERTY_HASHABLE	julia	ccall; multiple dispatch; AbstractDict/AbstractSet; iteration; do blocks; deterministic close and finalizers; @cfunction interfaces	complete	full-modeled-provider-surface	["lling-llang:bindings/julia/LlingLlang/src/LlingLlang.jl","lling-llang:bindings/julia/LlingLlang/test/runtests.jl"]	-
lling-llang	src/semiring/traits.rs	IdempotentSemiring	declared-law-marker	VT_SEMIRING_PROPERTY_IDEMPOTENT_PLUS	rust	traits; IntoIterator/Iterator; Result; Drop	complete	full-native-trait-surface	["lling-llang:src/semiring/traits.rs"]	-
lling-llang	src/semiring/traits.rs	IdempotentSemiring	declared-law-marker	VT_SEMIRING_PROPERTY_IDEMPOTENT_PLUS	c	opaque handles; status codes; bounded buffers; vtables	complete	full-modeled-provider-surface	["vinary-tree-interop:include/vinary_tree_interop.h"]	-
lling-llang	src/semiring/traits.rs	IdempotentSemiring	declared-law-marker	VT_SEMIRING_PROPERTY_IDEMPOTENT_PLUS	cpp	RAII; ranges/iterators; move-only handles; typed errors	complete	full-modeled-provider-surface	["vinary-tree-interop:include/vinary_tree/interop.hpp","vinary-tree-interop:tests/cpp/providers.cpp"]	-
lling-llang	src/semiring/traits.rs	IdempotentSemiring	declared-law-marker	VT_SEMIRING_PROPERTY_IDEMPOTENT_PLUS	python	context managers; iterators/collections; exceptions; protocols	missing	-	-	implement-declared-law-marker
lling-llang	src/semiring/traits.rs	IdempotentSemiring	declared-law-marker	VT_SEMIRING_PROPERTY_IDEMPOTENT_PLUS	java	AutoCloseable/try-with-resources; Collection/Map; Stream/Spliterator; interfaces	missing	-	-	implement-declared-law-marker
lling-llang	src/semiring/traits.rs	IdempotentSemiring	declared-law-marker	VT_SEMIRING_PROPERTY_IDEMPOTENT_PLUS	kotlin	use; Iterable/Map; Sequence; SAM interfaces	missing	-	-	implement-declared-law-marker
lling-llang	src/semiring/traits.rs	IdempotentSemiring	declared-law-marker	VT_SEMIRING_PROPERTY_IDEMPOTENT_PLUS	scala	Using/AutoCloseable; Iterable; Iterator; type classes	missing	-	-	implement-declared-law-marker
lling-llang	src/semiring/traits.rs	IdempotentSemiring	declared-law-marker	VT_SEMIRING_PROPERTY_IDEMPOTENT_PLUS	clojure	Seqable; IReduceInit; Closeable; persistent values	missing	-	-	implement-declared-law-marker
lling-llang	src/semiring/traits.rs	IdempotentSemiring	declared-law-marker	VT_SEMIRING_PROPERTY_IDEMPOTENT_PLUS	csharp	IDisposable/using; IEnumerable/IDictionary; exceptions; interfaces	complete	full-modeled-provider-surface	["vinary-tree-interop:bindings/dotnet/src/VinaryTree.Interop/SemiringProviders.cs","vinary-tree-interop:bindings/dotnet/tests/VinaryTree.Interop.ProviderTests/Program.cs"]	-
lling-llang	src/semiring/traits.rs	IdempotentSemiring	declared-law-marker	VT_SEMIRING_PROPERTY_IDEMPOTENT_PLUS	fsharp	use/use!; seq; Result; object expressions; interfaces	complete	full-modeled-provider-surface	["vinary-tree-interop:bindings/dotnet/src/VinaryTree.Interop/SemiringProviders.cs","vinary-tree-interop:bindings/dotnet/tests/VinaryTree.Interop.FSharpProviders/Program.fs"]	-
lling-llang	src/semiring/traits.rs	IdempotentSemiring	declared-law-marker	VT_SEMIRING_PROPERTY_IDEMPOTENT_PLUS	go	interfaces; iter.Seq; io.Closer; errors	missing	-	-	implement-declared-law-marker
lling-llang	src/semiring/traits.rs	IdempotentSemiring	declared-law-marker	VT_SEMIRING_PROPERTY_IDEMPOTENT_PLUS	javascript	Symbol.iterator; Symbol.dispose; Error; native/WASM/WASI runtime identity	missing	-	-	implement-declared-law-marker
lling-llang	src/semiring/traits.rs	IdempotentSemiring	declared-law-marker	VT_SEMIRING_PROPERTY_IDEMPOTENT_PLUS	typescript	structural interfaces; Iterable; Disposable; discriminated errors	missing	-	-	implement-declared-law-marker
lling-llang	src/semiring/traits.rs	IdempotentSemiring	declared-law-marker	VT_SEMIRING_PROPERTY_IDEMPOTENT_PLUS	clojurescript	ISeqable; IReduce; protocol dispatch; close!	missing	-	-	implement-declared-law-marker
lling-llang	src/semiring/traits.rs	IdempotentSemiring	declared-law-marker	VT_SEMIRING_PROPERTY_IDEMPOTENT_PLUS	swift	Sequence/Collection; protocols; throws; deterministic scoped ownership	missing	-	-	implement-declared-law-marker
lling-llang	src/semiring/traits.rs	IdempotentSemiring	declared-law-marker	VT_SEMIRING_PROPERTY_IDEMPOTENT_PLUS	ruby	Enumerable; blocks/ensure; exceptions; explicit close	missing	-	-	implement-declared-law-marker
lling-llang	src/semiring/traits.rs	IdempotentSemiring	declared-law-marker	VT_SEMIRING_PROPERTY_IDEMPOTENT_PLUS	fortran	modules; derived types; type-bound procedures; finalizers	missing	-	-	implement-declared-law-marker
lling-llang	src/semiring/traits.rs	IdempotentSemiring	declared-law-marker	VT_SEMIRING_PROPERTY_IDEMPOTENT_PLUS	ocaml	abstract types; Seq; result; Fun.protect	missing	-	-	implement-declared-law-marker
lling-llang	src/semiring/traits.rs	IdempotentSemiring	declared-law-marker	VT_SEMIRING_PROPERTY_IDEMPOTENT_PLUS	haskell	type classes; Foldable; bracket; Either	missing	-	-	implement-declared-law-marker
lling-llang	src/semiring/traits.rs	IdempotentSemiring	declared-law-marker	VT_SEMIRING_PROPERTY_IDEMPOTENT_PLUS	lua	generic-for iterators; __close; tables; error values	missing	-	-	implement-declared-law-marker
lling-llang	src/semiring/traits.rs	IdempotentSemiring	declared-law-marker	VT_SEMIRING_PROPERTY_IDEMPOTENT_PLUS	raku	NativeCall; Iterable/Positional/Associative; LEAVE; exceptions	complete	full-modeled-provider-surface	["lling-llang:bindings/raku/lib/Lling/Llang.rakumod","lling-llang:bindings/raku/t/01-conformance.rakutest"]	-
lling-llang	src/semiring/traits.rs	IdempotentSemiring	declared-law-marker	VT_SEMIRING_PROPERTY_IDEMPOTENT_PLUS	julia	ccall; multiple dispatch; AbstractDict/AbstractSet; iteration; do blocks; deterministic close and finalizers; @cfunction interfaces	complete	full-modeled-provider-surface	["lling-llang:bindings/julia/LlingLlang/src/LlingLlang.jl","lling-llang:bindings/julia/LlingLlang/test/runtests.jl"]	-
lling-llang	src/semiring/traits.rs	KClosedSemiring	direct-capability-vtable	VtSemiringPropertiesVTable.closure_bound	rust	traits; IntoIterator/Iterator; Result; Drop	complete	full-native-trait-surface	["lling-llang:src/semiring/traits.rs"]	-
lling-llang	src/semiring/traits.rs	KClosedSemiring	direct-capability-vtable	VtSemiringPropertiesVTable.closure_bound	c	opaque handles; status codes; bounded buffers; vtables	complete	full-modeled-provider-surface	["vinary-tree-interop:include/vinary_tree_interop.h"]	-
lling-llang	src/semiring/traits.rs	KClosedSemiring	direct-capability-vtable	VtSemiringPropertiesVTable.closure_bound	cpp	RAII; ranges/iterators; move-only handles; typed errors	complete	full-modeled-provider-surface	["vinary-tree-interop:include/vinary_tree/interop.hpp","vinary-tree-interop:tests/cpp/providers.cpp"]	-
lling-llang	src/semiring/traits.rs	KClosedSemiring	direct-capability-vtable	VtSemiringPropertiesVTable.closure_bound	python	context managers; iterators/collections; exceptions; protocols	missing	-	-	implement-direct-capability-vtable
lling-llang	src/semiring/traits.rs	KClosedSemiring	direct-capability-vtable	VtSemiringPropertiesVTable.closure_bound	java	AutoCloseable/try-with-resources; Collection/Map; Stream/Spliterator; interfaces	missing	-	-	implement-direct-capability-vtable
lling-llang	src/semiring/traits.rs	KClosedSemiring	direct-capability-vtable	VtSemiringPropertiesVTable.closure_bound	kotlin	use; Iterable/Map; Sequence; SAM interfaces	missing	-	-	implement-direct-capability-vtable
lling-llang	src/semiring/traits.rs	KClosedSemiring	direct-capability-vtable	VtSemiringPropertiesVTable.closure_bound	scala	Using/AutoCloseable; Iterable; Iterator; type classes	missing	-	-	implement-direct-capability-vtable
lling-llang	src/semiring/traits.rs	KClosedSemiring	direct-capability-vtable	VtSemiringPropertiesVTable.closure_bound	clojure	Seqable; IReduceInit; Closeable; persistent values	missing	-	-	implement-direct-capability-vtable
lling-llang	src/semiring/traits.rs	KClosedSemiring	direct-capability-vtable	VtSemiringPropertiesVTable.closure_bound	csharp	IDisposable/using; IEnumerable/IDictionary; exceptions; interfaces	complete	full-modeled-provider-surface	["vinary-tree-interop:bindings/dotnet/src/VinaryTree.Interop/SemiringProviders.cs","vinary-tree-interop:bindings/dotnet/tests/VinaryTree.Interop.ProviderTests/Program.cs"]	-
lling-llang	src/semiring/traits.rs	KClosedSemiring	direct-capability-vtable	VtSemiringPropertiesVTable.closure_bound	fsharp	use/use!; seq; Result; object expressions; interfaces	complete	full-modeled-provider-surface	["vinary-tree-interop:bindings/dotnet/src/VinaryTree.Interop/SemiringProviders.cs","vinary-tree-interop:bindings/dotnet/tests/VinaryTree.Interop.FSharpProviders/Program.fs"]	-
lling-llang	src/semiring/traits.rs	KClosedSemiring	direct-capability-vtable	VtSemiringPropertiesVTable.closure_bound	go	interfaces; iter.Seq; io.Closer; errors	missing	-	-	implement-direct-capability-vtable
lling-llang	src/semiring/traits.rs	KClosedSemiring	direct-capability-vtable	VtSemiringPropertiesVTable.closure_bound	javascript	Symbol.iterator; Symbol.dispose; Error; native/WASM/WASI runtime identity	missing	-	-	implement-direct-capability-vtable
lling-llang	src/semiring/traits.rs	KClosedSemiring	direct-capability-vtable	VtSemiringPropertiesVTable.closure_bound	typescript	structural interfaces; Iterable; Disposable; discriminated errors	missing	-	-	implement-direct-capability-vtable
lling-llang	src/semiring/traits.rs	KClosedSemiring	direct-capability-vtable	VtSemiringPropertiesVTable.closure_bound	clojurescript	ISeqable; IReduce; protocol dispatch; close!	missing	-	-	implement-direct-capability-vtable
lling-llang	src/semiring/traits.rs	KClosedSemiring	direct-capability-vtable	VtSemiringPropertiesVTable.closure_bound	swift	Sequence/Collection; protocols; throws; deterministic scoped ownership	missing	-	-	implement-direct-capability-vtable
lling-llang	src/semiring/traits.rs	KClosedSemiring	direct-capability-vtable	VtSemiringPropertiesVTable.closure_bound	ruby	Enumerable; blocks/ensure; exceptions; explicit close	missing	-	-	implement-direct-capability-vtable
lling-llang	src/semiring/traits.rs	KClosedSemiring	direct-capability-vtable	VtSemiringPropertiesVTable.closure_bound	fortran	modules; derived types; type-bound procedures; finalizers	missing	-	-	implement-direct-capability-vtable
lling-llang	src/semiring/traits.rs	KClosedSemiring	direct-capability-vtable	VtSemiringPropertiesVTable.closure_bound	ocaml	abstract types; Seq; result; Fun.protect	missing	-	-	implement-direct-capability-vtable
lling-llang	src/semiring/traits.rs	KClosedSemiring	direct-capability-vtable	VtSemiringPropertiesVTable.closure_bound	haskell	type classes; Foldable; bracket; Either	missing	-	-	implement-direct-capability-vtable
lling-llang	src/semiring/traits.rs	KClosedSemiring	direct-capability-vtable	VtSemiringPropertiesVTable.closure_bound	lua	generic-for iterators; __close; tables; error values	missing	-	-	implement-direct-capability-vtable
lling-llang	src/semiring/traits.rs	KClosedSemiring	direct-capability-vtable	VtSemiringPropertiesVTable.closure_bound	raku	NativeCall; Iterable/Positional/Associative; LEAVE; exceptions	complete	full-modeled-provider-surface	["lling-llang:bindings/raku/lib/Lling/Llang.rakumod","lling-llang:bindings/raku/t/01-conformance.rakutest"]	-
lling-llang	src/semiring/traits.rs	KClosedSemiring	direct-capability-vtable	VtSemiringPropertiesVTable.closure_bound	julia	ccall; multiple dispatch; AbstractDict/AbstractSet; iteration; do blocks; deterministic close and finalizers; @cfunction interfaces	complete	full-modeled-provider-surface	["lling-llang:bindings/julia/LlingLlang/src/LlingLlang.jl","lling-llang:bindings/julia/LlingLlang/test/runtests.jl"]	-
lling-llang	src/semiring/traits.rs	NonnegativeSemiring	declared-law-marker	VT_SEMIRING_PROPERTY_NONNEGATIVE	rust	traits; IntoIterator/Iterator; Result; Drop	complete	full-native-trait-surface	["lling-llang:src/semiring/traits.rs"]	-
lling-llang	src/semiring/traits.rs	NonnegativeSemiring	declared-law-marker	VT_SEMIRING_PROPERTY_NONNEGATIVE	c	opaque handles; status codes; bounded buffers; vtables	complete	full-modeled-provider-surface	["vinary-tree-interop:include/vinary_tree_interop.h"]	-
lling-llang	src/semiring/traits.rs	NonnegativeSemiring	declared-law-marker	VT_SEMIRING_PROPERTY_NONNEGATIVE	cpp	RAII; ranges/iterators; move-only handles; typed errors	complete	full-modeled-provider-surface	["vinary-tree-interop:include/vinary_tree/interop.hpp","vinary-tree-interop:tests/cpp/providers.cpp"]	-
lling-llang	src/semiring/traits.rs	NonnegativeSemiring	declared-law-marker	VT_SEMIRING_PROPERTY_NONNEGATIVE	python	context managers; iterators/collections; exceptions; protocols	missing	-	-	implement-declared-law-marker
lling-llang	src/semiring/traits.rs	NonnegativeSemiring	declared-law-marker	VT_SEMIRING_PROPERTY_NONNEGATIVE	java	AutoCloseable/try-with-resources; Collection/Map; Stream/Spliterator; interfaces	missing	-	-	implement-declared-law-marker
lling-llang	src/semiring/traits.rs	NonnegativeSemiring	declared-law-marker	VT_SEMIRING_PROPERTY_NONNEGATIVE	kotlin	use; Iterable/Map; Sequence; SAM interfaces	missing	-	-	implement-declared-law-marker
lling-llang	src/semiring/traits.rs	NonnegativeSemiring	declared-law-marker	VT_SEMIRING_PROPERTY_NONNEGATIVE	scala	Using/AutoCloseable; Iterable; Iterator; type classes	missing	-	-	implement-declared-law-marker
lling-llang	src/semiring/traits.rs	NonnegativeSemiring	declared-law-marker	VT_SEMIRING_PROPERTY_NONNEGATIVE	clojure	Seqable; IReduceInit; Closeable; persistent values	missing	-	-	implement-declared-law-marker
lling-llang	src/semiring/traits.rs	NonnegativeSemiring	declared-law-marker	VT_SEMIRING_PROPERTY_NONNEGATIVE	csharp	IDisposable/using; IEnumerable/IDictionary; exceptions; interfaces	complete	full-modeled-provider-surface	["vinary-tree-interop:bindings/dotnet/src/VinaryTree.Interop/SemiringProviders.cs","vinary-tree-interop:bindings/dotnet/tests/VinaryTree.Interop.ProviderTests/Program.cs"]	-
lling-llang	src/semiring/traits.rs	NonnegativeSemiring	declared-law-marker	VT_SEMIRING_PROPERTY_NONNEGATIVE	fsharp	use/use!; seq; Result; object expressions; interfaces	complete	full-modeled-provider-surface	["vinary-tree-interop:bindings/dotnet/src/VinaryTree.Interop/SemiringProviders.cs","vinary-tree-interop:bindings/dotnet/tests/VinaryTree.Interop.FSharpProviders/Program.fs"]	-
lling-llang	src/semiring/traits.rs	NonnegativeSemiring	declared-law-marker	VT_SEMIRING_PROPERTY_NONNEGATIVE	go	interfaces; iter.Seq; io.Closer; errors	missing	-	-	implement-declared-law-marker
lling-llang	src/semiring/traits.rs	NonnegativeSemiring	declared-law-marker	VT_SEMIRING_PROPERTY_NONNEGATIVE	javascript	Symbol.iterator; Symbol.dispose; Error; native/WASM/WASI runtime identity	missing	-	-	implement-declared-law-marker
lling-llang	src/semiring/traits.rs	NonnegativeSemiring	declared-law-marker	VT_SEMIRING_PROPERTY_NONNEGATIVE	typescript	structural interfaces; Iterable; Disposable; discriminated errors	missing	-	-	implement-declared-law-marker
lling-llang	src/semiring/traits.rs	NonnegativeSemiring	declared-law-marker	VT_SEMIRING_PROPERTY_NONNEGATIVE	clojurescript	ISeqable; IReduce; protocol dispatch; close!	missing	-	-	implement-declared-law-marker
lling-llang	src/semiring/traits.rs	NonnegativeSemiring	declared-law-marker	VT_SEMIRING_PROPERTY_NONNEGATIVE	swift	Sequence/Collection; protocols; throws; deterministic scoped ownership	missing	-	-	implement-declared-law-marker
lling-llang	src/semiring/traits.rs	NonnegativeSemiring	declared-law-marker	VT_SEMIRING_PROPERTY_NONNEGATIVE	ruby	Enumerable; blocks/ensure; exceptions; explicit close	missing	-	-	implement-declared-law-marker
lling-llang	src/semiring/traits.rs	NonnegativeSemiring	declared-law-marker	VT_SEMIRING_PROPERTY_NONNEGATIVE	fortran	modules; derived types; type-bound procedures; finalizers	missing	-	-	implement-declared-law-marker
lling-llang	src/semiring/traits.rs	NonnegativeSemiring	declared-law-marker	VT_SEMIRING_PROPERTY_NONNEGATIVE	ocaml	abstract types; Seq; result; Fun.protect	missing	-	-	implement-declared-law-marker
lling-llang	src/semiring/traits.rs	NonnegativeSemiring	declared-law-marker	VT_SEMIRING_PROPERTY_NONNEGATIVE	haskell	type classes; Foldable; bracket; Either	missing	-	-	implement-declared-law-marker
lling-llang	src/semiring/traits.rs	NonnegativeSemiring	declared-law-marker	VT_SEMIRING_PROPERTY_NONNEGATIVE	lua	generic-for iterators; __close; tables; error values	missing	-	-	implement-declared-law-marker
lling-llang	src/semiring/traits.rs	NonnegativeSemiring	declared-law-marker	VT_SEMIRING_PROPERTY_NONNEGATIVE	raku	NativeCall; Iterable/Positional/Associative; LEAVE; exceptions	complete	full-modeled-provider-surface	["lling-llang:bindings/raku/lib/Lling/Llang.rakumod","lling-llang:bindings/raku/t/01-conformance.rakutest"]	-
lling-llang	src/semiring/traits.rs	NonnegativeSemiring	declared-law-marker	VT_SEMIRING_PROPERTY_NONNEGATIVE	julia	ccall; multiple dispatch; AbstractDict/AbstractSet; iteration; do blocks; deterministic close and finalizers; @cfunction interfaces	complete	full-modeled-provider-surface	["lling-llang:bindings/julia/LlingLlang/src/LlingLlang.jl","lling-llang:bindings/julia/LlingLlang/test/runtests.jl"]	-
lling-llang	src/semiring/traits.rs	NumericalWeight	direct-capability-vtable	VtSemiringNumericVTable.numerical_value	rust	traits; IntoIterator/Iterator; Result; Drop	complete	full-native-trait-surface	["lling-llang:src/semiring/traits.rs"]	-
lling-llang	src/semiring/traits.rs	NumericalWeight	direct-capability-vtable	VtSemiringNumericVTable.numerical_value	c	opaque handles; status codes; bounded buffers; vtables	complete	full-modeled-provider-surface	["vinary-tree-interop:include/vinary_tree_interop.h"]	-
lling-llang	src/semiring/traits.rs	NumericalWeight	direct-capability-vtable	VtSemiringNumericVTable.numerical_value	cpp	RAII; ranges/iterators; move-only handles; typed errors	complete	full-modeled-provider-surface	["vinary-tree-interop:include/vinary_tree/interop.hpp","vinary-tree-interop:tests/cpp/providers.cpp"]	-
lling-llang	src/semiring/traits.rs	NumericalWeight	direct-capability-vtable	VtSemiringNumericVTable.numerical_value	python	context managers; iterators/collections; exceptions; protocols	missing	-	-	implement-direct-capability-vtable
lling-llang	src/semiring/traits.rs	NumericalWeight	direct-capability-vtable	VtSemiringNumericVTable.numerical_value	java	AutoCloseable/try-with-resources; Collection/Map; Stream/Spliterator; interfaces	missing	-	-	implement-direct-capability-vtable
lling-llang	src/semiring/traits.rs	NumericalWeight	direct-capability-vtable	VtSemiringNumericVTable.numerical_value	kotlin	use; Iterable/Map; Sequence; SAM interfaces	missing	-	-	implement-direct-capability-vtable
lling-llang	src/semiring/traits.rs	NumericalWeight	direct-capability-vtable	VtSemiringNumericVTable.numerical_value	scala	Using/AutoCloseable; Iterable; Iterator; type classes	missing	-	-	implement-direct-capability-vtable
lling-llang	src/semiring/traits.rs	NumericalWeight	direct-capability-vtable	VtSemiringNumericVTable.numerical_value	clojure	Seqable; IReduceInit; Closeable; persistent values	missing	-	-	implement-direct-capability-vtable
lling-llang	src/semiring/traits.rs	NumericalWeight	direct-capability-vtable	VtSemiringNumericVTable.numerical_value	csharp	IDisposable/using; IEnumerable/IDictionary; exceptions; interfaces	complete	full-modeled-provider-surface	["vinary-tree-interop:bindings/dotnet/src/VinaryTree.Interop/SemiringProviders.cs","vinary-tree-interop:bindings/dotnet/tests/VinaryTree.Interop.ProviderTests/Program.cs"]	-
lling-llang	src/semiring/traits.rs	NumericalWeight	direct-capability-vtable	VtSemiringNumericVTable.numerical_value	fsharp	use/use!; seq; Result; object expressions; interfaces	complete	full-modeled-provider-surface	["vinary-tree-interop:bindings/dotnet/src/VinaryTree.Interop/SemiringProviders.cs","vinary-tree-interop:bindings/dotnet/tests/VinaryTree.Interop.FSharpProviders/Program.fs"]	-
lling-llang	src/semiring/traits.rs	NumericalWeight	direct-capability-vtable	VtSemiringNumericVTable.numerical_value	go	interfaces; iter.Seq; io.Closer; errors	missing	-	-	implement-direct-capability-vtable
lling-llang	src/semiring/traits.rs	NumericalWeight	direct-capability-vtable	VtSemiringNumericVTable.numerical_value	javascript	Symbol.iterator; Symbol.dispose; Error; native/WASM/WASI runtime identity	missing	-	-	implement-direct-capability-vtable
lling-llang	src/semiring/traits.rs	NumericalWeight	direct-capability-vtable	VtSemiringNumericVTable.numerical_value	typescript	structural interfaces; Iterable; Disposable; discriminated errors	missing	-	-	implement-direct-capability-vtable
lling-llang	src/semiring/traits.rs	NumericalWeight	direct-capability-vtable	VtSemiringNumericVTable.numerical_value	clojurescript	ISeqable; IReduce; protocol dispatch; close!	missing	-	-	implement-direct-capability-vtable
lling-llang	src/semiring/traits.rs	NumericalWeight	direct-capability-vtable	VtSemiringNumericVTable.numerical_value	swift	Sequence/Collection; protocols; throws; deterministic scoped ownership	missing	-	-	implement-direct-capability-vtable
lling-llang	src/semiring/traits.rs	NumericalWeight	direct-capability-vtable	VtSemiringNumericVTable.numerical_value	ruby	Enumerable; blocks/ensure; exceptions; explicit close	missing	-	-	implement-direct-capability-vtable
lling-llang	src/semiring/traits.rs	NumericalWeight	direct-capability-vtable	VtSemiringNumericVTable.numerical_value	fortran	modules; derived types; type-bound procedures; finalizers	missing	-	-	implement-direct-capability-vtable
lling-llang	src/semiring/traits.rs	NumericalWeight	direct-capability-vtable	VtSemiringNumericVTable.numerical_value	ocaml	abstract types; Seq; result; Fun.protect	missing	-	-	implement-direct-capability-vtable
lling-llang	src/semiring/traits.rs	NumericalWeight	direct-capability-vtable	VtSemiringNumericVTable.numerical_value	haskell	type classes; Foldable; bracket; Either	missing	-	-	implement-direct-capability-vtable
lling-llang	src/semiring/traits.rs	NumericalWeight	direct-capability-vtable	VtSemiringNumericVTable.numerical_value	lua	generic-for iterators; __close; tables; error values	missing	-	-	implement-direct-capability-vtable
lling-llang	src/semiring/traits.rs	NumericalWeight	direct-capability-vtable	VtSemiringNumericVTable.numerical_value	raku	NativeCall; Iterable/Positional/Associative; LEAVE; exceptions	complete	full-modeled-provider-surface	["lling-llang:bindings/raku/lib/Lling/Llang.rakumod","lling-llang:bindings/raku/t/01-conformance.rakutest"]	-
lling-llang	src/semiring/traits.rs	NumericalWeight	direct-capability-vtable	VtSemiringNumericVTable.numerical_value	julia	ccall; multiple dispatch; AbstractDict/AbstractSet; iteration; do blocks; deterministic close and finalizers; @cfunction interfaces	complete	full-modeled-provider-surface	["lling-llang:bindings/julia/LlingLlang/src/LlingLlang.jl","lling-llang:bindings/julia/LlingLlang/test/runtests.jl"]	-
lling-llang	src/semiring/traits.rs	QuantizableSemiring	direct-capability-vtable	VtSemiringNumericVTable.quantize	rust	traits; IntoIterator/Iterator; Result; Drop	complete	full-native-trait-surface	["lling-llang:src/semiring/traits.rs"]	-
lling-llang	src/semiring/traits.rs	QuantizableSemiring	direct-capability-vtable	VtSemiringNumericVTable.quantize	c	opaque handles; status codes; bounded buffers; vtables	complete	full-modeled-provider-surface	["vinary-tree-interop:include/vinary_tree_interop.h"]	-
lling-llang	src/semiring/traits.rs	QuantizableSemiring	direct-capability-vtable	VtSemiringNumericVTable.quantize	cpp	RAII; ranges/iterators; move-only handles; typed errors	complete	full-modeled-provider-surface	["vinary-tree-interop:include/vinary_tree/interop.hpp","vinary-tree-interop:tests/cpp/providers.cpp"]	-
lling-llang	src/semiring/traits.rs	QuantizableSemiring	direct-capability-vtable	VtSemiringNumericVTable.quantize	python	context managers; iterators/collections; exceptions; protocols	missing	-	-	implement-direct-capability-vtable
lling-llang	src/semiring/traits.rs	QuantizableSemiring	direct-capability-vtable	VtSemiringNumericVTable.quantize	java	AutoCloseable/try-with-resources; Collection/Map; Stream/Spliterator; interfaces	missing	-	-	implement-direct-capability-vtable
lling-llang	src/semiring/traits.rs	QuantizableSemiring	direct-capability-vtable	VtSemiringNumericVTable.quantize	kotlin	use; Iterable/Map; Sequence; SAM interfaces	missing	-	-	implement-direct-capability-vtable
lling-llang	src/semiring/traits.rs	QuantizableSemiring	direct-capability-vtable	VtSemiringNumericVTable.quantize	scala	Using/AutoCloseable; Iterable; Iterator; type classes	missing	-	-	implement-direct-capability-vtable
lling-llang	src/semiring/traits.rs	QuantizableSemiring	direct-capability-vtable	VtSemiringNumericVTable.quantize	clojure	Seqable; IReduceInit; Closeable; persistent values	missing	-	-	implement-direct-capability-vtable
lling-llang	src/semiring/traits.rs	QuantizableSemiring	direct-capability-vtable	VtSemiringNumericVTable.quantize	csharp	IDisposable/using; IEnumerable/IDictionary; exceptions; interfaces	complete	full-modeled-provider-surface	["vinary-tree-interop:bindings/dotnet/src/VinaryTree.Interop/SemiringProviders.cs","vinary-tree-interop:bindings/dotnet/tests/VinaryTree.Interop.ProviderTests/Program.cs"]	-
lling-llang	src/semiring/traits.rs	QuantizableSemiring	direct-capability-vtable	VtSemiringNumericVTable.quantize	fsharp	use/use!; seq; Result; object expressions; interfaces	complete	full-modeled-provider-surface	["vinary-tree-interop:bindings/dotnet/src/VinaryTree.Interop/SemiringProviders.cs","vinary-tree-interop:bindings/dotnet/tests/VinaryTree.Interop.FSharpProviders/Program.fs"]	-
lling-llang	src/semiring/traits.rs	QuantizableSemiring	direct-capability-vtable	VtSemiringNumericVTable.quantize	go	interfaces; iter.Seq; io.Closer; errors	missing	-	-	implement-direct-capability-vtable
lling-llang	src/semiring/traits.rs	QuantizableSemiring	direct-capability-vtable	VtSemiringNumericVTable.quantize	javascript	Symbol.iterator; Symbol.dispose; Error; native/WASM/WASI runtime identity	missing	-	-	implement-direct-capability-vtable
lling-llang	src/semiring/traits.rs	QuantizableSemiring	direct-capability-vtable	VtSemiringNumericVTable.quantize	typescript	structural interfaces; Iterable; Disposable; discriminated errors	missing	-	-	implement-direct-capability-vtable
lling-llang	src/semiring/traits.rs	QuantizableSemiring	direct-capability-vtable	VtSemiringNumericVTable.quantize	clojurescript	ISeqable; IReduce; protocol dispatch; close!	missing	-	-	implement-direct-capability-vtable
lling-llang	src/semiring/traits.rs	QuantizableSemiring	direct-capability-vtable	VtSemiringNumericVTable.quantize	swift	Sequence/Collection; protocols; throws; deterministic scoped ownership	missing	-	-	implement-direct-capability-vtable
lling-llang	src/semiring/traits.rs	QuantizableSemiring	direct-capability-vtable	VtSemiringNumericVTable.quantize	ruby	Enumerable; blocks/ensure; exceptions; explicit close	missing	-	-	implement-direct-capability-vtable
lling-llang	src/semiring/traits.rs	QuantizableSemiring	direct-capability-vtable	VtSemiringNumericVTable.quantize	fortran	modules; derived types; type-bound procedures; finalizers	missing	-	-	implement-direct-capability-vtable
lling-llang	src/semiring/traits.rs	QuantizableSemiring	direct-capability-vtable	VtSemiringNumericVTable.quantize	ocaml	abstract types; Seq; result; Fun.protect	missing	-	-	implement-direct-capability-vtable
lling-llang	src/semiring/traits.rs	QuantizableSemiring	direct-capability-vtable	VtSemiringNumericVTable.quantize	haskell	type classes; Foldable; bracket; Either	missing	-	-	implement-direct-capability-vtable
lling-llang	src/semiring/traits.rs	QuantizableSemiring	direct-capability-vtable	VtSemiringNumericVTable.quantize	lua	generic-for iterators; __close; tables; error values	missing	-	-	implement-direct-capability-vtable
lling-llang	src/semiring/traits.rs	QuantizableSemiring	direct-capability-vtable	VtSemiringNumericVTable.quantize	raku	NativeCall; Iterable/Positional/Associative; LEAVE; exceptions	complete	full-modeled-provider-surface	["lling-llang:bindings/raku/lib/Lling/Llang.rakumod","lling-llang:bindings/raku/t/01-conformance.rakutest"]	-
lling-llang	src/semiring/traits.rs	QuantizableSemiring	direct-capability-vtable	VtSemiringNumericVTable.quantize	julia	ccall; multiple dispatch; AbstractDict/AbstractSet; iteration; do blocks; deterministic close and finalizers; @cfunction interfaces	complete	full-modeled-provider-surface	["lling-llang:bindings/julia/LlingLlang/src/LlingLlang.jl","lling-llang:bindings/julia/LlingLlang/test/runtests.jl"]	-
lling-llang	src/semiring/traits.rs	Semiring	direct-capability-vtable	VtSemiringVTable	rust	traits; IntoIterator/Iterator; Result; Drop	complete	full-native-trait-surface	["lling-llang:src/semiring/traits.rs"]	-
lling-llang	src/semiring/traits.rs	Semiring	direct-capability-vtable	VtSemiringVTable	c	opaque handles; status codes; bounded buffers; vtables	complete	full-modeled-provider-surface	["vinary-tree-interop:include/vinary_tree_interop.h","lling-llang:src/bindings.rs"]	-
lling-llang	src/semiring/traits.rs	Semiring	direct-capability-vtable	VtSemiringVTable	cpp	RAII; ranges/iterators; move-only handles; typed errors	complete	full-modeled-provider-surface	["vinary-tree-interop:include/vinary_tree/interop.hpp","vinary-tree-interop:tests/cpp/providers.cpp"]	-
lling-llang	src/semiring/traits.rs	Semiring	direct-capability-vtable	VtSemiringVTable	python	context managers; iterators/collections; exceptions; protocols	missing	-	-	implement-direct-capability-vtable
lling-llang	src/semiring/traits.rs	Semiring	direct-capability-vtable	VtSemiringVTable	java	AutoCloseable/try-with-resources; Collection/Map; Stream/Spliterator; interfaces	missing	-	-	implement-direct-capability-vtable
lling-llang	src/semiring/traits.rs	Semiring	direct-capability-vtable	VtSemiringVTable	kotlin	use; Iterable/Map; Sequence; SAM interfaces	missing	-	-	implement-direct-capability-vtable
lling-llang	src/semiring/traits.rs	Semiring	direct-capability-vtable	VtSemiringVTable	scala	Using/AutoCloseable; Iterable; Iterator; type classes	missing	-	-	implement-direct-capability-vtable
lling-llang	src/semiring/traits.rs	Semiring	direct-capability-vtable	VtSemiringVTable	clojure	Seqable; IReduceInit; Closeable; persistent values	missing	-	-	implement-direct-capability-vtable
lling-llang	src/semiring/traits.rs	Semiring	direct-capability-vtable	VtSemiringVTable	csharp	IDisposable/using; IEnumerable/IDictionary; exceptions; interfaces	complete	full-modeled-provider-surface	["vinary-tree-interop:bindings/dotnet/src/VinaryTree.Interop/SemiringProviders.cs","vinary-tree-interop:bindings/dotnet/tests/VinaryTree.Interop.ProviderTests/Program.cs"]	-
lling-llang	src/semiring/traits.rs	Semiring	direct-capability-vtable	VtSemiringVTable	fsharp	use/use!; seq; Result; object expressions; interfaces	complete	full-modeled-provider-surface	["vinary-tree-interop:bindings/dotnet/src/VinaryTree.Interop/SemiringProviders.cs","vinary-tree-interop:bindings/dotnet/tests/VinaryTree.Interop.FSharpProviders/Program.fs"]	-
lling-llang	src/semiring/traits.rs	Semiring	direct-capability-vtable	VtSemiringVTable	go	interfaces; iter.Seq; io.Closer; errors	missing	-	-	implement-direct-capability-vtable
lling-llang	src/semiring/traits.rs	Semiring	direct-capability-vtable	VtSemiringVTable	javascript	Symbol.iterator; Symbol.dispose; Error; native/WASM/WASI runtime identity	missing	-	-	implement-direct-capability-vtable
lling-llang	src/semiring/traits.rs	Semiring	direct-capability-vtable	VtSemiringVTable	typescript	structural interfaces; Iterable; Disposable; discriminated errors	missing	-	-	implement-direct-capability-vtable
lling-llang	src/semiring/traits.rs	Semiring	direct-capability-vtable	VtSemiringVTable	clojurescript	ISeqable; IReduce; protocol dispatch; close!	missing	-	-	implement-direct-capability-vtable
lling-llang	src/semiring/traits.rs	Semiring	direct-capability-vtable	VtSemiringVTable	swift	Sequence/Collection; protocols; throws; deterministic scoped ownership	missing	-	-	implement-direct-capability-vtable
lling-llang	src/semiring/traits.rs	Semiring	direct-capability-vtable	VtSemiringVTable	ruby	Enumerable; blocks/ensure; exceptions; explicit close	missing	-	-	implement-direct-capability-vtable
lling-llang	src/semiring/traits.rs	Semiring	direct-capability-vtable	VtSemiringVTable	fortran	modules; derived types; type-bound procedures; finalizers	missing	-	-	implement-direct-capability-vtable
lling-llang	src/semiring/traits.rs	Semiring	direct-capability-vtable	VtSemiringVTable	ocaml	abstract types; Seq; result; Fun.protect	missing	-	-	implement-direct-capability-vtable
lling-llang	src/semiring/traits.rs	Semiring	direct-capability-vtable	VtSemiringVTable	haskell	type classes; Foldable; bracket; Either	missing	-	-	implement-direct-capability-vtable
lling-llang	src/semiring/traits.rs	Semiring	direct-capability-vtable	VtSemiringVTable	lua	generic-for iterators; __close; tables; error values	missing	-	-	implement-direct-capability-vtable
lling-llang	src/semiring/traits.rs	Semiring	direct-capability-vtable	VtSemiringVTable	raku	NativeCall; Iterable/Positional/Associative; LEAVE; exceptions	complete	full-modeled-provider-surface	["lling-llang:bindings/raku/lib/Lling/Llang.rakumod","lling-llang:bindings/raku/t/01-conformance.rakutest"]	-
lling-llang	src/semiring/traits.rs	Semiring	direct-capability-vtable	VtSemiringVTable	julia	ccall; multiple dispatch; AbstractDict/AbstractSet; iteration; do blocks; deterministic close and finalizers; @cfunction interfaces	complete	full-modeled-provider-surface	["lling-llang:bindings/julia/LlingLlang/src/LlingLlang.jl","lling-llang:bindings/julia/LlingLlang/test/runtests.jl"]	-
lling-llang	src/semiring/traits.rs	StarSemiring	direct-capability-vtable	VtSemiringStarVTable	rust	traits; IntoIterator/Iterator; Result; Drop	complete	full-native-trait-surface	["lling-llang:src/semiring/traits.rs"]	-
lling-llang	src/semiring/traits.rs	StarSemiring	direct-capability-vtable	VtSemiringStarVTable	c	opaque handles; status codes; bounded buffers; vtables	complete	full-modeled-provider-surface	["vinary-tree-interop:include/vinary_tree_interop.h"]	-
lling-llang	src/semiring/traits.rs	StarSemiring	direct-capability-vtable	VtSemiringStarVTable	cpp	RAII; ranges/iterators; move-only handles; typed errors	complete	full-modeled-provider-surface	["vinary-tree-interop:include/vinary_tree/interop.hpp","vinary-tree-interop:tests/cpp/providers.cpp"]	-
lling-llang	src/semiring/traits.rs	StarSemiring	direct-capability-vtable	VtSemiringStarVTable	python	context managers; iterators/collections; exceptions; protocols	missing	-	-	implement-direct-capability-vtable
lling-llang	src/semiring/traits.rs	StarSemiring	direct-capability-vtable	VtSemiringStarVTable	java	AutoCloseable/try-with-resources; Collection/Map; Stream/Spliterator; interfaces	missing	-	-	implement-direct-capability-vtable
lling-llang	src/semiring/traits.rs	StarSemiring	direct-capability-vtable	VtSemiringStarVTable	kotlin	use; Iterable/Map; Sequence; SAM interfaces	missing	-	-	implement-direct-capability-vtable
lling-llang	src/semiring/traits.rs	StarSemiring	direct-capability-vtable	VtSemiringStarVTable	scala	Using/AutoCloseable; Iterable; Iterator; type classes	missing	-	-	implement-direct-capability-vtable
lling-llang	src/semiring/traits.rs	StarSemiring	direct-capability-vtable	VtSemiringStarVTable	clojure	Seqable; IReduceInit; Closeable; persistent values	missing	-	-	implement-direct-capability-vtable
lling-llang	src/semiring/traits.rs	StarSemiring	direct-capability-vtable	VtSemiringStarVTable	csharp	IDisposable/using; IEnumerable/IDictionary; exceptions; interfaces	complete	full-modeled-provider-surface	["vinary-tree-interop:bindings/dotnet/src/VinaryTree.Interop/SemiringProviders.cs","vinary-tree-interop:bindings/dotnet/tests/VinaryTree.Interop.ProviderTests/Program.cs"]	-
lling-llang	src/semiring/traits.rs	StarSemiring	direct-capability-vtable	VtSemiringStarVTable	fsharp	use/use!; seq; Result; object expressions; interfaces	complete	full-modeled-provider-surface	["vinary-tree-interop:bindings/dotnet/src/VinaryTree.Interop/SemiringProviders.cs","vinary-tree-interop:bindings/dotnet/tests/VinaryTree.Interop.FSharpProviders/Program.fs"]	-
lling-llang	src/semiring/traits.rs	StarSemiring	direct-capability-vtable	VtSemiringStarVTable	go	interfaces; iter.Seq; io.Closer; errors	missing	-	-	implement-direct-capability-vtable
lling-llang	src/semiring/traits.rs	StarSemiring	direct-capability-vtable	VtSemiringStarVTable	javascript	Symbol.iterator; Symbol.dispose; Error; native/WASM/WASI runtime identity	missing	-	-	implement-direct-capability-vtable
lling-llang	src/semiring/traits.rs	StarSemiring	direct-capability-vtable	VtSemiringStarVTable	typescript	structural interfaces; Iterable; Disposable; discriminated errors	missing	-	-	implement-direct-capability-vtable
lling-llang	src/semiring/traits.rs	StarSemiring	direct-capability-vtable	VtSemiringStarVTable	clojurescript	ISeqable; IReduce; protocol dispatch; close!	missing	-	-	implement-direct-capability-vtable
lling-llang	src/semiring/traits.rs	StarSemiring	direct-capability-vtable	VtSemiringStarVTable	swift	Sequence/Collection; protocols; throws; deterministic scoped ownership	missing	-	-	implement-direct-capability-vtable
lling-llang	src/semiring/traits.rs	StarSemiring	direct-capability-vtable	VtSemiringStarVTable	ruby	Enumerable; blocks/ensure; exceptions; explicit close	missing	-	-	implement-direct-capability-vtable
lling-llang	src/semiring/traits.rs	StarSemiring	direct-capability-vtable	VtSemiringStarVTable	fortran	modules; derived types; type-bound procedures; finalizers	missing	-	-	implement-direct-capability-vtable
lling-llang	src/semiring/traits.rs	StarSemiring	direct-capability-vtable	VtSemiringStarVTable	ocaml	abstract types; Seq; result; Fun.protect	missing	-	-	implement-direct-capability-vtable
lling-llang	src/semiring/traits.rs	StarSemiring	direct-capability-vtable	VtSemiringStarVTable	haskell	type classes; Foldable; bracket; Either	missing	-	-	implement-direct-capability-vtable
lling-llang	src/semiring/traits.rs	StarSemiring	direct-capability-vtable	VtSemiringStarVTable	lua	generic-for iterators; __close; tables; error values	missing	-	-	implement-direct-capability-vtable
lling-llang	src/semiring/traits.rs	StarSemiring	direct-capability-vtable	VtSemiringStarVTable	raku	NativeCall; Iterable/Positional/Associative; LEAVE; exceptions	complete	full-modeled-provider-surface	["lling-llang:bindings/raku/lib/Lling/Llang.rakumod","lling-llang:bindings/raku/t/01-conformance.rakutest"]	-
lling-llang	src/semiring/traits.rs	StarSemiring	direct-capability-vtable	VtSemiringStarVTable	julia	ccall; multiple dispatch; AbstractDict/AbstractSet; iteration; do blocks; deterministic close and finalizers; @cfunction interfaces	complete	full-modeled-provider-surface	["lling-llang:bindings/julia/LlingLlang/src/LlingLlang.jl","lling-llang:bindings/julia/LlingLlang/test/runtests.jl"]	-
lling-llang	src/semiring/traits.rs	StochasticSemiring	direct-capability-vtable	VtSemiringNumericVTable.to_probability	rust	traits; IntoIterator/Iterator; Result; Drop	complete	full-native-trait-surface	["lling-llang:src/semiring/traits.rs"]	-
lling-llang	src/semiring/traits.rs	StochasticSemiring	direct-capability-vtable	VtSemiringNumericVTable.to_probability	c	opaque handles; status codes; bounded buffers; vtables	complete	full-modeled-provider-surface	["vinary-tree-interop:include/vinary_tree_interop.h"]	-
lling-llang	src/semiring/traits.rs	StochasticSemiring	direct-capability-vtable	VtSemiringNumericVTable.to_probability	cpp	RAII; ranges/iterators; move-only handles; typed errors	complete	full-modeled-provider-surface	["vinary-tree-interop:include/vinary_tree/interop.hpp","vinary-tree-interop:tests/cpp/providers.cpp"]	-
lling-llang	src/semiring/traits.rs	StochasticSemiring	direct-capability-vtable	VtSemiringNumericVTable.to_probability	python	context managers; iterators/collections; exceptions; protocols	missing	-	-	implement-direct-capability-vtable
lling-llang	src/semiring/traits.rs	StochasticSemiring	direct-capability-vtable	VtSemiringNumericVTable.to_probability	java	AutoCloseable/try-with-resources; Collection/Map; Stream/Spliterator; interfaces	missing	-	-	implement-direct-capability-vtable
lling-llang	src/semiring/traits.rs	StochasticSemiring	direct-capability-vtable	VtSemiringNumericVTable.to_probability	kotlin	use; Iterable/Map; Sequence; SAM interfaces	missing	-	-	implement-direct-capability-vtable
lling-llang	src/semiring/traits.rs	StochasticSemiring	direct-capability-vtable	VtSemiringNumericVTable.to_probability	scala	Using/AutoCloseable; Iterable; Iterator; type classes	missing	-	-	implement-direct-capability-vtable
lling-llang	src/semiring/traits.rs	StochasticSemiring	direct-capability-vtable	VtSemiringNumericVTable.to_probability	clojure	Seqable; IReduceInit; Closeable; persistent values	missing	-	-	implement-direct-capability-vtable
lling-llang	src/semiring/traits.rs	StochasticSemiring	direct-capability-vtable	VtSemiringNumericVTable.to_probability	csharp	IDisposable/using; IEnumerable/IDictionary; exceptions; interfaces	complete	full-modeled-provider-surface	["vinary-tree-interop:bindings/dotnet/src/VinaryTree.Interop/SemiringProviders.cs","vinary-tree-interop:bindings/dotnet/tests/VinaryTree.Interop.ProviderTests/Program.cs"]	-
lling-llang	src/semiring/traits.rs	StochasticSemiring	direct-capability-vtable	VtSemiringNumericVTable.to_probability	fsharp	use/use!; seq; Result; object expressions; interfaces	complete	full-modeled-provider-surface	["vinary-tree-interop:bindings/dotnet/src/VinaryTree.Interop/SemiringProviders.cs","vinary-tree-interop:bindings/dotnet/tests/VinaryTree.Interop.FSharpProviders/Program.fs"]	-
lling-llang	src/semiring/traits.rs	StochasticSemiring	direct-capability-vtable	VtSemiringNumericVTable.to_probability	go	interfaces; iter.Seq; io.Closer; errors	missing	-	-	implement-direct-capability-vtable
lling-llang	src/semiring/traits.rs	StochasticSemiring	direct-capability-vtable	VtSemiringNumericVTable.to_probability	javascript	Symbol.iterator; Symbol.dispose; Error; native/WASM/WASI runtime identity	missing	-	-	implement-direct-capability-vtable
lling-llang	src/semiring/traits.rs	StochasticSemiring	direct-capability-vtable	VtSemiringNumericVTable.to_probability	typescript	structural interfaces; Iterable; Disposable; discriminated errors	missing	-	-	implement-direct-capability-vtable
lling-llang	src/semiring/traits.rs	StochasticSemiring	direct-capability-vtable	VtSemiringNumericVTable.to_probability	clojurescript	ISeqable; IReduce; protocol dispatch; close!	missing	-	-	implement-direct-capability-vtable
lling-llang	src/semiring/traits.rs	StochasticSemiring	direct-capability-vtable	VtSemiringNumericVTable.to_probability	swift	Sequence/Collection; protocols; throws; deterministic scoped ownership	missing	-	-	implement-direct-capability-vtable
lling-llang	src/semiring/traits.rs	StochasticSemiring	direct-capability-vtable	VtSemiringNumericVTable.to_probability	ruby	Enumerable; blocks/ensure; exceptions; explicit close	missing	-	-	implement-direct-capability-vtable
lling-llang	src/semiring/traits.rs	StochasticSemiring	direct-capability-vtable	VtSemiringNumericVTable.to_probability	fortran	modules; derived types; type-bound procedures; finalizers	missing	-	-	implement-direct-capability-vtable
lling-llang	src/semiring/traits.rs	StochasticSemiring	direct-capability-vtable	VtSemiringNumericVTable.to_probability	ocaml	abstract types; Seq; result; Fun.protect	missing	-	-	implement-direct-capability-vtable
lling-llang	src/semiring/traits.rs	StochasticSemiring	direct-capability-vtable	VtSemiringNumericVTable.to_probability	haskell	type classes; Foldable; bracket; Either	missing	-	-	implement-direct-capability-vtable
lling-llang	src/semiring/traits.rs	StochasticSemiring	direct-capability-vtable	VtSemiringNumericVTable.to_probability	lua	generic-for iterators; __close; tables; error values	missing	-	-	implement-direct-capability-vtable
lling-llang	src/semiring/traits.rs	StochasticSemiring	direct-capability-vtable	VtSemiringNumericVTable.to_probability	raku	NativeCall; Iterable/Positional/Associative; LEAVE; exceptions	complete	full-modeled-provider-surface	["lling-llang:bindings/raku/lib/Lling/Llang.rakumod","lling-llang:bindings/raku/t/01-conformance.rakutest"]	-
lling-llang	src/semiring/traits.rs	StochasticSemiring	direct-capability-vtable	VtSemiringNumericVTable.to_probability	julia	ccall; multiple dispatch; AbstractDict/AbstractSet; iteration; do blocks; deterministic close and finalizers; @cfunction interfaces	complete	full-modeled-provider-surface	["lling-llang:bindings/julia/LlingLlang/src/LlingLlang.jl","lling-llang:bindings/julia/LlingLlang/test/runtests.jl"]	-
lling-llang	src/semiring/traits.rs	TotallyOrderedSemiring	direct-capability-vtable	VtSemiringVTable.natural_order,VT_SEMIRING_PROPERTY_TOTALLY_ORDERED	rust	traits; IntoIterator/Iterator; Result; Drop	complete	full-native-trait-surface	["lling-llang:src/semiring/traits.rs"]	-
lling-llang	src/semiring/traits.rs	TotallyOrderedSemiring	direct-capability-vtable	VtSemiringVTable.natural_order,VT_SEMIRING_PROPERTY_TOTALLY_ORDERED	c	opaque handles; status codes; bounded buffers; vtables	complete	full-modeled-provider-surface	["vinary-tree-interop:include/vinary_tree_interop.h"]	-
lling-llang	src/semiring/traits.rs	TotallyOrderedSemiring	direct-capability-vtable	VtSemiringVTable.natural_order,VT_SEMIRING_PROPERTY_TOTALLY_ORDERED	cpp	RAII; ranges/iterators; move-only handles; typed errors	complete	full-modeled-provider-surface	["vinary-tree-interop:include/vinary_tree/interop.hpp","vinary-tree-interop:tests/cpp/providers.cpp"]	-
lling-llang	src/semiring/traits.rs	TotallyOrderedSemiring	direct-capability-vtable	VtSemiringVTable.natural_order,VT_SEMIRING_PROPERTY_TOTALLY_ORDERED	python	context managers; iterators/collections; exceptions; protocols	missing	-	-	implement-direct-capability-vtable
lling-llang	src/semiring/traits.rs	TotallyOrderedSemiring	direct-capability-vtable	VtSemiringVTable.natural_order,VT_SEMIRING_PROPERTY_TOTALLY_ORDERED	java	AutoCloseable/try-with-resources; Collection/Map; Stream/Spliterator; interfaces	missing	-	-	implement-direct-capability-vtable
lling-llang	src/semiring/traits.rs	TotallyOrderedSemiring	direct-capability-vtable	VtSemiringVTable.natural_order,VT_SEMIRING_PROPERTY_TOTALLY_ORDERED	kotlin	use; Iterable/Map; Sequence; SAM interfaces	missing	-	-	implement-direct-capability-vtable
lling-llang	src/semiring/traits.rs	TotallyOrderedSemiring	direct-capability-vtable	VtSemiringVTable.natural_order,VT_SEMIRING_PROPERTY_TOTALLY_ORDERED	scala	Using/AutoCloseable; Iterable; Iterator; type classes	missing	-	-	implement-direct-capability-vtable
lling-llang	src/semiring/traits.rs	TotallyOrderedSemiring	direct-capability-vtable	VtSemiringVTable.natural_order,VT_SEMIRING_PROPERTY_TOTALLY_ORDERED	clojure	Seqable; IReduceInit; Closeable; persistent values	missing	-	-	implement-direct-capability-vtable
lling-llang	src/semiring/traits.rs	TotallyOrderedSemiring	direct-capability-vtable	VtSemiringVTable.natural_order,VT_SEMIRING_PROPERTY_TOTALLY_ORDERED	csharp	IDisposable/using; IEnumerable/IDictionary; exceptions; interfaces	complete	full-modeled-provider-surface	["vinary-tree-interop:bindings/dotnet/src/VinaryTree.Interop/SemiringProviders.cs","vinary-tree-interop:bindings/dotnet/tests/VinaryTree.Interop.ProviderTests/Program.cs"]	-
lling-llang	src/semiring/traits.rs	TotallyOrderedSemiring	direct-capability-vtable	VtSemiringVTable.natural_order,VT_SEMIRING_PROPERTY_TOTALLY_ORDERED	fsharp	use/use!; seq; Result; object expressions; interfaces	complete	full-modeled-provider-surface	["vinary-tree-interop:bindings/dotnet/src/VinaryTree.Interop/SemiringProviders.cs","vinary-tree-interop:bindings/dotnet/tests/VinaryTree.Interop.FSharpProviders/Program.fs"]	-
lling-llang	src/semiring/traits.rs	TotallyOrderedSemiring	direct-capability-vtable	VtSemiringVTable.natural_order,VT_SEMIRING_PROPERTY_TOTALLY_ORDERED	go	interfaces; iter.Seq; io.Closer; errors	missing	-	-	implement-direct-capability-vtable
lling-llang	src/semiring/traits.rs	TotallyOrderedSemiring	direct-capability-vtable	VtSemiringVTable.natural_order,VT_SEMIRING_PROPERTY_TOTALLY_ORDERED	javascript	Symbol.iterator; Symbol.dispose; Error; native/WASM/WASI runtime identity	missing	-	-	implement-direct-capability-vtable
lling-llang	src/semiring/traits.rs	TotallyOrderedSemiring	direct-capability-vtable	VtSemiringVTable.natural_order,VT_SEMIRING_PROPERTY_TOTALLY_ORDERED	typescript	structural interfaces; Iterable; Disposable; discriminated errors	missing	-	-	implement-direct-capability-vtable
lling-llang	src/semiring/traits.rs	TotallyOrderedSemiring	direct-capability-vtable	VtSemiringVTable.natural_order,VT_SEMIRING_PROPERTY_TOTALLY_ORDERED	clojurescript	ISeqable; IReduce; protocol dispatch; close!	missing	-	-	implement-direct-capability-vtable
lling-llang	src/semiring/traits.rs	TotallyOrderedSemiring	direct-capability-vtable	VtSemiringVTable.natural_order,VT_SEMIRING_PROPERTY_TOTALLY_ORDERED	swift	Sequence/Collection; protocols; throws; deterministic scoped ownership	missing	-	-	implement-direct-capability-vtable
lling-llang	src/semiring/traits.rs	TotallyOrderedSemiring	direct-capability-vtable	VtSemiringVTable.natural_order,VT_SEMIRING_PROPERTY_TOTALLY_ORDERED	ruby	Enumerable; blocks/ensure; exceptions; explicit close	missing	-	-	implement-direct-capability-vtable
lling-llang	src/semiring/traits.rs	TotallyOrderedSemiring	direct-capability-vtable	VtSemiringVTable.natural_order,VT_SEMIRING_PROPERTY_TOTALLY_ORDERED	fortran	modules; derived types; type-bound procedures; finalizers	missing	-	-	implement-direct-capability-vtable
lling-llang	src/semiring/traits.rs	TotallyOrderedSemiring	direct-capability-vtable	VtSemiringVTable.natural_order,VT_SEMIRING_PROPERTY_TOTALLY_ORDERED	ocaml	abstract types; Seq; result; Fun.protect	missing	-	-	implement-direct-capability-vtable
lling-llang	src/semiring/traits.rs	TotallyOrderedSemiring	direct-capability-vtable	VtSemiringVTable.natural_order,VT_SEMIRING_PROPERTY_TOTALLY_ORDERED	haskell	type classes; Foldable; bracket; Either	missing	-	-	implement-direct-capability-vtable
lling-llang	src/semiring/traits.rs	TotallyOrderedSemiring	direct-capability-vtable	VtSemiringVTable.natural_order,VT_SEMIRING_PROPERTY_TOTALLY_ORDERED	lua	generic-for iterators; __close; tables; error values	missing	-	-	implement-direct-capability-vtable
lling-llang	src/semiring/traits.rs	TotallyOrderedSemiring	direct-capability-vtable	VtSemiringVTable.natural_order,VT_SEMIRING_PROPERTY_TOTALLY_ORDERED	raku	NativeCall; Iterable/Positional/Associative; LEAVE; exceptions	complete	full-modeled-provider-surface	["lling-llang:bindings/raku/lib/Lling/Llang.rakumod","lling-llang:bindings/raku/t/01-conformance.rakutest"]	-
lling-llang	src/semiring/traits.rs	TotallyOrderedSemiring	direct-capability-vtable	VtSemiringVTable.natural_order,VT_SEMIRING_PROPERTY_TOTALLY_ORDERED	julia	ccall; multiple dispatch; AbstractDict/AbstractSet; iteration; do blocks; deterministic close and finalizers; @cfunction interfaces	complete	full-modeled-provider-surface	["lling-llang:bindings/julia/LlingLlang/src/LlingLlang.jl","lling-llang:bindings/julia/LlingLlang/test/runtests.jl"]	-
lling-llang	src/semiring/traits.rs	WeaklyLeftDivisibleSemiring	direct-capability-vtable	VtSemiringDivisionVTable.left_divide	rust	traits; IntoIterator/Iterator; Result; Drop	complete	full-native-trait-surface	["lling-llang:src/semiring/traits.rs"]	-
lling-llang	src/semiring/traits.rs	WeaklyLeftDivisibleSemiring	direct-capability-vtable	VtSemiringDivisionVTable.left_divide	c	opaque handles; status codes; bounded buffers; vtables	complete	full-modeled-provider-surface	["vinary-tree-interop:include/vinary_tree_interop.h"]	-
lling-llang	src/semiring/traits.rs	WeaklyLeftDivisibleSemiring	direct-capability-vtable	VtSemiringDivisionVTable.left_divide	cpp	RAII; ranges/iterators; move-only handles; typed errors	complete	full-modeled-provider-surface	["vinary-tree-interop:include/vinary_tree/interop.hpp","vinary-tree-interop:tests/cpp/providers.cpp"]	-
lling-llang	src/semiring/traits.rs	WeaklyLeftDivisibleSemiring	direct-capability-vtable	VtSemiringDivisionVTable.left_divide	python	context managers; iterators/collections; exceptions; protocols	missing	-	-	implement-direct-capability-vtable
lling-llang	src/semiring/traits.rs	WeaklyLeftDivisibleSemiring	direct-capability-vtable	VtSemiringDivisionVTable.left_divide	java	AutoCloseable/try-with-resources; Collection/Map; Stream/Spliterator; interfaces	missing	-	-	implement-direct-capability-vtable
lling-llang	src/semiring/traits.rs	WeaklyLeftDivisibleSemiring	direct-capability-vtable	VtSemiringDivisionVTable.left_divide	kotlin	use; Iterable/Map; Sequence; SAM interfaces	missing	-	-	implement-direct-capability-vtable
lling-llang	src/semiring/traits.rs	WeaklyLeftDivisibleSemiring	direct-capability-vtable	VtSemiringDivisionVTable.left_divide	scala	Using/AutoCloseable; Iterable; Iterator; type classes	missing	-	-	implement-direct-capability-vtable
lling-llang	src/semiring/traits.rs	WeaklyLeftDivisibleSemiring	direct-capability-vtable	VtSemiringDivisionVTable.left_divide	clojure	Seqable; IReduceInit; Closeable; persistent values	missing	-	-	implement-direct-capability-vtable
lling-llang	src/semiring/traits.rs	WeaklyLeftDivisibleSemiring	direct-capability-vtable	VtSemiringDivisionVTable.left_divide	csharp	IDisposable/using; IEnumerable/IDictionary; exceptions; interfaces	complete	full-modeled-provider-surface	["vinary-tree-interop:bindings/dotnet/src/VinaryTree.Interop/SemiringProviders.cs","vinary-tree-interop:bindings/dotnet/tests/VinaryTree.Interop.ProviderTests/Program.cs"]	-
lling-llang	src/semiring/traits.rs	WeaklyLeftDivisibleSemiring	direct-capability-vtable	VtSemiringDivisionVTable.left_divide	fsharp	use/use!; seq; Result; object expressions; interfaces	complete	full-modeled-provider-surface	["vinary-tree-interop:bindings/dotnet/src/VinaryTree.Interop/SemiringProviders.cs","vinary-tree-interop:bindings/dotnet/tests/VinaryTree.Interop.FSharpProviders/Program.fs"]	-
lling-llang	src/semiring/traits.rs	WeaklyLeftDivisibleSemiring	direct-capability-vtable	VtSemiringDivisionVTable.left_divide	go	interfaces; iter.Seq; io.Closer; errors	missing	-	-	implement-direct-capability-vtable
lling-llang	src/semiring/traits.rs	WeaklyLeftDivisibleSemiring	direct-capability-vtable	VtSemiringDivisionVTable.left_divide	javascript	Symbol.iterator; Symbol.dispose; Error; native/WASM/WASI runtime identity	missing	-	-	implement-direct-capability-vtable
lling-llang	src/semiring/traits.rs	WeaklyLeftDivisibleSemiring	direct-capability-vtable	VtSemiringDivisionVTable.left_divide	typescript	structural interfaces; Iterable; Disposable; discriminated errors	missing	-	-	implement-direct-capability-vtable
lling-llang	src/semiring/traits.rs	WeaklyLeftDivisibleSemiring	direct-capability-vtable	VtSemiringDivisionVTable.left_divide	clojurescript	ISeqable; IReduce; protocol dispatch; close!	missing	-	-	implement-direct-capability-vtable
lling-llang	src/semiring/traits.rs	WeaklyLeftDivisibleSemiring	direct-capability-vtable	VtSemiringDivisionVTable.left_divide	swift	Sequence/Collection; protocols; throws; deterministic scoped ownership	missing	-	-	implement-direct-capability-vtable
lling-llang	src/semiring/traits.rs	WeaklyLeftDivisibleSemiring	direct-capability-vtable	VtSemiringDivisionVTable.left_divide	ruby	Enumerable; blocks/ensure; exceptions; explicit close	missing	-	-	implement-direct-capability-vtable
lling-llang	src/semiring/traits.rs	WeaklyLeftDivisibleSemiring	direct-capability-vtable	VtSemiringDivisionVTable.left_divide	fortran	modules; derived types; type-bound procedures; finalizers	missing	-	-	implement-direct-capability-vtable
lling-llang	src/semiring/traits.rs	WeaklyLeftDivisibleSemiring	direct-capability-vtable	VtSemiringDivisionVTable.left_divide	ocaml	abstract types; Seq; result; Fun.protect	missing	-	-	implement-direct-capability-vtable
lling-llang	src/semiring/traits.rs	WeaklyLeftDivisibleSemiring	direct-capability-vtable	VtSemiringDivisionVTable.left_divide	haskell	type classes; Foldable; bracket; Either	missing	-	-	implement-direct-capability-vtable
lling-llang	src/semiring/traits.rs	WeaklyLeftDivisibleSemiring	direct-capability-vtable	VtSemiringDivisionVTable.left_divide	lua	generic-for iterators; __close; tables; error values	missing	-	-	implement-direct-capability-vtable
lling-llang	src/semiring/traits.rs	WeaklyLeftDivisibleSemiring	direct-capability-vtable	VtSemiringDivisionVTable.left_divide	raku	NativeCall; Iterable/Positional/Associative; LEAVE; exceptions	complete	full-modeled-provider-surface	["lling-llang:bindings/raku/lib/Lling/Llang.rakumod","lling-llang:bindings/raku/t/01-conformance.rakutest"]	-
lling-llang	src/semiring/traits.rs	WeaklyLeftDivisibleSemiring	direct-capability-vtable	VtSemiringDivisionVTable.left_divide	julia	ccall; multiple dispatch; AbstractDict/AbstractSet; iteration; do blocks; deterministic close and finalizers; @cfunction interfaces	complete	full-modeled-provider-surface	["lling-llang:bindings/julia/LlingLlang/src/LlingLlang.jl","lling-llang:bindings/julia/LlingLlang/test/runtests.jl"]	-
lling-llang	src/semiring/traits.rs	ZeroSumFreeSemiring	declared-law-marker	VT_SEMIRING_PROPERTY_ZERO_SUM_FREE	rust	traits; IntoIterator/Iterator; Result; Drop	complete	full-native-trait-surface	["lling-llang:src/semiring/traits.rs"]	-
lling-llang	src/semiring/traits.rs	ZeroSumFreeSemiring	declared-law-marker	VT_SEMIRING_PROPERTY_ZERO_SUM_FREE	c	opaque handles; status codes; bounded buffers; vtables	complete	full-modeled-provider-surface	["vinary-tree-interop:include/vinary_tree_interop.h"]	-
lling-llang	src/semiring/traits.rs	ZeroSumFreeSemiring	declared-law-marker	VT_SEMIRING_PROPERTY_ZERO_SUM_FREE	cpp	RAII; ranges/iterators; move-only handles; typed errors	complete	full-modeled-provider-surface	["vinary-tree-interop:include/vinary_tree/interop.hpp","vinary-tree-interop:tests/cpp/providers.cpp"]	-
lling-llang	src/semiring/traits.rs	ZeroSumFreeSemiring	declared-law-marker	VT_SEMIRING_PROPERTY_ZERO_SUM_FREE	python	context managers; iterators/collections; exceptions; protocols	missing	-	-	implement-declared-law-marker
lling-llang	src/semiring/traits.rs	ZeroSumFreeSemiring	declared-law-marker	VT_SEMIRING_PROPERTY_ZERO_SUM_FREE	java	AutoCloseable/try-with-resources; Collection/Map; Stream/Spliterator; interfaces	missing	-	-	implement-declared-law-marker
lling-llang	src/semiring/traits.rs	ZeroSumFreeSemiring	declared-law-marker	VT_SEMIRING_PROPERTY_ZERO_SUM_FREE	kotlin	use; Iterable/Map; Sequence; SAM interfaces	missing	-	-	implement-declared-law-marker
lling-llang	src/semiring/traits.rs	ZeroSumFreeSemiring	declared-law-marker	VT_SEMIRING_PROPERTY_ZERO_SUM_FREE	scala	Using/AutoCloseable; Iterable; Iterator; type classes	missing	-	-	implement-declared-law-marker
lling-llang	src/semiring/traits.rs	ZeroSumFreeSemiring	declared-law-marker	VT_SEMIRING_PROPERTY_ZERO_SUM_FREE	clojure	Seqable; IReduceInit; Closeable; persistent values	missing	-	-	implement-declared-law-marker
lling-llang	src/semiring/traits.rs	ZeroSumFreeSemiring	declared-law-marker	VT_SEMIRING_PROPERTY_ZERO_SUM_FREE	csharp	IDisposable/using; IEnumerable/IDictionary; exceptions; interfaces	complete	full-modeled-provider-surface	["vinary-tree-interop:bindings/dotnet/src/VinaryTree.Interop/SemiringProviders.cs","vinary-tree-interop:bindings/dotnet/tests/VinaryTree.Interop.ProviderTests/Program.cs"]	-
lling-llang	src/semiring/traits.rs	ZeroSumFreeSemiring	declared-law-marker	VT_SEMIRING_PROPERTY_ZERO_SUM_FREE	fsharp	use/use!; seq; Result; object expressions; interfaces	complete	full-modeled-provider-surface	["vinary-tree-interop:bindings/dotnet/src/VinaryTree.Interop/SemiringProviders.cs","vinary-tree-interop:bindings/dotnet/tests/VinaryTree.Interop.FSharpProviders/Program.fs"]	-
lling-llang	src/semiring/traits.rs	ZeroSumFreeSemiring	declared-law-marker	VT_SEMIRING_PROPERTY_ZERO_SUM_FREE	go	interfaces; iter.Seq; io.Closer; errors	missing	-	-	implement-declared-law-marker
lling-llang	src/semiring/traits.rs	ZeroSumFreeSemiring	declared-law-marker	VT_SEMIRING_PROPERTY_ZERO_SUM_FREE	javascript	Symbol.iterator; Symbol.dispose; Error; native/WASM/WASI runtime identity	missing	-	-	implement-declared-law-marker
lling-llang	src/semiring/traits.rs	ZeroSumFreeSemiring	declared-law-marker	VT_SEMIRING_PROPERTY_ZERO_SUM_FREE	typescript	structural interfaces; Iterable; Disposable; discriminated errors	missing	-	-	implement-declared-law-marker
lling-llang	src/semiring/traits.rs	ZeroSumFreeSemiring	declared-law-marker	VT_SEMIRING_PROPERTY_ZERO_SUM_FREE	clojurescript	ISeqable; IReduce; protocol dispatch; close!	missing	-	-	implement-declared-law-marker
lling-llang	src/semiring/traits.rs	ZeroSumFreeSemiring	declared-law-marker	VT_SEMIRING_PROPERTY_ZERO_SUM_FREE	swift	Sequence/Collection; protocols; throws; deterministic scoped ownership	missing	-	-	implement-declared-law-marker
lling-llang	src/semiring/traits.rs	ZeroSumFreeSemiring	declared-law-marker	VT_SEMIRING_PROPERTY_ZERO_SUM_FREE	ruby	Enumerable; blocks/ensure; exceptions; explicit close	missing	-	-	implement-declared-law-marker
lling-llang	src/semiring/traits.rs	ZeroSumFreeSemiring	declared-law-marker	VT_SEMIRING_PROPERTY_ZERO_SUM_FREE	fortran	modules; derived types; type-bound procedures; finalizers	missing	-	-	implement-declared-law-marker
lling-llang	src/semiring/traits.rs	ZeroSumFreeSemiring	declared-law-marker	VT_SEMIRING_PROPERTY_ZERO_SUM_FREE	ocaml	abstract types; Seq; result; Fun.protect	missing	-	-	implement-declared-law-marker
lling-llang	src/semiring/traits.rs	ZeroSumFreeSemiring	declared-law-marker	VT_SEMIRING_PROPERTY_ZERO_SUM_FREE	haskell	type classes; Foldable; bracket; Either	missing	-	-	implement-declared-law-marker
lling-llang	src/semiring/traits.rs	ZeroSumFreeSemiring	declared-law-marker	VT_SEMIRING_PROPERTY_ZERO_SUM_FREE	lua	generic-for iterators; __close; tables; error values	missing	-	-	implement-declared-law-marker
lling-llang	src/semiring/traits.rs	ZeroSumFreeSemiring	declared-law-marker	VT_SEMIRING_PROPERTY_ZERO_SUM_FREE	raku	NativeCall; Iterable/Positional/Associative; LEAVE; exceptions	complete	full-modeled-provider-surface	["lling-llang:bindings/raku/lib/Lling/Llang.rakumod","lling-llang:bindings/raku/t/01-conformance.rakutest"]	-
lling-llang	src/semiring/traits.rs	ZeroSumFreeSemiring	declared-law-marker	VT_SEMIRING_PROPERTY_ZERO_SUM_FREE	julia	ccall; multiple dispatch; AbstractDict/AbstractSet; iteration; do blocks; deterministic close and finalizers; @cfunction interfaces	complete	full-modeled-provider-surface	["lling-llang:bindings/julia/LlingLlang/src/LlingLlang.jl","lling-llang:bindings/julia/LlingLlang/test/runtests.jl"]	-
lling-llang	src/symbolic/algebra_tower.rs	HeytingAlgebra	high-level-operation-interface	-	rust	traits; IntoIterator/Iterator; Result; Drop	complete	full-native-trait-surface	["lling-llang:src/symbolic/algebra_tower.rs"]	-
lling-llang	src/symbolic/algebra_tower.rs	HeytingAlgebra	high-level-operation-interface	-	c	opaque handles; status codes; bounded buffers; vtables	missing	-	-	implement-high-level-operation-interface
lling-llang	src/symbolic/algebra_tower.rs	HeytingAlgebra	high-level-operation-interface	-	cpp	RAII; ranges/iterators; move-only handles; typed errors	missing	-	-	implement-high-level-operation-interface
lling-llang	src/symbolic/algebra_tower.rs	HeytingAlgebra	high-level-operation-interface	-	python	context managers; iterators/collections; exceptions; protocols	missing	-	-	implement-high-level-operation-interface
lling-llang	src/symbolic/algebra_tower.rs	HeytingAlgebra	high-level-operation-interface	-	java	AutoCloseable/try-with-resources; Collection/Map; Stream/Spliterator; interfaces	missing	-	-	implement-high-level-operation-interface
lling-llang	src/symbolic/algebra_tower.rs	HeytingAlgebra	high-level-operation-interface	-	kotlin	use; Iterable/Map; Sequence; SAM interfaces	missing	-	-	implement-high-level-operation-interface
lling-llang	src/symbolic/algebra_tower.rs	HeytingAlgebra	high-level-operation-interface	-	scala	Using/AutoCloseable; Iterable; Iterator; type classes	missing	-	-	implement-high-level-operation-interface
lling-llang	src/symbolic/algebra_tower.rs	HeytingAlgebra	high-level-operation-interface	-	clojure	Seqable; IReduceInit; Closeable; persistent values	missing	-	-	implement-high-level-operation-interface
lling-llang	src/symbolic/algebra_tower.rs	HeytingAlgebra	high-level-operation-interface	-	csharp	IDisposable/using; IEnumerable/IDictionary; exceptions; interfaces	missing	-	-	implement-high-level-operation-interface
lling-llang	src/symbolic/algebra_tower.rs	HeytingAlgebra	high-level-operation-interface	-	fsharp	use/use!; seq; Result; object expressions; interfaces	missing	-	-	implement-high-level-operation-interface
lling-llang	src/symbolic/algebra_tower.rs	HeytingAlgebra	high-level-operation-interface	-	go	interfaces; iter.Seq; io.Closer; errors	missing	-	-	implement-high-level-operation-interface
lling-llang	src/symbolic/algebra_tower.rs	HeytingAlgebra	high-level-operation-interface	-	javascript	Symbol.iterator; Symbol.dispose; Error; native/WASM/WASI runtime identity	missing	-	-	implement-high-level-operation-interface
lling-llang	src/symbolic/algebra_tower.rs	HeytingAlgebra	high-level-operation-interface	-	typescript	structural interfaces; Iterable; Disposable; discriminated errors	missing	-	-	implement-high-level-operation-interface
lling-llang	src/symbolic/algebra_tower.rs	HeytingAlgebra	high-level-operation-interface	-	clojurescript	ISeqable; IReduce; protocol dispatch; close!	missing	-	-	implement-high-level-operation-interface
lling-llang	src/symbolic/algebra_tower.rs	HeytingAlgebra	high-level-operation-interface	-	swift	Sequence/Collection; protocols; throws; deterministic scoped ownership	missing	-	-	implement-high-level-operation-interface
lling-llang	src/symbolic/algebra_tower.rs	HeytingAlgebra	high-level-operation-interface	-	ruby	Enumerable; blocks/ensure; exceptions; explicit close	missing	-	-	implement-high-level-operation-interface
lling-llang	src/symbolic/algebra_tower.rs	HeytingAlgebra	high-level-operation-interface	-	fortran	modules; derived types; type-bound procedures; finalizers	missing	-	-	implement-high-level-operation-interface
lling-llang	src/symbolic/algebra_tower.rs	HeytingAlgebra	high-level-operation-interface	-	ocaml	abstract types; Seq; result; Fun.protect	missing	-	-	implement-high-level-operation-interface
lling-llang	src/symbolic/algebra_tower.rs	HeytingAlgebra	high-level-operation-interface	-	haskell	type classes; Foldable; bracket; Either	missing	-	-	implement-high-level-operation-interface
lling-llang	src/symbolic/algebra_tower.rs	HeytingAlgebra	high-level-operation-interface	-	lua	generic-for iterators; __close; tables; error values	missing	-	-	implement-high-level-operation-interface
lling-llang	src/symbolic/algebra_tower.rs	HeytingAlgebra	high-level-operation-interface	-	raku	NativeCall; Iterable/Positional/Associative; LEAVE; exceptions	missing	-	-	implement-high-level-operation-interface
lling-llang	src/symbolic/algebra_tower.rs	HeytingAlgebra	high-level-operation-interface	-	julia	ccall; multiple dispatch; AbstractDict/AbstractSet; iteration; do blocks; deterministic close and finalizers; @cfunction interfaces	missing	-	-	implement-high-level-operation-interface
lling-llang	src/symbolic/algebra_tower.rs	RejectSafeAlgebra	high-level-operation-interface	-	rust	traits; IntoIterator/Iterator; Result; Drop	complete	full-native-trait-surface	["lling-llang:src/symbolic/algebra_tower.rs"]	-
lling-llang	src/symbolic/algebra_tower.rs	RejectSafeAlgebra	high-level-operation-interface	-	c	opaque handles; status codes; bounded buffers; vtables	missing	-	-	implement-high-level-operation-interface
lling-llang	src/symbolic/algebra_tower.rs	RejectSafeAlgebra	high-level-operation-interface	-	cpp	RAII; ranges/iterators; move-only handles; typed errors	missing	-	-	implement-high-level-operation-interface
lling-llang	src/symbolic/algebra_tower.rs	RejectSafeAlgebra	high-level-operation-interface	-	python	context managers; iterators/collections; exceptions; protocols	missing	-	-	implement-high-level-operation-interface
lling-llang	src/symbolic/algebra_tower.rs	RejectSafeAlgebra	high-level-operation-interface	-	java	AutoCloseable/try-with-resources; Collection/Map; Stream/Spliterator; interfaces	missing	-	-	implement-high-level-operation-interface
lling-llang	src/symbolic/algebra_tower.rs	RejectSafeAlgebra	high-level-operation-interface	-	kotlin	use; Iterable/Map; Sequence; SAM interfaces	missing	-	-	implement-high-level-operation-interface
lling-llang	src/symbolic/algebra_tower.rs	RejectSafeAlgebra	high-level-operation-interface	-	scala	Using/AutoCloseable; Iterable; Iterator; type classes	missing	-	-	implement-high-level-operation-interface
lling-llang	src/symbolic/algebra_tower.rs	RejectSafeAlgebra	high-level-operation-interface	-	clojure	Seqable; IReduceInit; Closeable; persistent values	missing	-	-	implement-high-level-operation-interface
lling-llang	src/symbolic/algebra_tower.rs	RejectSafeAlgebra	high-level-operation-interface	-	csharp	IDisposable/using; IEnumerable/IDictionary; exceptions; interfaces	missing	-	-	implement-high-level-operation-interface
lling-llang	src/symbolic/algebra_tower.rs	RejectSafeAlgebra	high-level-operation-interface	-	fsharp	use/use!; seq; Result; object expressions; interfaces	missing	-	-	implement-high-level-operation-interface
lling-llang	src/symbolic/algebra_tower.rs	RejectSafeAlgebra	high-level-operation-interface	-	go	interfaces; iter.Seq; io.Closer; errors	missing	-	-	implement-high-level-operation-interface
lling-llang	src/symbolic/algebra_tower.rs	RejectSafeAlgebra	high-level-operation-interface	-	javascript	Symbol.iterator; Symbol.dispose; Error; native/WASM/WASI runtime identity	missing	-	-	implement-high-level-operation-interface
lling-llang	src/symbolic/algebra_tower.rs	RejectSafeAlgebra	high-level-operation-interface	-	typescript	structural interfaces; Iterable; Disposable; discriminated errors	missing	-	-	implement-high-level-operation-interface
lling-llang	src/symbolic/algebra_tower.rs	RejectSafeAlgebra	high-level-operation-interface	-	clojurescript	ISeqable; IReduce; protocol dispatch; close!	missing	-	-	implement-high-level-operation-interface
lling-llang	src/symbolic/algebra_tower.rs	RejectSafeAlgebra	high-level-operation-interface	-	swift	Sequence/Collection; protocols; throws; deterministic scoped ownership	missing	-	-	implement-high-level-operation-interface
lling-llang	src/symbolic/algebra_tower.rs	RejectSafeAlgebra	high-level-operation-interface	-	ruby	Enumerable; blocks/ensure; exceptions; explicit close	missing	-	-	implement-high-level-operation-interface
lling-llang	src/symbolic/algebra_tower.rs	RejectSafeAlgebra	high-level-operation-interface	-	fortran	modules; derived types; type-bound procedures; finalizers	missing	-	-	implement-high-level-operation-interface
lling-llang	src/symbolic/algebra_tower.rs	RejectSafeAlgebra	high-level-operation-interface	-	ocaml	abstract types; Seq; result; Fun.protect	missing	-	-	implement-high-level-operation-interface
lling-llang	src/symbolic/algebra_tower.rs	RejectSafeAlgebra	high-level-operation-interface	-	haskell	type classes; Foldable; bracket; Either	missing	-	-	implement-high-level-operation-interface
lling-llang	src/symbolic/algebra_tower.rs	RejectSafeAlgebra	high-level-operation-interface	-	lua	generic-for iterators; __close; tables; error values	missing	-	-	implement-high-level-operation-interface
lling-llang	src/symbolic/algebra_tower.rs	RejectSafeAlgebra	high-level-operation-interface	-	raku	NativeCall; Iterable/Positional/Associative; LEAVE; exceptions	missing	-	-	implement-high-level-operation-interface
lling-llang	src/symbolic/algebra_tower.rs	RejectSafeAlgebra	high-level-operation-interface	-	julia	ccall; multiple dispatch; AbstractDict/AbstractSet; iteration; do blocks; deterministic close and finalizers; @cfunction interfaces	missing	-	-	implement-high-level-operation-interface
lling-llang	src/symbolic/behavioral_algebra.rs	HostTerm	high-level-operation-interface	-	rust	traits; IntoIterator/Iterator; Result; Drop	complete	full-native-trait-surface	["lling-llang:src/symbolic/behavioral_algebra.rs"]	-
lling-llang	src/symbolic/behavioral_algebra.rs	HostTerm	high-level-operation-interface	-	c	opaque handles; status codes; bounded buffers; vtables	missing	-	-	implement-high-level-operation-interface
lling-llang	src/symbolic/behavioral_algebra.rs	HostTerm	high-level-operation-interface	-	cpp	RAII; ranges/iterators; move-only handles; typed errors	missing	-	-	implement-high-level-operation-interface
lling-llang	src/symbolic/behavioral_algebra.rs	HostTerm	high-level-operation-interface	-	python	context managers; iterators/collections; exceptions; protocols	missing	-	-	implement-high-level-operation-interface
lling-llang	src/symbolic/behavioral_algebra.rs	HostTerm	high-level-operation-interface	-	java	AutoCloseable/try-with-resources; Collection/Map; Stream/Spliterator; interfaces	missing	-	-	implement-high-level-operation-interface
lling-llang	src/symbolic/behavioral_algebra.rs	HostTerm	high-level-operation-interface	-	kotlin	use; Iterable/Map; Sequence; SAM interfaces	missing	-	-	implement-high-level-operation-interface
lling-llang	src/symbolic/behavioral_algebra.rs	HostTerm	high-level-operation-interface	-	scala	Using/AutoCloseable; Iterable; Iterator; type classes	missing	-	-	implement-high-level-operation-interface
lling-llang	src/symbolic/behavioral_algebra.rs	HostTerm	high-level-operation-interface	-	clojure	Seqable; IReduceInit; Closeable; persistent values	missing	-	-	implement-high-level-operation-interface
lling-llang	src/symbolic/behavioral_algebra.rs	HostTerm	high-level-operation-interface	-	csharp	IDisposable/using; IEnumerable/IDictionary; exceptions; interfaces	missing	-	-	implement-high-level-operation-interface
lling-llang	src/symbolic/behavioral_algebra.rs	HostTerm	high-level-operation-interface	-	fsharp	use/use!; seq; Result; object expressions; interfaces	missing	-	-	implement-high-level-operation-interface
lling-llang	src/symbolic/behavioral_algebra.rs	HostTerm	high-level-operation-interface	-	go	interfaces; iter.Seq; io.Closer; errors	missing	-	-	implement-high-level-operation-interface
lling-llang	src/symbolic/behavioral_algebra.rs	HostTerm	high-level-operation-interface	-	javascript	Symbol.iterator; Symbol.dispose; Error; native/WASM/WASI runtime identity	missing	-	-	implement-high-level-operation-interface
lling-llang	src/symbolic/behavioral_algebra.rs	HostTerm	high-level-operation-interface	-	typescript	structural interfaces; Iterable; Disposable; discriminated errors	missing	-	-	implement-high-level-operation-interface
lling-llang	src/symbolic/behavioral_algebra.rs	HostTerm	high-level-operation-interface	-	clojurescript	ISeqable; IReduce; protocol dispatch; close!	missing	-	-	implement-high-level-operation-interface
lling-llang	src/symbolic/behavioral_algebra.rs	HostTerm	high-level-operation-interface	-	swift	Sequence/Collection; protocols; throws; deterministic scoped ownership	missing	-	-	implement-high-level-operation-interface
lling-llang	src/symbolic/behavioral_algebra.rs	HostTerm	high-level-operation-interface	-	ruby	Enumerable; blocks/ensure; exceptions; explicit close	missing	-	-	implement-high-level-operation-interface
lling-llang	src/symbolic/behavioral_algebra.rs	HostTerm	high-level-operation-interface	-	fortran	modules; derived types; type-bound procedures; finalizers	missing	-	-	implement-high-level-operation-interface
lling-llang	src/symbolic/behavioral_algebra.rs	HostTerm	high-level-operation-interface	-	ocaml	abstract types; Seq; result; Fun.protect	missing	-	-	implement-high-level-operation-interface
lling-llang	src/symbolic/behavioral_algebra.rs	HostTerm	high-level-operation-interface	-	haskell	type classes; Foldable; bracket; Either	missing	-	-	implement-high-level-operation-interface
lling-llang	src/symbolic/behavioral_algebra.rs	HostTerm	high-level-operation-interface	-	lua	generic-for iterators; __close; tables; error values	missing	-	-	implement-high-level-operation-interface
lling-llang	src/symbolic/behavioral_algebra.rs	HostTerm	high-level-operation-interface	-	raku	NativeCall; Iterable/Positional/Associative; LEAVE; exceptions	missing	-	-	implement-high-level-operation-interface
lling-llang	src/symbolic/behavioral_algebra.rs	HostTerm	high-level-operation-interface	-	julia	ccall; multiple dispatch; AbstractDict/AbstractSet; iteration; do blocks; deterministic close and finalizers; @cfunction interfaces	missing	-	-	implement-high-level-operation-interface
lling-llang	src/symbolic/collection_algebra.rs	Singleton	high-level-operation-interface	-	rust	traits; IntoIterator/Iterator; Result; Drop	complete	full-native-trait-surface	["lling-llang:src/symbolic/collection_algebra.rs"]	-
lling-llang	src/symbolic/collection_algebra.rs	Singleton	high-level-operation-interface	-	c	opaque handles; status codes; bounded buffers; vtables	missing	-	-	implement-high-level-operation-interface
lling-llang	src/symbolic/collection_algebra.rs	Singleton	high-level-operation-interface	-	cpp	RAII; ranges/iterators; move-only handles; typed errors	missing	-	-	implement-high-level-operation-interface
lling-llang	src/symbolic/collection_algebra.rs	Singleton	high-level-operation-interface	-	python	context managers; iterators/collections; exceptions; protocols	missing	-	-	implement-high-level-operation-interface
lling-llang	src/symbolic/collection_algebra.rs	Singleton	high-level-operation-interface	-	java	AutoCloseable/try-with-resources; Collection/Map; Stream/Spliterator; interfaces	missing	-	-	implement-high-level-operation-interface
lling-llang	src/symbolic/collection_algebra.rs	Singleton	high-level-operation-interface	-	kotlin	use; Iterable/Map; Sequence; SAM interfaces	missing	-	-	implement-high-level-operation-interface
lling-llang	src/symbolic/collection_algebra.rs	Singleton	high-level-operation-interface	-	scala	Using/AutoCloseable; Iterable; Iterator; type classes	missing	-	-	implement-high-level-operation-interface
lling-llang	src/symbolic/collection_algebra.rs	Singleton	high-level-operation-interface	-	clojure	Seqable; IReduceInit; Closeable; persistent values	missing	-	-	implement-high-level-operation-interface
lling-llang	src/symbolic/collection_algebra.rs	Singleton	high-level-operation-interface	-	csharp	IDisposable/using; IEnumerable/IDictionary; exceptions; interfaces	missing	-	-	implement-high-level-operation-interface
lling-llang	src/symbolic/collection_algebra.rs	Singleton	high-level-operation-interface	-	fsharp	use/use!; seq; Result; object expressions; interfaces	missing	-	-	implement-high-level-operation-interface
lling-llang	src/symbolic/collection_algebra.rs	Singleton	high-level-operation-interface	-	go	interfaces; iter.Seq; io.Closer; errors	missing	-	-	implement-high-level-operation-interface
lling-llang	src/symbolic/collection_algebra.rs	Singleton	high-level-operation-interface	-	javascript	Symbol.iterator; Symbol.dispose; Error; native/WASM/WASI runtime identity	missing	-	-	implement-high-level-operation-interface
lling-llang	src/symbolic/collection_algebra.rs	Singleton	high-level-operation-interface	-	typescript	structural interfaces; Iterable; Disposable; discriminated errors	missing	-	-	implement-high-level-operation-interface
lling-llang	src/symbolic/collection_algebra.rs	Singleton	high-level-operation-interface	-	clojurescript	ISeqable; IReduce; protocol dispatch; close!	missing	-	-	implement-high-level-operation-interface
lling-llang	src/symbolic/collection_algebra.rs	Singleton	high-level-operation-interface	-	swift	Sequence/Collection; protocols; throws; deterministic scoped ownership	missing	-	-	implement-high-level-operation-interface
lling-llang	src/symbolic/collection_algebra.rs	Singleton	high-level-operation-interface	-	ruby	Enumerable; blocks/ensure; exceptions; explicit close	missing	-	-	implement-high-level-operation-interface
lling-llang	src/symbolic/collection_algebra.rs	Singleton	high-level-operation-interface	-	fortran	modules; derived types; type-bound procedures; finalizers	missing	-	-	implement-high-level-operation-interface
lling-llang	src/symbolic/collection_algebra.rs	Singleton	high-level-operation-interface	-	ocaml	abstract types; Seq; result; Fun.protect	missing	-	-	implement-high-level-operation-interface
lling-llang	src/symbolic/collection_algebra.rs	Singleton	high-level-operation-interface	-	haskell	type classes; Foldable; bracket; Either	missing	-	-	implement-high-level-operation-interface
lling-llang	src/symbolic/collection_algebra.rs	Singleton	high-level-operation-interface	-	lua	generic-for iterators; __close; tables; error values	missing	-	-	implement-high-level-operation-interface
lling-llang	src/symbolic/collection_algebra.rs	Singleton	high-level-operation-interface	-	raku	NativeCall; Iterable/Positional/Associative; LEAVE; exceptions	missing	-	-	implement-high-level-operation-interface
lling-llang	src/symbolic/collection_algebra.rs	Singleton	high-level-operation-interface	-	julia	ccall; multiple dispatch; AbstractDict/AbstractSet; iteration; do blocks; deterministic close and finalizers; @cfunction interfaces	missing	-	-	implement-high-level-operation-interface
lling-llang	src/symbolic/logict.rs	ConstraintTheory	high-level-operation-interface	-	rust	traits; IntoIterator/Iterator; Result; Drop	complete	full-native-trait-surface	["lling-llang:src/symbolic/logict.rs"]	-
lling-llang	src/symbolic/logict.rs	ConstraintTheory	high-level-operation-interface	-	c	opaque handles; status codes; bounded buffers; vtables	missing	-	-	implement-high-level-operation-interface
lling-llang	src/symbolic/logict.rs	ConstraintTheory	high-level-operation-interface	-	cpp	RAII; ranges/iterators; move-only handles; typed errors	missing	-	-	implement-high-level-operation-interface
lling-llang	src/symbolic/logict.rs	ConstraintTheory	high-level-operation-interface	-	python	context managers; iterators/collections; exceptions; protocols	missing	-	-	implement-high-level-operation-interface
lling-llang	src/symbolic/logict.rs	ConstraintTheory	high-level-operation-interface	-	java	AutoCloseable/try-with-resources; Collection/Map; Stream/Spliterator; interfaces	missing	-	-	implement-high-level-operation-interface
lling-llang	src/symbolic/logict.rs	ConstraintTheory	high-level-operation-interface	-	kotlin	use; Iterable/Map; Sequence; SAM interfaces	missing	-	-	implement-high-level-operation-interface
lling-llang	src/symbolic/logict.rs	ConstraintTheory	high-level-operation-interface	-	scala	Using/AutoCloseable; Iterable; Iterator; type classes	missing	-	-	implement-high-level-operation-interface
lling-llang	src/symbolic/logict.rs	ConstraintTheory	high-level-operation-interface	-	clojure	Seqable; IReduceInit; Closeable; persistent values	missing	-	-	implement-high-level-operation-interface
lling-llang	src/symbolic/logict.rs	ConstraintTheory	high-level-operation-interface	-	csharp	IDisposable/using; IEnumerable/IDictionary; exceptions; interfaces	missing	-	-	implement-high-level-operation-interface
lling-llang	src/symbolic/logict.rs	ConstraintTheory	high-level-operation-interface	-	fsharp	use/use!; seq; Result; object expressions; interfaces	missing	-	-	implement-high-level-operation-interface
lling-llang	src/symbolic/logict.rs	ConstraintTheory	high-level-operation-interface	-	go	interfaces; iter.Seq; io.Closer; errors	missing	-	-	implement-high-level-operation-interface
lling-llang	src/symbolic/logict.rs	ConstraintTheory	high-level-operation-interface	-	javascript	Symbol.iterator; Symbol.dispose; Error; native/WASM/WASI runtime identity	missing	-	-	implement-high-level-operation-interface
lling-llang	src/symbolic/logict.rs	ConstraintTheory	high-level-operation-interface	-	typescript	structural interfaces; Iterable; Disposable; discriminated errors	missing	-	-	implement-high-level-operation-interface
lling-llang	src/symbolic/logict.rs	ConstraintTheory	high-level-operation-interface	-	clojurescript	ISeqable; IReduce; protocol dispatch; close!	missing	-	-	implement-high-level-operation-interface
lling-llang	src/symbolic/logict.rs	ConstraintTheory	high-level-operation-interface	-	swift	Sequence/Collection; protocols; throws; deterministic scoped ownership	missing	-	-	implement-high-level-operation-interface
lling-llang	src/symbolic/logict.rs	ConstraintTheory	high-level-operation-interface	-	ruby	Enumerable; blocks/ensure; exceptions; explicit close	missing	-	-	implement-high-level-operation-interface
lling-llang	src/symbolic/logict.rs	ConstraintTheory	high-level-operation-interface	-	fortran	modules; derived types; type-bound procedures; finalizers	missing	-	-	implement-high-level-operation-interface
lling-llang	src/symbolic/logict.rs	ConstraintTheory	high-level-operation-interface	-	ocaml	abstract types; Seq; result; Fun.protect	missing	-	-	implement-high-level-operation-interface
lling-llang	src/symbolic/logict.rs	ConstraintTheory	high-level-operation-interface	-	haskell	type classes; Foldable; bracket; Either	missing	-	-	implement-high-level-operation-interface
lling-llang	src/symbolic/logict.rs	ConstraintTheory	high-level-operation-interface	-	lua	generic-for iterators; __close; tables; error values	missing	-	-	implement-high-level-operation-interface
lling-llang	src/symbolic/logict.rs	ConstraintTheory	high-level-operation-interface	-	raku	NativeCall; Iterable/Positional/Associative; LEAVE; exceptions	missing	-	-	implement-high-level-operation-interface
lling-llang	src/symbolic/logict.rs	ConstraintTheory	high-level-operation-interface	-	julia	ccall; multiple dispatch; AbstractDict/AbstractSet; iteration; do blocks; deterministic close and finalizers; @cfunction interfaces	missing	-	-	implement-high-level-operation-interface
lling-llang	src/symbolic/ordered_field.rs	OrderedPoint	high-level-operation-interface	-	rust	traits; IntoIterator/Iterator; Result; Drop	complete	full-native-trait-surface	["lling-llang:src/symbolic/ordered_field.rs"]	-
lling-llang	src/symbolic/ordered_field.rs	OrderedPoint	high-level-operation-interface	-	c	opaque handles; status codes; bounded buffers; vtables	missing	-	-	implement-high-level-operation-interface
lling-llang	src/symbolic/ordered_field.rs	OrderedPoint	high-level-operation-interface	-	cpp	RAII; ranges/iterators; move-only handles; typed errors	missing	-	-	implement-high-level-operation-interface
lling-llang	src/symbolic/ordered_field.rs	OrderedPoint	high-level-operation-interface	-	python	context managers; iterators/collections; exceptions; protocols	missing	-	-	implement-high-level-operation-interface
lling-llang	src/symbolic/ordered_field.rs	OrderedPoint	high-level-operation-interface	-	java	AutoCloseable/try-with-resources; Collection/Map; Stream/Spliterator; interfaces	missing	-	-	implement-high-level-operation-interface
lling-llang	src/symbolic/ordered_field.rs	OrderedPoint	high-level-operation-interface	-	kotlin	use; Iterable/Map; Sequence; SAM interfaces	missing	-	-	implement-high-level-operation-interface
lling-llang	src/symbolic/ordered_field.rs	OrderedPoint	high-level-operation-interface	-	scala	Using/AutoCloseable; Iterable; Iterator; type classes	missing	-	-	implement-high-level-operation-interface
lling-llang	src/symbolic/ordered_field.rs	OrderedPoint	high-level-operation-interface	-	clojure	Seqable; IReduceInit; Closeable; persistent values	missing	-	-	implement-high-level-operation-interface
lling-llang	src/symbolic/ordered_field.rs	OrderedPoint	high-level-operation-interface	-	csharp	IDisposable/using; IEnumerable/IDictionary; exceptions; interfaces	missing	-	-	implement-high-level-operation-interface
lling-llang	src/symbolic/ordered_field.rs	OrderedPoint	high-level-operation-interface	-	fsharp	use/use!; seq; Result; object expressions; interfaces	missing	-	-	implement-high-level-operation-interface
lling-llang	src/symbolic/ordered_field.rs	OrderedPoint	high-level-operation-interface	-	go	interfaces; iter.Seq; io.Closer; errors	missing	-	-	implement-high-level-operation-interface
lling-llang	src/symbolic/ordered_field.rs	OrderedPoint	high-level-operation-interface	-	javascript	Symbol.iterator; Symbol.dispose; Error; native/WASM/WASI runtime identity	missing	-	-	implement-high-level-operation-interface
lling-llang	src/symbolic/ordered_field.rs	OrderedPoint	high-level-operation-interface	-	typescript	structural interfaces; Iterable; Disposable; discriminated errors	missing	-	-	implement-high-level-operation-interface
lling-llang	src/symbolic/ordered_field.rs	OrderedPoint	high-level-operation-interface	-	clojurescript	ISeqable; IReduce; protocol dispatch; close!	missing	-	-	implement-high-level-operation-interface
lling-llang	src/symbolic/ordered_field.rs	OrderedPoint	high-level-operation-interface	-	swift	Sequence/Collection; protocols; throws; deterministic scoped ownership	missing	-	-	implement-high-level-operation-interface
lling-llang	src/symbolic/ordered_field.rs	OrderedPoint	high-level-operation-interface	-	ruby	Enumerable; blocks/ensure; exceptions; explicit close	missing	-	-	implement-high-level-operation-interface
lling-llang	src/symbolic/ordered_field.rs	OrderedPoint	high-level-operation-interface	-	fortran	modules; derived types; type-bound procedures; finalizers	missing	-	-	implement-high-level-operation-interface
lling-llang	src/symbolic/ordered_field.rs	OrderedPoint	high-level-operation-interface	-	ocaml	abstract types; Seq; result; Fun.protect	missing	-	-	implement-high-level-operation-interface
lling-llang	src/symbolic/ordered_field.rs	OrderedPoint	high-level-operation-interface	-	haskell	type classes; Foldable; bracket; Either	missing	-	-	implement-high-level-operation-interface
lling-llang	src/symbolic/ordered_field.rs	OrderedPoint	high-level-operation-interface	-	lua	generic-for iterators; __close; tables; error values	missing	-	-	implement-high-level-operation-interface
lling-llang	src/symbolic/ordered_field.rs	OrderedPoint	high-level-operation-interface	-	raku	NativeCall; Iterable/Positional/Associative; LEAVE; exceptions	missing	-	-	implement-high-level-operation-interface
lling-llang	src/symbolic/ordered_field.rs	OrderedPoint	high-level-operation-interface	-	julia	ccall; multiple dispatch; AbstractDict/AbstractSet; iteration; do blocks; deterministic close and finalizers; @cfunction interfaces	missing	-	-	implement-high-level-operation-interface
lling-llang	src/symbolic/sfa.rs	BooleanAlgebra	high-level-operation-interface	-	rust	traits; IntoIterator/Iterator; Result; Drop	complete	full-native-trait-surface	["lling-llang:src/symbolic/sfa.rs"]	-
lling-llang	src/symbolic/sfa.rs	BooleanAlgebra	high-level-operation-interface	-	c	opaque handles; status codes; bounded buffers; vtables	missing	-	-	implement-high-level-operation-interface
lling-llang	src/symbolic/sfa.rs	BooleanAlgebra	high-level-operation-interface	-	cpp	RAII; ranges/iterators; move-only handles; typed errors	missing	-	-	implement-high-level-operation-interface
lling-llang	src/symbolic/sfa.rs	BooleanAlgebra	high-level-operation-interface	-	python	context managers; iterators/collections; exceptions; protocols	missing	-	-	implement-high-level-operation-interface
lling-llang	src/symbolic/sfa.rs	BooleanAlgebra	high-level-operation-interface	-	java	AutoCloseable/try-with-resources; Collection/Map; Stream/Spliterator; interfaces	missing	-	-	implement-high-level-operation-interface
lling-llang	src/symbolic/sfa.rs	BooleanAlgebra	high-level-operation-interface	-	kotlin	use; Iterable/Map; Sequence; SAM interfaces	missing	-	-	implement-high-level-operation-interface
lling-llang	src/symbolic/sfa.rs	BooleanAlgebra	high-level-operation-interface	-	scala	Using/AutoCloseable; Iterable; Iterator; type classes	missing	-	-	implement-high-level-operation-interface
lling-llang	src/symbolic/sfa.rs	BooleanAlgebra	high-level-operation-interface	-	clojure	Seqable; IReduceInit; Closeable; persistent values	missing	-	-	implement-high-level-operation-interface
lling-llang	src/symbolic/sfa.rs	BooleanAlgebra	high-level-operation-interface	-	csharp	IDisposable/using; IEnumerable/IDictionary; exceptions; interfaces	missing	-	-	implement-high-level-operation-interface
lling-llang	src/symbolic/sfa.rs	BooleanAlgebra	high-level-operation-interface	-	fsharp	use/use!; seq; Result; object expressions; interfaces	missing	-	-	implement-high-level-operation-interface
lling-llang	src/symbolic/sfa.rs	BooleanAlgebra	high-level-operation-interface	-	go	interfaces; iter.Seq; io.Closer; errors	missing	-	-	implement-high-level-operation-interface
lling-llang	src/symbolic/sfa.rs	BooleanAlgebra	high-level-operation-interface	-	javascript	Symbol.iterator; Symbol.dispose; Error; native/WASM/WASI runtime identity	missing	-	-	implement-high-level-operation-interface
lling-llang	src/symbolic/sfa.rs	BooleanAlgebra	high-level-operation-interface	-	typescript	structural interfaces; Iterable; Disposable; discriminated errors	missing	-	-	implement-high-level-operation-interface
lling-llang	src/symbolic/sfa.rs	BooleanAlgebra	high-level-operation-interface	-	clojurescript	ISeqable; IReduce; protocol dispatch; close!	missing	-	-	implement-high-level-operation-interface
lling-llang	src/symbolic/sfa.rs	BooleanAlgebra	high-level-operation-interface	-	swift	Sequence/Collection; protocols; throws; deterministic scoped ownership	missing	-	-	implement-high-level-operation-interface
lling-llang	src/symbolic/sfa.rs	BooleanAlgebra	high-level-operation-interface	-	ruby	Enumerable; blocks/ensure; exceptions; explicit close	missing	-	-	implement-high-level-operation-interface
lling-llang	src/symbolic/sfa.rs	BooleanAlgebra	high-level-operation-interface	-	fortran	modules; derived types; type-bound procedures; finalizers	missing	-	-	implement-high-level-operation-interface
lling-llang	src/symbolic/sfa.rs	BooleanAlgebra	high-level-operation-interface	-	ocaml	abstract types; Seq; result; Fun.protect	missing	-	-	implement-high-level-operation-interface
lling-llang	src/symbolic/sfa.rs	BooleanAlgebra	high-level-operation-interface	-	haskell	type classes; Foldable; bracket; Either	missing	-	-	implement-high-level-operation-interface
lling-llang	src/symbolic/sfa.rs	BooleanAlgebra	high-level-operation-interface	-	lua	generic-for iterators; __close; tables; error values	missing	-	-	implement-high-level-operation-interface
lling-llang	src/symbolic/sfa.rs	BooleanAlgebra	high-level-operation-interface	-	raku	NativeCall; Iterable/Positional/Associative; LEAVE; exceptions	missing	-	-	implement-high-level-operation-interface
lling-llang	src/symbolic/sfa.rs	BooleanAlgebra	high-level-operation-interface	-	julia	ccall; multiple dispatch; AbstractDict/AbstractSet; iteration; do blocks; deterministic close and finalizers; @cfunction interfaces	missing	-	-	implement-high-level-operation-interface
lling-llang	src/transducer/traits.rs	AcousticEncoder	high-level-operation-interface	-	rust	traits; IntoIterator/Iterator; Result; Drop	complete	full-native-trait-surface	["lling-llang:src/transducer/traits.rs"]	-
lling-llang	src/transducer/traits.rs	AcousticEncoder	high-level-operation-interface	-	c	opaque handles; status codes; bounded buffers; vtables	missing	-	-	implement-high-level-operation-interface
lling-llang	src/transducer/traits.rs	AcousticEncoder	high-level-operation-interface	-	cpp	RAII; ranges/iterators; move-only handles; typed errors	missing	-	-	implement-high-level-operation-interface
lling-llang	src/transducer/traits.rs	AcousticEncoder	high-level-operation-interface	-	python	context managers; iterators/collections; exceptions; protocols	missing	-	-	implement-high-level-operation-interface
lling-llang	src/transducer/traits.rs	AcousticEncoder	high-level-operation-interface	-	java	AutoCloseable/try-with-resources; Collection/Map; Stream/Spliterator; interfaces	missing	-	-	implement-high-level-operation-interface
lling-llang	src/transducer/traits.rs	AcousticEncoder	high-level-operation-interface	-	kotlin	use; Iterable/Map; Sequence; SAM interfaces	missing	-	-	implement-high-level-operation-interface
lling-llang	src/transducer/traits.rs	AcousticEncoder	high-level-operation-interface	-	scala	Using/AutoCloseable; Iterable; Iterator; type classes	missing	-	-	implement-high-level-operation-interface
lling-llang	src/transducer/traits.rs	AcousticEncoder	high-level-operation-interface	-	clojure	Seqable; IReduceInit; Closeable; persistent values	missing	-	-	implement-high-level-operation-interface
lling-llang	src/transducer/traits.rs	AcousticEncoder	high-level-operation-interface	-	csharp	IDisposable/using; IEnumerable/IDictionary; exceptions; interfaces	missing	-	-	implement-high-level-operation-interface
lling-llang	src/transducer/traits.rs	AcousticEncoder	high-level-operation-interface	-	fsharp	use/use!; seq; Result; object expressions; interfaces	missing	-	-	implement-high-level-operation-interface
lling-llang	src/transducer/traits.rs	AcousticEncoder	high-level-operation-interface	-	go	interfaces; iter.Seq; io.Closer; errors	missing	-	-	implement-high-level-operation-interface
lling-llang	src/transducer/traits.rs	AcousticEncoder	high-level-operation-interface	-	javascript	Symbol.iterator; Symbol.dispose; Error; native/WASM/WASI runtime identity	missing	-	-	implement-high-level-operation-interface
lling-llang	src/transducer/traits.rs	AcousticEncoder	high-level-operation-interface	-	typescript	structural interfaces; Iterable; Disposable; discriminated errors	missing	-	-	implement-high-level-operation-interface
lling-llang	src/transducer/traits.rs	AcousticEncoder	high-level-operation-interface	-	clojurescript	ISeqable; IReduce; protocol dispatch; close!	missing	-	-	implement-high-level-operation-interface
lling-llang	src/transducer/traits.rs	AcousticEncoder	high-level-operation-interface	-	swift	Sequence/Collection; protocols; throws; deterministic scoped ownership	missing	-	-	implement-high-level-operation-interface
lling-llang	src/transducer/traits.rs	AcousticEncoder	high-level-operation-interface	-	ruby	Enumerable; blocks/ensure; exceptions; explicit close	missing	-	-	implement-high-level-operation-interface
lling-llang	src/transducer/traits.rs	AcousticEncoder	high-level-operation-interface	-	fortran	modules; derived types; type-bound procedures; finalizers	missing	-	-	implement-high-level-operation-interface
lling-llang	src/transducer/traits.rs	AcousticEncoder	high-level-operation-interface	-	ocaml	abstract types; Seq; result; Fun.protect	missing	-	-	implement-high-level-operation-interface
lling-llang	src/transducer/traits.rs	AcousticEncoder	high-level-operation-interface	-	haskell	type classes; Foldable; bracket; Either	missing	-	-	implement-high-level-operation-interface
lling-llang	src/transducer/traits.rs	AcousticEncoder	high-level-operation-interface	-	lua	generic-for iterators; __close; tables; error values	missing	-	-	implement-high-level-operation-interface
lling-llang	src/transducer/traits.rs	AcousticEncoder	high-level-operation-interface	-	raku	NativeCall; Iterable/Positional/Associative; LEAVE; exceptions	missing	-	-	implement-high-level-operation-interface
lling-llang	src/transducer/traits.rs	AcousticEncoder	high-level-operation-interface	-	julia	ccall; multiple dispatch; AbstractDict/AbstractSet; iteration; do blocks; deterministic close and finalizers; @cfunction interfaces	missing	-	-	implement-high-level-operation-interface
lling-llang	src/transducer/traits.rs	AutoregressivePredictor	high-level-operation-interface	-	rust	traits; IntoIterator/Iterator; Result; Drop	complete	full-native-trait-surface	["lling-llang:src/transducer/traits.rs"]	-
lling-llang	src/transducer/traits.rs	AutoregressivePredictor	high-level-operation-interface	-	c	opaque handles; status codes; bounded buffers; vtables	missing	-	-	implement-high-level-operation-interface
lling-llang	src/transducer/traits.rs	AutoregressivePredictor	high-level-operation-interface	-	cpp	RAII; ranges/iterators; move-only handles; typed errors	missing	-	-	implement-high-level-operation-interface
lling-llang	src/transducer/traits.rs	AutoregressivePredictor	high-level-operation-interface	-	python	context managers; iterators/collections; exceptions; protocols	missing	-	-	implement-high-level-operation-interface
lling-llang	src/transducer/traits.rs	AutoregressivePredictor	high-level-operation-interface	-	java	AutoCloseable/try-with-resources; Collection/Map; Stream/Spliterator; interfaces	missing	-	-	implement-high-level-operation-interface
lling-llang	src/transducer/traits.rs	AutoregressivePredictor	high-level-operation-interface	-	kotlin	use; Iterable/Map; Sequence; SAM interfaces	missing	-	-	implement-high-level-operation-interface
lling-llang	src/transducer/traits.rs	AutoregressivePredictor	high-level-operation-interface	-	scala	Using/AutoCloseable; Iterable; Iterator; type classes	missing	-	-	implement-high-level-operation-interface
lling-llang	src/transducer/traits.rs	AutoregressivePredictor	high-level-operation-interface	-	clojure	Seqable; IReduceInit; Closeable; persistent values	missing	-	-	implement-high-level-operation-interface
lling-llang	src/transducer/traits.rs	AutoregressivePredictor	high-level-operation-interface	-	csharp	IDisposable/using; IEnumerable/IDictionary; exceptions; interfaces	missing	-	-	implement-high-level-operation-interface
lling-llang	src/transducer/traits.rs	AutoregressivePredictor	high-level-operation-interface	-	fsharp	use/use!; seq; Result; object expressions; interfaces	missing	-	-	implement-high-level-operation-interface
lling-llang	src/transducer/traits.rs	AutoregressivePredictor	high-level-operation-interface	-	go	interfaces; iter.Seq; io.Closer; errors	missing	-	-	implement-high-level-operation-interface
lling-llang	src/transducer/traits.rs	AutoregressivePredictor	high-level-operation-interface	-	javascript	Symbol.iterator; Symbol.dispose; Error; native/WASM/WASI runtime identity	missing	-	-	implement-high-level-operation-interface
lling-llang	src/transducer/traits.rs	AutoregressivePredictor	high-level-operation-interface	-	typescript	structural interfaces; Iterable; Disposable; discriminated errors	missing	-	-	implement-high-level-operation-interface
lling-llang	src/transducer/traits.rs	AutoregressivePredictor	high-level-operation-interface	-	clojurescript	ISeqable; IReduce; protocol dispatch; close!	missing	-	-	implement-high-level-operation-interface
lling-llang	src/transducer/traits.rs	AutoregressivePredictor	high-level-operation-interface	-	swift	Sequence/Collection; protocols; throws; deterministic scoped ownership	missing	-	-	implement-high-level-operation-interface
lling-llang	src/transducer/traits.rs	AutoregressivePredictor	high-level-operation-interface	-	ruby	Enumerable; blocks/ensure; exceptions; explicit close	missing	-	-	implement-high-level-operation-interface
lling-llang	src/transducer/traits.rs	AutoregressivePredictor	high-level-operation-interface	-	fortran	modules; derived types; type-bound procedures; finalizers	missing	-	-	implement-high-level-operation-interface
lling-llang	src/transducer/traits.rs	AutoregressivePredictor	high-level-operation-interface	-	ocaml	abstract types; Seq; result; Fun.protect	missing	-	-	implement-high-level-operation-interface
lling-llang	src/transducer/traits.rs	AutoregressivePredictor	high-level-operation-interface	-	haskell	type classes; Foldable; bracket; Either	missing	-	-	implement-high-level-operation-interface
lling-llang	src/transducer/traits.rs	AutoregressivePredictor	high-level-operation-interface	-	lua	generic-for iterators; __close; tables; error values	missing	-	-	implement-high-level-operation-interface
lling-llang	src/transducer/traits.rs	AutoregressivePredictor	high-level-operation-interface	-	raku	NativeCall; Iterable/Positional/Associative; LEAVE; exceptions	missing	-	-	implement-high-level-operation-interface
lling-llang	src/transducer/traits.rs	AutoregressivePredictor	high-level-operation-interface	-	julia	ccall; multiple dispatch; AbstractDict/AbstractSet; iteration; do blocks; deterministic close and finalizers; @cfunction interfaces	missing	-	-	implement-high-level-operation-interface
lling-llang	src/transducer/traits.rs	JointNetwork	high-level-operation-interface	-	rust	traits; IntoIterator/Iterator; Result; Drop	complete	full-native-trait-surface	["lling-llang:src/transducer/traits.rs"]	-
lling-llang	src/transducer/traits.rs	JointNetwork	high-level-operation-interface	-	c	opaque handles; status codes; bounded buffers; vtables	missing	-	-	implement-high-level-operation-interface
lling-llang	src/transducer/traits.rs	JointNetwork	high-level-operation-interface	-	cpp	RAII; ranges/iterators; move-only handles; typed errors	missing	-	-	implement-high-level-operation-interface
lling-llang	src/transducer/traits.rs	JointNetwork	high-level-operation-interface	-	python	context managers; iterators/collections; exceptions; protocols	missing	-	-	implement-high-level-operation-interface
lling-llang	src/transducer/traits.rs	JointNetwork	high-level-operation-interface	-	java	AutoCloseable/try-with-resources; Collection/Map; Stream/Spliterator; interfaces	missing	-	-	implement-high-level-operation-interface
lling-llang	src/transducer/traits.rs	JointNetwork	high-level-operation-interface	-	kotlin	use; Iterable/Map; Sequence; SAM interfaces	missing	-	-	implement-high-level-operation-interface
lling-llang	src/transducer/traits.rs	JointNetwork	high-level-operation-interface	-	scala	Using/AutoCloseable; Iterable; Iterator; type classes	missing	-	-	implement-high-level-operation-interface
lling-llang	src/transducer/traits.rs	JointNetwork	high-level-operation-interface	-	clojure	Seqable; IReduceInit; Closeable; persistent values	missing	-	-	implement-high-level-operation-interface
lling-llang	src/transducer/traits.rs	JointNetwork	high-level-operation-interface	-	csharp	IDisposable/using; IEnumerable/IDictionary; exceptions; interfaces	missing	-	-	implement-high-level-operation-interface
lling-llang	src/transducer/traits.rs	JointNetwork	high-level-operation-interface	-	fsharp	use/use!; seq; Result; object expressions; interfaces	missing	-	-	implement-high-level-operation-interface
lling-llang	src/transducer/traits.rs	JointNetwork	high-level-operation-interface	-	go	interfaces; iter.Seq; io.Closer; errors	missing	-	-	implement-high-level-operation-interface
lling-llang	src/transducer/traits.rs	JointNetwork	high-level-operation-interface	-	javascript	Symbol.iterator; Symbol.dispose; Error; native/WASM/WASI runtime identity	missing	-	-	implement-high-level-operation-interface
lling-llang	src/transducer/traits.rs	JointNetwork	high-level-operation-interface	-	typescript	structural interfaces; Iterable; Disposable; discriminated errors	missing	-	-	implement-high-level-operation-interface
lling-llang	src/transducer/traits.rs	JointNetwork	high-level-operation-interface	-	clojurescript	ISeqable; IReduce; protocol dispatch; close!	missing	-	-	implement-high-level-operation-interface
lling-llang	src/transducer/traits.rs	JointNetwork	high-level-operation-interface	-	swift	Sequence/Collection; protocols; throws; deterministic scoped ownership	missing	-	-	implement-high-level-operation-interface
lling-llang	src/transducer/traits.rs	JointNetwork	high-level-operation-interface	-	ruby	Enumerable; blocks/ensure; exceptions; explicit close	missing	-	-	implement-high-level-operation-interface
lling-llang	src/transducer/traits.rs	JointNetwork	high-level-operation-interface	-	fortran	modules; derived types; type-bound procedures; finalizers	missing	-	-	implement-high-level-operation-interface
lling-llang	src/transducer/traits.rs	JointNetwork	high-level-operation-interface	-	ocaml	abstract types; Seq; result; Fun.protect	missing	-	-	implement-high-level-operation-interface
lling-llang	src/transducer/traits.rs	JointNetwork	high-level-operation-interface	-	haskell	type classes; Foldable; bracket; Either	missing	-	-	implement-high-level-operation-interface
lling-llang	src/transducer/traits.rs	JointNetwork	high-level-operation-interface	-	lua	generic-for iterators; __close; tables; error values	missing	-	-	implement-high-level-operation-interface
lling-llang	src/transducer/traits.rs	JointNetwork	high-level-operation-interface	-	raku	NativeCall; Iterable/Positional/Associative; LEAVE; exceptions	missing	-	-	implement-high-level-operation-interface
lling-llang	src/transducer/traits.rs	JointNetwork	high-level-operation-interface	-	julia	ccall; multiple dispatch; AbstractDict/AbstractSet; iteration; do blocks; deterministic close and finalizers; @cfunction interfaces	missing	-	-	implement-high-level-operation-interface
lling-llang	src/transducer/traits.rs	NeuralTransducer	high-level-operation-interface	-	rust	traits; IntoIterator/Iterator; Result; Drop	complete	full-native-trait-surface	["lling-llang:src/transducer/traits.rs"]	-
lling-llang	src/transducer/traits.rs	NeuralTransducer	high-level-operation-interface	-	c	opaque handles; status codes; bounded buffers; vtables	missing	-	-	implement-high-level-operation-interface
lling-llang	src/transducer/traits.rs	NeuralTransducer	high-level-operation-interface	-	cpp	RAII; ranges/iterators; move-only handles; typed errors	missing	-	-	implement-high-level-operation-interface
lling-llang	src/transducer/traits.rs	NeuralTransducer	high-level-operation-interface	-	python	context managers; iterators/collections; exceptions; protocols	missing	-	-	implement-high-level-operation-interface
lling-llang	src/transducer/traits.rs	NeuralTransducer	high-level-operation-interface	-	java	AutoCloseable/try-with-resources; Collection/Map; Stream/Spliterator; interfaces	missing	-	-	implement-high-level-operation-interface
lling-llang	src/transducer/traits.rs	NeuralTransducer	high-level-operation-interface	-	kotlin	use; Iterable/Map; Sequence; SAM interfaces	missing	-	-	implement-high-level-operation-interface
lling-llang	src/transducer/traits.rs	NeuralTransducer	high-level-operation-interface	-	scala	Using/AutoCloseable; Iterable; Iterator; type classes	missing	-	-	implement-high-level-operation-interface
lling-llang	src/transducer/traits.rs	NeuralTransducer	high-level-operation-interface	-	clojure	Seqable; IReduceInit; Closeable; persistent values	missing	-	-	implement-high-level-operation-interface
lling-llang	src/transducer/traits.rs	NeuralTransducer	high-level-operation-interface	-	csharp	IDisposable/using; IEnumerable/IDictionary; exceptions; interfaces	missing	-	-	implement-high-level-operation-interface
lling-llang	src/transducer/traits.rs	NeuralTransducer	high-level-operation-interface	-	fsharp	use/use!; seq; Result; object expressions; interfaces	missing	-	-	implement-high-level-operation-interface
lling-llang	src/transducer/traits.rs	NeuralTransducer	high-level-operation-interface	-	go	interfaces; iter.Seq; io.Closer; errors	missing	-	-	implement-high-level-operation-interface
lling-llang	src/transducer/traits.rs	NeuralTransducer	high-level-operation-interface	-	javascript	Symbol.iterator; Symbol.dispose; Error; native/WASM/WASI runtime identity	missing	-	-	implement-high-level-operation-interface
lling-llang	src/transducer/traits.rs	NeuralTransducer	high-level-operation-interface	-	typescript	structural interfaces; Iterable; Disposable; discriminated errors	missing	-	-	implement-high-level-operation-interface
lling-llang	src/transducer/traits.rs	NeuralTransducer	high-level-operation-interface	-	clojurescript	ISeqable; IReduce; protocol dispatch; close!	missing	-	-	implement-high-level-operation-interface
lling-llang	src/transducer/traits.rs	NeuralTransducer	high-level-operation-interface	-	swift	Sequence/Collection; protocols; throws; deterministic scoped ownership	missing	-	-	implement-high-level-operation-interface
lling-llang	src/transducer/traits.rs	NeuralTransducer	high-level-operation-interface	-	ruby	Enumerable; blocks/ensure; exceptions; explicit close	missing	-	-	implement-high-level-operation-interface
lling-llang	src/transducer/traits.rs	NeuralTransducer	high-level-operation-interface	-	fortran	modules; derived types; type-bound procedures; finalizers	missing	-	-	implement-high-level-operation-interface
lling-llang	src/transducer/traits.rs	NeuralTransducer	high-level-operation-interface	-	ocaml	abstract types; Seq; result; Fun.protect	missing	-	-	implement-high-level-operation-interface
lling-llang	src/transducer/traits.rs	NeuralTransducer	high-level-operation-interface	-	haskell	type classes; Foldable; bracket; Either	missing	-	-	implement-high-level-operation-interface
lling-llang	src/transducer/traits.rs	NeuralTransducer	high-level-operation-interface	-	lua	generic-for iterators; __close; tables; error values	missing	-	-	implement-high-level-operation-interface
lling-llang	src/transducer/traits.rs	NeuralTransducer	high-level-operation-interface	-	raku	NativeCall; Iterable/Positional/Associative; LEAVE; exceptions	missing	-	-	implement-high-level-operation-interface
lling-llang	src/transducer/traits.rs	NeuralTransducer	high-level-operation-interface	-	julia	ccall; multiple dispatch; AbstractDict/AbstractSet; iteration; do blocks; deterministic close and finalizers; @cfunction interfaces	missing	-	-	implement-high-level-operation-interface
lling-llang	src/tree_transducers/alphabet.rs	RankedAlphabet	high-level-operation-interface	-	rust	traits; IntoIterator/Iterator; Result; Drop	complete	full-native-trait-surface	["lling-llang:src/tree_transducers/alphabet.rs"]	-
lling-llang	src/tree_transducers/alphabet.rs	RankedAlphabet	high-level-operation-interface	-	c	opaque handles; status codes; bounded buffers; vtables	missing	-	-	implement-high-level-operation-interface
lling-llang	src/tree_transducers/alphabet.rs	RankedAlphabet	high-level-operation-interface	-	cpp	RAII; ranges/iterators; move-only handles; typed errors	missing	-	-	implement-high-level-operation-interface
lling-llang	src/tree_transducers/alphabet.rs	RankedAlphabet	high-level-operation-interface	-	python	context managers; iterators/collections; exceptions; protocols	missing	-	-	implement-high-level-operation-interface
lling-llang	src/tree_transducers/alphabet.rs	RankedAlphabet	high-level-operation-interface	-	java	AutoCloseable/try-with-resources; Collection/Map; Stream/Spliterator; interfaces	missing	-	-	implement-high-level-operation-interface
lling-llang	src/tree_transducers/alphabet.rs	RankedAlphabet	high-level-operation-interface	-	kotlin	use; Iterable/Map; Sequence; SAM interfaces	missing	-	-	implement-high-level-operation-interface
lling-llang	src/tree_transducers/alphabet.rs	RankedAlphabet	high-level-operation-interface	-	scala	Using/AutoCloseable; Iterable; Iterator; type classes	missing	-	-	implement-high-level-operation-interface
lling-llang	src/tree_transducers/alphabet.rs	RankedAlphabet	high-level-operation-interface	-	clojure	Seqable; IReduceInit; Closeable; persistent values	missing	-	-	implement-high-level-operation-interface
lling-llang	src/tree_transducers/alphabet.rs	RankedAlphabet	high-level-operation-interface	-	csharp	IDisposable/using; IEnumerable/IDictionary; exceptions; interfaces	missing	-	-	implement-high-level-operation-interface
lling-llang	src/tree_transducers/alphabet.rs	RankedAlphabet	high-level-operation-interface	-	fsharp	use/use!; seq; Result; object expressions; interfaces	missing	-	-	implement-high-level-operation-interface
lling-llang	src/tree_transducers/alphabet.rs	RankedAlphabet	high-level-operation-interface	-	go	interfaces; iter.Seq; io.Closer; errors	missing	-	-	implement-high-level-operation-interface
lling-llang	src/tree_transducers/alphabet.rs	RankedAlphabet	high-level-operation-interface	-	javascript	Symbol.iterator; Symbol.dispose; Error; native/WASM/WASI runtime identity	missing	-	-	implement-high-level-operation-interface
lling-llang	src/tree_transducers/alphabet.rs	RankedAlphabet	high-level-operation-interface	-	typescript	structural interfaces; Iterable; Disposable; discriminated errors	missing	-	-	implement-high-level-operation-interface
lling-llang	src/tree_transducers/alphabet.rs	RankedAlphabet	high-level-operation-interface	-	clojurescript	ISeqable; IReduce; protocol dispatch; close!	missing	-	-	implement-high-level-operation-interface
lling-llang	src/tree_transducers/alphabet.rs	RankedAlphabet	high-level-operation-interface	-	swift	Sequence/Collection; protocols; throws; deterministic scoped ownership	missing	-	-	implement-high-level-operation-interface
lling-llang	src/tree_transducers/alphabet.rs	RankedAlphabet	high-level-operation-interface	-	ruby	Enumerable; blocks/ensure; exceptions; explicit close	missing	-	-	implement-high-level-operation-interface
lling-llang	src/tree_transducers/alphabet.rs	RankedAlphabet	high-level-operation-interface	-	fortran	modules; derived types; type-bound procedures; finalizers	missing	-	-	implement-high-level-operation-interface
lling-llang	src/tree_transducers/alphabet.rs	RankedAlphabet	high-level-operation-interface	-	ocaml	abstract types; Seq; result; Fun.protect	missing	-	-	implement-high-level-operation-interface
lling-llang	src/tree_transducers/alphabet.rs	RankedAlphabet	high-level-operation-interface	-	haskell	type classes; Foldable; bracket; Either	missing	-	-	implement-high-level-operation-interface
lling-llang	src/tree_transducers/alphabet.rs	RankedAlphabet	high-level-operation-interface	-	lua	generic-for iterators; __close; tables; error values	missing	-	-	implement-high-level-operation-interface
lling-llang	src/tree_transducers/alphabet.rs	RankedAlphabet	high-level-operation-interface	-	raku	NativeCall; Iterable/Positional/Associative; LEAVE; exceptions	missing	-	-	implement-high-level-operation-interface
lling-llang	src/tree_transducers/alphabet.rs	RankedAlphabet	high-level-operation-interface	-	julia	ccall; multiple dispatch; AbstractDict/AbstractSet; iteration; do blocks; deterministic close and finalizers; @cfunction interfaces	missing	-	-	implement-high-level-operation-interface
lling-llang	src/tree_transducers/transducer.rs	TreeTransducerOps	derived-adapter	-	rust	traits; IntoIterator/Iterator; Result; Drop	complete	full-native-trait-surface	["lling-llang:src/tree_transducers/transducer.rs"]	-
lling-llang	src/tree_transducers/transducer.rs	TreeTransducerOps	derived-adapter	-	c	opaque handles; status codes; bounded buffers; vtables	missing	-	-	implement-derived-adapter
lling-llang	src/tree_transducers/transducer.rs	TreeTransducerOps	derived-adapter	-	cpp	RAII; ranges/iterators; move-only handles; typed errors	missing	-	-	implement-derived-adapter
lling-llang	src/tree_transducers/transducer.rs	TreeTransducerOps	derived-adapter	-	python	context managers; iterators/collections; exceptions; protocols	missing	-	-	implement-derived-adapter
lling-llang	src/tree_transducers/transducer.rs	TreeTransducerOps	derived-adapter	-	java	AutoCloseable/try-with-resources; Collection/Map; Stream/Spliterator; interfaces	missing	-	-	implement-derived-adapter
lling-llang	src/tree_transducers/transducer.rs	TreeTransducerOps	derived-adapter	-	kotlin	use; Iterable/Map; Sequence; SAM interfaces	missing	-	-	implement-derived-adapter
lling-llang	src/tree_transducers/transducer.rs	TreeTransducerOps	derived-adapter	-	scala	Using/AutoCloseable; Iterable; Iterator; type classes	missing	-	-	implement-derived-adapter
lling-llang	src/tree_transducers/transducer.rs	TreeTransducerOps	derived-adapter	-	clojure	Seqable; IReduceInit; Closeable; persistent values	missing	-	-	implement-derived-adapter
lling-llang	src/tree_transducers/transducer.rs	TreeTransducerOps	derived-adapter	-	csharp	IDisposable/using; IEnumerable/IDictionary; exceptions; interfaces	missing	-	-	implement-derived-adapter
lling-llang	src/tree_transducers/transducer.rs	TreeTransducerOps	derived-adapter	-	fsharp	use/use!; seq; Result; object expressions; interfaces	missing	-	-	implement-derived-adapter
lling-llang	src/tree_transducers/transducer.rs	TreeTransducerOps	derived-adapter	-	go	interfaces; iter.Seq; io.Closer; errors	missing	-	-	implement-derived-adapter
lling-llang	src/tree_transducers/transducer.rs	TreeTransducerOps	derived-adapter	-	javascript	Symbol.iterator; Symbol.dispose; Error; native/WASM/WASI runtime identity	missing	-	-	implement-derived-adapter
lling-llang	src/tree_transducers/transducer.rs	TreeTransducerOps	derived-adapter	-	typescript	structural interfaces; Iterable; Disposable; discriminated errors	missing	-	-	implement-derived-adapter
lling-llang	src/tree_transducers/transducer.rs	TreeTransducerOps	derived-adapter	-	clojurescript	ISeqable; IReduce; protocol dispatch; close!	missing	-	-	implement-derived-adapter
lling-llang	src/tree_transducers/transducer.rs	TreeTransducerOps	derived-adapter	-	swift	Sequence/Collection; protocols; throws; deterministic scoped ownership	missing	-	-	implement-derived-adapter
lling-llang	src/tree_transducers/transducer.rs	TreeTransducerOps	derived-adapter	-	ruby	Enumerable; blocks/ensure; exceptions; explicit close	missing	-	-	implement-derived-adapter
lling-llang	src/tree_transducers/transducer.rs	TreeTransducerOps	derived-adapter	-	fortran	modules; derived types; type-bound procedures; finalizers	missing	-	-	implement-derived-adapter
lling-llang	src/tree_transducers/transducer.rs	TreeTransducerOps	derived-adapter	-	ocaml	abstract types; Seq; result; Fun.protect	missing	-	-	implement-derived-adapter
lling-llang	src/tree_transducers/transducer.rs	TreeTransducerOps	derived-adapter	-	haskell	type classes; Foldable; bracket; Either	missing	-	-	implement-derived-adapter
lling-llang	src/tree_transducers/transducer.rs	TreeTransducerOps	derived-adapter	-	lua	generic-for iterators; __close; tables; error values	missing	-	-	implement-derived-adapter
lling-llang	src/tree_transducers/transducer.rs	TreeTransducerOps	derived-adapter	-	raku	NativeCall; Iterable/Positional/Associative; LEAVE; exceptions	missing	-	-	implement-derived-adapter
lling-llang	src/tree_transducers/transducer.rs	TreeTransducerOps	derived-adapter	-	julia	ccall; multiple dispatch; AbstractDict/AbstractSet; iteration; do blocks; deterministic close and finalizers; @cfunction interfaces	missing	-	-	implement-derived-adapter
lling-llang	src/tree_transducers/transducer.rs	WeightedTreeTransducer	resource-cursor-protocol	-	rust	traits; IntoIterator/Iterator; Result; Drop	complete	full-native-trait-surface	["lling-llang:src/tree_transducers/transducer.rs"]	-
lling-llang	src/tree_transducers/transducer.rs	WeightedTreeTransducer	resource-cursor-protocol	-	c	opaque handles; status codes; bounded buffers; vtables	missing	-	-	implement-resource-cursor-protocol
lling-llang	src/tree_transducers/transducer.rs	WeightedTreeTransducer	resource-cursor-protocol	-	cpp	RAII; ranges/iterators; move-only handles; typed errors	missing	-	-	implement-resource-cursor-protocol
lling-llang	src/tree_transducers/transducer.rs	WeightedTreeTransducer	resource-cursor-protocol	-	python	context managers; iterators/collections; exceptions; protocols	missing	-	-	implement-resource-cursor-protocol
lling-llang	src/tree_transducers/transducer.rs	WeightedTreeTransducer	resource-cursor-protocol	-	java	AutoCloseable/try-with-resources; Collection/Map; Stream/Spliterator; interfaces	missing	-	-	implement-resource-cursor-protocol
lling-llang	src/tree_transducers/transducer.rs	WeightedTreeTransducer	resource-cursor-protocol	-	kotlin	use; Iterable/Map; Sequence; SAM interfaces	missing	-	-	implement-resource-cursor-protocol
lling-llang	src/tree_transducers/transducer.rs	WeightedTreeTransducer	resource-cursor-protocol	-	scala	Using/AutoCloseable; Iterable; Iterator; type classes	missing	-	-	implement-resource-cursor-protocol
lling-llang	src/tree_transducers/transducer.rs	WeightedTreeTransducer	resource-cursor-protocol	-	clojure	Seqable; IReduceInit; Closeable; persistent values	missing	-	-	implement-resource-cursor-protocol
lling-llang	src/tree_transducers/transducer.rs	WeightedTreeTransducer	resource-cursor-protocol	-	csharp	IDisposable/using; IEnumerable/IDictionary; exceptions; interfaces	missing	-	-	implement-resource-cursor-protocol
lling-llang	src/tree_transducers/transducer.rs	WeightedTreeTransducer	resource-cursor-protocol	-	fsharp	use/use!; seq; Result; object expressions; interfaces	missing	-	-	implement-resource-cursor-protocol
lling-llang	src/tree_transducers/transducer.rs	WeightedTreeTransducer	resource-cursor-protocol	-	go	interfaces; iter.Seq; io.Closer; errors	missing	-	-	implement-resource-cursor-protocol
lling-llang	src/tree_transducers/transducer.rs	WeightedTreeTransducer	resource-cursor-protocol	-	javascript	Symbol.iterator; Symbol.dispose; Error; native/WASM/WASI runtime identity	missing	-	-	implement-resource-cursor-protocol
lling-llang	src/tree_transducers/transducer.rs	WeightedTreeTransducer	resource-cursor-protocol	-	typescript	structural interfaces; Iterable; Disposable; discriminated errors	missing	-	-	implement-resource-cursor-protocol
lling-llang	src/tree_transducers/transducer.rs	WeightedTreeTransducer	resource-cursor-protocol	-	clojurescript	ISeqable; IReduce; protocol dispatch; close!	missing	-	-	implement-resource-cursor-protocol
lling-llang	src/tree_transducers/transducer.rs	WeightedTreeTransducer	resource-cursor-protocol	-	swift	Sequence/Collection; protocols; throws; deterministic scoped ownership	missing	-	-	implement-resource-cursor-protocol
lling-llang	src/tree_transducers/transducer.rs	WeightedTreeTransducer	resource-cursor-protocol	-	ruby	Enumerable; blocks/ensure; exceptions; explicit close	missing	-	-	implement-resource-cursor-protocol
lling-llang	src/tree_transducers/transducer.rs	WeightedTreeTransducer	resource-cursor-protocol	-	fortran	modules; derived types; type-bound procedures; finalizers	missing	-	-	implement-resource-cursor-protocol
lling-llang	src/tree_transducers/transducer.rs	WeightedTreeTransducer	resource-cursor-protocol	-	ocaml	abstract types; Seq; result; Fun.protect	missing	-	-	implement-resource-cursor-protocol
lling-llang	src/tree_transducers/transducer.rs	WeightedTreeTransducer	resource-cursor-protocol	-	haskell	type classes; Foldable; bracket; Either	missing	-	-	implement-resource-cursor-protocol
lling-llang	src/tree_transducers/transducer.rs	WeightedTreeTransducer	resource-cursor-protocol	-	lua	generic-for iterators; __close; tables; error values	missing	-	-	implement-resource-cursor-protocol
lling-llang	src/tree_transducers/transducer.rs	WeightedTreeTransducer	resource-cursor-protocol	-	raku	NativeCall; Iterable/Positional/Associative; LEAVE; exceptions	missing	-	-	implement-resource-cursor-protocol
lling-llang	src/tree_transducers/transducer.rs	WeightedTreeTransducer	resource-cursor-protocol	-	julia	ccall; multiple dispatch; AbstractDict/AbstractSet; iteration; do blocks; deterministic close and finalizers; @cfunction interfaces	missing	-	-	implement-resource-cursor-protocol
lling-llang	src/wfst/lazy.rs	StateSource	resource-cursor-protocol	VtWfstVTable.state_info,VtWfstVTable.state_arcs	rust	traits; IntoIterator/Iterator; Result; Drop	complete	full-native-trait-surface	["lling-llang:src/wfst/lazy.rs"]	-
lling-llang	src/wfst/lazy.rs	StateSource	resource-cursor-protocol	VtWfstVTable.state_info,VtWfstVTable.state_arcs	c	opaque handles; status codes; bounded buffers; vtables	partial	scalar-double-weight-specialization-only	["vinary-tree-interop:include/vinary_tree_interop.h"]	complete-the-generic-provider-surface
lling-llang	src/wfst/lazy.rs	StateSource	resource-cursor-protocol	VtWfstVTable.state_info,VtWfstVTable.state_arcs	cpp	RAII; ranges/iterators; move-only handles; typed errors	partial	scalar-double-weight-specialization-only	["vinary-tree-interop:include/vinary_tree/interop.hpp","vinary-tree-interop:tests/cpp/providers.cpp"]	complete-the-generic-provider-surface
lling-llang	src/wfst/lazy.rs	StateSource	resource-cursor-protocol	VtWfstVTable.state_info,VtWfstVTable.state_arcs	python	context managers; iterators/collections; exceptions; protocols	missing	-	-	implement-resource-cursor-protocol
lling-llang	src/wfst/lazy.rs	StateSource	resource-cursor-protocol	VtWfstVTable.state_info,VtWfstVTable.state_arcs	java	AutoCloseable/try-with-resources; Collection/Map; Stream/Spliterator; interfaces	missing	-	-	implement-resource-cursor-protocol
lling-llang	src/wfst/lazy.rs	StateSource	resource-cursor-protocol	VtWfstVTable.state_info,VtWfstVTable.state_arcs	kotlin	use; Iterable/Map; Sequence; SAM interfaces	missing	-	-	implement-resource-cursor-protocol
lling-llang	src/wfst/lazy.rs	StateSource	resource-cursor-protocol	VtWfstVTable.state_info,VtWfstVTable.state_arcs	scala	Using/AutoCloseable; Iterable; Iterator; type classes	missing	-	-	implement-resource-cursor-protocol
lling-llang	src/wfst/lazy.rs	StateSource	resource-cursor-protocol	VtWfstVTable.state_info,VtWfstVTable.state_arcs	clojure	Seqable; IReduceInit; Closeable; persistent values	missing	-	-	implement-resource-cursor-protocol
lling-llang	src/wfst/lazy.rs	StateSource	resource-cursor-protocol	VtWfstVTable.state_info,VtWfstVTable.state_arcs	csharp	IDisposable/using; IEnumerable/IDictionary; exceptions; interfaces	partial	scalar-double-weight-specialization-only	["vinary-tree-interop:bindings/dotnet/src/VinaryTree.Interop/ScalarWfstProviders.cs","vinary-tree-interop:bindings/dotnet/tests/VinaryTree.Interop.ProviderTests/Program.cs"]	complete-the-generic-provider-surface
lling-llang	src/wfst/lazy.rs	StateSource	resource-cursor-protocol	VtWfstVTable.state_info,VtWfstVTable.state_arcs	fsharp	use/use!; seq; Result; object expressions; interfaces	partial	scalar-double-weight-specialization-only	["vinary-tree-interop:bindings/dotnet/src/VinaryTree.Interop/ScalarWfstProviders.cs","vinary-tree-interop:bindings/dotnet/tests/VinaryTree.Interop.FSharpProviders/Program.fs"]	complete-the-generic-provider-surface
lling-llang	src/wfst/lazy.rs	StateSource	resource-cursor-protocol	VtWfstVTable.state_info,VtWfstVTable.state_arcs	go	interfaces; iter.Seq; io.Closer; errors	missing	-	-	implement-resource-cursor-protocol
lling-llang	src/wfst/lazy.rs	StateSource	resource-cursor-protocol	VtWfstVTable.state_info,VtWfstVTable.state_arcs	javascript	Symbol.iterator; Symbol.dispose; Error; native/WASM/WASI runtime identity	missing	-	-	implement-resource-cursor-protocol
lling-llang	src/wfst/lazy.rs	StateSource	resource-cursor-protocol	VtWfstVTable.state_info,VtWfstVTable.state_arcs	typescript	structural interfaces; Iterable; Disposable; discriminated errors	missing	-	-	implement-resource-cursor-protocol
lling-llang	src/wfst/lazy.rs	StateSource	resource-cursor-protocol	VtWfstVTable.state_info,VtWfstVTable.state_arcs	clojurescript	ISeqable; IReduce; protocol dispatch; close!	missing	-	-	implement-resource-cursor-protocol
lling-llang	src/wfst/lazy.rs	StateSource	resource-cursor-protocol	VtWfstVTable.state_info,VtWfstVTable.state_arcs	swift	Sequence/Collection; protocols; throws; deterministic scoped ownership	missing	-	-	implement-resource-cursor-protocol
lling-llang	src/wfst/lazy.rs	StateSource	resource-cursor-protocol	VtWfstVTable.state_info,VtWfstVTable.state_arcs	ruby	Enumerable; blocks/ensure; exceptions; explicit close	missing	-	-	implement-resource-cursor-protocol
lling-llang	src/wfst/lazy.rs	StateSource	resource-cursor-protocol	VtWfstVTable.state_info,VtWfstVTable.state_arcs	fortran	modules; derived types; type-bound procedures; finalizers	missing	-	-	implement-resource-cursor-protocol
lling-llang	src/wfst/lazy.rs	StateSource	resource-cursor-protocol	VtWfstVTable.state_info,VtWfstVTable.state_arcs	ocaml	abstract types; Seq; result; Fun.protect	missing	-	-	implement-resource-cursor-protocol
lling-llang	src/wfst/lazy.rs	StateSource	resource-cursor-protocol	VtWfstVTable.state_info,VtWfstVTable.state_arcs	haskell	type classes; Foldable; bracket; Either	missing	-	-	implement-resource-cursor-protocol
lling-llang	src/wfst/lazy.rs	StateSource	resource-cursor-protocol	VtWfstVTable.state_info,VtWfstVTable.state_arcs	lua	generic-for iterators; __close; tables; error values	missing	-	-	implement-resource-cursor-protocol
lling-llang	src/wfst/lazy.rs	StateSource	resource-cursor-protocol	VtWfstVTable.state_info,VtWfstVTable.state_arcs	raku	NativeCall; Iterable/Positional/Associative; LEAVE; exceptions	partial	scalar-double-weight-specialization-only	["lling-llang:bindings/raku/lib/Lling/Llang.rakumod","lling-llang:bindings/raku/t/01-conformance.rakutest"]	complete-the-generic-provider-surface
lling-llang	src/wfst/lazy.rs	StateSource	resource-cursor-protocol	VtWfstVTable.state_info,VtWfstVTable.state_arcs	julia	ccall; multiple dispatch; AbstractDict/AbstractSet; iteration; do blocks; deterministic close and finalizers; @cfunction interfaces	partial	scalar-double-weight-specialization-only	["lling-llang:bindings/julia/LlingLlang/src/LlingLlang.jl","lling-llang:bindings/julia/LlingLlang/test/runtests.jl"]	complete-the-generic-provider-surface
lling-llang	src/wfst/traits.rs	LazyWfst	resource-cursor-protocol	VtWfstVTable,VT_WFST_FLAG_LAZY	rust	traits; IntoIterator/Iterator; Result; Drop	complete	full-native-trait-surface	["lling-llang:src/wfst/traits.rs"]	-
lling-llang	src/wfst/traits.rs	LazyWfst	resource-cursor-protocol	VtWfstVTable,VT_WFST_FLAG_LAZY	c	opaque handles; status codes; bounded buffers; vtables	partial	scalar-double-weight-specialization-only	["vinary-tree-interop:include/vinary_tree_interop.h"]	complete-the-generic-provider-surface
lling-llang	src/wfst/traits.rs	LazyWfst	resource-cursor-protocol	VtWfstVTable,VT_WFST_FLAG_LAZY	cpp	RAII; ranges/iterators; move-only handles; typed errors	partial	scalar-double-weight-specialization-only	["vinary-tree-interop:include/vinary_tree/interop.hpp","vinary-tree-interop:tests/cpp/providers.cpp"]	complete-the-generic-provider-surface
lling-llang	src/wfst/traits.rs	LazyWfst	resource-cursor-protocol	VtWfstVTable,VT_WFST_FLAG_LAZY	python	context managers; iterators/collections; exceptions; protocols	missing	-	-	implement-resource-cursor-protocol
lling-llang	src/wfst/traits.rs	LazyWfst	resource-cursor-protocol	VtWfstVTable,VT_WFST_FLAG_LAZY	java	AutoCloseable/try-with-resources; Collection/Map; Stream/Spliterator; interfaces	missing	-	-	implement-resource-cursor-protocol
lling-llang	src/wfst/traits.rs	LazyWfst	resource-cursor-protocol	VtWfstVTable,VT_WFST_FLAG_LAZY	kotlin	use; Iterable/Map; Sequence; SAM interfaces	missing	-	-	implement-resource-cursor-protocol
lling-llang	src/wfst/traits.rs	LazyWfst	resource-cursor-protocol	VtWfstVTable,VT_WFST_FLAG_LAZY	scala	Using/AutoCloseable; Iterable; Iterator; type classes	missing	-	-	implement-resource-cursor-protocol
lling-llang	src/wfst/traits.rs	LazyWfst	resource-cursor-protocol	VtWfstVTable,VT_WFST_FLAG_LAZY	clojure	Seqable; IReduceInit; Closeable; persistent values	missing	-	-	implement-resource-cursor-protocol
lling-llang	src/wfst/traits.rs	LazyWfst	resource-cursor-protocol	VtWfstVTable,VT_WFST_FLAG_LAZY	csharp	IDisposable/using; IEnumerable/IDictionary; exceptions; interfaces	partial	scalar-double-weight-specialization-only	["vinary-tree-interop:bindings/dotnet/src/VinaryTree.Interop/ScalarWfstProviders.cs","vinary-tree-interop:bindings/dotnet/tests/VinaryTree.Interop.ProviderTests/Program.cs"]	complete-the-generic-provider-surface
lling-llang	src/wfst/traits.rs	LazyWfst	resource-cursor-protocol	VtWfstVTable,VT_WFST_FLAG_LAZY	fsharp	use/use!; seq; Result; object expressions; interfaces	partial	scalar-double-weight-specialization-only	["vinary-tree-interop:bindings/dotnet/src/VinaryTree.Interop/ScalarWfstProviders.cs","vinary-tree-interop:bindings/dotnet/tests/VinaryTree.Interop.FSharpProviders/Program.fs"]	complete-the-generic-provider-surface
lling-llang	src/wfst/traits.rs	LazyWfst	resource-cursor-protocol	VtWfstVTable,VT_WFST_FLAG_LAZY	go	interfaces; iter.Seq; io.Closer; errors	missing	-	-	implement-resource-cursor-protocol
lling-llang	src/wfst/traits.rs	LazyWfst	resource-cursor-protocol	VtWfstVTable,VT_WFST_FLAG_LAZY	javascript	Symbol.iterator; Symbol.dispose; Error; native/WASM/WASI runtime identity	missing	-	-	implement-resource-cursor-protocol
lling-llang	src/wfst/traits.rs	LazyWfst	resource-cursor-protocol	VtWfstVTable,VT_WFST_FLAG_LAZY	typescript	structural interfaces; Iterable; Disposable; discriminated errors	missing	-	-	implement-resource-cursor-protocol
lling-llang	src/wfst/traits.rs	LazyWfst	resource-cursor-protocol	VtWfstVTable,VT_WFST_FLAG_LAZY	clojurescript	ISeqable; IReduce; protocol dispatch; close!	missing	-	-	implement-resource-cursor-protocol
lling-llang	src/wfst/traits.rs	LazyWfst	resource-cursor-protocol	VtWfstVTable,VT_WFST_FLAG_LAZY	swift	Sequence/Collection; protocols; throws; deterministic scoped ownership	missing	-	-	implement-resource-cursor-protocol
lling-llang	src/wfst/traits.rs	LazyWfst	resource-cursor-protocol	VtWfstVTable,VT_WFST_FLAG_LAZY	ruby	Enumerable; blocks/ensure; exceptions; explicit close	missing	-	-	implement-resource-cursor-protocol
lling-llang	src/wfst/traits.rs	LazyWfst	resource-cursor-protocol	VtWfstVTable,VT_WFST_FLAG_LAZY	fortran	modules; derived types; type-bound procedures; finalizers	missing	-	-	implement-resource-cursor-protocol
lling-llang	src/wfst/traits.rs	LazyWfst	resource-cursor-protocol	VtWfstVTable,VT_WFST_FLAG_LAZY	ocaml	abstract types; Seq; result; Fun.protect	missing	-	-	implement-resource-cursor-protocol
lling-llang	src/wfst/traits.rs	LazyWfst	resource-cursor-protocol	VtWfstVTable,VT_WFST_FLAG_LAZY	haskell	type classes; Foldable; bracket; Either	missing	-	-	implement-resource-cursor-protocol
lling-llang	src/wfst/traits.rs	LazyWfst	resource-cursor-protocol	VtWfstVTable,VT_WFST_FLAG_LAZY	lua	generic-for iterators; __close; tables; error values	missing	-	-	implement-resource-cursor-protocol
lling-llang	src/wfst/traits.rs	LazyWfst	resource-cursor-protocol	VtWfstVTable,VT_WFST_FLAG_LAZY	raku	NativeCall; Iterable/Positional/Associative; LEAVE; exceptions	partial	scalar-double-weight-specialization-only	["lling-llang:bindings/raku/lib/Lling/Llang.rakumod","lling-llang:bindings/raku/t/01-conformance.rakutest"]	complete-the-generic-provider-surface
lling-llang	src/wfst/traits.rs	LazyWfst	resource-cursor-protocol	VtWfstVTable,VT_WFST_FLAG_LAZY	julia	ccall; multiple dispatch; AbstractDict/AbstractSet; iteration; do blocks; deterministic close and finalizers; @cfunction interfaces	partial	scalar-double-weight-specialization-only	["lling-llang:bindings/julia/LlingLlang/src/LlingLlang.jl","lling-llang:bindings/julia/LlingLlang/test/runtests.jl"]	complete-the-generic-provider-surface
lling-llang	src/wfst/traits.rs	MutableWfst	bounded-batch-protocol	-	rust	traits; IntoIterator/Iterator; Result; Drop	complete	full-native-trait-surface	["lling-llang:src/wfst/traits.rs"]	-
lling-llang	src/wfst/traits.rs	MutableWfst	bounded-batch-protocol	-	c	opaque handles; status codes; bounded buffers; vtables	missing	-	-	implement-bounded-batch-protocol
lling-llang	src/wfst/traits.rs	MutableWfst	bounded-batch-protocol	-	cpp	RAII; ranges/iterators; move-only handles; typed errors	missing	-	-	implement-bounded-batch-protocol
lling-llang	src/wfst/traits.rs	MutableWfst	bounded-batch-protocol	-	python	context managers; iterators/collections; exceptions; protocols	missing	-	-	implement-bounded-batch-protocol
lling-llang	src/wfst/traits.rs	MutableWfst	bounded-batch-protocol	-	java	AutoCloseable/try-with-resources; Collection/Map; Stream/Spliterator; interfaces	missing	-	-	implement-bounded-batch-protocol
lling-llang	src/wfst/traits.rs	MutableWfst	bounded-batch-protocol	-	kotlin	use; Iterable/Map; Sequence; SAM interfaces	missing	-	-	implement-bounded-batch-protocol
lling-llang	src/wfst/traits.rs	MutableWfst	bounded-batch-protocol	-	scala	Using/AutoCloseable; Iterable; Iterator; type classes	missing	-	-	implement-bounded-batch-protocol
lling-llang	src/wfst/traits.rs	MutableWfst	bounded-batch-protocol	-	clojure	Seqable; IReduceInit; Closeable; persistent values	missing	-	-	implement-bounded-batch-protocol
lling-llang	src/wfst/traits.rs	MutableWfst	bounded-batch-protocol	-	csharp	IDisposable/using; IEnumerable/IDictionary; exceptions; interfaces	missing	-	-	implement-bounded-batch-protocol
lling-llang	src/wfst/traits.rs	MutableWfst	bounded-batch-protocol	-	fsharp	use/use!; seq; Result; object expressions; interfaces	missing	-	-	implement-bounded-batch-protocol
lling-llang	src/wfst/traits.rs	MutableWfst	bounded-batch-protocol	-	go	interfaces; iter.Seq; io.Closer; errors	missing	-	-	implement-bounded-batch-protocol
lling-llang	src/wfst/traits.rs	MutableWfst	bounded-batch-protocol	-	javascript	Symbol.iterator; Symbol.dispose; Error; native/WASM/WASI runtime identity	missing	-	-	implement-bounded-batch-protocol
lling-llang	src/wfst/traits.rs	MutableWfst	bounded-batch-protocol	-	typescript	structural interfaces; Iterable; Disposable; discriminated errors	missing	-	-	implement-bounded-batch-protocol
lling-llang	src/wfst/traits.rs	MutableWfst	bounded-batch-protocol	-	clojurescript	ISeqable; IReduce; protocol dispatch; close!	missing	-	-	implement-bounded-batch-protocol
lling-llang	src/wfst/traits.rs	MutableWfst	bounded-batch-protocol	-	swift	Sequence/Collection; protocols; throws; deterministic scoped ownership	missing	-	-	implement-bounded-batch-protocol
lling-llang	src/wfst/traits.rs	MutableWfst	bounded-batch-protocol	-	ruby	Enumerable; blocks/ensure; exceptions; explicit close	missing	-	-	implement-bounded-batch-protocol
lling-llang	src/wfst/traits.rs	MutableWfst	bounded-batch-protocol	-	fortran	modules; derived types; type-bound procedures; finalizers	missing	-	-	implement-bounded-batch-protocol
lling-llang	src/wfst/traits.rs	MutableWfst	bounded-batch-protocol	-	ocaml	abstract types; Seq; result; Fun.protect	missing	-	-	implement-bounded-batch-protocol
lling-llang	src/wfst/traits.rs	MutableWfst	bounded-batch-protocol	-	haskell	type classes; Foldable; bracket; Either	missing	-	-	implement-bounded-batch-protocol
lling-llang	src/wfst/traits.rs	MutableWfst	bounded-batch-protocol	-	lua	generic-for iterators; __close; tables; error values	missing	-	-	implement-bounded-batch-protocol
lling-llang	src/wfst/traits.rs	MutableWfst	bounded-batch-protocol	-	raku	NativeCall; Iterable/Positional/Associative; LEAVE; exceptions	missing	-	-	implement-bounded-batch-protocol
lling-llang	src/wfst/traits.rs	MutableWfst	bounded-batch-protocol	-	julia	ccall; multiple dispatch; AbstractDict/AbstractSet; iteration; do blocks; deterministic close and finalizers; @cfunction interfaces	missing	-	-	implement-bounded-batch-protocol
lling-llang	src/wfst/traits.rs	Wfst	resource-cursor-protocol	VtWfstVTable	rust	traits; IntoIterator/Iterator; Result; Drop	complete	full-native-trait-surface	["lling-llang:src/wfst/traits.rs"]	-
lling-llang	src/wfst/traits.rs	Wfst	resource-cursor-protocol	VtWfstVTable	c	opaque handles; status codes; bounded buffers; vtables	partial	scalar-double-weight-specialization-only	["vinary-tree-interop:include/vinary_tree_interop.h"]	complete-the-generic-provider-surface
lling-llang	src/wfst/traits.rs	Wfst	resource-cursor-protocol	VtWfstVTable	cpp	RAII; ranges/iterators; move-only handles; typed errors	partial	scalar-double-weight-specialization-only	["vinary-tree-interop:include/vinary_tree/interop.hpp","vinary-tree-interop:tests/cpp/providers.cpp"]	complete-the-generic-provider-surface
lling-llang	src/wfst/traits.rs	Wfst	resource-cursor-protocol	VtWfstVTable	python	context managers; iterators/collections; exceptions; protocols	missing	-	-	implement-resource-cursor-protocol
lling-llang	src/wfst/traits.rs	Wfst	resource-cursor-protocol	VtWfstVTable	java	AutoCloseable/try-with-resources; Collection/Map; Stream/Spliterator; interfaces	missing	-	-	implement-resource-cursor-protocol
lling-llang	src/wfst/traits.rs	Wfst	resource-cursor-protocol	VtWfstVTable	kotlin	use; Iterable/Map; Sequence; SAM interfaces	missing	-	-	implement-resource-cursor-protocol
lling-llang	src/wfst/traits.rs	Wfst	resource-cursor-protocol	VtWfstVTable	scala	Using/AutoCloseable; Iterable; Iterator; type classes	missing	-	-	implement-resource-cursor-protocol
lling-llang	src/wfst/traits.rs	Wfst	resource-cursor-protocol	VtWfstVTable	clojure	Seqable; IReduceInit; Closeable; persistent values	missing	-	-	implement-resource-cursor-protocol
lling-llang	src/wfst/traits.rs	Wfst	resource-cursor-protocol	VtWfstVTable	csharp	IDisposable/using; IEnumerable/IDictionary; exceptions; interfaces	partial	scalar-double-weight-specialization-only	["vinary-tree-interop:bindings/dotnet/src/VinaryTree.Interop/ScalarWfstProviders.cs","vinary-tree-interop:bindings/dotnet/tests/VinaryTree.Interop.ProviderTests/Program.cs"]	complete-the-generic-provider-surface
lling-llang	src/wfst/traits.rs	Wfst	resource-cursor-protocol	VtWfstVTable	fsharp	use/use!; seq; Result; object expressions; interfaces	partial	scalar-double-weight-specialization-only	["vinary-tree-interop:bindings/dotnet/src/VinaryTree.Interop/ScalarWfstProviders.cs","vinary-tree-interop:bindings/dotnet/tests/VinaryTree.Interop.FSharpProviders/Program.fs"]	complete-the-generic-provider-surface
lling-llang	src/wfst/traits.rs	Wfst	resource-cursor-protocol	VtWfstVTable	go	interfaces; iter.Seq; io.Closer; errors	missing	-	-	implement-resource-cursor-protocol
lling-llang	src/wfst/traits.rs	Wfst	resource-cursor-protocol	VtWfstVTable	javascript	Symbol.iterator; Symbol.dispose; Error; native/WASM/WASI runtime identity	missing	-	-	implement-resource-cursor-protocol
lling-llang	src/wfst/traits.rs	Wfst	resource-cursor-protocol	VtWfstVTable	typescript	structural interfaces; Iterable; Disposable; discriminated errors	missing	-	-	implement-resource-cursor-protocol
lling-llang	src/wfst/traits.rs	Wfst	resource-cursor-protocol	VtWfstVTable	clojurescript	ISeqable; IReduce; protocol dispatch; close!	missing	-	-	implement-resource-cursor-protocol
lling-llang	src/wfst/traits.rs	Wfst	resource-cursor-protocol	VtWfstVTable	swift	Sequence/Collection; protocols; throws; deterministic scoped ownership	missing	-	-	implement-resource-cursor-protocol
lling-llang	src/wfst/traits.rs	Wfst	resource-cursor-protocol	VtWfstVTable	ruby	Enumerable; blocks/ensure; exceptions; explicit close	missing	-	-	implement-resource-cursor-protocol
lling-llang	src/wfst/traits.rs	Wfst	resource-cursor-protocol	VtWfstVTable	fortran	modules; derived types; type-bound procedures; finalizers	missing	-	-	implement-resource-cursor-protocol
lling-llang	src/wfst/traits.rs	Wfst	resource-cursor-protocol	VtWfstVTable	ocaml	abstract types; Seq; result; Fun.protect	missing	-	-	implement-resource-cursor-protocol
lling-llang	src/wfst/traits.rs	Wfst	resource-cursor-protocol	VtWfstVTable	haskell	type classes; Foldable; bracket; Either	missing	-	-	implement-resource-cursor-protocol
lling-llang	src/wfst/traits.rs	Wfst	resource-cursor-protocol	VtWfstVTable	lua	generic-for iterators; __close; tables; error values	missing	-	-	implement-resource-cursor-protocol
lling-llang	src/wfst/traits.rs	Wfst	resource-cursor-protocol	VtWfstVTable	raku	NativeCall; Iterable/Positional/Associative; LEAVE; exceptions	partial	scalar-double-weight-specialization-only	["lling-llang:bindings/raku/lib/Lling/Llang.rakumod","lling-llang:bindings/raku/t/01-conformance.rakutest"]	complete-the-generic-provider-surface
lling-llang	src/wfst/traits.rs	Wfst	resource-cursor-protocol	VtWfstVTable	julia	ccall; multiple dispatch; AbstractDict/AbstractSet; iteration; do blocks; deterministic close and finalizers; @cfunction interfaces	partial	scalar-double-weight-specialization-only	["lling-llang:bindings/julia/LlingLlang/src/LlingLlang.jl","lling-llang:bindings/julia/LlingLlang/test/runtests.jl"]	complete-the-generic-provider-surface
