project	role	capability	language	surface_status	unit_domains	host_idioms	package_manager	lifecycle_model	conformance_status	benchmark_status	documentation_status	doc_overview_status	doc_overview_evidence	doc_installation_status	doc_installation_evidence	doc_quick_start_status	doc_quick_start_evidence	doc_common_usage_status	doc_common_usage_evidence	doc_intended_usage_status	doc_intended_usage_evidence	doc_api_reference_status	doc_api_reference_evidence	doc_semantics_status	doc_semantics_evidence	doc_errors_status	doc_errors_evidence	doc_lifecycle_status	doc_lifecycle_evidence	doc_ownership_status	doc_ownership_evidence	doc_concurrency_status	doc_concurrency_evidence	doc_collections_iterators_status	doc_collections_iterators_evidence	doc_snapshots_status	doc_snapshots_evidence	doc_zero_copy_batching_status	doc_zero_copy_batching_evidence	doc_examples_status	doc_examples_evidence	doc_migration_status	doc_migration_evidence	doc_compatibility_status	doc_compatibility_evidence	doc_performance_status	doc_performance_evidence	doc_security_status	doc_security_evidence	doc_release_status	doc_release_evidence	fresh_consumer_status	applicability_proof	evidence
vinary-tree-interop	core-abi	retained-resource	rust	audit-required	byte,unicode-scalar,u64,not-unit-bearing	traits; IntoIterator/Iterator; Result; Drop	crates.io	deterministic-close-plus-leak-containment	audit-required	audit-required	audit-required	audit-required	-	audit-required	-	audit-required	-	audit-required	-	audit-required	-	audit-required	-	audit-required	-	audit-required	-	audit-required	-	audit-required	-	audit-required	-	audit-required	-	audit-required	-	audit-required	-	audit-required	-	audit-required	-	audit-required	-	audit-required	-	audit-required	-	audit-required	-	audit-required	-	vinary-tree-interop/Cargo.toml
vinary-tree-interop	core-abi	retained-resource	c	audit-required	byte,unicode-scalar,u64,not-unit-bearing	opaque handles; status codes; bounded buffers; vtables	CMake/pkg-config/GitHub Releases	deterministic-close-plus-leak-containment	audit-required	audit-required	audit-required	audit-required	-	audit-required	-	audit-required	-	audit-required	-	audit-required	-	audit-required	-	audit-required	-	audit-required	-	audit-required	-	audit-required	-	audit-required	-	audit-required	-	audit-required	-	audit-required	-	audit-required	-	audit-required	-	audit-required	-	audit-required	-	audit-required	-	audit-required	-	audit-required	-	vinary-tree-interop/include/vinary_tree_interop.h
vinary-tree-interop	core-abi	retained-resource	cpp	audit-required	byte,unicode-scalar,u64,not-unit-bearing	RAII; ranges/iterators; move-only handles; typed errors	CMake/pkg-config/GitHub Releases	deterministic-close-plus-leak-containment	audit-required	audit-required	audit-required	audit-required	-	audit-required	-	audit-required	-	audit-required	-	audit-required	-	audit-required	-	audit-required	-	audit-required	-	audit-required	-	audit-required	-	audit-required	-	audit-required	-	audit-required	-	audit-required	-	audit-required	-	audit-required	-	audit-required	-	audit-required	-	audit-required	-	audit-required	-	audit-required	-	vinary-tree-interop/include/vinary_tree_interop.h
vinary-tree-interop	core-abi	retained-resource	python	audit-required	byte,unicode-scalar,u64,not-unit-bearing	context managers; iterators/collections; exceptions; protocols	PyPI	deterministic-close-plus-leak-containment	audit-required	audit-required	audit-required	audit-required	-	audit-required	-	audit-required	-	audit-required	-	audit-required	-	audit-required	-	audit-required	-	audit-required	-	audit-required	-	audit-required	-	audit-required	-	audit-required	-	audit-required	-	audit-required	-	audit-required	-	audit-required	-	audit-required	-	audit-required	-	audit-required	-	audit-required	-	audit-required	-	vinary-tree-interop/bindings/python
vinary-tree-interop	core-abi	retained-resource	java	audit-required	byte,unicode-scalar,u64,not-unit-bearing	AutoCloseable/try-with-resources; Collection/Map; Stream/Spliterator; interfaces	Maven Central	deterministic-close-plus-leak-containment	audit-required	audit-required	audit-required	audit-required	-	audit-required	-	audit-required	-	audit-required	-	audit-required	-	audit-required	-	audit-required	-	audit-required	-	audit-required	-	audit-required	-	audit-required	-	audit-required	-	audit-required	-	audit-required	-	audit-required	-	audit-required	-	audit-required	-	audit-required	-	audit-required	-	audit-required	-	audit-required	-	vinary-tree-interop/bindings/jvm
vinary-tree-interop	core-abi	retained-resource	kotlin	audit-required	byte,unicode-scalar,u64,not-unit-bearing	use; Iterable/Map; Sequence; SAM interfaces	Maven Central	deterministic-close-plus-leak-containment	audit-required	audit-required	audit-required	audit-required	-	audit-required	-	audit-required	-	audit-required	-	audit-required	-	audit-required	-	audit-required	-	audit-required	-	audit-required	-	audit-required	-	audit-required	-	audit-required	-	audit-required	-	audit-required	-	audit-required	-	audit-required	-	audit-required	-	audit-required	-	audit-required	-	audit-required	-	audit-required	-	vinary-tree-interop/bindings/jvm
vinary-tree-interop	core-abi	retained-resource	scala	audit-required	byte,unicode-scalar,u64,not-unit-bearing	Using/AutoCloseable; Iterable; Iterator; type classes	Maven Central	deterministic-close-plus-leak-containment	audit-required	audit-required	audit-required	audit-required	-	audit-required	-	audit-required	-	audit-required	-	audit-required	-	audit-required	-	audit-required	-	audit-required	-	audit-required	-	audit-required	-	audit-required	-	audit-required	-	audit-required	-	audit-required	-	audit-required	-	audit-required	-	audit-required	-	audit-required	-	audit-required	-	audit-required	-	audit-required	-	vinary-tree-interop/bindings/jvm
vinary-tree-interop	core-abi	retained-resource	clojure	missing	byte,unicode-scalar,u64,not-unit-bearing	Seqable; IReduceInit; Closeable; persistent values	Clojars	deterministic-close-plus-leak-containment	missing	missing	missing	missing	-	missing	-	missing	-	missing	-	missing	-	missing	-	missing	-	missing	-	missing	-	missing	-	missing	-	missing	-	missing	-	missing	-	missing	-	missing	-	missing	-	missing	-	missing	-	missing	-	missing	-	-
vinary-tree-interop	core-abi	retained-resource	csharp	audit-required	byte,unicode-scalar,u64,not-unit-bearing	IDisposable/using; IEnumerable/IDictionary; exceptions; interfaces	NuGet	deterministic-close-plus-leak-containment	audit-required	audit-required	audit-required	audit-required	-	audit-required	-	audit-required	-	audit-required	-	audit-required	-	audit-required	-	audit-required	-	audit-required	-	audit-required	-	audit-required	-	audit-required	-	audit-required	-	audit-required	-	audit-required	-	audit-required	-	audit-required	-	audit-required	-	audit-required	-	audit-required	-	audit-required	-	audit-required	-	vinary-tree-interop/bindings/dotnet
vinary-tree-interop	core-abi	retained-resource	fsharp	audit-required	byte,unicode-scalar,u64,not-unit-bearing	use/use!; seq; Result; object expressions; interfaces	NuGet	deterministic-close-plus-leak-containment	audit-required	audit-required	audit-required	audit-required	-	audit-required	-	audit-required	-	audit-required	-	audit-required	-	audit-required	-	audit-required	-	audit-required	-	audit-required	-	audit-required	-	audit-required	-	audit-required	-	audit-required	-	audit-required	-	audit-required	-	audit-required	-	audit-required	-	audit-required	-	audit-required	-	audit-required	-	audit-required	-	vinary-tree-interop/bindings/dotnet
vinary-tree-interop	core-abi	retained-resource	go	audit-required	byte,unicode-scalar,u64,not-unit-bearing	interfaces; iter.Seq; io.Closer; errors	Go module proxy	deterministic-close-plus-leak-containment	audit-required	audit-required	audit-required	audit-required	-	audit-required	-	audit-required	-	audit-required	-	audit-required	-	audit-required	-	audit-required	-	audit-required	-	audit-required	-	audit-required	-	audit-required	-	audit-required	-	audit-required	-	audit-required	-	audit-required	-	audit-required	-	audit-required	-	audit-required	-	audit-required	-	audit-required	-	audit-required	-	vinary-tree-interop/bindings/go
vinary-tree-interop	core-abi	retained-resource	javascript	audit-required	byte,unicode-scalar,u64,not-unit-bearing	Symbol.iterator; Symbol.dispose; Error; native/WASM/WASI runtime identity	npm	deterministic-close-plus-leak-containment	audit-required	audit-required	audit-required	audit-required	-	audit-required	-	audit-required	-	audit-required	-	audit-required	-	audit-required	-	audit-required	-	audit-required	-	audit-required	-	audit-required	-	audit-required	-	audit-required	-	audit-required	-	audit-required	-	audit-required	-	audit-required	-	audit-required	-	audit-required	-	audit-required	-	audit-required	-	audit-required	-	vinary-tree-interop/bindings/javascript
vinary-tree-interop	core-abi	retained-resource	typescript	audit-required	byte,unicode-scalar,u64,not-unit-bearing	structural interfaces; Iterable; Disposable; discriminated errors	npm	deterministic-close-plus-leak-containment	audit-required	audit-required	audit-required	audit-required	-	audit-required	-	audit-required	-	audit-required	-	audit-required	-	audit-required	-	audit-required	-	audit-required	-	audit-required	-	audit-required	-	audit-required	-	audit-required	-	audit-required	-	audit-required	-	audit-required	-	audit-required	-	audit-required	-	audit-required	-	audit-required	-	audit-required	-	audit-required	-	vinary-tree-interop/bindings/javascript
vinary-tree-interop	core-abi	retained-resource	clojurescript	missing	byte,unicode-scalar,u64,not-unit-bearing	ISeqable; IReduce; protocol dispatch; close!	npm	deterministic-close-plus-leak-containment	missing	missing	missing	missing	-	missing	-	missing	-	missing	-	missing	-	missing	-	missing	-	missing	-	missing	-	missing	-	missing	-	missing	-	missing	-	missing	-	missing	-	missing	-	missing	-	missing	-	missing	-	missing	-	missing	-	-
vinary-tree-interop	core-abi	retained-resource	swift	audit-required	byte,unicode-scalar,u64,not-unit-bearing	Sequence/Collection; protocols; throws; deterministic scoped ownership	Swift Package Index	deterministic-close-plus-leak-containment	audit-required	audit-required	audit-required	audit-required	-	audit-required	-	audit-required	-	audit-required	-	audit-required	-	audit-required	-	audit-required	-	audit-required	-	audit-required	-	audit-required	-	audit-required	-	audit-required	-	audit-required	-	audit-required	-	audit-required	-	audit-required	-	audit-required	-	audit-required	-	audit-required	-	audit-required	-	audit-required	-	vinary-tree-interop/bindings/swift
vinary-tree-interop	core-abi	retained-resource	ruby	missing	byte,unicode-scalar,u64,not-unit-bearing	Enumerable; blocks/ensure; exceptions; explicit close	RubyGems	deterministic-close-plus-leak-containment	missing	missing	missing	missing	-	missing	-	missing	-	missing	-	missing	-	missing	-	missing	-	missing	-	missing	-	missing	-	missing	-	missing	-	missing	-	missing	-	missing	-	missing	-	missing	-	missing	-	missing	-	missing	-	missing	-	-
vinary-tree-interop	core-abi	retained-resource	fortran	audit-required	byte,unicode-scalar,u64,not-unit-bearing	modules; derived types; type-bound procedures; finalizers	fpm	deterministic-close-plus-leak-containment	audit-required	audit-required	audit-required	audit-required	-	audit-required	-	audit-required	-	audit-required	-	audit-required	-	audit-required	-	audit-required	-	audit-required	-	audit-required	-	audit-required	-	audit-required	-	audit-required	-	audit-required	-	audit-required	-	audit-required	-	audit-required	-	audit-required	-	audit-required	-	audit-required	-	audit-required	-	audit-required	-	vinary-tree-interop/bindings/fortran
vinary-tree-interop	core-abi	retained-resource	ocaml	audit-required	byte,unicode-scalar,u64,not-unit-bearing	abstract types; Seq; result; Fun.protect	opam	deterministic-close-plus-leak-containment	audit-required	audit-required	audit-required	audit-required	-	audit-required	-	audit-required	-	audit-required	-	audit-required	-	audit-required	-	audit-required	-	audit-required	-	audit-required	-	audit-required	-	audit-required	-	audit-required	-	audit-required	-	audit-required	-	audit-required	-	audit-required	-	audit-required	-	audit-required	-	audit-required	-	audit-required	-	audit-required	-	vinary-tree-interop/bindings/ocaml
vinary-tree-interop	core-abi	retained-resource	haskell	audit-required	byte,unicode-scalar,u64,not-unit-bearing	type classes; Foldable; bracket; Either	Hackage	deterministic-close-plus-leak-containment	audit-required	audit-required	audit-required	audit-required	-	audit-required	-	audit-required	-	audit-required	-	audit-required	-	audit-required	-	audit-required	-	audit-required	-	audit-required	-	audit-required	-	audit-required	-	audit-required	-	audit-required	-	audit-required	-	audit-required	-	audit-required	-	audit-required	-	audit-required	-	audit-required	-	audit-required	-	audit-required	-	vinary-tree-interop/bindings/haskell
vinary-tree-interop	core-abi	retained-resource	lua	audit-required	byte,unicode-scalar,u64,not-unit-bearing	generic-for iterators; __close; tables; error values	LuaRocks	deterministic-close-plus-leak-containment	audit-required	audit-required	audit-required	audit-required	-	audit-required	-	audit-required	-	audit-required	-	audit-required	-	audit-required	-	audit-required	-	audit-required	-	audit-required	-	audit-required	-	audit-required	-	audit-required	-	audit-required	-	audit-required	-	audit-required	-	audit-required	-	audit-required	-	audit-required	-	audit-required	-	audit-required	-	audit-required	-	vinary-tree-interop/bindings/lua
vinary-tree-interop	core-abi	retained-resource	raku	missing	byte,unicode-scalar,u64,not-unit-bearing	NativeCall; Iterable/Positional/Associative; LEAVE; exceptions	zef/fez	deterministic-close-plus-leak-containment	missing	missing	missing	missing	-	missing	-	missing	-	missing	-	missing	-	missing	-	missing	-	missing	-	missing	-	missing	-	missing	-	missing	-	missing	-	missing	-	missing	-	missing	-	missing	-	missing	-	missing	-	missing	-	missing	-	-
vinary-tree-interop	core-abi	dictionary-snapshot	rust	audit-required	byte,unicode-scalar,u64,not-unit-bearing	traits; IntoIterator/Iterator; Result; Drop	crates.io	deterministic-close-plus-leak-containment	audit-required	audit-required	audit-required	audit-required	-	audit-required	-	audit-required	-	audit-required	-	audit-required	-	audit-required	-	audit-required	-	audit-required	-	audit-required	-	audit-required	-	audit-required	-	audit-required	-	audit-required	-	audit-required	-	audit-required	-	audit-required	-	audit-required	-	audit-required	-	audit-required	-	audit-required	-	audit-required	-	vinary-tree-interop/Cargo.toml
vinary-tree-interop	core-abi	dictionary-snapshot	c	audit-required	byte,unicode-scalar,u64,not-unit-bearing	opaque handles; status codes; bounded buffers; vtables	CMake/pkg-config/GitHub Releases	deterministic-close-plus-leak-containment	audit-required	audit-required	audit-required	audit-required	-	audit-required	-	audit-required	-	audit-required	-	audit-required	-	audit-required	-	audit-required	-	audit-required	-	audit-required	-	audit-required	-	audit-required	-	audit-required	-	audit-required	-	audit-required	-	audit-required	-	audit-required	-	audit-required	-	audit-required	-	audit-required	-	audit-required	-	audit-required	-	vinary-tree-interop/include/vinary_tree_interop.h
vinary-tree-interop	core-abi	dictionary-snapshot	cpp	audit-required	byte,unicode-scalar,u64,not-unit-bearing	RAII; ranges/iterators; move-only handles; typed errors	CMake/pkg-config/GitHub Releases	deterministic-close-plus-leak-containment	audit-required	audit-required	audit-required	audit-required	-	audit-required	-	audit-required	-	audit-required	-	audit-required	-	audit-required	-	audit-required	-	audit-required	-	audit-required	-	audit-required	-	audit-required	-	audit-required	-	audit-required	-	audit-required	-	audit-required	-	audit-required	-	audit-required	-	audit-required	-	audit-required	-	audit-required	-	audit-required	-	vinary-tree-interop/include/vinary_tree_interop.h
vinary-tree-interop	core-abi	dictionary-snapshot	python	audit-required	byte,unicode-scalar,u64,not-unit-bearing	context managers; iterators/collections; exceptions; protocols	PyPI	deterministic-close-plus-leak-containment	audit-required	audit-required	audit-required	audit-required	-	audit-required	-	audit-required	-	audit-required	-	audit-required	-	audit-required	-	audit-required	-	audit-required	-	audit-required	-	audit-required	-	audit-required	-	audit-required	-	audit-required	-	audit-required	-	audit-required	-	audit-required	-	audit-required	-	audit-required	-	audit-required	-	audit-required	-	audit-required	-	vinary-tree-interop/bindings/python
vinary-tree-interop	core-abi	dictionary-snapshot	java	audit-required	byte,unicode-scalar,u64,not-unit-bearing	AutoCloseable/try-with-resources; Collection/Map; Stream/Spliterator; interfaces	Maven Central	deterministic-close-plus-leak-containment	audit-required	audit-required	audit-required	audit-required	-	audit-required	-	audit-required	-	audit-required	-	audit-required	-	audit-required	-	audit-required	-	audit-required	-	audit-required	-	audit-required	-	audit-required	-	audit-required	-	audit-required	-	audit-required	-	audit-required	-	audit-required	-	audit-required	-	audit-required	-	audit-required	-	audit-required	-	audit-required	-	vinary-tree-interop/bindings/jvm
vinary-tree-interop	core-abi	dictionary-snapshot	kotlin	audit-required	byte,unicode-scalar,u64,not-unit-bearing	use; Iterable/Map; Sequence; SAM interfaces	Maven Central	deterministic-close-plus-leak-containment	audit-required	audit-required	audit-required	audit-required	-	audit-required	-	audit-required	-	audit-required	-	audit-required	-	audit-required	-	audit-required	-	audit-required	-	audit-required	-	audit-required	-	audit-required	-	audit-required	-	audit-required	-	audit-required	-	audit-required	-	audit-required	-	audit-required	-	audit-required	-	audit-required	-	audit-required	-	audit-required	-	vinary-tree-interop/bindings/jvm
vinary-tree-interop	core-abi	dictionary-snapshot	scala	audit-required	byte,unicode-scalar,u64,not-unit-bearing	Using/AutoCloseable; Iterable; Iterator; type classes	Maven Central	deterministic-close-plus-leak-containment	audit-required	audit-required	audit-required	audit-required	-	audit-required	-	audit-required	-	audit-required	-	audit-required	-	audit-required	-	audit-required	-	audit-required	-	audit-required	-	audit-required	-	audit-required	-	audit-required	-	audit-required	-	audit-required	-	audit-required	-	audit-required	-	audit-required	-	audit-required	-	audit-required	-	audit-required	-	audit-required	-	vinary-tree-interop/bindings/jvm
vinary-tree-interop	core-abi	dictionary-snapshot	clojure	missing	byte,unicode-scalar,u64,not-unit-bearing	Seqable; IReduceInit; Closeable; persistent values	Clojars	deterministic-close-plus-leak-containment	missing	missing	missing	missing	-	missing	-	missing	-	missing	-	missing	-	missing	-	missing	-	missing	-	missing	-	missing	-	missing	-	missing	-	missing	-	missing	-	missing	-	missing	-	missing	-	missing	-	missing	-	missing	-	missing	-	-
vinary-tree-interop	core-abi	dictionary-snapshot	csharp	audit-required	byte,unicode-scalar,u64,not-unit-bearing	IDisposable/using; IEnumerable/IDictionary; exceptions; interfaces	NuGet	deterministic-close-plus-leak-containment	audit-required	audit-required	audit-required	audit-required	-	audit-required	-	audit-required	-	audit-required	-	audit-required	-	audit-required	-	audit-required	-	audit-required	-	audit-required	-	audit-required	-	audit-required	-	audit-required	-	audit-required	-	audit-required	-	audit-required	-	audit-required	-	audit-required	-	audit-required	-	audit-required	-	audit-required	-	audit-required	-	vinary-tree-interop/bindings/dotnet
vinary-tree-interop	core-abi	dictionary-snapshot	fsharp	audit-required	byte,unicode-scalar,u64,not-unit-bearing	use/use!; seq; Result; object expressions; interfaces	NuGet	deterministic-close-plus-leak-containment	audit-required	audit-required	audit-required	audit-required	-	audit-required	-	audit-required	-	audit-required	-	audit-required	-	audit-required	-	audit-required	-	audit-required	-	audit-required	-	audit-required	-	audit-required	-	audit-required	-	audit-required	-	audit-required	-	audit-required	-	audit-required	-	audit-required	-	audit-required	-	audit-required	-	audit-required	-	audit-required	-	vinary-tree-interop/bindings/dotnet
vinary-tree-interop	core-abi	dictionary-snapshot	go	audit-required	byte,unicode-scalar,u64,not-unit-bearing	interfaces; iter.Seq; io.Closer; errors	Go module proxy	deterministic-close-plus-leak-containment	audit-required	audit-required	audit-required	audit-required	-	audit-required	-	audit-required	-	audit-required	-	audit-required	-	audit-required	-	audit-required	-	audit-required	-	audit-required	-	audit-required	-	audit-required	-	audit-required	-	audit-required	-	audit-required	-	audit-required	-	audit-required	-	audit-required	-	audit-required	-	audit-required	-	audit-required	-	audit-required	-	vinary-tree-interop/bindings/go
vinary-tree-interop	core-abi	dictionary-snapshot	javascript	audit-required	byte,unicode-scalar,u64,not-unit-bearing	Symbol.iterator; Symbol.dispose; Error; native/WASM/WASI runtime identity	npm	deterministic-close-plus-leak-containment	audit-required	audit-required	audit-required	audit-required	-	audit-required	-	audit-required	-	audit-required	-	audit-required	-	audit-required	-	audit-required	-	audit-required	-	audit-required	-	audit-required	-	audit-required	-	audit-required	-	audit-required	-	audit-required	-	audit-required	-	audit-required	-	audit-required	-	audit-required	-	audit-required	-	audit-required	-	audit-required	-	vinary-tree-interop/bindings/javascript
vinary-tree-interop	core-abi	dictionary-snapshot	typescript	audit-required	byte,unicode-scalar,u64,not-unit-bearing	structural interfaces; Iterable; Disposable; discriminated errors	npm	deterministic-close-plus-leak-containment	audit-required	audit-required	audit-required	audit-required	-	audit-required	-	audit-required	-	audit-required	-	audit-required	-	audit-required	-	audit-required	-	audit-required	-	audit-required	-	audit-required	-	audit-required	-	audit-required	-	audit-required	-	audit-required	-	audit-required	-	audit-required	-	audit-required	-	audit-required	-	audit-required	-	audit-required	-	audit-required	-	vinary-tree-interop/bindings/javascript
vinary-tree-interop	core-abi	dictionary-snapshot	clojurescript	missing	byte,unicode-scalar,u64,not-unit-bearing	ISeqable; IReduce; protocol dispatch; close!	npm	deterministic-close-plus-leak-containment	missing	missing	missing	missing	-	missing	-	missing	-	missing	-	missing	-	missing	-	missing	-	missing	-	missing	-	missing	-	missing	-	missing	-	missing	-	missing	-	missing	-	missing	-	missing	-	missing	-	missing	-	missing	-	missing	-	-
vinary-tree-interop	core-abi	dictionary-snapshot	swift	audit-required	byte,unicode-scalar,u64,not-unit-bearing	Sequence/Collection; protocols; throws; deterministic scoped ownership	Swift Package Index	deterministic-close-plus-leak-containment	audit-required	audit-required	audit-required	audit-required	-	audit-required	-	audit-required	-	audit-required	-	audit-required	-	audit-required	-	audit-required	-	audit-required	-	audit-required	-	audit-required	-	audit-required	-	audit-required	-	audit-required	-	audit-required	-	audit-required	-	audit-required	-	audit-required	-	audit-required	-	audit-required	-	audit-required	-	audit-required	-	vinary-tree-interop/bindings/swift
vinary-tree-interop	core-abi	dictionary-snapshot	ruby	missing	byte,unicode-scalar,u64,not-unit-bearing	Enumerable; blocks/ensure; exceptions; explicit close	RubyGems	deterministic-close-plus-leak-containment	missing	missing	missing	missing	-	missing	-	missing	-	missing	-	missing	-	missing	-	missing	-	missing	-	missing	-	missing	-	missing	-	missing	-	missing	-	missing	-	missing	-	missing	-	missing	-	missing	-	missing	-	missing	-	missing	-	-
vinary-tree-interop	core-abi	dictionary-snapshot	fortran	audit-required	byte,unicode-scalar,u64,not-unit-bearing	modules; derived types; type-bound procedures; finalizers	fpm	deterministic-close-plus-leak-containment	audit-required	audit-required	audit-required	audit-required	-	audit-required	-	audit-required	-	audit-required	-	audit-required	-	audit-required	-	audit-required	-	audit-required	-	audit-required	-	audit-required	-	audit-required	-	audit-required	-	audit-required	-	audit-required	-	audit-required	-	audit-required	-	audit-required	-	audit-required	-	audit-required	-	audit-required	-	audit-required	-	vinary-tree-interop/bindings/fortran
vinary-tree-interop	core-abi	dictionary-snapshot	ocaml	audit-required	byte,unicode-scalar,u64,not-unit-bearing	abstract types; Seq; result; Fun.protect	opam	deterministic-close-plus-leak-containment	audit-required	audit-required	audit-required	audit-required	-	audit-required	-	audit-required	-	audit-required	-	audit-required	-	audit-required	-	audit-required	-	audit-required	-	audit-required	-	audit-required	-	audit-required	-	audit-required	-	audit-required	-	audit-required	-	audit-required	-	audit-required	-	audit-required	-	audit-required	-	audit-required	-	audit-required	-	audit-required	-	vinary-tree-interop/bindings/ocaml
vinary-tree-interop	core-abi	dictionary-snapshot	haskell	audit-required	byte,unicode-scalar,u64,not-unit-bearing	type classes; Foldable; bracket; Either	Hackage	deterministic-close-plus-leak-containment	audit-required	audit-required	audit-required	audit-required	-	audit-required	-	audit-required	-	audit-required	-	audit-required	-	audit-required	-	audit-required	-	audit-required	-	audit-required	-	audit-required	-	audit-required	-	audit-required	-	audit-required	-	audit-required	-	audit-required	-	audit-required	-	audit-required	-	audit-required	-	audit-required	-	audit-required	-	audit-required	-	vinary-tree-interop/bindings/haskell
vinary-tree-interop	core-abi	dictionary-snapshot	lua	audit-required	byte,unicode-scalar,u64,not-unit-bearing	generic-for iterators; __close; tables; error values	LuaRocks	deterministic-close-plus-leak-containment	audit-required	audit-required	audit-required	audit-required	-	audit-required	-	audit-required	-	audit-required	-	audit-required	-	audit-required	-	audit-required	-	audit-required	-	audit-required	-	audit-required	-	audit-required	-	audit-required	-	audit-required	-	audit-required	-	audit-required	-	audit-required	-	audit-required	-	audit-required	-	audit-required	-	audit-required	-	audit-required	-	vinary-tree-interop/bindings/lua
vinary-tree-interop	core-abi	dictionary-snapshot	raku	missing	byte,unicode-scalar,u64,not-unit-bearing	NativeCall; Iterable/Positional/Associative; LEAVE; exceptions	zef/fez	deterministic-close-plus-leak-containment	missing	missing	missing	missing	-	missing	-	missing	-	missing	-	missing	-	missing	-	missing	-	missing	-	missing	-	missing	-	missing	-	missing	-	missing	-	missing	-	missing	-	missing	-	missing	-	missing	-	missing	-	missing	-	missing	-	-
vinary-tree-interop	core-abi	dictionary-visit	rust	audit-required	byte,unicode-scalar,u64,not-unit-bearing	traits; IntoIterator/Iterator; Result; Drop	crates.io	deterministic-close-plus-leak-containment	audit-required	audit-required	audit-required	audit-required	-	audit-required	-	audit-required	-	audit-required	-	audit-required	-	audit-required	-	audit-required	-	audit-required	-	audit-required	-	audit-required	-	audit-required	-	audit-required	-	audit-required	-	audit-required	-	audit-required	-	audit-required	-	audit-required	-	audit-required	-	audit-required	-	audit-required	-	audit-required	-	vinary-tree-interop/Cargo.toml
vinary-tree-interop	core-abi	dictionary-visit	c	audit-required	byte,unicode-scalar,u64,not-unit-bearing	opaque handles; status codes; bounded buffers; vtables	CMake/pkg-config/GitHub Releases	deterministic-close-plus-leak-containment	audit-required	audit-required	audit-required	audit-required	-	audit-required	-	audit-required	-	audit-required	-	audit-required	-	audit-required	-	audit-required	-	audit-required	-	audit-required	-	audit-required	-	audit-required	-	audit-required	-	audit-required	-	audit-required	-	audit-required	-	audit-required	-	audit-required	-	audit-required	-	audit-required	-	audit-required	-	audit-required	-	vinary-tree-interop/include/vinary_tree_interop.h
vinary-tree-interop	core-abi	dictionary-visit	cpp	audit-required	byte,unicode-scalar,u64,not-unit-bearing	RAII; ranges/iterators; move-only handles; typed errors	CMake/pkg-config/GitHub Releases	deterministic-close-plus-leak-containment	audit-required	audit-required	audit-required	audit-required	-	audit-required	-	audit-required	-	audit-required	-	audit-required	-	audit-required	-	audit-required	-	audit-required	-	audit-required	-	audit-required	-	audit-required	-	audit-required	-	audit-required	-	audit-required	-	audit-required	-	audit-required	-	audit-required	-	audit-required	-	audit-required	-	audit-required	-	audit-required	-	vinary-tree-interop/include/vinary_tree_interop.h
vinary-tree-interop	core-abi	dictionary-visit	python	audit-required	byte,unicode-scalar,u64,not-unit-bearing	context managers; iterators/collections; exceptions; protocols	PyPI	deterministic-close-plus-leak-containment	audit-required	audit-required	audit-required	audit-required	-	audit-required	-	audit-required	-	audit-required	-	audit-required	-	audit-required	-	audit-required	-	audit-required	-	audit-required	-	audit-required	-	audit-required	-	audit-required	-	audit-required	-	audit-required	-	audit-required	-	audit-required	-	audit-required	-	audit-required	-	audit-required	-	audit-required	-	audit-required	-	vinary-tree-interop/bindings/python
vinary-tree-interop	core-abi	dictionary-visit	java	audit-required	byte,unicode-scalar,u64,not-unit-bearing	AutoCloseable/try-with-resources; Collection/Map; Stream/Spliterator; interfaces	Maven Central	deterministic-close-plus-leak-containment	audit-required	audit-required	audit-required	audit-required	-	audit-required	-	audit-required	-	audit-required	-	audit-required	-	audit-required	-	audit-required	-	audit-required	-	audit-required	-	audit-required	-	audit-required	-	audit-required	-	audit-required	-	audit-required	-	audit-required	-	audit-required	-	audit-required	-	audit-required	-	audit-required	-	audit-required	-	audit-required	-	vinary-tree-interop/bindings/jvm
vinary-tree-interop	core-abi	dictionary-visit	kotlin	audit-required	byte,unicode-scalar,u64,not-unit-bearing	use; Iterable/Map; Sequence; SAM interfaces	Maven Central	deterministic-close-plus-leak-containment	audit-required	audit-required	audit-required	audit-required	-	audit-required	-	audit-required	-	audit-required	-	audit-required	-	audit-required	-	audit-required	-	audit-required	-	audit-required	-	audit-required	-	audit-required	-	audit-required	-	audit-required	-	audit-required	-	audit-required	-	audit-required	-	audit-required	-	audit-required	-	audit-required	-	audit-required	-	audit-required	-	vinary-tree-interop/bindings/jvm
vinary-tree-interop	core-abi	dictionary-visit	scala	audit-required	byte,unicode-scalar,u64,not-unit-bearing	Using/AutoCloseable; Iterable; Iterator; type classes	Maven Central	deterministic-close-plus-leak-containment	audit-required	audit-required	audit-required	audit-required	-	audit-required	-	audit-required	-	audit-required	-	audit-required	-	audit-required	-	audit-required	-	audit-required	-	audit-required	-	audit-required	-	audit-required	-	audit-required	-	audit-required	-	audit-required	-	audit-required	-	audit-required	-	audit-required	-	audit-required	-	audit-required	-	audit-required	-	audit-required	-	vinary-tree-interop/bindings/jvm
vinary-tree-interop	core-abi	dictionary-visit	clojure	missing	byte,unicode-scalar,u64,not-unit-bearing	Seqable; IReduceInit; Closeable; persistent values	Clojars	deterministic-close-plus-leak-containment	missing	missing	missing	missing	-	missing	-	missing	-	missing	-	missing	-	missing	-	missing	-	missing	-	missing	-	missing	-	missing	-	missing	-	missing	-	missing	-	missing	-	missing	-	missing	-	missing	-	missing	-	missing	-	missing	-	-
vinary-tree-interop	core-abi	dictionary-visit	csharp	audit-required	byte,unicode-scalar,u64,not-unit-bearing	IDisposable/using; IEnumerable/IDictionary; exceptions; interfaces	NuGet	deterministic-close-plus-leak-containment	audit-required	audit-required	audit-required	audit-required	-	audit-required	-	audit-required	-	audit-required	-	audit-required	-	audit-required	-	audit-required	-	audit-required	-	audit-required	-	audit-required	-	audit-required	-	audit-required	-	audit-required	-	audit-required	-	audit-required	-	audit-required	-	audit-required	-	audit-required	-	audit-required	-	audit-required	-	audit-required	-	vinary-tree-interop/bindings/dotnet
vinary-tree-interop	core-abi	dictionary-visit	fsharp	audit-required	byte,unicode-scalar,u64,not-unit-bearing	use/use!; seq; Result; object expressions; interfaces	NuGet	deterministic-close-plus-leak-containment	audit-required	audit-required	audit-required	audit-required	-	audit-required	-	audit-required	-	audit-required	-	audit-required	-	audit-required	-	audit-required	-	audit-required	-	audit-required	-	audit-required	-	audit-required	-	audit-required	-	audit-required	-	audit-required	-	audit-required	-	audit-required	-	audit-required	-	audit-required	-	audit-required	-	audit-required	-	audit-required	-	vinary-tree-interop/bindings/dotnet
vinary-tree-interop	core-abi	dictionary-visit	go	audit-required	byte,unicode-scalar,u64,not-unit-bearing	interfaces; iter.Seq; io.Closer; errors	Go module proxy	deterministic-close-plus-leak-containment	audit-required	audit-required	audit-required	audit-required	-	audit-required	-	audit-required	-	audit-required	-	audit-required	-	audit-required	-	audit-required	-	audit-required	-	audit-required	-	audit-required	-	audit-required	-	audit-required	-	audit-required	-	audit-required	-	audit-required	-	audit-required	-	audit-required	-	audit-required	-	audit-required	-	audit-required	-	audit-required	-	vinary-tree-interop/bindings/go
vinary-tree-interop	core-abi	dictionary-visit	javascript	audit-required	byte,unicode-scalar,u64,not-unit-bearing	Symbol.iterator; Symbol.dispose; Error; native/WASM/WASI runtime identity	npm	deterministic-close-plus-leak-containment	audit-required	audit-required	audit-required	audit-required	-	audit-required	-	audit-required	-	audit-required	-	audit-required	-	audit-required	-	audit-required	-	audit-required	-	audit-required	-	audit-required	-	audit-required	-	audit-required	-	audit-required	-	audit-required	-	audit-required	-	audit-required	-	audit-required	-	audit-required	-	audit-required	-	audit-required	-	audit-required	-	vinary-tree-interop/bindings/javascript
vinary-tree-interop	core-abi	dictionary-visit	typescript	audit-required	byte,unicode-scalar,u64,not-unit-bearing	structural interfaces; Iterable; Disposable; discriminated errors	npm	deterministic-close-plus-leak-containment	audit-required	audit-required	audit-required	audit-required	-	audit-required	-	audit-required	-	audit-required	-	audit-required	-	audit-required	-	audit-required	-	audit-required	-	audit-required	-	audit-required	-	audit-required	-	audit-required	-	audit-required	-	audit-required	-	audit-required	-	audit-required	-	audit-required	-	audit-required	-	audit-required	-	audit-required	-	audit-required	-	vinary-tree-interop/bindings/javascript
vinary-tree-interop	core-abi	dictionary-visit	clojurescript	missing	byte,unicode-scalar,u64,not-unit-bearing	ISeqable; IReduce; protocol dispatch; close!	npm	deterministic-close-plus-leak-containment	missing	missing	missing	missing	-	missing	-	missing	-	missing	-	missing	-	missing	-	missing	-	missing	-	missing	-	missing	-	missing	-	missing	-	missing	-	missing	-	missing	-	missing	-	missing	-	missing	-	missing	-	missing	-	missing	-	-
vinary-tree-interop	core-abi	dictionary-visit	swift	audit-required	byte,unicode-scalar,u64,not-unit-bearing	Sequence/Collection; protocols; throws; deterministic scoped ownership	Swift Package Index	deterministic-close-plus-leak-containment	audit-required	audit-required	audit-required	audit-required	-	audit-required	-	audit-required	-	audit-required	-	audit-required	-	audit-required	-	audit-required	-	audit-required	-	audit-required	-	audit-required	-	audit-required	-	audit-required	-	audit-required	-	audit-required	-	audit-required	-	audit-required	-	audit-required	-	audit-required	-	audit-required	-	audit-required	-	audit-required	-	vinary-tree-interop/bindings/swift
vinary-tree-interop	core-abi	dictionary-visit	ruby	missing	byte,unicode-scalar,u64,not-unit-bearing	Enumerable; blocks/ensure; exceptions; explicit close	RubyGems	deterministic-close-plus-leak-containment	missing	missing	missing	missing	-	missing	-	missing	-	missing	-	missing	-	missing	-	missing	-	missing	-	missing	-	missing	-	missing	-	missing	-	missing	-	missing	-	missing	-	missing	-	missing	-	missing	-	missing	-	missing	-	missing	-	-
vinary-tree-interop	core-abi	dictionary-visit	fortran	audit-required	byte,unicode-scalar,u64,not-unit-bearing	modules; derived types; type-bound procedures; finalizers	fpm	deterministic-close-plus-leak-containment	audit-required	audit-required	audit-required	audit-required	-	audit-required	-	audit-required	-	audit-required	-	audit-required	-	audit-required	-	audit-required	-	audit-required	-	audit-required	-	audit-required	-	audit-required	-	audit-required	-	audit-required	-	audit-required	-	audit-required	-	audit-required	-	audit-required	-	audit-required	-	audit-required	-	audit-required	-	audit-required	-	vinary-tree-interop/bindings/fortran
vinary-tree-interop	core-abi	dictionary-visit	ocaml	audit-required	byte,unicode-scalar,u64,not-unit-bearing	abstract types; Seq; result; Fun.protect	opam	deterministic-close-plus-leak-containment	audit-required	audit-required	audit-required	audit-required	-	audit-required	-	audit-required	-	audit-required	-	audit-required	-	audit-required	-	audit-required	-	audit-required	-	audit-required	-	audit-required	-	audit-required	-	audit-required	-	audit-required	-	audit-required	-	audit-required	-	audit-required	-	audit-required	-	audit-required	-	audit-required	-	audit-required	-	audit-required	-	vinary-tree-interop/bindings/ocaml
vinary-tree-interop	core-abi	dictionary-visit	haskell	audit-required	byte,unicode-scalar,u64,not-unit-bearing	type classes; Foldable; bracket; Either	Hackage	deterministic-close-plus-leak-containment	audit-required	audit-required	audit-required	audit-required	-	audit-required	-	audit-required	-	audit-required	-	audit-required	-	audit-required	-	audit-required	-	audit-required	-	audit-required	-	audit-required	-	audit-required	-	audit-required	-	audit-required	-	audit-required	-	audit-required	-	audit-required	-	audit-required	-	audit-required	-	audit-required	-	audit-required	-	audit-required	-	vinary-tree-interop/bindings/haskell
vinary-tree-interop	core-abi	dictionary-visit	lua	audit-required	byte,unicode-scalar,u64,not-unit-bearing	generic-for iterators; __close; tables; error values	LuaRocks	deterministic-close-plus-leak-containment	audit-required	audit-required	audit-required	audit-required	-	audit-required	-	audit-required	-	audit-required	-	audit-required	-	audit-required	-	audit-required	-	audit-required	-	audit-required	-	audit-required	-	audit-required	-	audit-required	-	audit-required	-	audit-required	-	audit-required	-	audit-required	-	audit-required	-	audit-required	-	audit-required	-	audit-required	-	audit-required	-	vinary-tree-interop/bindings/lua
vinary-tree-interop	core-abi	dictionary-visit	raku	missing	byte,unicode-scalar,u64,not-unit-bearing	NativeCall; Iterable/Positional/Associative; LEAVE; exceptions	zef/fez	deterministic-close-plus-leak-containment	missing	missing	missing	missing	-	missing	-	missing	-	missing	-	missing	-	missing	-	missing	-	missing	-	missing	-	missing	-	missing	-	missing	-	missing	-	missing	-	missing	-	missing	-	missing	-	missing	-	missing	-	missing	-	missing	-	-
vinary-tree-interop	core-abi	dictionary-graph	rust	audit-required	byte,unicode-scalar,u64,not-unit-bearing	traits; IntoIterator/Iterator; Result; Drop	crates.io	deterministic-close-plus-leak-containment	audit-required	audit-required	audit-required	audit-required	-	audit-required	-	audit-required	-	audit-required	-	audit-required	-	audit-required	-	audit-required	-	audit-required	-	audit-required	-	audit-required	-	audit-required	-	audit-required	-	audit-required	-	audit-required	-	audit-required	-	audit-required	-	audit-required	-	audit-required	-	audit-required	-	audit-required	-	audit-required	-	vinary-tree-interop/Cargo.toml
vinary-tree-interop	core-abi	dictionary-graph	c	audit-required	byte,unicode-scalar,u64,not-unit-bearing	opaque handles; status codes; bounded buffers; vtables	CMake/pkg-config/GitHub Releases	deterministic-close-plus-leak-containment	audit-required	audit-required	audit-required	audit-required	-	audit-required	-	audit-required	-	audit-required	-	audit-required	-	audit-required	-	audit-required	-	audit-required	-	audit-required	-	audit-required	-	audit-required	-	audit-required	-	audit-required	-	audit-required	-	audit-required	-	audit-required	-	audit-required	-	audit-required	-	audit-required	-	audit-required	-	audit-required	-	vinary-tree-interop/include/vinary_tree_interop.h
vinary-tree-interop	core-abi	dictionary-graph	cpp	audit-required	byte,unicode-scalar,u64,not-unit-bearing	RAII; ranges/iterators; move-only handles; typed errors	CMake/pkg-config/GitHub Releases	deterministic-close-plus-leak-containment	audit-required	audit-required	audit-required	audit-required	-	audit-required	-	audit-required	-	audit-required	-	audit-required	-	audit-required	-	audit-required	-	audit-required	-	audit-required	-	audit-required	-	audit-required	-	audit-required	-	audit-required	-	audit-required	-	audit-required	-	audit-required	-	audit-required	-	audit-required	-	audit-required	-	audit-required	-	audit-required	-	vinary-tree-interop/include/vinary_tree_interop.h
vinary-tree-interop	core-abi	dictionary-graph	python	audit-required	byte,unicode-scalar,u64,not-unit-bearing	context managers; iterators/collections; exceptions; protocols	PyPI	deterministic-close-plus-leak-containment	audit-required	audit-required	audit-required	audit-required	-	audit-required	-	audit-required	-	audit-required	-	audit-required	-	audit-required	-	audit-required	-	audit-required	-	audit-required	-	audit-required	-	audit-required	-	audit-required	-	audit-required	-	audit-required	-	audit-required	-	audit-required	-	audit-required	-	audit-required	-	audit-required	-	audit-required	-	audit-required	-	vinary-tree-interop/bindings/python
vinary-tree-interop	core-abi	dictionary-graph	java	audit-required	byte,unicode-scalar,u64,not-unit-bearing	AutoCloseable/try-with-resources; Collection/Map; Stream/Spliterator; interfaces	Maven Central	deterministic-close-plus-leak-containment	audit-required	audit-required	audit-required	audit-required	-	audit-required	-	audit-required	-	audit-required	-	audit-required	-	audit-required	-	audit-required	-	audit-required	-	audit-required	-	audit-required	-	audit-required	-	audit-required	-	audit-required	-	audit-required	-	audit-required	-	audit-required	-	audit-required	-	audit-required	-	audit-required	-	audit-required	-	audit-required	-	vinary-tree-interop/bindings/jvm
vinary-tree-interop	core-abi	dictionary-graph	kotlin	audit-required	byte,unicode-scalar,u64,not-unit-bearing	use; Iterable/Map; Sequence; SAM interfaces	Maven Central	deterministic-close-plus-leak-containment	audit-required	audit-required	audit-required	audit-required	-	audit-required	-	audit-required	-	audit-required	-	audit-required	-	audit-required	-	audit-required	-	audit-required	-	audit-required	-	audit-required	-	audit-required	-	audit-required	-	audit-required	-	audit-required	-	audit-required	-	audit-required	-	audit-required	-	audit-required	-	audit-required	-	audit-required	-	audit-required	-	vinary-tree-interop/bindings/jvm
vinary-tree-interop	core-abi	dictionary-graph	scala	audit-required	byte,unicode-scalar,u64,not-unit-bearing	Using/AutoCloseable; Iterable; Iterator; type classes	Maven Central	deterministic-close-plus-leak-containment	audit-required	audit-required	audit-required	audit-required	-	audit-required	-	audit-required	-	audit-required	-	audit-required	-	audit-required	-	audit-required	-	audit-required	-	audit-required	-	audit-required	-	audit-required	-	audit-required	-	audit-required	-	audit-required	-	audit-required	-	audit-required	-	audit-required	-	audit-required	-	audit-required	-	audit-required	-	audit-required	-	vinary-tree-interop/bindings/jvm
vinary-tree-interop	core-abi	dictionary-graph	clojure	missing	byte,unicode-scalar,u64,not-unit-bearing	Seqable; IReduceInit; Closeable; persistent values	Clojars	deterministic-close-plus-leak-containment	missing	missing	missing	missing	-	missing	-	missing	-	missing	-	missing	-	missing	-	missing	-	missing	-	missing	-	missing	-	missing	-	missing	-	missing	-	missing	-	missing	-	missing	-	missing	-	missing	-	missing	-	missing	-	missing	-	-
vinary-tree-interop	core-abi	dictionary-graph	csharp	audit-required	byte,unicode-scalar,u64,not-unit-bearing	IDisposable/using; IEnumerable/IDictionary; exceptions; interfaces	NuGet	deterministic-close-plus-leak-containment	audit-required	audit-required	audit-required	audit-required	-	audit-required	-	audit-required	-	audit-required	-	audit-required	-	audit-required	-	audit-required	-	audit-required	-	audit-required	-	audit-required	-	audit-required	-	audit-required	-	audit-required	-	audit-required	-	audit-required	-	audit-required	-	audit-required	-	audit-required	-	audit-required	-	audit-required	-	audit-required	-	vinary-tree-interop/bindings/dotnet
vinary-tree-interop	core-abi	dictionary-graph	fsharp	audit-required	byte,unicode-scalar,u64,not-unit-bearing	use/use!; seq; Result; object expressions; interfaces	NuGet	deterministic-close-plus-leak-containment	audit-required	audit-required	audit-required	audit-required	-	audit-required	-	audit-required	-	audit-required	-	audit-required	-	audit-required	-	audit-required	-	audit-required	-	audit-required	-	audit-required	-	audit-required	-	audit-required	-	audit-required	-	audit-required	-	audit-required	-	audit-required	-	audit-required	-	audit-required	-	audit-required	-	audit-required	-	audit-required	-	vinary-tree-interop/bindings/dotnet
vinary-tree-interop	core-abi	dictionary-graph	go	audit-required	byte,unicode-scalar,u64,not-unit-bearing	interfaces; iter.Seq; io.Closer; errors	Go module proxy	deterministic-close-plus-leak-containment	audit-required	audit-required	audit-required	audit-required	-	audit-required	-	audit-required	-	audit-required	-	audit-required	-	audit-required	-	audit-required	-	audit-required	-	audit-required	-	audit-required	-	audit-required	-	audit-required	-	audit-required	-	audit-required	-	audit-required	-	audit-required	-	audit-required	-	audit-required	-	audit-required	-	audit-required	-	audit-required	-	vinary-tree-interop/bindings/go
vinary-tree-interop	core-abi	dictionary-graph	javascript	audit-required	byte,unicode-scalar,u64,not-unit-bearing	Symbol.iterator; Symbol.dispose; Error; native/WASM/WASI runtime identity	npm	deterministic-close-plus-leak-containment	audit-required	audit-required	audit-required	audit-required	-	audit-required	-	audit-required	-	audit-required	-	audit-required	-	audit-required	-	audit-required	-	audit-required	-	audit-required	-	audit-required	-	audit-required	-	audit-required	-	audit-required	-	audit-required	-	audit-required	-	audit-required	-	audit-required	-	audit-required	-	audit-required	-	audit-required	-	audit-required	-	vinary-tree-interop/bindings/javascript
vinary-tree-interop	core-abi	dictionary-graph	typescript	audit-required	byte,unicode-scalar,u64,not-unit-bearing	structural interfaces; Iterable; Disposable; discriminated errors	npm	deterministic-close-plus-leak-containment	audit-required	audit-required	audit-required	audit-required	-	audit-required	-	audit-required	-	audit-required	-	audit-required	-	audit-required	-	audit-required	-	audit-required	-	audit-required	-	audit-required	-	audit-required	-	audit-required	-	audit-required	-	audit-required	-	audit-required	-	audit-required	-	audit-required	-	audit-required	-	audit-required	-	audit-required	-	audit-required	-	vinary-tree-interop/bindings/javascript
vinary-tree-interop	core-abi	dictionary-graph	clojurescript	missing	byte,unicode-scalar,u64,not-unit-bearing	ISeqable; IReduce; protocol dispatch; close!	npm	deterministic-close-plus-leak-containment	missing	missing	missing	missing	-	missing	-	missing	-	missing	-	missing	-	missing	-	missing	-	missing	-	missing	-	missing	-	missing	-	missing	-	missing	-	missing	-	missing	-	missing	-	missing	-	missing	-	missing	-	missing	-	missing	-	-
vinary-tree-interop	core-abi	dictionary-graph	swift	audit-required	byte,unicode-scalar,u64,not-unit-bearing	Sequence/Collection; protocols; throws; deterministic scoped ownership	Swift Package Index	deterministic-close-plus-leak-containment	audit-required	audit-required	audit-required	audit-required	-	audit-required	-	audit-required	-	audit-required	-	audit-required	-	audit-required	-	audit-required	-	audit-required	-	audit-required	-	audit-required	-	audit-required	-	audit-required	-	audit-required	-	audit-required	-	audit-required	-	audit-required	-	audit-required	-	audit-required	-	audit-required	-	audit-required	-	audit-required	-	vinary-tree-interop/bindings/swift
vinary-tree-interop	core-abi	dictionary-graph	ruby	missing	byte,unicode-scalar,u64,not-unit-bearing	Enumerable; blocks/ensure; exceptions; explicit close	RubyGems	deterministic-close-plus-leak-containment	missing	missing	missing	missing	-	missing	-	missing	-	missing	-	missing	-	missing	-	missing	-	missing	-	missing	-	missing	-	missing	-	missing	-	missing	-	missing	-	missing	-	missing	-	missing	-	missing	-	missing	-	missing	-	missing	-	-
vinary-tree-interop	core-abi	dictionary-graph	fortran	audit-required	byte,unicode-scalar,u64,not-unit-bearing	modules; derived types; type-bound procedures; finalizers	fpm	deterministic-close-plus-leak-containment	audit-required	audit-required	audit-required	audit-required	-	audit-required	-	audit-required	-	audit-required	-	audit-required	-	audit-required	-	audit-required	-	audit-required	-	audit-required	-	audit-required	-	audit-required	-	audit-required	-	audit-required	-	audit-required	-	audit-required	-	audit-required	-	audit-required	-	audit-required	-	audit-required	-	audit-required	-	audit-required	-	vinary-tree-interop/bindings/fortran
vinary-tree-interop	core-abi	dictionary-graph	ocaml	audit-required	byte,unicode-scalar,u64,not-unit-bearing	abstract types; Seq; result; Fun.protect	opam	deterministic-close-plus-leak-containment	audit-required	audit-required	audit-required	audit-required	-	audit-required	-	audit-required	-	audit-required	-	audit-required	-	audit-required	-	audit-required	-	audit-required	-	audit-required	-	audit-required	-	audit-required	-	audit-required	-	audit-required	-	audit-required	-	audit-required	-	audit-required	-	audit-required	-	audit-required	-	audit-required	-	audit-required	-	audit-required	-	vinary-tree-interop/bindings/ocaml
vinary-tree-interop	core-abi	dictionary-graph	haskell	audit-required	byte,unicode-scalar,u64,not-unit-bearing	type classes; Foldable; bracket; Either	Hackage	deterministic-close-plus-leak-containment	audit-required	audit-required	audit-required	audit-required	-	audit-required	-	audit-required	-	audit-required	-	audit-required	-	audit-required	-	audit-required	-	audit-required	-	audit-required	-	audit-required	-	audit-required	-	audit-required	-	audit-required	-	audit-required	-	audit-required	-	audit-required	-	audit-required	-	audit-required	-	audit-required	-	audit-required	-	audit-required	-	vinary-tree-interop/bindings/haskell
vinary-tree-interop	core-abi	dictionary-graph	lua	audit-required	byte,unicode-scalar,u64,not-unit-bearing	generic-for iterators; __close; tables; error values	LuaRocks	deterministic-close-plus-leak-containment	audit-required	audit-required	audit-required	audit-required	-	audit-required	-	audit-required	-	audit-required	-	audit-required	-	audit-required	-	audit-required	-	audit-required	-	audit-required	-	audit-required	-	audit-required	-	audit-required	-	audit-required	-	audit-required	-	audit-required	-	audit-required	-	audit-required	-	audit-required	-	audit-required	-	audit-required	-	audit-required	-	vinary-tree-interop/bindings/lua
vinary-tree-interop	core-abi	dictionary-graph	raku	missing	byte,unicode-scalar,u64,not-unit-bearing	NativeCall; Iterable/Positional/Associative; LEAVE; exceptions	zef/fez	deterministic-close-plus-leak-containment	missing	missing	missing	missing	-	missing	-	missing	-	missing	-	missing	-	missing	-	missing	-	missing	-	missing	-	missing	-	missing	-	missing	-	missing	-	missing	-	missing	-	missing	-	missing	-	missing	-	missing	-	missing	-	missing	-	-
vinary-tree-interop	core-abi	dictionary-entries	rust	audit-required	byte,unicode-scalar,u64,not-unit-bearing	traits; IntoIterator/Iterator; Result; Drop	crates.io	deterministic-close-plus-leak-containment	audit-required	audit-required	audit-required	audit-required	-	audit-required	-	audit-required	-	audit-required	-	audit-required	-	audit-required	-	audit-required	-	audit-required	-	audit-required	-	audit-required	-	audit-required	-	audit-required	-	audit-required	-	audit-required	-	audit-required	-	audit-required	-	audit-required	-	audit-required	-	audit-required	-	audit-required	-	audit-required	-	vinary-tree-interop/Cargo.toml
vinary-tree-interop	core-abi	dictionary-entries	c	audit-required	byte,unicode-scalar,u64,not-unit-bearing	opaque handles; status codes; bounded buffers; vtables	CMake/pkg-config/GitHub Releases	deterministic-close-plus-leak-containment	audit-required	audit-required	audit-required	audit-required	-	audit-required	-	audit-required	-	audit-required	-	audit-required	-	audit-required	-	audit-required	-	audit-required	-	audit-required	-	audit-required	-	audit-required	-	audit-required	-	audit-required	-	audit-required	-	audit-required	-	audit-required	-	audit-required	-	audit-required	-	audit-required	-	audit-required	-	audit-required	-	vinary-tree-interop/include/vinary_tree_interop.h
vinary-tree-interop	core-abi	dictionary-entries	cpp	audit-required	byte,unicode-scalar,u64,not-unit-bearing	RAII; ranges/iterators; move-only handles; typed errors	CMake/pkg-config/GitHub Releases	deterministic-close-plus-leak-containment	audit-required	audit-required	audit-required	audit-required	-	audit-required	-	audit-required	-	audit-required	-	audit-required	-	audit-required	-	audit-required	-	audit-required	-	audit-required	-	audit-required	-	audit-required	-	audit-required	-	audit-required	-	audit-required	-	audit-required	-	audit-required	-	audit-required	-	audit-required	-	audit-required	-	audit-required	-	audit-required	-	vinary-tree-interop/include/vinary_tree_interop.h
vinary-tree-interop	core-abi	dictionary-entries	python	audit-required	byte,unicode-scalar,u64,not-unit-bearing	context managers; iterators/collections; exceptions; protocols	PyPI	deterministic-close-plus-leak-containment	audit-required	audit-required	audit-required	audit-required	-	audit-required	-	audit-required	-	audit-required	-	audit-required	-	audit-required	-	audit-required	-	audit-required	-	audit-required	-	audit-required	-	audit-required	-	audit-required	-	audit-required	-	audit-required	-	audit-required	-	audit-required	-	audit-required	-	audit-required	-	audit-required	-	audit-required	-	audit-required	-	vinary-tree-interop/bindings/python
vinary-tree-interop	core-abi	dictionary-entries	java	audit-required	byte,unicode-scalar,u64,not-unit-bearing	AutoCloseable/try-with-resources; Collection/Map; Stream/Spliterator; interfaces	Maven Central	deterministic-close-plus-leak-containment	audit-required	audit-required	audit-required	audit-required	-	audit-required	-	audit-required	-	audit-required	-	audit-required	-	audit-required	-	audit-required	-	audit-required	-	audit-required	-	audit-required	-	audit-required	-	audit-required	-	audit-required	-	audit-required	-	audit-required	-	audit-required	-	audit-required	-	audit-required	-	audit-required	-	audit-required	-	audit-required	-	vinary-tree-interop/bindings/jvm
vinary-tree-interop	core-abi	dictionary-entries	kotlin	audit-required	byte,unicode-scalar,u64,not-unit-bearing	use; Iterable/Map; Sequence; SAM interfaces	Maven Central	deterministic-close-plus-leak-containment	audit-required	audit-required	audit-required	audit-required	-	audit-required	-	audit-required	-	audit-required	-	audit-required	-	audit-required	-	audit-required	-	audit-required	-	audit-required	-	audit-required	-	audit-required	-	audit-required	-	audit-required	-	audit-required	-	audit-required	-	audit-required	-	audit-required	-	audit-required	-	audit-required	-	audit-required	-	audit-required	-	vinary-tree-interop/bindings/jvm
vinary-tree-interop	core-abi	dictionary-entries	scala	audit-required	byte,unicode-scalar,u64,not-unit-bearing	Using/AutoCloseable; Iterable; Iterator; type classes	Maven Central	deterministic-close-plus-leak-containment	audit-required	audit-required	audit-required	audit-required	-	audit-required	-	audit-required	-	audit-required	-	audit-required	-	audit-required	-	audit-required	-	audit-required	-	audit-required	-	audit-required	-	audit-required	-	audit-required	-	audit-required	-	audit-required	-	audit-required	-	audit-required	-	audit-required	-	audit-required	-	audit-required	-	audit-required	-	audit-required	-	vinary-tree-interop/bindings/jvm
vinary-tree-interop	core-abi	dictionary-entries	clojure	missing	byte,unicode-scalar,u64,not-unit-bearing	Seqable; IReduceInit; Closeable; persistent values	Clojars	deterministic-close-plus-leak-containment	missing	missing	missing	missing	-	missing	-	missing	-	missing	-	missing	-	missing	-	missing	-	missing	-	missing	-	missing	-	missing	-	missing	-	missing	-	missing	-	missing	-	missing	-	missing	-	missing	-	missing	-	missing	-	missing	-	-
vinary-tree-interop	core-abi	dictionary-entries	csharp	audit-required	byte,unicode-scalar,u64,not-unit-bearing	IDisposable/using; IEnumerable/IDictionary; exceptions; interfaces	NuGet	deterministic-close-plus-leak-containment	audit-required	audit-required	audit-required	audit-required	-	audit-required	-	audit-required	-	audit-required	-	audit-required	-	audit-required	-	audit-required	-	audit-required	-	audit-required	-	audit-required	-	audit-required	-	audit-required	-	audit-required	-	audit-required	-	audit-required	-	audit-required	-	audit-required	-	audit-required	-	audit-required	-	audit-required	-	audit-required	-	vinary-tree-interop/bindings/dotnet
vinary-tree-interop	core-abi	dictionary-entries	fsharp	audit-required	byte,unicode-scalar,u64,not-unit-bearing	use/use!; seq; Result; object expressions; interfaces	NuGet	deterministic-close-plus-leak-containment	audit-required	audit-required	audit-required	audit-required	-	audit-required	-	audit-required	-	audit-required	-	audit-required	-	audit-required	-	audit-required	-	audit-required	-	audit-required	-	audit-required	-	audit-required	-	audit-required	-	audit-required	-	audit-required	-	audit-required	-	audit-required	-	audit-required	-	audit-required	-	audit-required	-	audit-required	-	audit-required	-	vinary-tree-interop/bindings/dotnet
vinary-tree-interop	core-abi	dictionary-entries	go	audit-required	byte,unicode-scalar,u64,not-unit-bearing	interfaces; iter.Seq; io.Closer; errors	Go module proxy	deterministic-close-plus-leak-containment	audit-required	audit-required	audit-required	audit-required	-	audit-required	-	audit-required	-	audit-required	-	audit-required	-	audit-required	-	audit-required	-	audit-required	-	audit-required	-	audit-required	-	audit-required	-	audit-required	-	audit-required	-	audit-required	-	audit-required	-	audit-required	-	audit-required	-	audit-required	-	audit-required	-	audit-required	-	audit-required	-	vinary-tree-interop/bindings/go
vinary-tree-interop	core-abi	dictionary-entries	javascript	audit-required	byte,unicode-scalar,u64,not-unit-bearing	Symbol.iterator; Symbol.dispose; Error; native/WASM/WASI runtime identity	npm	deterministic-close-plus-leak-containment	audit-required	audit-required	audit-required	audit-required	-	audit-required	-	audit-required	-	audit-required	-	audit-required	-	audit-required	-	audit-required	-	audit-required	-	audit-required	-	audit-required	-	audit-required	-	audit-required	-	audit-required	-	audit-required	-	audit-required	-	audit-required	-	audit-required	-	audit-required	-	audit-required	-	audit-required	-	audit-required	-	vinary-tree-interop/bindings/javascript
vinary-tree-interop	core-abi	dictionary-entries	typescript	audit-required	byte,unicode-scalar,u64,not-unit-bearing	structural interfaces; Iterable; Disposable; discriminated errors	npm	deterministic-close-plus-leak-containment	audit-required	audit-required	audit-required	audit-required	-	audit-required	-	audit-required	-	audit-required	-	audit-required	-	audit-required	-	audit-required	-	audit-required	-	audit-required	-	audit-required	-	audit-required	-	audit-required	-	audit-required	-	audit-required	-	audit-required	-	audit-required	-	audit-required	-	audit-required	-	audit-required	-	audit-required	-	audit-required	-	vinary-tree-interop/bindings/javascript
vinary-tree-interop	core-abi	dictionary-entries	clojurescript	missing	byte,unicode-scalar,u64,not-unit-bearing	ISeqable; IReduce; protocol dispatch; close!	npm	deterministic-close-plus-leak-containment	missing	missing	missing	missing	-	missing	-	missing	-	missing	-	missing	-	missing	-	missing	-	missing	-	missing	-	missing	-	missing	-	missing	-	missing	-	missing	-	missing	-	missing	-	missing	-	missing	-	missing	-	missing	-	missing	-	-
vinary-tree-interop	core-abi	dictionary-entries	swift	audit-required	byte,unicode-scalar,u64,not-unit-bearing	Sequence/Collection; protocols; throws; deterministic scoped ownership	Swift Package Index	deterministic-close-plus-leak-containment	audit-required	audit-required	audit-required	audit-required	-	audit-required	-	audit-required	-	audit-required	-	audit-required	-	audit-required	-	audit-required	-	audit-required	-	audit-required	-	audit-required	-	audit-required	-	audit-required	-	audit-required	-	audit-required	-	audit-required	-	audit-required	-	audit-required	-	audit-required	-	audit-required	-	audit-required	-	audit-required	-	vinary-tree-interop/bindings/swift
vinary-tree-interop	core-abi	dictionary-entries	ruby	missing	byte,unicode-scalar,u64,not-unit-bearing	Enumerable; blocks/ensure; exceptions; explicit close	RubyGems	deterministic-close-plus-leak-containment	missing	missing	missing	missing	-	missing	-	missing	-	missing	-	missing	-	missing	-	missing	-	missing	-	missing	-	missing	-	missing	-	missing	-	missing	-	missing	-	missing	-	missing	-	missing	-	missing	-	missing	-	missing	-	missing	-	-
vinary-tree-interop	core-abi	dictionary-entries	fortran	audit-required	byte,unicode-scalar,u64,not-unit-bearing	modules; derived types; type-bound procedures; finalizers	fpm	deterministic-close-plus-leak-containment	audit-required	audit-required	audit-required	audit-required	-	audit-required	-	audit-required	-	audit-required	-	audit-required	-	audit-required	-	audit-required	-	audit-required	-	audit-required	-	audit-required	-	audit-required	-	audit-required	-	audit-required	-	audit-required	-	audit-required	-	audit-required	-	audit-required	-	audit-required	-	audit-required	-	audit-required	-	audit-required	-	vinary-tree-interop/bindings/fortran
vinary-tree-interop	core-abi	dictionary-entries	ocaml	audit-required	byte,unicode-scalar,u64,not-unit-bearing	abstract types; Seq; result; Fun.protect	opam	deterministic-close-plus-leak-containment	audit-required	audit-required	audit-required	audit-required	-	audit-required	-	audit-required	-	audit-required	-	audit-required	-	audit-required	-	audit-required	-	audit-required	-	audit-required	-	audit-required	-	audit-required	-	audit-required	-	audit-required	-	audit-required	-	audit-required	-	audit-required	-	audit-required	-	audit-required	-	audit-required	-	audit-required	-	audit-required	-	vinary-tree-interop/bindings/ocaml
vinary-tree-interop	core-abi	dictionary-entries	haskell	audit-required	byte,unicode-scalar,u64,not-unit-bearing	type classes; Foldable; bracket; Either	Hackage	deterministic-close-plus-leak-containment	audit-required	audit-required	audit-required	audit-required	-	audit-required	-	audit-required	-	audit-required	-	audit-required	-	audit-required	-	audit-required	-	audit-required	-	audit-required	-	audit-required	-	audit-required	-	audit-required	-	audit-required	-	audit-required	-	audit-required	-	audit-required	-	audit-required	-	audit-required	-	audit-required	-	audit-required	-	audit-required	-	vinary-tree-interop/bindings/haskell
vinary-tree-interop	core-abi	dictionary-entries	lua	audit-required	byte,unicode-scalar,u64,not-unit-bearing	generic-for iterators; __close; tables; error values	LuaRocks	deterministic-close-plus-leak-containment	audit-required	audit-required	audit-required	audit-required	-	audit-required	-	audit-required	-	audit-required	-	audit-required	-	audit-required	-	audit-required	-	audit-required	-	audit-required	-	audit-required	-	audit-required	-	audit-required	-	audit-required	-	audit-required	-	audit-required	-	audit-required	-	audit-required	-	audit-required	-	audit-required	-	audit-required	-	audit-required	-	vinary-tree-interop/bindings/lua
vinary-tree-interop	core-abi	dictionary-entries	raku	missing	byte,unicode-scalar,u64,not-unit-bearing	NativeCall; Iterable/Positional/Associative; LEAVE; exceptions	zef/fez	deterministic-close-plus-leak-containment	missing	missing	missing	missing	-	missing	-	missing	-	missing	-	missing	-	missing	-	missing	-	missing	-	missing	-	missing	-	missing	-	missing	-	missing	-	missing	-	missing	-	missing	-	missing	-	missing	-	missing	-	missing	-	missing	-	-
vinary-tree-interop	core-abi	snapshot-identity	rust	audit-required	byte,unicode-scalar,u64,not-unit-bearing	traits; IntoIterator/Iterator; Result; Drop	crates.io	deterministic-close-plus-leak-containment	audit-required	audit-required	audit-required	audit-required	-	audit-required	-	audit-required	-	audit-required	-	audit-required	-	audit-required	-	audit-required	-	audit-required	-	audit-required	-	audit-required	-	audit-required	-	audit-required	-	audit-required	-	audit-required	-	audit-required	-	audit-required	-	audit-required	-	audit-required	-	audit-required	-	audit-required	-	audit-required	-	vinary-tree-interop/Cargo.toml
vinary-tree-interop	core-abi	snapshot-identity	c	audit-required	byte,unicode-scalar,u64,not-unit-bearing	opaque handles; status codes; bounded buffers; vtables	CMake/pkg-config/GitHub Releases	deterministic-close-plus-leak-containment	audit-required	audit-required	audit-required	audit-required	-	audit-required	-	audit-required	-	audit-required	-	audit-required	-	audit-required	-	audit-required	-	audit-required	-	audit-required	-	audit-required	-	audit-required	-	audit-required	-	audit-required	-	audit-required	-	audit-required	-	audit-required	-	audit-required	-	audit-required	-	audit-required	-	audit-required	-	audit-required	-	vinary-tree-interop/include/vinary_tree_interop.h
vinary-tree-interop	core-abi	snapshot-identity	cpp	audit-required	byte,unicode-scalar,u64,not-unit-bearing	RAII; ranges/iterators; move-only handles; typed errors	CMake/pkg-config/GitHub Releases	deterministic-close-plus-leak-containment	audit-required	audit-required	audit-required	audit-required	-	audit-required	-	audit-required	-	audit-required	-	audit-required	-	audit-required	-	audit-required	-	audit-required	-	audit-required	-	audit-required	-	audit-required	-	audit-required	-	audit-required	-	audit-required	-	audit-required	-	audit-required	-	audit-required	-	audit-required	-	audit-required	-	audit-required	-	audit-required	-	vinary-tree-interop/include/vinary_tree_interop.h
vinary-tree-interop	core-abi	snapshot-identity	python	audit-required	byte,unicode-scalar,u64,not-unit-bearing	context managers; iterators/collections; exceptions; protocols	PyPI	deterministic-close-plus-leak-containment	audit-required	audit-required	audit-required	audit-required	-	audit-required	-	audit-required	-	audit-required	-	audit-required	-	audit-required	-	audit-required	-	audit-required	-	audit-required	-	audit-required	-	audit-required	-	audit-required	-	audit-required	-	audit-required	-	audit-required	-	audit-required	-	audit-required	-	audit-required	-	audit-required	-	audit-required	-	audit-required	-	vinary-tree-interop/bindings/python
vinary-tree-interop	core-abi	snapshot-identity	java	audit-required	byte,unicode-scalar,u64,not-unit-bearing	AutoCloseable/try-with-resources; Collection/Map; Stream/Spliterator; interfaces	Maven Central	deterministic-close-plus-leak-containment	audit-required	audit-required	audit-required	audit-required	-	audit-required	-	audit-required	-	audit-required	-	audit-required	-	audit-required	-	audit-required	-	audit-required	-	audit-required	-	audit-required	-	audit-required	-	audit-required	-	audit-required	-	audit-required	-	audit-required	-	audit-required	-	audit-required	-	audit-required	-	audit-required	-	audit-required	-	audit-required	-	vinary-tree-interop/bindings/jvm
vinary-tree-interop	core-abi	snapshot-identity	kotlin	audit-required	byte,unicode-scalar,u64,not-unit-bearing	use; Iterable/Map; Sequence; SAM interfaces	Maven Central	deterministic-close-plus-leak-containment	audit-required	audit-required	audit-required	audit-required	-	audit-required	-	audit-required	-	audit-required	-	audit-required	-	audit-required	-	audit-required	-	audit-required	-	audit-required	-	audit-required	-	audit-required	-	audit-required	-	audit-required	-	audit-required	-	audit-required	-	audit-required	-	audit-required	-	audit-required	-	audit-required	-	audit-required	-	audit-required	-	vinary-tree-interop/bindings/jvm
vinary-tree-interop	core-abi	snapshot-identity	scala	audit-required	byte,unicode-scalar,u64,not-unit-bearing	Using/AutoCloseable; Iterable; Iterator; type classes	Maven Central	deterministic-close-plus-leak-containment	audit-required	audit-required	audit-required	audit-required	-	audit-required	-	audit-required	-	audit-required	-	audit-required	-	audit-required	-	audit-required	-	audit-required	-	audit-required	-	audit-required	-	audit-required	-	audit-required	-	audit-required	-	audit-required	-	audit-required	-	audit-required	-	audit-required	-	audit-required	-	audit-required	-	audit-required	-	audit-required	-	vinary-tree-interop/bindings/jvm
vinary-tree-interop	core-abi	snapshot-identity	clojure	missing	byte,unicode-scalar,u64,not-unit-bearing	Seqable; IReduceInit; Closeable; persistent values	Clojars	deterministic-close-plus-leak-containment	missing	missing	missing	missing	-	missing	-	missing	-	missing	-	missing	-	missing	-	missing	-	missing	-	missing	-	missing	-	missing	-	missing	-	missing	-	missing	-	missing	-	missing	-	missing	-	missing	-	missing	-	missing	-	missing	-	-
vinary-tree-interop	core-abi	snapshot-identity	csharp	audit-required	byte,unicode-scalar,u64,not-unit-bearing	IDisposable/using; IEnumerable/IDictionary; exceptions; interfaces	NuGet	deterministic-close-plus-leak-containment	audit-required	audit-required	audit-required	audit-required	-	audit-required	-	audit-required	-	audit-required	-	audit-required	-	audit-required	-	audit-required	-	audit-required	-	audit-required	-	audit-required	-	audit-required	-	audit-required	-	audit-required	-	audit-required	-	audit-required	-	audit-required	-	audit-required	-	audit-required	-	audit-required	-	audit-required	-	audit-required	-	vinary-tree-interop/bindings/dotnet
vinary-tree-interop	core-abi	snapshot-identity	fsharp	audit-required	byte,unicode-scalar,u64,not-unit-bearing	use/use!; seq; Result; object expressions; interfaces	NuGet	deterministic-close-plus-leak-containment	audit-required	audit-required	audit-required	audit-required	-	audit-required	-	audit-required	-	audit-required	-	audit-required	-	audit-required	-	audit-required	-	audit-required	-	audit-required	-	audit-required	-	audit-required	-	audit-required	-	audit-required	-	audit-required	-	audit-required	-	audit-required	-	audit-required	-	audit-required	-	audit-required	-	audit-required	-	audit-required	-	vinary-tree-interop/bindings/dotnet
vinary-tree-interop	core-abi	snapshot-identity	go	audit-required	byte,unicode-scalar,u64,not-unit-bearing	interfaces; iter.Seq; io.Closer; errors	Go module proxy	deterministic-close-plus-leak-containment	audit-required	audit-required	audit-required	audit-required	-	audit-required	-	audit-required	-	audit-required	-	audit-required	-	audit-required	-	audit-required	-	audit-required	-	audit-required	-	audit-required	-	audit-required	-	audit-required	-	audit-required	-	audit-required	-	audit-required	-	audit-required	-	audit-required	-	audit-required	-	audit-required	-	audit-required	-	audit-required	-	vinary-tree-interop/bindings/go
vinary-tree-interop	core-abi	snapshot-identity	javascript	audit-required	byte,unicode-scalar,u64,not-unit-bearing	Symbol.iterator; Symbol.dispose; Error; native/WASM/WASI runtime identity	npm	deterministic-close-plus-leak-containment	audit-required	audit-required	audit-required	audit-required	-	audit-required	-	audit-required	-	audit-required	-	audit-required	-	audit-required	-	audit-required	-	audit-required	-	audit-required	-	audit-required	-	audit-required	-	audit-required	-	audit-required	-	audit-required	-	audit-required	-	audit-required	-	audit-required	-	audit-required	-	audit-required	-	audit-required	-	audit-required	-	vinary-tree-interop/bindings/javascript
vinary-tree-interop	core-abi	snapshot-identity	typescript	audit-required	byte,unicode-scalar,u64,not-unit-bearing	structural interfaces; Iterable; Disposable; discriminated errors	npm	deterministic-close-plus-leak-containment	audit-required	audit-required	audit-required	audit-required	-	audit-required	-	audit-required	-	audit-required	-	audit-required	-	audit-required	-	audit-required	-	audit-required	-	audit-required	-	audit-required	-	audit-required	-	audit-required	-	audit-required	-	audit-required	-	audit-required	-	audit-required	-	audit-required	-	audit-required	-	audit-required	-	audit-required	-	audit-required	-	vinary-tree-interop/bindings/javascript
vinary-tree-interop	core-abi	snapshot-identity	clojurescript	missing	byte,unicode-scalar,u64,not-unit-bearing	ISeqable; IReduce; protocol dispatch; close!	npm	deterministic-close-plus-leak-containment	missing	missing	missing	missing	-	missing	-	missing	-	missing	-	missing	-	missing	-	missing	-	missing	-	missing	-	missing	-	missing	-	missing	-	missing	-	missing	-	missing	-	missing	-	missing	-	missing	-	missing	-	missing	-	missing	-	-
vinary-tree-interop	core-abi	snapshot-identity	swift	audit-required	byte,unicode-scalar,u64,not-unit-bearing	Sequence/Collection; protocols; throws; deterministic scoped ownership	Swift Package Index	deterministic-close-plus-leak-containment	audit-required	audit-required	audit-required	audit-required	-	audit-required	-	audit-required	-	audit-required	-	audit-required	-	audit-required	-	audit-required	-	audit-required	-	audit-required	-	audit-required	-	audit-required	-	audit-required	-	audit-required	-	audit-required	-	audit-required	-	audit-required	-	audit-required	-	audit-required	-	audit-required	-	audit-required	-	audit-required	-	vinary-tree-interop/bindings/swift
vinary-tree-interop	core-abi	snapshot-identity	ruby	missing	byte,unicode-scalar,u64,not-unit-bearing	Enumerable; blocks/ensure; exceptions; explicit close	RubyGems	deterministic-close-plus-leak-containment	missing	missing	missing	missing	-	missing	-	missing	-	missing	-	missing	-	missing	-	missing	-	missing	-	missing	-	missing	-	missing	-	missing	-	missing	-	missing	-	missing	-	missing	-	missing	-	missing	-	missing	-	missing	-	missing	-	-
vinary-tree-interop	core-abi	snapshot-identity	fortran	audit-required	byte,unicode-scalar,u64,not-unit-bearing	modules; derived types; type-bound procedures; finalizers	fpm	deterministic-close-plus-leak-containment	audit-required	audit-required	audit-required	audit-required	-	audit-required	-	audit-required	-	audit-required	-	audit-required	-	audit-required	-	audit-required	-	audit-required	-	audit-required	-	audit-required	-	audit-required	-	audit-required	-	audit-required	-	audit-required	-	audit-required	-	audit-required	-	audit-required	-	audit-required	-	audit-required	-	audit-required	-	audit-required	-	vinary-tree-interop/bindings/fortran
vinary-tree-interop	core-abi	snapshot-identity	ocaml	audit-required	byte,unicode-scalar,u64,not-unit-bearing	abstract types; Seq; result; Fun.protect	opam	deterministic-close-plus-leak-containment	audit-required	audit-required	audit-required	audit-required	-	audit-required	-	audit-required	-	audit-required	-	audit-required	-	audit-required	-	audit-required	-	audit-required	-	audit-required	-	audit-required	-	audit-required	-	audit-required	-	audit-required	-	audit-required	-	audit-required	-	audit-required	-	audit-required	-	audit-required	-	audit-required	-	audit-required	-	audit-required	-	vinary-tree-interop/bindings/ocaml
vinary-tree-interop	core-abi	snapshot-identity	haskell	audit-required	byte,unicode-scalar,u64,not-unit-bearing	type classes; Foldable; bracket; Either	Hackage	deterministic-close-plus-leak-containment	audit-required	audit-required	audit-required	audit-required	-	audit-required	-	audit-required	-	audit-required	-	audit-required	-	audit-required	-	audit-required	-	audit-required	-	audit-required	-	audit-required	-	audit-required	-	audit-required	-	audit-required	-	audit-required	-	audit-required	-	audit-required	-	audit-required	-	audit-required	-	audit-required	-	audit-required	-	audit-required	-	vinary-tree-interop/bindings/haskell
vinary-tree-interop	core-abi	snapshot-identity	lua	audit-required	byte,unicode-scalar,u64,not-unit-bearing	generic-for iterators; __close; tables; error values	LuaRocks	deterministic-close-plus-leak-containment	audit-required	audit-required	audit-required	audit-required	-	audit-required	-	audit-required	-	audit-required	-	audit-required	-	audit-required	-	audit-required	-	audit-required	-	audit-required	-	audit-required	-	audit-required	-	audit-required	-	audit-required	-	audit-required	-	audit-required	-	audit-required	-	audit-required	-	audit-required	-	audit-required	-	audit-required	-	audit-required	-	vinary-tree-interop/bindings/lua
vinary-tree-interop	core-abi	snapshot-identity	raku	missing	byte,unicode-scalar,u64,not-unit-bearing	NativeCall; Iterable/Positional/Associative; LEAVE; exceptions	zef/fez	deterministic-close-plus-leak-containment	missing	missing	missing	missing	-	missing	-	missing	-	missing	-	missing	-	missing	-	missing	-	missing	-	missing	-	missing	-	missing	-	missing	-	missing	-	missing	-	missing	-	missing	-	missing	-	missing	-	missing	-	missing	-	missing	-	-
vinary-tree-interop	core-abi	scalar-wfst	rust	audit-required	byte,unicode-scalar,u64,not-unit-bearing	traits; IntoIterator/Iterator; Result; Drop	crates.io	deterministic-close-plus-leak-containment	audit-required	audit-required	audit-required	audit-required	-	audit-required	-	audit-required	-	audit-required	-	audit-required	-	audit-required	-	audit-required	-	audit-required	-	audit-required	-	audit-required	-	audit-required	-	audit-required	-	audit-required	-	audit-required	-	audit-required	-	audit-required	-	audit-required	-	audit-required	-	audit-required	-	audit-required	-	audit-required	-	vinary-tree-interop/Cargo.toml
vinary-tree-interop	core-abi	scalar-wfst	c	audit-required	byte,unicode-scalar,u64,not-unit-bearing	opaque handles; status codes; bounded buffers; vtables	CMake/pkg-config/GitHub Releases	deterministic-close-plus-leak-containment	audit-required	audit-required	audit-required	audit-required	-	audit-required	-	audit-required	-	audit-required	-	audit-required	-	audit-required	-	audit-required	-	audit-required	-	audit-required	-	audit-required	-	audit-required	-	audit-required	-	audit-required	-	audit-required	-	audit-required	-	audit-required	-	audit-required	-	audit-required	-	audit-required	-	audit-required	-	audit-required	-	vinary-tree-interop/include/vinary_tree_interop.h
vinary-tree-interop	core-abi	scalar-wfst	cpp	audit-required	byte,unicode-scalar,u64,not-unit-bearing	RAII; ranges/iterators; move-only handles; typed errors	CMake/pkg-config/GitHub Releases	deterministic-close-plus-leak-containment	audit-required	audit-required	audit-required	audit-required	-	audit-required	-	audit-required	-	audit-required	-	audit-required	-	audit-required	-	audit-required	-	audit-required	-	audit-required	-	audit-required	-	audit-required	-	audit-required	-	audit-required	-	audit-required	-	audit-required	-	audit-required	-	audit-required	-	audit-required	-	audit-required	-	audit-required	-	audit-required	-	vinary-tree-interop/include/vinary_tree_interop.h
vinary-tree-interop	core-abi	scalar-wfst	python	audit-required	byte,unicode-scalar,u64,not-unit-bearing	context managers; iterators/collections; exceptions; protocols	PyPI	deterministic-close-plus-leak-containment	audit-required	audit-required	audit-required	audit-required	-	audit-required	-	audit-required	-	audit-required	-	audit-required	-	audit-required	-	audit-required	-	audit-required	-	audit-required	-	audit-required	-	audit-required	-	audit-required	-	audit-required	-	audit-required	-	audit-required	-	audit-required	-	audit-required	-	audit-required	-	audit-required	-	audit-required	-	audit-required	-	vinary-tree-interop/bindings/python
vinary-tree-interop	core-abi	scalar-wfst	java	audit-required	byte,unicode-scalar,u64,not-unit-bearing	AutoCloseable/try-with-resources; Collection/Map; Stream/Spliterator; interfaces	Maven Central	deterministic-close-plus-leak-containment	audit-required	audit-required	audit-required	audit-required	-	audit-required	-	audit-required	-	audit-required	-	audit-required	-	audit-required	-	audit-required	-	audit-required	-	audit-required	-	audit-required	-	audit-required	-	audit-required	-	audit-required	-	audit-required	-	audit-required	-	audit-required	-	audit-required	-	audit-required	-	audit-required	-	audit-required	-	audit-required	-	vinary-tree-interop/bindings/jvm
vinary-tree-interop	core-abi	scalar-wfst	kotlin	audit-required	byte,unicode-scalar,u64,not-unit-bearing	use; Iterable/Map; Sequence; SAM interfaces	Maven Central	deterministic-close-plus-leak-containment	audit-required	audit-required	audit-required	audit-required	-	audit-required	-	audit-required	-	audit-required	-	audit-required	-	audit-required	-	audit-required	-	audit-required	-	audit-required	-	audit-required	-	audit-required	-	audit-required	-	audit-required	-	audit-required	-	audit-required	-	audit-required	-	audit-required	-	audit-required	-	audit-required	-	audit-required	-	audit-required	-	vinary-tree-interop/bindings/jvm
vinary-tree-interop	core-abi	scalar-wfst	scala	audit-required	byte,unicode-scalar,u64,not-unit-bearing	Using/AutoCloseable; Iterable; Iterator; type classes	Maven Central	deterministic-close-plus-leak-containment	audit-required	audit-required	audit-required	audit-required	-	audit-required	-	audit-required	-	audit-required	-	audit-required	-	audit-required	-	audit-required	-	audit-required	-	audit-required	-	audit-required	-	audit-required	-	audit-required	-	audit-required	-	audit-required	-	audit-required	-	audit-required	-	audit-required	-	audit-required	-	audit-required	-	audit-required	-	audit-required	-	vinary-tree-interop/bindings/jvm
vinary-tree-interop	core-abi	scalar-wfst	clojure	missing	byte,unicode-scalar,u64,not-unit-bearing	Seqable; IReduceInit; Closeable; persistent values	Clojars	deterministic-close-plus-leak-containment	missing	missing	missing	missing	-	missing	-	missing	-	missing	-	missing	-	missing	-	missing	-	missing	-	missing	-	missing	-	missing	-	missing	-	missing	-	missing	-	missing	-	missing	-	missing	-	missing	-	missing	-	missing	-	missing	-	-
vinary-tree-interop	core-abi	scalar-wfst	csharp	audit-required	byte,unicode-scalar,u64,not-unit-bearing	IDisposable/using; IEnumerable/IDictionary; exceptions; interfaces	NuGet	deterministic-close-plus-leak-containment	audit-required	audit-required	audit-required	audit-required	-	audit-required	-	audit-required	-	audit-required	-	audit-required	-	audit-required	-	audit-required	-	audit-required	-	audit-required	-	audit-required	-	audit-required	-	audit-required	-	audit-required	-	audit-required	-	audit-required	-	audit-required	-	audit-required	-	audit-required	-	audit-required	-	audit-required	-	audit-required	-	vinary-tree-interop/bindings/dotnet
vinary-tree-interop	core-abi	scalar-wfst	fsharp	audit-required	byte,unicode-scalar,u64,not-unit-bearing	use/use!; seq; Result; object expressions; interfaces	NuGet	deterministic-close-plus-leak-containment	audit-required	audit-required	audit-required	audit-required	-	audit-required	-	audit-required	-	audit-required	-	audit-required	-	audit-required	-	audit-required	-	audit-required	-	audit-required	-	audit-required	-	audit-required	-	audit-required	-	audit-required	-	audit-required	-	audit-required	-	audit-required	-	audit-required	-	audit-required	-	audit-required	-	audit-required	-	audit-required	-	vinary-tree-interop/bindings/dotnet
vinary-tree-interop	core-abi	scalar-wfst	go	audit-required	byte,unicode-scalar,u64,not-unit-bearing	interfaces; iter.Seq; io.Closer; errors	Go module proxy	deterministic-close-plus-leak-containment	audit-required	audit-required	audit-required	audit-required	-	audit-required	-	audit-required	-	audit-required	-	audit-required	-	audit-required	-	audit-required	-	audit-required	-	audit-required	-	audit-required	-	audit-required	-	audit-required	-	audit-required	-	audit-required	-	audit-required	-	audit-required	-	audit-required	-	audit-required	-	audit-required	-	audit-required	-	audit-required	-	vinary-tree-interop/bindings/go
vinary-tree-interop	core-abi	scalar-wfst	javascript	audit-required	byte,unicode-scalar,u64,not-unit-bearing	Symbol.iterator; Symbol.dispose; Error; native/WASM/WASI runtime identity	npm	deterministic-close-plus-leak-containment	audit-required	audit-required	audit-required	audit-required	-	audit-required	-	audit-required	-	audit-required	-	audit-required	-	audit-required	-	audit-required	-	audit-required	-	audit-required	-	audit-required	-	audit-required	-	audit-required	-	audit-required	-	audit-required	-	audit-required	-	audit-required	-	audit-required	-	audit-required	-	audit-required	-	audit-required	-	audit-required	-	vinary-tree-interop/bindings/javascript
vinary-tree-interop	core-abi	scalar-wfst	typescript	audit-required	byte,unicode-scalar,u64,not-unit-bearing	structural interfaces; Iterable; Disposable; discriminated errors	npm	deterministic-close-plus-leak-containment	audit-required	audit-required	audit-required	audit-required	-	audit-required	-	audit-required	-	audit-required	-	audit-required	-	audit-required	-	audit-required	-	audit-required	-	audit-required	-	audit-required	-	audit-required	-	audit-required	-	audit-required	-	audit-required	-	audit-required	-	audit-required	-	audit-required	-	audit-required	-	audit-required	-	audit-required	-	audit-required	-	vinary-tree-interop/bindings/javascript
vinary-tree-interop	core-abi	scalar-wfst	clojurescript	missing	byte,unicode-scalar,u64,not-unit-bearing	ISeqable; IReduce; protocol dispatch; close!	npm	deterministic-close-plus-leak-containment	missing	missing	missing	missing	-	missing	-	missing	-	missing	-	missing	-	missing	-	missing	-	missing	-	missing	-	missing	-	missing	-	missing	-	missing	-	missing	-	missing	-	missing	-	missing	-	missing	-	missing	-	missing	-	missing	-	-
vinary-tree-interop	core-abi	scalar-wfst	swift	audit-required	byte,unicode-scalar,u64,not-unit-bearing	Sequence/Collection; protocols; throws; deterministic scoped ownership	Swift Package Index	deterministic-close-plus-leak-containment	audit-required	audit-required	audit-required	audit-required	-	audit-required	-	audit-required	-	audit-required	-	audit-required	-	audit-required	-	audit-required	-	audit-required	-	audit-required	-	audit-required	-	audit-required	-	audit-required	-	audit-required	-	audit-required	-	audit-required	-	audit-required	-	audit-required	-	audit-required	-	audit-required	-	audit-required	-	audit-required	-	vinary-tree-interop/bindings/swift
vinary-tree-interop	core-abi	scalar-wfst	ruby	missing	byte,unicode-scalar,u64,not-unit-bearing	Enumerable; blocks/ensure; exceptions; explicit close	RubyGems	deterministic-close-plus-leak-containment	missing	missing	missing	missing	-	missing	-	missing	-	missing	-	missing	-	missing	-	missing	-	missing	-	missing	-	missing	-	missing	-	missing	-	missing	-	missing	-	missing	-	missing	-	missing	-	missing	-	missing	-	missing	-	missing	-	-
vinary-tree-interop	core-abi	scalar-wfst	fortran	audit-required	byte,unicode-scalar,u64,not-unit-bearing	modules; derived types; type-bound procedures; finalizers	fpm	deterministic-close-plus-leak-containment	audit-required	audit-required	audit-required	audit-required	-	audit-required	-	audit-required	-	audit-required	-	audit-required	-	audit-required	-	audit-required	-	audit-required	-	audit-required	-	audit-required	-	audit-required	-	audit-required	-	audit-required	-	audit-required	-	audit-required	-	audit-required	-	audit-required	-	audit-required	-	audit-required	-	audit-required	-	audit-required	-	vinary-tree-interop/bindings/fortran
vinary-tree-interop	core-abi	scalar-wfst	ocaml	audit-required	byte,unicode-scalar,u64,not-unit-bearing	abstract types; Seq; result; Fun.protect	opam	deterministic-close-plus-leak-containment	audit-required	audit-required	audit-required	audit-required	-	audit-required	-	audit-required	-	audit-required	-	audit-required	-	audit-required	-	audit-required	-	audit-required	-	audit-required	-	audit-required	-	audit-required	-	audit-required	-	audit-required	-	audit-required	-	audit-required	-	audit-required	-	audit-required	-	audit-required	-	audit-required	-	audit-required	-	audit-required	-	vinary-tree-interop/bindings/ocaml
vinary-tree-interop	core-abi	scalar-wfst	haskell	audit-required	byte,unicode-scalar,u64,not-unit-bearing	type classes; Foldable; bracket; Either	Hackage	deterministic-close-plus-leak-containment	audit-required	audit-required	audit-required	audit-required	-	audit-required	-	audit-required	-	audit-required	-	audit-required	-	audit-required	-	audit-required	-	audit-required	-	audit-required	-	audit-required	-	audit-required	-	audit-required	-	audit-required	-	audit-required	-	audit-required	-	audit-required	-	audit-required	-	audit-required	-	audit-required	-	audit-required	-	audit-required	-	vinary-tree-interop/bindings/haskell
vinary-tree-interop	core-abi	scalar-wfst	lua	audit-required	byte,unicode-scalar,u64,not-unit-bearing	generic-for iterators; __close; tables; error values	LuaRocks	deterministic-close-plus-leak-containment	audit-required	audit-required	audit-required	audit-required	-	audit-required	-	audit-required	-	audit-required	-	audit-required	-	audit-required	-	audit-required	-	audit-required	-	audit-required	-	audit-required	-	audit-required	-	audit-required	-	audit-required	-	audit-required	-	audit-required	-	audit-required	-	audit-required	-	audit-required	-	audit-required	-	audit-required	-	audit-required	-	vinary-tree-interop/bindings/lua
vinary-tree-interop	core-abi	scalar-wfst	raku	missing	byte,unicode-scalar,u64,not-unit-bearing	NativeCall; Iterable/Positional/Associative; LEAVE; exceptions	zef/fez	deterministic-close-plus-leak-containment	missing	missing	missing	missing	-	missing	-	missing	-	missing	-	missing	-	missing	-	missing	-	missing	-	missing	-	missing	-	missing	-	missing	-	missing	-	missing	-	missing	-	missing	-	missing	-	missing	-	missing	-	missing	-	missing	-	-
llattice	core-library	lattice-trait	rust	audit-required	not-unit-bearing	traits; IntoIterator/Iterator; Result; Drop	crates.io	deterministic-close-plus-leak-containment	audit-required	audit-required	audit-required	audit-required	-	audit-required	-	audit-required	-	audit-required	-	audit-required	-	audit-required	-	audit-required	-	audit-required	-	audit-required	-	audit-required	-	audit-required	-	audit-required	-	audit-required	-	audit-required	-	audit-required	-	audit-required	-	audit-required	-	audit-required	-	audit-required	-	audit-required	-	audit-required	-	llattice/src/lib.rs
llattice	core-library	lattice-trait	c	missing	not-unit-bearing	opaque handles; status codes; bounded buffers; vtables	CMake/pkg-config/GitHub Releases	deterministic-close-plus-leak-containment	missing	missing	missing	missing	-	missing	-	missing	-	missing	-	missing	-	missing	-	missing	-	missing	-	missing	-	missing	-	missing	-	missing	-	missing	-	missing	-	missing	-	missing	-	missing	-	missing	-	missing	-	missing	-	missing	-	-
llattice	core-library	lattice-trait	cpp	missing	not-unit-bearing	RAII; ranges/iterators; move-only handles; typed errors	CMake/pkg-config/GitHub Releases	deterministic-close-plus-leak-containment	missing	missing	missing	missing	-	missing	-	missing	-	missing	-	missing	-	missing	-	missing	-	missing	-	missing	-	missing	-	missing	-	missing	-	missing	-	missing	-	missing	-	missing	-	missing	-	missing	-	missing	-	missing	-	missing	-	-
llattice	core-library	lattice-trait	python	missing	not-unit-bearing	context managers; iterators/collections; exceptions; protocols	PyPI	deterministic-close-plus-leak-containment	missing	missing	missing	missing	-	missing	-	missing	-	missing	-	missing	-	missing	-	missing	-	missing	-	missing	-	missing	-	missing	-	missing	-	missing	-	missing	-	missing	-	missing	-	missing	-	missing	-	missing	-	missing	-	missing	-	-
llattice	core-library	lattice-trait	java	missing	not-unit-bearing	AutoCloseable/try-with-resources; Collection/Map; Stream/Spliterator; interfaces	Maven Central	deterministic-close-plus-leak-containment	missing	missing	missing	missing	-	missing	-	missing	-	missing	-	missing	-	missing	-	missing	-	missing	-	missing	-	missing	-	missing	-	missing	-	missing	-	missing	-	missing	-	missing	-	missing	-	missing	-	missing	-	missing	-	missing	-	-
llattice	core-library	lattice-trait	kotlin	missing	not-unit-bearing	use; Iterable/Map; Sequence; SAM interfaces	Maven Central	deterministic-close-plus-leak-containment	missing	missing	missing	missing	-	missing	-	missing	-	missing	-	missing	-	missing	-	missing	-	missing	-	missing	-	missing	-	missing	-	missing	-	missing	-	missing	-	missing	-	missing	-	missing	-	missing	-	missing	-	missing	-	missing	-	-
llattice	core-library	lattice-trait	scala	missing	not-unit-bearing	Using/AutoCloseable; Iterable; Iterator; type classes	Maven Central	deterministic-close-plus-leak-containment	missing	missing	missing	missing	-	missing	-	missing	-	missing	-	missing	-	missing	-	missing	-	missing	-	missing	-	missing	-	missing	-	missing	-	missing	-	missing	-	missing	-	missing	-	missing	-	missing	-	missing	-	missing	-	missing	-	-
llattice	core-library	lattice-trait	clojure	missing	not-unit-bearing	Seqable; IReduceInit; Closeable; persistent values	Clojars	deterministic-close-plus-leak-containment	missing	missing	missing	missing	-	missing	-	missing	-	missing	-	missing	-	missing	-	missing	-	missing	-	missing	-	missing	-	missing	-	missing	-	missing	-	missing	-	missing	-	missing	-	missing	-	missing	-	missing	-	missing	-	missing	-	-
llattice	core-library	lattice-trait	csharp	missing	not-unit-bearing	IDisposable/using; IEnumerable/IDictionary; exceptions; interfaces	NuGet	deterministic-close-plus-leak-containment	missing	missing	missing	missing	-	missing	-	missing	-	missing	-	missing	-	missing	-	missing	-	missing	-	missing	-	missing	-	missing	-	missing	-	missing	-	missing	-	missing	-	missing	-	missing	-	missing	-	missing	-	missing	-	missing	-	-
llattice	core-library	lattice-trait	fsharp	missing	not-unit-bearing	use/use!; seq; Result; object expressions; interfaces	NuGet	deterministic-close-plus-leak-containment	missing	missing	missing	missing	-	missing	-	missing	-	missing	-	missing	-	missing	-	missing	-	missing	-	missing	-	missing	-	missing	-	missing	-	missing	-	missing	-	missing	-	missing	-	missing	-	missing	-	missing	-	missing	-	missing	-	-
llattice	core-library	lattice-trait	go	missing	not-unit-bearing	interfaces; iter.Seq; io.Closer; errors	Go module proxy	deterministic-close-plus-leak-containment	missing	missing	missing	missing	-	missing	-	missing	-	missing	-	missing	-	missing	-	missing	-	missing	-	missing	-	missing	-	missing	-	missing	-	missing	-	missing	-	missing	-	missing	-	missing	-	missing	-	missing	-	missing	-	missing	-	-
llattice	core-library	lattice-trait	javascript	missing	not-unit-bearing	Symbol.iterator; Symbol.dispose; Error; native/WASM/WASI runtime identity	npm	deterministic-close-plus-leak-containment	missing	missing	missing	missing	-	missing	-	missing	-	missing	-	missing	-	missing	-	missing	-	missing	-	missing	-	missing	-	missing	-	missing	-	missing	-	missing	-	missing	-	missing	-	missing	-	missing	-	missing	-	missing	-	missing	-	-
llattice	core-library	lattice-trait	typescript	missing	not-unit-bearing	structural interfaces; Iterable; Disposable; discriminated errors	npm	deterministic-close-plus-leak-containment	missing	missing	missing	missing	-	missing	-	missing	-	missing	-	missing	-	missing	-	missing	-	missing	-	missing	-	missing	-	missing	-	missing	-	missing	-	missing	-	missing	-	missing	-	missing	-	missing	-	missing	-	missing	-	missing	-	-
llattice	core-library	lattice-trait	clojurescript	missing	not-unit-bearing	ISeqable; IReduce; protocol dispatch; close!	npm	deterministic-close-plus-leak-containment	missing	missing	missing	missing	-	missing	-	missing	-	missing	-	missing	-	missing	-	missing	-	missing	-	missing	-	missing	-	missing	-	missing	-	missing	-	missing	-	missing	-	missing	-	missing	-	missing	-	missing	-	missing	-	missing	-	-
llattice	core-library	lattice-trait	swift	missing	not-unit-bearing	Sequence/Collection; protocols; throws; deterministic scoped ownership	Swift Package Index	deterministic-close-plus-leak-containment	missing	missing	missing	missing	-	missing	-	missing	-	missing	-	missing	-	missing	-	missing	-	missing	-	missing	-	missing	-	missing	-	missing	-	missing	-	missing	-	missing	-	missing	-	missing	-	missing	-	missing	-	missing	-	missing	-	-
llattice	core-library	lattice-trait	ruby	missing	not-unit-bearing	Enumerable; blocks/ensure; exceptions; explicit close	RubyGems	deterministic-close-plus-leak-containment	missing	missing	missing	missing	-	missing	-	missing	-	missing	-	missing	-	missing	-	missing	-	missing	-	missing	-	missing	-	missing	-	missing	-	missing	-	missing	-	missing	-	missing	-	missing	-	missing	-	missing	-	missing	-	missing	-	-
llattice	core-library	lattice-trait	fortran	missing	not-unit-bearing	modules; derived types; type-bound procedures; finalizers	fpm	deterministic-close-plus-leak-containment	missing	missing	missing	missing	-	missing	-	missing	-	missing	-	missing	-	missing	-	missing	-	missing	-	missing	-	missing	-	missing	-	missing	-	missing	-	missing	-	missing	-	missing	-	missing	-	missing	-	missing	-	missing	-	missing	-	-
llattice	core-library	lattice-trait	ocaml	missing	not-unit-bearing	abstract types; Seq; result; Fun.protect	opam	deterministic-close-plus-leak-containment	missing	missing	missing	missing	-	missing	-	missing	-	missing	-	missing	-	missing	-	missing	-	missing	-	missing	-	missing	-	missing	-	missing	-	missing	-	missing	-	missing	-	missing	-	missing	-	missing	-	missing	-	missing	-	missing	-	-
llattice	core-library	lattice-trait	haskell	missing	not-unit-bearing	type classes; Foldable; bracket; Either	Hackage	deterministic-close-plus-leak-containment	missing	missing	missing	missing	-	missing	-	missing	-	missing	-	missing	-	missing	-	missing	-	missing	-	missing	-	missing	-	missing	-	missing	-	missing	-	missing	-	missing	-	missing	-	missing	-	missing	-	missing	-	missing	-	missing	-	-
llattice	core-library	lattice-trait	lua	missing	not-unit-bearing	generic-for iterators; __close; tables; error values	LuaRocks	deterministic-close-plus-leak-containment	missing	missing	missing	missing	-	missing	-	missing	-	missing	-	missing	-	missing	-	missing	-	missing	-	missing	-	missing	-	missing	-	missing	-	missing	-	missing	-	missing	-	missing	-	missing	-	missing	-	missing	-	missing	-	missing	-	-
llattice	core-library	lattice-trait	raku	missing	not-unit-bearing	NativeCall; Iterable/Positional/Associative; LEAVE; exceptions	zef/fez	deterministic-close-plus-leak-containment	missing	missing	missing	missing	-	missing	-	missing	-	missing	-	missing	-	missing	-	missing	-	missing	-	missing	-	missing	-	missing	-	missing	-	missing	-	missing	-	missing	-	missing	-	missing	-	missing	-	missing	-	missing	-	missing	-	-
llattice	core-library	numeric-lattices	rust	audit-required	not-unit-bearing	traits; IntoIterator/Iterator; Result; Drop	crates.io	deterministic-close-plus-leak-containment	audit-required	audit-required	audit-required	audit-required	-	audit-required	-	audit-required	-	audit-required	-	audit-required	-	audit-required	-	audit-required	-	audit-required	-	audit-required	-	audit-required	-	audit-required	-	audit-required	-	audit-required	-	audit-required	-	audit-required	-	audit-required	-	audit-required	-	audit-required	-	audit-required	-	audit-required	-	audit-required	-	llattice/src/lib.rs
llattice	core-library	numeric-lattices	c	missing	not-unit-bearing	opaque handles; status codes; bounded buffers; vtables	CMake/pkg-config/GitHub Releases	deterministic-close-plus-leak-containment	missing	missing	missing	missing	-	missing	-	missing	-	missing	-	missing	-	missing	-	missing	-	missing	-	missing	-	missing	-	missing	-	missing	-	missing	-	missing	-	missing	-	missing	-	missing	-	missing	-	missing	-	missing	-	missing	-	-
llattice	core-library	numeric-lattices	cpp	missing	not-unit-bearing	RAII; ranges/iterators; move-only handles; typed errors	CMake/pkg-config/GitHub Releases	deterministic-close-plus-leak-containment	missing	missing	missing	missing	-	missing	-	missing	-	missing	-	missing	-	missing	-	missing	-	missing	-	missing	-	missing	-	missing	-	missing	-	missing	-	missing	-	missing	-	missing	-	missing	-	missing	-	missing	-	missing	-	missing	-	-
llattice	core-library	numeric-lattices	python	missing	not-unit-bearing	context managers; iterators/collections; exceptions; protocols	PyPI	deterministic-close-plus-leak-containment	missing	missing	missing	missing	-	missing	-	missing	-	missing	-	missing	-	missing	-	missing	-	missing	-	missing	-	missing	-	missing	-	missing	-	missing	-	missing	-	missing	-	missing	-	missing	-	missing	-	missing	-	missing	-	missing	-	-
llattice	core-library	numeric-lattices	java	missing	not-unit-bearing	AutoCloseable/try-with-resources; Collection/Map; Stream/Spliterator; interfaces	Maven Central	deterministic-close-plus-leak-containment	missing	missing	missing	missing	-	missing	-	missing	-	missing	-	missing	-	missing	-	missing	-	missing	-	missing	-	missing	-	missing	-	missing	-	missing	-	missing	-	missing	-	missing	-	missing	-	missing	-	missing	-	missing	-	missing	-	-
llattice	core-library	numeric-lattices	kotlin	missing	not-unit-bearing	use; Iterable/Map; Sequence; SAM interfaces	Maven Central	deterministic-close-plus-leak-containment	missing	missing	missing	missing	-	missing	-	missing	-	missing	-	missing	-	missing	-	missing	-	missing	-	missing	-	missing	-	missing	-	missing	-	missing	-	missing	-	missing	-	missing	-	missing	-	missing	-	missing	-	missing	-	missing	-	-
llattice	core-library	numeric-lattices	scala	missing	not-unit-bearing	Using/AutoCloseable; Iterable; Iterator; type classes	Maven Central	deterministic-close-plus-leak-containment	missing	missing	missing	missing	-	missing	-	missing	-	missing	-	missing	-	missing	-	missing	-	missing	-	missing	-	missing	-	missing	-	missing	-	missing	-	missing	-	missing	-	missing	-	missing	-	missing	-	missing	-	missing	-	missing	-	-
llattice	core-library	numeric-lattices	clojure	missing	not-unit-bearing	Seqable; IReduceInit; Closeable; persistent values	Clojars	deterministic-close-plus-leak-containment	missing	missing	missing	missing	-	missing	-	missing	-	missing	-	missing	-	missing	-	missing	-	missing	-	missing	-	missing	-	missing	-	missing	-	missing	-	missing	-	missing	-	missing	-	missing	-	missing	-	missing	-	missing	-	missing	-	-
llattice	core-library	numeric-lattices	csharp	missing	not-unit-bearing	IDisposable/using; IEnumerable/IDictionary; exceptions; interfaces	NuGet	deterministic-close-plus-leak-containment	missing	missing	missing	missing	-	missing	-	missing	-	missing	-	missing	-	missing	-	missing	-	missing	-	missing	-	missing	-	missing	-	missing	-	missing	-	missing	-	missing	-	missing	-	missing	-	missing	-	missing	-	missing	-	missing	-	-
llattice	core-library	numeric-lattices	fsharp	missing	not-unit-bearing	use/use!; seq; Result; object expressions; interfaces	NuGet	deterministic-close-plus-leak-containment	missing	missing	missing	missing	-	missing	-	missing	-	missing	-	missing	-	missing	-	missing	-	missing	-	missing	-	missing	-	missing	-	missing	-	missing	-	missing	-	missing	-	missing	-	missing	-	missing	-	missing	-	missing	-	missing	-	-
llattice	core-library	numeric-lattices	go	missing	not-unit-bearing	interfaces; iter.Seq; io.Closer; errors	Go module proxy	deterministic-close-plus-leak-containment	missing	missing	missing	missing	-	missing	-	missing	-	missing	-	missing	-	missing	-	missing	-	missing	-	missing	-	missing	-	missing	-	missing	-	missing	-	missing	-	missing	-	missing	-	missing	-	missing	-	missing	-	missing	-	missing	-	-
llattice	core-library	numeric-lattices	javascript	missing	not-unit-bearing	Symbol.iterator; Symbol.dispose; Error; native/WASM/WASI runtime identity	npm	deterministic-close-plus-leak-containment	missing	missing	missing	missing	-	missing	-	missing	-	missing	-	missing	-	missing	-	missing	-	missing	-	missing	-	missing	-	missing	-	missing	-	missing	-	missing	-	missing	-	missing	-	missing	-	missing	-	missing	-	missing	-	missing	-	-
llattice	core-library	numeric-lattices	typescript	missing	not-unit-bearing	structural interfaces; Iterable; Disposable; discriminated errors	npm	deterministic-close-plus-leak-containment	missing	missing	missing	missing	-	missing	-	missing	-	missing	-	missing	-	missing	-	missing	-	missing	-	missing	-	missing	-	missing	-	missing	-	missing	-	missing	-	missing	-	missing	-	missing	-	missing	-	missing	-	missing	-	missing	-	-
llattice	core-library	numeric-lattices	clojurescript	missing	not-unit-bearing	ISeqable; IReduce; protocol dispatch; close!	npm	deterministic-close-plus-leak-containment	missing	missing	missing	missing	-	missing	-	missing	-	missing	-	missing	-	missing	-	missing	-	missing	-	missing	-	missing	-	missing	-	missing	-	missing	-	missing	-	missing	-	missing	-	missing	-	missing	-	missing	-	missing	-	missing	-	-
llattice	core-library	numeric-lattices	swift	missing	not-unit-bearing	Sequence/Collection; protocols; throws; deterministic scoped ownership	Swift Package Index	deterministic-close-plus-leak-containment	missing	missing	missing	missing	-	missing	-	missing	-	missing	-	missing	-	missing	-	missing	-	missing	-	missing	-	missing	-	missing	-	missing	-	missing	-	missing	-	missing	-	missing	-	missing	-	missing	-	missing	-	missing	-	missing	-	-
llattice	core-library	numeric-lattices	ruby	missing	not-unit-bearing	Enumerable; blocks/ensure; exceptions; explicit close	RubyGems	deterministic-close-plus-leak-containment	missing	missing	missing	missing	-	missing	-	missing	-	missing	-	missing	-	missing	-	missing	-	missing	-	missing	-	missing	-	missing	-	missing	-	missing	-	missing	-	missing	-	missing	-	missing	-	missing	-	missing	-	missing	-	missing	-	-
llattice	core-library	numeric-lattices	fortran	missing	not-unit-bearing	modules; derived types; type-bound procedures; finalizers	fpm	deterministic-close-plus-leak-containment	missing	missing	missing	missing	-	missing	-	missing	-	missing	-	missing	-	missing	-	missing	-	missing	-	missing	-	missing	-	missing	-	missing	-	missing	-	missing	-	missing	-	missing	-	missing	-	missing	-	missing	-	missing	-	missing	-	-
llattice	core-library	numeric-lattices	ocaml	missing	not-unit-bearing	abstract types; Seq; result; Fun.protect	opam	deterministic-close-plus-leak-containment	missing	missing	missing	missing	-	missing	-	missing	-	missing	-	missing	-	missing	-	missing	-	missing	-	missing	-	missing	-	missing	-	missing	-	missing	-	missing	-	missing	-	missing	-	missing	-	missing	-	missing	-	missing	-	missing	-	-
llattice	core-library	numeric-lattices	haskell	missing	not-unit-bearing	type classes; Foldable; bracket; Either	Hackage	deterministic-close-plus-leak-containment	missing	missing	missing	missing	-	missing	-	missing	-	missing	-	missing	-	missing	-	missing	-	missing	-	missing	-	missing	-	missing	-	missing	-	missing	-	missing	-	missing	-	missing	-	missing	-	missing	-	missing	-	missing	-	missing	-	-
llattice	core-library	numeric-lattices	lua	missing	not-unit-bearing	generic-for iterators; __close; tables; error values	LuaRocks	deterministic-close-plus-leak-containment	missing	missing	missing	missing	-	missing	-	missing	-	missing	-	missing	-	missing	-	missing	-	missing	-	missing	-	missing	-	missing	-	missing	-	missing	-	missing	-	missing	-	missing	-	missing	-	missing	-	missing	-	missing	-	missing	-	-
llattice	core-library	numeric-lattices	raku	missing	not-unit-bearing	NativeCall; Iterable/Positional/Associative; LEAVE; exceptions	zef/fez	deterministic-close-plus-leak-containment	missing	missing	missing	missing	-	missing	-	missing	-	missing	-	missing	-	missing	-	missing	-	missing	-	missing	-	missing	-	missing	-	missing	-	missing	-	missing	-	missing	-	missing	-	missing	-	missing	-	missing	-	missing	-	missing	-	-
llattice	core-library	boolean-lattice	rust	audit-required	not-unit-bearing	traits; IntoIterator/Iterator; Result; Drop	crates.io	deterministic-close-plus-leak-containment	audit-required	audit-required	audit-required	audit-required	-	audit-required	-	audit-required	-	audit-required	-	audit-required	-	audit-required	-	audit-required	-	audit-required	-	audit-required	-	audit-required	-	audit-required	-	audit-required	-	audit-required	-	audit-required	-	audit-required	-	audit-required	-	audit-required	-	audit-required	-	audit-required	-	audit-required	-	audit-required	-	llattice/src/lib.rs
llattice	core-library	boolean-lattice	c	missing	not-unit-bearing	opaque handles; status codes; bounded buffers; vtables	CMake/pkg-config/GitHub Releases	deterministic-close-plus-leak-containment	missing	missing	missing	missing	-	missing	-	missing	-	missing	-	missing	-	missing	-	missing	-	missing	-	missing	-	missing	-	missing	-	missing	-	missing	-	missing	-	missing	-	missing	-	missing	-	missing	-	missing	-	missing	-	missing	-	-
llattice	core-library	boolean-lattice	cpp	missing	not-unit-bearing	RAII; ranges/iterators; move-only handles; typed errors	CMake/pkg-config/GitHub Releases	deterministic-close-plus-leak-containment	missing	missing	missing	missing	-	missing	-	missing	-	missing	-	missing	-	missing	-	missing	-	missing	-	missing	-	missing	-	missing	-	missing	-	missing	-	missing	-	missing	-	missing	-	missing	-	missing	-	missing	-	missing	-	missing	-	-
llattice	core-library	boolean-lattice	python	missing	not-unit-bearing	context managers; iterators/collections; exceptions; protocols	PyPI	deterministic-close-plus-leak-containment	missing	missing	missing	missing	-	missing	-	missing	-	missing	-	missing	-	missing	-	missing	-	missing	-	missing	-	missing	-	missing	-	missing	-	missing	-	missing	-	missing	-	missing	-	missing	-	missing	-	missing	-	missing	-	missing	-	-
llattice	core-library	boolean-lattice	java	missing	not-unit-bearing	AutoCloseable/try-with-resources; Collection/Map; Stream/Spliterator; interfaces	Maven Central	deterministic-close-plus-leak-containment	missing	missing	missing	missing	-	missing	-	missing	-	missing	-	missing	-	missing	-	missing	-	missing	-	missing	-	missing	-	missing	-	missing	-	missing	-	missing	-	missing	-	missing	-	missing	-	missing	-	missing	-	missing	-	missing	-	-
llattice	core-library	boolean-lattice	kotlin	missing	not-unit-bearing	use; Iterable/Map; Sequence; SAM interfaces	Maven Central	deterministic-close-plus-leak-containment	missing	missing	missing	missing	-	missing	-	missing	-	missing	-	missing	-	missing	-	missing	-	missing	-	missing	-	missing	-	missing	-	missing	-	missing	-	missing	-	missing	-	missing	-	missing	-	missing	-	missing	-	missing	-	missing	-	-
llattice	core-library	boolean-lattice	scala	missing	not-unit-bearing	Using/AutoCloseable; Iterable; Iterator; type classes	Maven Central	deterministic-close-plus-leak-containment	missing	missing	missing	missing	-	missing	-	missing	-	missing	-	missing	-	missing	-	missing	-	missing	-	missing	-	missing	-	missing	-	missing	-	missing	-	missing	-	missing	-	missing	-	missing	-	missing	-	missing	-	missing	-	missing	-	-
llattice	core-library	boolean-lattice	clojure	missing	not-unit-bearing	Seqable; IReduceInit; Closeable; persistent values	Clojars	deterministic-close-plus-leak-containment	missing	missing	missing	missing	-	missing	-	missing	-	missing	-	missing	-	missing	-	missing	-	missing	-	missing	-	missing	-	missing	-	missing	-	missing	-	missing	-	missing	-	missing	-	missing	-	missing	-	missing	-	missing	-	missing	-	-
llattice	core-library	boolean-lattice	csharp	missing	not-unit-bearing	IDisposable/using; IEnumerable/IDictionary; exceptions; interfaces	NuGet	deterministic-close-plus-leak-containment	missing	missing	missing	missing	-	missing	-	missing	-	missing	-	missing	-	missing	-	missing	-	missing	-	missing	-	missing	-	missing	-	missing	-	missing	-	missing	-	missing	-	missing	-	missing	-	missing	-	missing	-	missing	-	missing	-	-
llattice	core-library	boolean-lattice	fsharp	missing	not-unit-bearing	use/use!; seq; Result; object expressions; interfaces	NuGet	deterministic-close-plus-leak-containment	missing	missing	missing	missing	-	missing	-	missing	-	missing	-	missing	-	missing	-	missing	-	missing	-	missing	-	missing	-	missing	-	missing	-	missing	-	missing	-	missing	-	missing	-	missing	-	missing	-	missing	-	missing	-	missing	-	-
llattice	core-library	boolean-lattice	go	missing	not-unit-bearing	interfaces; iter.Seq; io.Closer; errors	Go module proxy	deterministic-close-plus-leak-containment	missing	missing	missing	missing	-	missing	-	missing	-	missing	-	missing	-	missing	-	missing	-	missing	-	missing	-	missing	-	missing	-	missing	-	missing	-	missing	-	missing	-	missing	-	missing	-	missing	-	missing	-	missing	-	missing	-	-
llattice	core-library	boolean-lattice	javascript	missing	not-unit-bearing	Symbol.iterator; Symbol.dispose; Error; native/WASM/WASI runtime identity	npm	deterministic-close-plus-leak-containment	missing	missing	missing	missing	-	missing	-	missing	-	missing	-	missing	-	missing	-	missing	-	missing	-	missing	-	missing	-	missing	-	missing	-	missing	-	missing	-	missing	-	missing	-	missing	-	missing	-	missing	-	missing	-	missing	-	-
llattice	core-library	boolean-lattice	typescript	missing	not-unit-bearing	structural interfaces; Iterable; Disposable; discriminated errors	npm	deterministic-close-plus-leak-containment	missing	missing	missing	missing	-	missing	-	missing	-	missing	-	missing	-	missing	-	missing	-	missing	-	missing	-	missing	-	missing	-	missing	-	missing	-	missing	-	missing	-	missing	-	missing	-	missing	-	missing	-	missing	-	missing	-	-
llattice	core-library	boolean-lattice	clojurescript	missing	not-unit-bearing	ISeqable; IReduce; protocol dispatch; close!	npm	deterministic-close-plus-leak-containment	missing	missing	missing	missing	-	missing	-	missing	-	missing	-	missing	-	missing	-	missing	-	missing	-	missing	-	missing	-	missing	-	missing	-	missing	-	missing	-	missing	-	missing	-	missing	-	missing	-	missing	-	missing	-	missing	-	-
llattice	core-library	boolean-lattice	swift	missing	not-unit-bearing	Sequence/Collection; protocols; throws; deterministic scoped ownership	Swift Package Index	deterministic-close-plus-leak-containment	missing	missing	missing	missing	-	missing	-	missing	-	missing	-	missing	-	missing	-	missing	-	missing	-	missing	-	missing	-	missing	-	missing	-	missing	-	missing	-	missing	-	missing	-	missing	-	missing	-	missing	-	missing	-	missing	-	-
llattice	core-library	boolean-lattice	ruby	missing	not-unit-bearing	Enumerable; blocks/ensure; exceptions; explicit close	RubyGems	deterministic-close-plus-leak-containment	missing	missing	missing	missing	-	missing	-	missing	-	missing	-	missing	-	missing	-	missing	-	missing	-	missing	-	missing	-	missing	-	missing	-	missing	-	missing	-	missing	-	missing	-	missing	-	missing	-	missing	-	missing	-	missing	-	-
llattice	core-library	boolean-lattice	fortran	missing	not-unit-bearing	modules; derived types; type-bound procedures; finalizers	fpm	deterministic-close-plus-leak-containment	missing	missing	missing	missing	-	missing	-	missing	-	missing	-	missing	-	missing	-	missing	-	missing	-	missing	-	missing	-	missing	-	missing	-	missing	-	missing	-	missing	-	missing	-	missing	-	missing	-	missing	-	missing	-	missing	-	-
llattice	core-library	boolean-lattice	ocaml	missing	not-unit-bearing	abstract types; Seq; result; Fun.protect	opam	deterministic-close-plus-leak-containment	missing	missing	missing	missing	-	missing	-	missing	-	missing	-	missing	-	missing	-	missing	-	missing	-	missing	-	missing	-	missing	-	missing	-	missing	-	missing	-	missing	-	missing	-	missing	-	missing	-	missing	-	missing	-	missing	-	-
llattice	core-library	boolean-lattice	haskell	missing	not-unit-bearing	type classes; Foldable; bracket; Either	Hackage	deterministic-close-plus-leak-containment	missing	missing	missing	missing	-	missing	-	missing	-	missing	-	missing	-	missing	-	missing	-	missing	-	missing	-	missing	-	missing	-	missing	-	missing	-	missing	-	missing	-	missing	-	missing	-	missing	-	missing	-	missing	-	missing	-	-
llattice	core-library	boolean-lattice	lua	missing	not-unit-bearing	generic-for iterators; __close; tables; error values	LuaRocks	deterministic-close-plus-leak-containment	missing	missing	missing	missing	-	missing	-	missing	-	missing	-	missing	-	missing	-	missing	-	missing	-	missing	-	missing	-	missing	-	missing	-	missing	-	missing	-	missing	-	missing	-	missing	-	missing	-	missing	-	missing	-	missing	-	-
llattice	core-library	boolean-lattice	raku	missing	not-unit-bearing	NativeCall; Iterable/Positional/Associative; LEAVE; exceptions	zef/fez	deterministic-close-plus-leak-containment	missing	missing	missing	missing	-	missing	-	missing	-	missing	-	missing	-	missing	-	missing	-	missing	-	missing	-	missing	-	missing	-	missing	-	missing	-	missing	-	missing	-	missing	-	missing	-	missing	-	missing	-	missing	-	missing	-	-
llattice	core-library	option-lattice	rust	audit-required	not-unit-bearing	traits; IntoIterator/Iterator; Result; Drop	crates.io	deterministic-close-plus-leak-containment	audit-required	audit-required	audit-required	audit-required	-	audit-required	-	audit-required	-	audit-required	-	audit-required	-	audit-required	-	audit-required	-	audit-required	-	audit-required	-	audit-required	-	audit-required	-	audit-required	-	audit-required	-	audit-required	-	audit-required	-	audit-required	-	audit-required	-	audit-required	-	audit-required	-	audit-required	-	audit-required	-	llattice/src/lib.rs
llattice	core-library	option-lattice	c	missing	not-unit-bearing	opaque handles; status codes; bounded buffers; vtables	CMake/pkg-config/GitHub Releases	deterministic-close-plus-leak-containment	missing	missing	missing	missing	-	missing	-	missing	-	missing	-	missing	-	missing	-	missing	-	missing	-	missing	-	missing	-	missing	-	missing	-	missing	-	missing	-	missing	-	missing	-	missing	-	missing	-	missing	-	missing	-	missing	-	-
llattice	core-library	option-lattice	cpp	missing	not-unit-bearing	RAII; ranges/iterators; move-only handles; typed errors	CMake/pkg-config/GitHub Releases	deterministic-close-plus-leak-containment	missing	missing	missing	missing	-	missing	-	missing	-	missing	-	missing	-	missing	-	missing	-	missing	-	missing	-	missing	-	missing	-	missing	-	missing	-	missing	-	missing	-	missing	-	missing	-	missing	-	missing	-	missing	-	missing	-	-
llattice	core-library	option-lattice	python	missing	not-unit-bearing	context managers; iterators/collections; exceptions; protocols	PyPI	deterministic-close-plus-leak-containment	missing	missing	missing	missing	-	missing	-	missing	-	missing	-	missing	-	missing	-	missing	-	missing	-	missing	-	missing	-	missing	-	missing	-	missing	-	missing	-	missing	-	missing	-	missing	-	missing	-	missing	-	missing	-	missing	-	-
llattice	core-library	option-lattice	java	missing	not-unit-bearing	AutoCloseable/try-with-resources; Collection/Map; Stream/Spliterator; interfaces	Maven Central	deterministic-close-plus-leak-containment	missing	missing	missing	missing	-	missing	-	missing	-	missing	-	missing	-	missing	-	missing	-	missing	-	missing	-	missing	-	missing	-	missing	-	missing	-	missing	-	missing	-	missing	-	missing	-	missing	-	missing	-	missing	-	missing	-	-
llattice	core-library	option-lattice	kotlin	missing	not-unit-bearing	use; Iterable/Map; Sequence; SAM interfaces	Maven Central	deterministic-close-plus-leak-containment	missing	missing	missing	missing	-	missing	-	missing	-	missing	-	missing	-	missing	-	missing	-	missing	-	missing	-	missing	-	missing	-	missing	-	missing	-	missing	-	missing	-	missing	-	missing	-	missing	-	missing	-	missing	-	missing	-	-
llattice	core-library	option-lattice	scala	missing	not-unit-bearing	Using/AutoCloseable; Iterable; Iterator; type classes	Maven Central	deterministic-close-plus-leak-containment	missing	missing	missing	missing	-	missing	-	missing	-	missing	-	missing	-	missing	-	missing	-	missing	-	missing	-	missing	-	missing	-	missing	-	missing	-	missing	-	missing	-	missing	-	missing	-	missing	-	missing	-	missing	-	missing	-	-
llattice	core-library	option-lattice	clojure	missing	not-unit-bearing	Seqable; IReduceInit; Closeable; persistent values	Clojars	deterministic-close-plus-leak-containment	missing	missing	missing	missing	-	missing	-	missing	-	missing	-	missing	-	missing	-	missing	-	missing	-	missing	-	missing	-	missing	-	missing	-	missing	-	missing	-	missing	-	missing	-	missing	-	missing	-	missing	-	missing	-	missing	-	-
llattice	core-library	option-lattice	csharp	missing	not-unit-bearing	IDisposable/using; IEnumerable/IDictionary; exceptions; interfaces	NuGet	deterministic-close-plus-leak-containment	missing	missing	missing	missing	-	missing	-	missing	-	missing	-	missing	-	missing	-	missing	-	missing	-	missing	-	missing	-	missing	-	missing	-	missing	-	missing	-	missing	-	missing	-	missing	-	missing	-	missing	-	missing	-	missing	-	-
llattice	core-library	option-lattice	fsharp	missing	not-unit-bearing	use/use!; seq; Result; object expressions; interfaces	NuGet	deterministic-close-plus-leak-containment	missing	missing	missing	missing	-	missing	-	missing	-	missing	-	missing	-	missing	-	missing	-	missing	-	missing	-	missing	-	missing	-	missing	-	missing	-	missing	-	missing	-	missing	-	missing	-	missing	-	missing	-	missing	-	missing	-	-
llattice	core-library	option-lattice	go	missing	not-unit-bearing	interfaces; iter.Seq; io.Closer; errors	Go module proxy	deterministic-close-plus-leak-containment	missing	missing	missing	missing	-	missing	-	missing	-	missing	-	missing	-	missing	-	missing	-	missing	-	missing	-	missing	-	missing	-	missing	-	missing	-	missing	-	missing	-	missing	-	missing	-	missing	-	missing	-	missing	-	missing	-	-
llattice	core-library	option-lattice	javascript	missing	not-unit-bearing	Symbol.iterator; Symbol.dispose; Error; native/WASM/WASI runtime identity	npm	deterministic-close-plus-leak-containment	missing	missing	missing	missing	-	missing	-	missing	-	missing	-	missing	-	missing	-	missing	-	missing	-	missing	-	missing	-	missing	-	missing	-	missing	-	missing	-	missing	-	missing	-	missing	-	missing	-	missing	-	missing	-	missing	-	-
llattice	core-library	option-lattice	typescript	missing	not-unit-bearing	structural interfaces; Iterable; Disposable; discriminated errors	npm	deterministic-close-plus-leak-containment	missing	missing	missing	missing	-	missing	-	missing	-	missing	-	missing	-	missing	-	missing	-	missing	-	missing	-	missing	-	missing	-	missing	-	missing	-	missing	-	missing	-	missing	-	missing	-	missing	-	missing	-	missing	-	missing	-	-
llattice	core-library	option-lattice	clojurescript	missing	not-unit-bearing	ISeqable; IReduce; protocol dispatch; close!	npm	deterministic-close-plus-leak-containment	missing	missing	missing	missing	-	missing	-	missing	-	missing	-	missing	-	missing	-	missing	-	missing	-	missing	-	missing	-	missing	-	missing	-	missing	-	missing	-	missing	-	missing	-	missing	-	missing	-	missing	-	missing	-	missing	-	-
llattice	core-library	option-lattice	swift	missing	not-unit-bearing	Sequence/Collection; protocols; throws; deterministic scoped ownership	Swift Package Index	deterministic-close-plus-leak-containment	missing	missing	missing	missing	-	missing	-	missing	-	missing	-	missing	-	missing	-	missing	-	missing	-	missing	-	missing	-	missing	-	missing	-	missing	-	missing	-	missing	-	missing	-	missing	-	missing	-	missing	-	missing	-	missing	-	-
llattice	core-library	option-lattice	ruby	missing	not-unit-bearing	Enumerable; blocks/ensure; exceptions; explicit close	RubyGems	deterministic-close-plus-leak-containment	missing	missing	missing	missing	-	missing	-	missing	-	missing	-	missing	-	missing	-	missing	-	missing	-	missing	-	missing	-	missing	-	missing	-	missing	-	missing	-	missing	-	missing	-	missing	-	missing	-	missing	-	missing	-	missing	-	-
llattice	core-library	option-lattice	fortran	missing	not-unit-bearing	modules; derived types; type-bound procedures; finalizers	fpm	deterministic-close-plus-leak-containment	missing	missing	missing	missing	-	missing	-	missing	-	missing	-	missing	-	missing	-	missing	-	missing	-	missing	-	missing	-	missing	-	missing	-	missing	-	missing	-	missing	-	missing	-	missing	-	missing	-	missing	-	missing	-	missing	-	-
llattice	core-library	option-lattice	ocaml	missing	not-unit-bearing	abstract types; Seq; result; Fun.protect	opam	deterministic-close-plus-leak-containment	missing	missing	missing	missing	-	missing	-	missing	-	missing	-	missing	-	missing	-	missing	-	missing	-	missing	-	missing	-	missing	-	missing	-	missing	-	missing	-	missing	-	missing	-	missing	-	missing	-	missing	-	missing	-	missing	-	-
llattice	core-library	option-lattice	haskell	missing	not-unit-bearing	type classes; Foldable; bracket; Either	Hackage	deterministic-close-plus-leak-containment	missing	missing	missing	missing	-	missing	-	missing	-	missing	-	missing	-	missing	-	missing	-	missing	-	missing	-	missing	-	missing	-	missing	-	missing	-	missing	-	missing	-	missing	-	missing	-	missing	-	missing	-	missing	-	missing	-	-
llattice	core-library	option-lattice	lua	missing	not-unit-bearing	generic-for iterators; __close; tables; error values	LuaRocks	deterministic-close-plus-leak-containment	missing	missing	missing	missing	-	missing	-	missing	-	missing	-	missing	-	missing	-	missing	-	missing	-	missing	-	missing	-	missing	-	missing	-	missing	-	missing	-	missing	-	missing	-	missing	-	missing	-	missing	-	missing	-	missing	-	-
llattice	core-library	option-lattice	raku	missing	not-unit-bearing	NativeCall; Iterable/Positional/Associative; LEAVE; exceptions	zef/fez	deterministic-close-plus-leak-containment	missing	missing	missing	missing	-	missing	-	missing	-	missing	-	missing	-	missing	-	missing	-	missing	-	missing	-	missing	-	missing	-	missing	-	missing	-	missing	-	missing	-	missing	-	missing	-	missing	-	missing	-	missing	-	missing	-	-
llattice	core-library	set-lattice	rust	audit-required	not-unit-bearing	traits; IntoIterator/Iterator; Result; Drop	crates.io	deterministic-close-plus-leak-containment	audit-required	audit-required	audit-required	audit-required	-	audit-required	-	audit-required	-	audit-required	-	audit-required	-	audit-required	-	audit-required	-	audit-required	-	audit-required	-	audit-required	-	audit-required	-	audit-required	-	audit-required	-	audit-required	-	audit-required	-	audit-required	-	audit-required	-	audit-required	-	audit-required	-	audit-required	-	audit-required	-	llattice/src/lib.rs
llattice	core-library	set-lattice	c	missing	not-unit-bearing	opaque handles; status codes; bounded buffers; vtables	CMake/pkg-config/GitHub Releases	deterministic-close-plus-leak-containment	missing	missing	missing	missing	-	missing	-	missing	-	missing	-	missing	-	missing	-	missing	-	missing	-	missing	-	missing	-	missing	-	missing	-	missing	-	missing	-	missing	-	missing	-	missing	-	missing	-	missing	-	missing	-	missing	-	-
llattice	core-library	set-lattice	cpp	missing	not-unit-bearing	RAII; ranges/iterators; move-only handles; typed errors	CMake/pkg-config/GitHub Releases	deterministic-close-plus-leak-containment	missing	missing	missing	missing	-	missing	-	missing	-	missing	-	missing	-	missing	-	missing	-	missing	-	missing	-	missing	-	missing	-	missing	-	missing	-	missing	-	missing	-	missing	-	missing	-	missing	-	missing	-	missing	-	missing	-	-
llattice	core-library	set-lattice	python	missing	not-unit-bearing	context managers; iterators/collections; exceptions; protocols	PyPI	deterministic-close-plus-leak-containment	missing	missing	missing	missing	-	missing	-	missing	-	missing	-	missing	-	missing	-	missing	-	missing	-	missing	-	missing	-	missing	-	missing	-	missing	-	missing	-	missing	-	missing	-	missing	-	missing	-	missing	-	missing	-	missing	-	-
llattice	core-library	set-lattice	java	missing	not-unit-bearing	AutoCloseable/try-with-resources; Collection/Map; Stream/Spliterator; interfaces	Maven Central	deterministic-close-plus-leak-containment	missing	missing	missing	missing	-	missing	-	missing	-	missing	-	missing	-	missing	-	missing	-	missing	-	missing	-	missing	-	missing	-	missing	-	missing	-	missing	-	missing	-	missing	-	missing	-	missing	-	missing	-	missing	-	missing	-	-
llattice	core-library	set-lattice	kotlin	missing	not-unit-bearing	use; Iterable/Map; Sequence; SAM interfaces	Maven Central	deterministic-close-plus-leak-containment	missing	missing	missing	missing	-	missing	-	missing	-	missing	-	missing	-	missing	-	missing	-	missing	-	missing	-	missing	-	missing	-	missing	-	missing	-	missing	-	missing	-	missing	-	missing	-	missing	-	missing	-	missing	-	missing	-	-
llattice	core-library	set-lattice	scala	missing	not-unit-bearing	Using/AutoCloseable; Iterable; Iterator; type classes	Maven Central	deterministic-close-plus-leak-containment	missing	missing	missing	missing	-	missing	-	missing	-	missing	-	missing	-	missing	-	missing	-	missing	-	missing	-	missing	-	missing	-	missing	-	missing	-	missing	-	missing	-	missing	-	missing	-	missing	-	missing	-	missing	-	missing	-	-
llattice	core-library	set-lattice	clojure	missing	not-unit-bearing	Seqable; IReduceInit; Closeable; persistent values	Clojars	deterministic-close-plus-leak-containment	missing	missing	missing	missing	-	missing	-	missing	-	missing	-	missing	-	missing	-	missing	-	missing	-	missing	-	missing	-	missing	-	missing	-	missing	-	missing	-	missing	-	missing	-	missing	-	missing	-	missing	-	missing	-	missing	-	-
llattice	core-library	set-lattice	csharp	missing	not-unit-bearing	IDisposable/using; IEnumerable/IDictionary; exceptions; interfaces	NuGet	deterministic-close-plus-leak-containment	missing	missing	missing	missing	-	missing	-	missing	-	missing	-	missing	-	missing	-	missing	-	missing	-	missing	-	missing	-	missing	-	missing	-	missing	-	missing	-	missing	-	missing	-	missing	-	missing	-	missing	-	missing	-	missing	-	-
llattice	core-library	set-lattice	fsharp	missing	not-unit-bearing	use/use!; seq; Result; object expressions; interfaces	NuGet	deterministic-close-plus-leak-containment	missing	missing	missing	missing	-	missing	-	missing	-	missing	-	missing	-	missing	-	missing	-	missing	-	missing	-	missing	-	missing	-	missing	-	missing	-	missing	-	missing	-	missing	-	missing	-	missing	-	missing	-	missing	-	missing	-	-
llattice	core-library	set-lattice	go	missing	not-unit-bearing	interfaces; iter.Seq; io.Closer; errors	Go module proxy	deterministic-close-plus-leak-containment	missing	missing	missing	missing	-	missing	-	missing	-	missing	-	missing	-	missing	-	missing	-	missing	-	missing	-	missing	-	missing	-	missing	-	missing	-	missing	-	missing	-	missing	-	missing	-	missing	-	missing	-	missing	-	missing	-	-
llattice	core-library	set-lattice	javascript	missing	not-unit-bearing	Symbol.iterator; Symbol.dispose; Error; native/WASM/WASI runtime identity	npm	deterministic-close-plus-leak-containment	missing	missing	missing	missing	-	missing	-	missing	-	missing	-	missing	-	missing	-	missing	-	missing	-	missing	-	missing	-	missing	-	missing	-	missing	-	missing	-	missing	-	missing	-	missing	-	missing	-	missing	-	missing	-	missing	-	-
llattice	core-library	set-lattice	typescript	missing	not-unit-bearing	structural interfaces; Iterable; Disposable; discriminated errors	npm	deterministic-close-plus-leak-containment	missing	missing	missing	missing	-	missing	-	missing	-	missing	-	missing	-	missing	-	missing	-	missing	-	missing	-	missing	-	missing	-	missing	-	missing	-	missing	-	missing	-	missing	-	missing	-	missing	-	missing	-	missing	-	missing	-	-
llattice	core-library	set-lattice	clojurescript	missing	not-unit-bearing	ISeqable; IReduce; protocol dispatch; close!	npm	deterministic-close-plus-leak-containment	missing	missing	missing	missing	-	missing	-	missing	-	missing	-	missing	-	missing	-	missing	-	missing	-	missing	-	missing	-	missing	-	missing	-	missing	-	missing	-	missing	-	missing	-	missing	-	missing	-	missing	-	missing	-	missing	-	-
llattice	core-library	set-lattice	swift	missing	not-unit-bearing	Sequence/Collection; protocols; throws; deterministic scoped ownership	Swift Package Index	deterministic-close-plus-leak-containment	missing	missing	missing	missing	-	missing	-	missing	-	missing	-	missing	-	missing	-	missing	-	missing	-	missing	-	missing	-	missing	-	missing	-	missing	-	missing	-	missing	-	missing	-	missing	-	missing	-	missing	-	missing	-	missing	-	-
llattice	core-library	set-lattice	ruby	missing	not-unit-bearing	Enumerable; blocks/ensure; exceptions; explicit close	RubyGems	deterministic-close-plus-leak-containment	missing	missing	missing	missing	-	missing	-	missing	-	missing	-	missing	-	missing	-	missing	-	missing	-	missing	-	missing	-	missing	-	missing	-	missing	-	missing	-	missing	-	missing	-	missing	-	missing	-	missing	-	missing	-	missing	-	-
llattice	core-library	set-lattice	fortran	missing	not-unit-bearing	modules; derived types; type-bound procedures; finalizers	fpm	deterministic-close-plus-leak-containment	missing	missing	missing	missing	-	missing	-	missing	-	missing	-	missing	-	missing	-	missing	-	missing	-	missing	-	missing	-	missing	-	missing	-	missing	-	missing	-	missing	-	missing	-	missing	-	missing	-	missing	-	missing	-	missing	-	-
llattice	core-library	set-lattice	ocaml	missing	not-unit-bearing	abstract types; Seq; result; Fun.protect	opam	deterministic-close-plus-leak-containment	missing	missing	missing	missing	-	missing	-	missing	-	missing	-	missing	-	missing	-	missing	-	missing	-	missing	-	missing	-	missing	-	missing	-	missing	-	missing	-	missing	-	missing	-	missing	-	missing	-	missing	-	missing	-	missing	-	-
llattice	core-library	set-lattice	haskell	missing	not-unit-bearing	type classes; Foldable; bracket; Either	Hackage	deterministic-close-plus-leak-containment	missing	missing	missing	missing	-	missing	-	missing	-	missing	-	missing	-	missing	-	missing	-	missing	-	missing	-	missing	-	missing	-	missing	-	missing	-	missing	-	missing	-	missing	-	missing	-	missing	-	missing	-	missing	-	missing	-	-
llattice	core-library	set-lattice	lua	missing	not-unit-bearing	generic-for iterators; __close; tables; error values	LuaRocks	deterministic-close-plus-leak-containment	missing	missing	missing	missing	-	missing	-	missing	-	missing	-	missing	-	missing	-	missing	-	missing	-	missing	-	missing	-	missing	-	missing	-	missing	-	missing	-	missing	-	missing	-	missing	-	missing	-	missing	-	missing	-	missing	-	-
llattice	core-library	set-lattice	raku	missing	not-unit-bearing	NativeCall; Iterable/Positional/Associative; LEAVE; exceptions	zef/fez	deterministic-close-plus-leak-containment	missing	missing	missing	missing	-	missing	-	missing	-	missing	-	missing	-	missing	-	missing	-	missing	-	missing	-	missing	-	missing	-	missing	-	missing	-	missing	-	missing	-	missing	-	missing	-	missing	-	missing	-	missing	-	missing	-	-
llattice	core-library	vector-content-lattice	rust	audit-required	not-unit-bearing	traits; IntoIterator/Iterator; Result; Drop	crates.io	deterministic-close-plus-leak-containment	audit-required	audit-required	audit-required	audit-required	-	audit-required	-	audit-required	-	audit-required	-	audit-required	-	audit-required	-	audit-required	-	audit-required	-	audit-required	-	audit-required	-	audit-required	-	audit-required	-	audit-required	-	audit-required	-	audit-required	-	audit-required	-	audit-required	-	audit-required	-	audit-required	-	audit-required	-	audit-required	-	llattice/src/lib.rs
llattice	core-library	vector-content-lattice	c	missing	not-unit-bearing	opaque handles; status codes; bounded buffers; vtables	CMake/pkg-config/GitHub Releases	deterministic-close-plus-leak-containment	missing	missing	missing	missing	-	missing	-	missing	-	missing	-	missing	-	missing	-	missing	-	missing	-	missing	-	missing	-	missing	-	missing	-	missing	-	missing	-	missing	-	missing	-	missing	-	missing	-	missing	-	missing	-	missing	-	-
llattice	core-library	vector-content-lattice	cpp	missing	not-unit-bearing	RAII; ranges/iterators; move-only handles; typed errors	CMake/pkg-config/GitHub Releases	deterministic-close-plus-leak-containment	missing	missing	missing	missing	-	missing	-	missing	-	missing	-	missing	-	missing	-	missing	-	missing	-	missing	-	missing	-	missing	-	missing	-	missing	-	missing	-	missing	-	missing	-	missing	-	missing	-	missing	-	missing	-	missing	-	-
llattice	core-library	vector-content-lattice	python	missing	not-unit-bearing	context managers; iterators/collections; exceptions; protocols	PyPI	deterministic-close-plus-leak-containment	missing	missing	missing	missing	-	missing	-	missing	-	missing	-	missing	-	missing	-	missing	-	missing	-	missing	-	missing	-	missing	-	missing	-	missing	-	missing	-	missing	-	missing	-	missing	-	missing	-	missing	-	missing	-	missing	-	-
llattice	core-library	vector-content-lattice	java	missing	not-unit-bearing	AutoCloseable/try-with-resources; Collection/Map; Stream/Spliterator; interfaces	Maven Central	deterministic-close-plus-leak-containment	missing	missing	missing	missing	-	missing	-	missing	-	missing	-	missing	-	missing	-	missing	-	missing	-	missing	-	missing	-	missing	-	missing	-	missing	-	missing	-	missing	-	missing	-	missing	-	missing	-	missing	-	missing	-	missing	-	-
llattice	core-library	vector-content-lattice	kotlin	missing	not-unit-bearing	use; Iterable/Map; Sequence; SAM interfaces	Maven Central	deterministic-close-plus-leak-containment	missing	missing	missing	missing	-	missing	-	missing	-	missing	-	missing	-	missing	-	missing	-	missing	-	missing	-	missing	-	missing	-	missing	-	missing	-	missing	-	missing	-	missing	-	missing	-	missing	-	missing	-	missing	-	missing	-	-
llattice	core-library	vector-content-lattice	scala	missing	not-unit-bearing	Using/AutoCloseable; Iterable; Iterator; type classes	Maven Central	deterministic-close-plus-leak-containment	missing	missing	missing	missing	-	missing	-	missing	-	missing	-	missing	-	missing	-	missing	-	missing	-	missing	-	missing	-	missing	-	missing	-	missing	-	missing	-	missing	-	missing	-	missing	-	missing	-	missing	-	missing	-	missing	-	-
llattice	core-library	vector-content-lattice	clojure	missing	not-unit-bearing	Seqable; IReduceInit; Closeable; persistent values	Clojars	deterministic-close-plus-leak-containment	missing	missing	missing	missing	-	missing	-	missing	-	missing	-	missing	-	missing	-	missing	-	missing	-	missing	-	missing	-	missing	-	missing	-	missing	-	missing	-	missing	-	missing	-	missing	-	missing	-	missing	-	missing	-	missing	-	-
llattice	core-library	vector-content-lattice	csharp	missing	not-unit-bearing	IDisposable/using; IEnumerable/IDictionary; exceptions; interfaces	NuGet	deterministic-close-plus-leak-containment	missing	missing	missing	missing	-	missing	-	missing	-	missing	-	missing	-	missing	-	missing	-	missing	-	missing	-	missing	-	missing	-	missing	-	missing	-	missing	-	missing	-	missing	-	missing	-	missing	-	missing	-	missing	-	missing	-	-
llattice	core-library	vector-content-lattice	fsharp	missing	not-unit-bearing	use/use!; seq; Result; object expressions; interfaces	NuGet	deterministic-close-plus-leak-containment	missing	missing	missing	missing	-	missing	-	missing	-	missing	-	missing	-	missing	-	missing	-	missing	-	missing	-	missing	-	missing	-	missing	-	missing	-	missing	-	missing	-	missing	-	missing	-	missing	-	missing	-	missing	-	missing	-	-
llattice	core-library	vector-content-lattice	go	missing	not-unit-bearing	interfaces; iter.Seq; io.Closer; errors	Go module proxy	deterministic-close-plus-leak-containment	missing	missing	missing	missing	-	missing	-	missing	-	missing	-	missing	-	missing	-	missing	-	missing	-	missing	-	missing	-	missing	-	missing	-	missing	-	missing	-	missing	-	missing	-	missing	-	missing	-	missing	-	missing	-	missing	-	-
llattice	core-library	vector-content-lattice	javascript	missing	not-unit-bearing	Symbol.iterator; Symbol.dispose; Error; native/WASM/WASI runtime identity	npm	deterministic-close-plus-leak-containment	missing	missing	missing	missing	-	missing	-	missing	-	missing	-	missing	-	missing	-	missing	-	missing	-	missing	-	missing	-	missing	-	missing	-	missing	-	missing	-	missing	-	missing	-	missing	-	missing	-	missing	-	missing	-	missing	-	-
llattice	core-library	vector-content-lattice	typescript	missing	not-unit-bearing	structural interfaces; Iterable; Disposable; discriminated errors	npm	deterministic-close-plus-leak-containment	missing	missing	missing	missing	-	missing	-	missing	-	missing	-	missing	-	missing	-	missing	-	missing	-	missing	-	missing	-	missing	-	missing	-	missing	-	missing	-	missing	-	missing	-	missing	-	missing	-	missing	-	missing	-	missing	-	-
llattice	core-library	vector-content-lattice	clojurescript	missing	not-unit-bearing	ISeqable; IReduce; protocol dispatch; close!	npm	deterministic-close-plus-leak-containment	missing	missing	missing	missing	-	missing	-	missing	-	missing	-	missing	-	missing	-	missing	-	missing	-	missing	-	missing	-	missing	-	missing	-	missing	-	missing	-	missing	-	missing	-	missing	-	missing	-	missing	-	missing	-	missing	-	-
llattice	core-library	vector-content-lattice	swift	missing	not-unit-bearing	Sequence/Collection; protocols; throws; deterministic scoped ownership	Swift Package Index	deterministic-close-plus-leak-containment	missing	missing	missing	missing	-	missing	-	missing	-	missing	-	missing	-	missing	-	missing	-	missing	-	missing	-	missing	-	missing	-	missing	-	missing	-	missing	-	missing	-	missing	-	missing	-	missing	-	missing	-	missing	-	missing	-	-
llattice	core-library	vector-content-lattice	ruby	missing	not-unit-bearing	Enumerable; blocks/ensure; exceptions; explicit close	RubyGems	deterministic-close-plus-leak-containment	missing	missing	missing	missing	-	missing	-	missing	-	missing	-	missing	-	missing	-	missing	-	missing	-	missing	-	missing	-	missing	-	missing	-	missing	-	missing	-	missing	-	missing	-	missing	-	missing	-	missing	-	missing	-	missing	-	-
llattice	core-library	vector-content-lattice	fortran	missing	not-unit-bearing	modules; derived types; type-bound procedures; finalizers	fpm	deterministic-close-plus-leak-containment	missing	missing	missing	missing	-	missing	-	missing	-	missing	-	missing	-	missing	-	missing	-	missing	-	missing	-	missing	-	missing	-	missing	-	missing	-	missing	-	missing	-	missing	-	missing	-	missing	-	missing	-	missing	-	missing	-	-
llattice	core-library	vector-content-lattice	ocaml	missing	not-unit-bearing	abstract types; Seq; result; Fun.protect	opam	deterministic-close-plus-leak-containment	missing	missing	missing	missing	-	missing	-	missing	-	missing	-	missing	-	missing	-	missing	-	missing	-	missing	-	missing	-	missing	-	missing	-	missing	-	missing	-	missing	-	missing	-	missing	-	missing	-	missing	-	missing	-	missing	-	-
llattice	core-library	vector-content-lattice	haskell	missing	not-unit-bearing	type classes; Foldable; bracket; Either	Hackage	deterministic-close-plus-leak-containment	missing	missing	missing	missing	-	missing	-	missing	-	missing	-	missing	-	missing	-	missing	-	missing	-	missing	-	missing	-	missing	-	missing	-	missing	-	missing	-	missing	-	missing	-	missing	-	missing	-	missing	-	missing	-	missing	-	-
llattice	core-library	vector-content-lattice	lua	missing	not-unit-bearing	generic-for iterators; __close; tables; error values	LuaRocks	deterministic-close-plus-leak-containment	missing	missing	missing	missing	-	missing	-	missing	-	missing	-	missing	-	missing	-	missing	-	missing	-	missing	-	missing	-	missing	-	missing	-	missing	-	missing	-	missing	-	missing	-	missing	-	missing	-	missing	-	missing	-	missing	-	-
llattice	core-library	vector-content-lattice	raku	missing	not-unit-bearing	NativeCall; Iterable/Positional/Associative; LEAVE; exceptions	zef/fez	deterministic-close-plus-leak-containment	missing	missing	missing	missing	-	missing	-	missing	-	missing	-	missing	-	missing	-	missing	-	missing	-	missing	-	missing	-	missing	-	missing	-	missing	-	missing	-	missing	-	missing	-	missing	-	missing	-	missing	-	missing	-	missing	-	-
libdictenstein	core-library	dictionary-collection	rust	audit-required	byte,unicode-scalar,u64	traits; IntoIterator/Iterator; Result; Drop	crates.io	deterministic-close-plus-leak-containment	audit-required	audit-required	audit-required	audit-required	-	audit-required	-	audit-required	-	audit-required	-	audit-required	-	audit-required	-	audit-required	-	audit-required	-	audit-required	-	audit-required	-	audit-required	-	audit-required	-	audit-required	-	audit-required	-	audit-required	-	audit-required	-	audit-required	-	audit-required	-	audit-required	-	audit-required	-	audit-required	-	libdictenstein/src/lib.rs
libdictenstein	core-library	dictionary-collection	c	audit-required	byte,unicode-scalar,u64	opaque handles; status codes; bounded buffers; vtables	CMake/pkg-config/GitHub Releases	deterministic-close-plus-leak-containment	audit-required	audit-required	audit-required	audit-required	-	audit-required	-	audit-required	-	audit-required	-	audit-required	-	audit-required	-	audit-required	-	audit-required	-	audit-required	-	audit-required	-	audit-required	-	audit-required	-	audit-required	-	audit-required	-	audit-required	-	audit-required	-	audit-required	-	audit-required	-	audit-required	-	audit-required	-	audit-required	-	libdictenstein/bindings/c
libdictenstein	core-library	dictionary-collection	cpp	audit-required	byte,unicode-scalar,u64	RAII; ranges/iterators; move-only handles; typed errors	CMake/pkg-config/GitHub Releases	deterministic-close-plus-leak-containment	audit-required	audit-required	audit-required	audit-required	-	audit-required	-	audit-required	-	audit-required	-	audit-required	-	audit-required	-	audit-required	-	audit-required	-	audit-required	-	audit-required	-	audit-required	-	audit-required	-	audit-required	-	audit-required	-	audit-required	-	audit-required	-	audit-required	-	audit-required	-	audit-required	-	audit-required	-	audit-required	-	libdictenstein/bindings/cpp
libdictenstein	core-library	dictionary-collection	python	audit-required	byte,unicode-scalar,u64	context managers; iterators/collections; exceptions; protocols	PyPI	deterministic-close-plus-leak-containment	audit-required	audit-required	audit-required	audit-required	-	audit-required	-	audit-required	-	audit-required	-	audit-required	-	audit-required	-	audit-required	-	audit-required	-	audit-required	-	audit-required	-	audit-required	-	audit-required	-	audit-required	-	audit-required	-	audit-required	-	audit-required	-	audit-required	-	audit-required	-	audit-required	-	audit-required	-	audit-required	-	libdictenstein/bindings/python
libdictenstein	core-library	dictionary-collection	java	audit-required	byte,unicode-scalar,u64	AutoCloseable/try-with-resources; Collection/Map; Stream/Spliterator; interfaces	Maven Central	deterministic-close-plus-leak-containment	audit-required	audit-required	audit-required	audit-required	-	audit-required	-	audit-required	-	audit-required	-	audit-required	-	audit-required	-	audit-required	-	audit-required	-	audit-required	-	audit-required	-	audit-required	-	audit-required	-	audit-required	-	audit-required	-	audit-required	-	audit-required	-	audit-required	-	audit-required	-	audit-required	-	audit-required	-	audit-required	-	libdictenstein/bindings/jvm
libdictenstein	core-library	dictionary-collection	kotlin	audit-required	byte,unicode-scalar,u64	use; Iterable/Map; Sequence; SAM interfaces	Maven Central	deterministic-close-plus-leak-containment	audit-required	audit-required	audit-required	audit-required	-	audit-required	-	audit-required	-	audit-required	-	audit-required	-	audit-required	-	audit-required	-	audit-required	-	audit-required	-	audit-required	-	audit-required	-	audit-required	-	audit-required	-	audit-required	-	audit-required	-	audit-required	-	audit-required	-	audit-required	-	audit-required	-	audit-required	-	audit-required	-	libdictenstein/bindings/jvm
libdictenstein	core-library	dictionary-collection	scala	audit-required	byte,unicode-scalar,u64	Using/AutoCloseable; Iterable; Iterator; type classes	Maven Central	deterministic-close-plus-leak-containment	audit-required	audit-required	audit-required	audit-required	-	audit-required	-	audit-required	-	audit-required	-	audit-required	-	audit-required	-	audit-required	-	audit-required	-	audit-required	-	audit-required	-	audit-required	-	audit-required	-	audit-required	-	audit-required	-	audit-required	-	audit-required	-	audit-required	-	audit-required	-	audit-required	-	audit-required	-	audit-required	-	libdictenstein/bindings/jvm
libdictenstein	core-library	dictionary-collection	clojure	audit-required	byte,unicode-scalar,u64	Seqable; IReduceInit; Closeable; persistent values	Clojars	deterministic-close-plus-leak-containment	audit-required	audit-required	audit-required	audit-required	-	audit-required	-	audit-required	-	audit-required	-	audit-required	-	audit-required	-	audit-required	-	audit-required	-	audit-required	-	audit-required	-	audit-required	-	audit-required	-	audit-required	-	audit-required	-	audit-required	-	audit-required	-	audit-required	-	audit-required	-	audit-required	-	audit-required	-	audit-required	-	libdictenstein/bindings/clojure
libdictenstein	core-library	dictionary-collection	csharp	audit-required	byte,unicode-scalar,u64	IDisposable/using; IEnumerable/IDictionary; exceptions; interfaces	NuGet	deterministic-close-plus-leak-containment	audit-required	audit-required	audit-required	audit-required	-	audit-required	-	audit-required	-	audit-required	-	audit-required	-	audit-required	-	audit-required	-	audit-required	-	audit-required	-	audit-required	-	audit-required	-	audit-required	-	audit-required	-	audit-required	-	audit-required	-	audit-required	-	audit-required	-	audit-required	-	audit-required	-	audit-required	-	audit-required	-	libdictenstein/bindings/dotnet
libdictenstein	core-library	dictionary-collection	fsharp	audit-required	byte,unicode-scalar,u64	use/use!; seq; Result; object expressions; interfaces	NuGet	deterministic-close-plus-leak-containment	audit-required	audit-required	audit-required	audit-required	-	audit-required	-	audit-required	-	audit-required	-	audit-required	-	audit-required	-	audit-required	-	audit-required	-	audit-required	-	audit-required	-	audit-required	-	audit-required	-	audit-required	-	audit-required	-	audit-required	-	audit-required	-	audit-required	-	audit-required	-	audit-required	-	audit-required	-	audit-required	-	libdictenstein/bindings/dotnet
libdictenstein	core-library	dictionary-collection	go	audit-required	byte,unicode-scalar,u64	interfaces; iter.Seq; io.Closer; errors	Go module proxy	deterministic-close-plus-leak-containment	audit-required	audit-required	audit-required	audit-required	-	audit-required	-	audit-required	-	audit-required	-	audit-required	-	audit-required	-	audit-required	-	audit-required	-	audit-required	-	audit-required	-	audit-required	-	audit-required	-	audit-required	-	audit-required	-	audit-required	-	audit-required	-	audit-required	-	audit-required	-	audit-required	-	audit-required	-	audit-required	-	libdictenstein/bindings/go
libdictenstein	core-library	dictionary-collection	javascript	audit-required	byte,unicode-scalar,u64	Symbol.iterator; Symbol.dispose; Error; native/WASM/WASI runtime identity	npm	deterministic-close-plus-leak-containment	audit-required	audit-required	audit-required	audit-required	-	audit-required	-	audit-required	-	audit-required	-	audit-required	-	audit-required	-	audit-required	-	audit-required	-	audit-required	-	audit-required	-	audit-required	-	audit-required	-	audit-required	-	audit-required	-	audit-required	-	audit-required	-	audit-required	-	audit-required	-	audit-required	-	audit-required	-	audit-required	-	libdictenstein/bindings/javascript
libdictenstein	core-library	dictionary-collection	typescript	audit-required	byte,unicode-scalar,u64	structural interfaces; Iterable; Disposable; discriminated errors	npm	deterministic-close-plus-leak-containment	audit-required	audit-required	audit-required	audit-required	-	audit-required	-	audit-required	-	audit-required	-	audit-required	-	audit-required	-	audit-required	-	audit-required	-	audit-required	-	audit-required	-	audit-required	-	audit-required	-	audit-required	-	audit-required	-	audit-required	-	audit-required	-	audit-required	-	audit-required	-	audit-required	-	audit-required	-	audit-required	-	libdictenstein/bindings/javascript
libdictenstein	core-library	dictionary-collection	clojurescript	audit-required	byte,unicode-scalar,u64	ISeqable; IReduce; protocol dispatch; close!	npm	deterministic-close-plus-leak-containment	audit-required	audit-required	audit-required	audit-required	-	audit-required	-	audit-required	-	audit-required	-	audit-required	-	audit-required	-	audit-required	-	audit-required	-	audit-required	-	audit-required	-	audit-required	-	audit-required	-	audit-required	-	audit-required	-	audit-required	-	audit-required	-	audit-required	-	audit-required	-	audit-required	-	audit-required	-	audit-required	-	libdictenstein/bindings/javascript/cljs
libdictenstein	core-library	dictionary-collection	swift	audit-required	byte,unicode-scalar,u64	Sequence/Collection; protocols; throws; deterministic scoped ownership	Swift Package Index	deterministic-close-plus-leak-containment	audit-required	audit-required	audit-required	audit-required	-	audit-required	-	audit-required	-	audit-required	-	audit-required	-	audit-required	-	audit-required	-	audit-required	-	audit-required	-	audit-required	-	audit-required	-	audit-required	-	audit-required	-	audit-required	-	audit-required	-	audit-required	-	audit-required	-	audit-required	-	audit-required	-	audit-required	-	audit-required	-	libdictenstein/bindings/swift
libdictenstein	core-library	dictionary-collection	ruby	audit-required	byte,unicode-scalar,u64	Enumerable; blocks/ensure; exceptions; explicit close	RubyGems	deterministic-close-plus-leak-containment	audit-required	audit-required	audit-required	audit-required	-	audit-required	-	audit-required	-	audit-required	-	audit-required	-	audit-required	-	audit-required	-	audit-required	-	audit-required	-	audit-required	-	audit-required	-	audit-required	-	audit-required	-	audit-required	-	audit-required	-	audit-required	-	audit-required	-	audit-required	-	audit-required	-	audit-required	-	audit-required	-	libdictenstein/bindings/ruby
libdictenstein	core-library	dictionary-collection	fortran	audit-required	byte,unicode-scalar,u64	modules; derived types; type-bound procedures; finalizers	fpm	deterministic-close-plus-leak-containment	audit-required	audit-required	audit-required	audit-required	-	audit-required	-	audit-required	-	audit-required	-	audit-required	-	audit-required	-	audit-required	-	audit-required	-	audit-required	-	audit-required	-	audit-required	-	audit-required	-	audit-required	-	audit-required	-	audit-required	-	audit-required	-	audit-required	-	audit-required	-	audit-required	-	audit-required	-	audit-required	-	libdictenstein/bindings/fortran
libdictenstein	core-library	dictionary-collection	ocaml	audit-required	byte,unicode-scalar,u64	abstract types; Seq; result; Fun.protect	opam	deterministic-close-plus-leak-containment	audit-required	audit-required	audit-required	audit-required	-	audit-required	-	audit-required	-	audit-required	-	audit-required	-	audit-required	-	audit-required	-	audit-required	-	audit-required	-	audit-required	-	audit-required	-	audit-required	-	audit-required	-	audit-required	-	audit-required	-	audit-required	-	audit-required	-	audit-required	-	audit-required	-	audit-required	-	audit-required	-	libdictenstein/bindings/ocaml
libdictenstein	core-library	dictionary-collection	haskell	audit-required	byte,unicode-scalar,u64	type classes; Foldable; bracket; Either	Hackage	deterministic-close-plus-leak-containment	audit-required	audit-required	audit-required	audit-required	-	audit-required	-	audit-required	-	audit-required	-	audit-required	-	audit-required	-	audit-required	-	audit-required	-	audit-required	-	audit-required	-	audit-required	-	audit-required	-	audit-required	-	audit-required	-	audit-required	-	audit-required	-	audit-required	-	audit-required	-	audit-required	-	audit-required	-	audit-required	-	libdictenstein/bindings/haskell
libdictenstein	core-library	dictionary-collection	lua	audit-required	byte,unicode-scalar,u64	generic-for iterators; __close; tables; error values	LuaRocks	deterministic-close-plus-leak-containment	audit-required	audit-required	audit-required	audit-required	-	audit-required	-	audit-required	-	audit-required	-	audit-required	-	audit-required	-	audit-required	-	audit-required	-	audit-required	-	audit-required	-	audit-required	-	audit-required	-	audit-required	-	audit-required	-	audit-required	-	audit-required	-	audit-required	-	audit-required	-	audit-required	-	audit-required	-	audit-required	-	libdictenstein/bindings/lua
libdictenstein	core-library	dictionary-collection	raku	missing	byte,unicode-scalar,u64	NativeCall; Iterable/Positional/Associative; LEAVE; exceptions	zef/fez	deterministic-close-plus-leak-containment	missing	missing	missing	missing	-	missing	-	missing	-	missing	-	missing	-	missing	-	missing	-	missing	-	missing	-	missing	-	missing	-	missing	-	missing	-	missing	-	missing	-	missing	-	missing	-	missing	-	missing	-	missing	-	missing	-	-
libdictenstein	core-library	dynamic-dawg	rust	audit-required	byte,unicode-scalar,u64	traits; IntoIterator/Iterator; Result; Drop	crates.io	deterministic-close-plus-leak-containment	audit-required	audit-required	audit-required	audit-required	-	audit-required	-	audit-required	-	audit-required	-	audit-required	-	audit-required	-	audit-required	-	audit-required	-	audit-required	-	audit-required	-	audit-required	-	audit-required	-	audit-required	-	audit-required	-	audit-required	-	audit-required	-	audit-required	-	audit-required	-	audit-required	-	audit-required	-	audit-required	-	libdictenstein/src/lib.rs
libdictenstein	core-library	dynamic-dawg	c	audit-required	byte,unicode-scalar,u64	opaque handles; status codes; bounded buffers; vtables	CMake/pkg-config/GitHub Releases	deterministic-close-plus-leak-containment	audit-required	audit-required	audit-required	audit-required	-	audit-required	-	audit-required	-	audit-required	-	audit-required	-	audit-required	-	audit-required	-	audit-required	-	audit-required	-	audit-required	-	audit-required	-	audit-required	-	audit-required	-	audit-required	-	audit-required	-	audit-required	-	audit-required	-	audit-required	-	audit-required	-	audit-required	-	audit-required	-	libdictenstein/bindings/c
libdictenstein	core-library	dynamic-dawg	cpp	audit-required	byte,unicode-scalar,u64	RAII; ranges/iterators; move-only handles; typed errors	CMake/pkg-config/GitHub Releases	deterministic-close-plus-leak-containment	audit-required	audit-required	audit-required	audit-required	-	audit-required	-	audit-required	-	audit-required	-	audit-required	-	audit-required	-	audit-required	-	audit-required	-	audit-required	-	audit-required	-	audit-required	-	audit-required	-	audit-required	-	audit-required	-	audit-required	-	audit-required	-	audit-required	-	audit-required	-	audit-required	-	audit-required	-	audit-required	-	libdictenstein/bindings/cpp
libdictenstein	core-library	dynamic-dawg	python	audit-required	byte,unicode-scalar,u64	context managers; iterators/collections; exceptions; protocols	PyPI	deterministic-close-plus-leak-containment	audit-required	audit-required	audit-required	audit-required	-	audit-required	-	audit-required	-	audit-required	-	audit-required	-	audit-required	-	audit-required	-	audit-required	-	audit-required	-	audit-required	-	audit-required	-	audit-required	-	audit-required	-	audit-required	-	audit-required	-	audit-required	-	audit-required	-	audit-required	-	audit-required	-	audit-required	-	audit-required	-	libdictenstein/bindings/python
libdictenstein	core-library	dynamic-dawg	java	audit-required	byte,unicode-scalar,u64	AutoCloseable/try-with-resources; Collection/Map; Stream/Spliterator; interfaces	Maven Central	deterministic-close-plus-leak-containment	audit-required	audit-required	audit-required	audit-required	-	audit-required	-	audit-required	-	audit-required	-	audit-required	-	audit-required	-	audit-required	-	audit-required	-	audit-required	-	audit-required	-	audit-required	-	audit-required	-	audit-required	-	audit-required	-	audit-required	-	audit-required	-	audit-required	-	audit-required	-	audit-required	-	audit-required	-	audit-required	-	libdictenstein/bindings/jvm
libdictenstein	core-library	dynamic-dawg	kotlin	audit-required	byte,unicode-scalar,u64	use; Iterable/Map; Sequence; SAM interfaces	Maven Central	deterministic-close-plus-leak-containment	audit-required	audit-required	audit-required	audit-required	-	audit-required	-	audit-required	-	audit-required	-	audit-required	-	audit-required	-	audit-required	-	audit-required	-	audit-required	-	audit-required	-	audit-required	-	audit-required	-	audit-required	-	audit-required	-	audit-required	-	audit-required	-	audit-required	-	audit-required	-	audit-required	-	audit-required	-	audit-required	-	libdictenstein/bindings/jvm
libdictenstein	core-library	dynamic-dawg	scala	audit-required	byte,unicode-scalar,u64	Using/AutoCloseable; Iterable; Iterator; type classes	Maven Central	deterministic-close-plus-leak-containment	audit-required	audit-required	audit-required	audit-required	-	audit-required	-	audit-required	-	audit-required	-	audit-required	-	audit-required	-	audit-required	-	audit-required	-	audit-required	-	audit-required	-	audit-required	-	audit-required	-	audit-required	-	audit-required	-	audit-required	-	audit-required	-	audit-required	-	audit-required	-	audit-required	-	audit-required	-	audit-required	-	libdictenstein/bindings/jvm
libdictenstein	core-library	dynamic-dawg	clojure	audit-required	byte,unicode-scalar,u64	Seqable; IReduceInit; Closeable; persistent values	Clojars	deterministic-close-plus-leak-containment	audit-required	audit-required	audit-required	audit-required	-	audit-required	-	audit-required	-	audit-required	-	audit-required	-	audit-required	-	audit-required	-	audit-required	-	audit-required	-	audit-required	-	audit-required	-	audit-required	-	audit-required	-	audit-required	-	audit-required	-	audit-required	-	audit-required	-	audit-required	-	audit-required	-	audit-required	-	audit-required	-	libdictenstein/bindings/clojure
libdictenstein	core-library	dynamic-dawg	csharp	audit-required	byte,unicode-scalar,u64	IDisposable/using; IEnumerable/IDictionary; exceptions; interfaces	NuGet	deterministic-close-plus-leak-containment	audit-required	audit-required	audit-required	audit-required	-	audit-required	-	audit-required	-	audit-required	-	audit-required	-	audit-required	-	audit-required	-	audit-required	-	audit-required	-	audit-required	-	audit-required	-	audit-required	-	audit-required	-	audit-required	-	audit-required	-	audit-required	-	audit-required	-	audit-required	-	audit-required	-	audit-required	-	audit-required	-	libdictenstein/bindings/dotnet
libdictenstein	core-library	dynamic-dawg	fsharp	audit-required	byte,unicode-scalar,u64	use/use!; seq; Result; object expressions; interfaces	NuGet	deterministic-close-plus-leak-containment	audit-required	audit-required	audit-required	audit-required	-	audit-required	-	audit-required	-	audit-required	-	audit-required	-	audit-required	-	audit-required	-	audit-required	-	audit-required	-	audit-required	-	audit-required	-	audit-required	-	audit-required	-	audit-required	-	audit-required	-	audit-required	-	audit-required	-	audit-required	-	audit-required	-	audit-required	-	audit-required	-	libdictenstein/bindings/dotnet
libdictenstein	core-library	dynamic-dawg	go	audit-required	byte,unicode-scalar,u64	interfaces; iter.Seq; io.Closer; errors	Go module proxy	deterministic-close-plus-leak-containment	audit-required	audit-required	audit-required	audit-required	-	audit-required	-	audit-required	-	audit-required	-	audit-required	-	audit-required	-	audit-required	-	audit-required	-	audit-required	-	audit-required	-	audit-required	-	audit-required	-	audit-required	-	audit-required	-	audit-required	-	audit-required	-	audit-required	-	audit-required	-	audit-required	-	audit-required	-	audit-required	-	libdictenstein/bindings/go
libdictenstein	core-library	dynamic-dawg	javascript	audit-required	byte,unicode-scalar,u64	Symbol.iterator; Symbol.dispose; Error; native/WASM/WASI runtime identity	npm	deterministic-close-plus-leak-containment	audit-required	audit-required	audit-required	audit-required	-	audit-required	-	audit-required	-	audit-required	-	audit-required	-	audit-required	-	audit-required	-	audit-required	-	audit-required	-	audit-required	-	audit-required	-	audit-required	-	audit-required	-	audit-required	-	audit-required	-	audit-required	-	audit-required	-	audit-required	-	audit-required	-	audit-required	-	audit-required	-	libdictenstein/bindings/javascript
libdictenstein	core-library	dynamic-dawg	typescript	audit-required	byte,unicode-scalar,u64	structural interfaces; Iterable; Disposable; discriminated errors	npm	deterministic-close-plus-leak-containment	audit-required	audit-required	audit-required	audit-required	-	audit-required	-	audit-required	-	audit-required	-	audit-required	-	audit-required	-	audit-required	-	audit-required	-	audit-required	-	audit-required	-	audit-required	-	audit-required	-	audit-required	-	audit-required	-	audit-required	-	audit-required	-	audit-required	-	audit-required	-	audit-required	-	audit-required	-	audit-required	-	libdictenstein/bindings/javascript
libdictenstein	core-library	dynamic-dawg	clojurescript	audit-required	byte,unicode-scalar,u64	ISeqable; IReduce; protocol dispatch; close!	npm	deterministic-close-plus-leak-containment	audit-required	audit-required	audit-required	audit-required	-	audit-required	-	audit-required	-	audit-required	-	audit-required	-	audit-required	-	audit-required	-	audit-required	-	audit-required	-	audit-required	-	audit-required	-	audit-required	-	audit-required	-	audit-required	-	audit-required	-	audit-required	-	audit-required	-	audit-required	-	audit-required	-	audit-required	-	audit-required	-	libdictenstein/bindings/javascript/cljs
libdictenstein	core-library	dynamic-dawg	swift	audit-required	byte,unicode-scalar,u64	Sequence/Collection; protocols; throws; deterministic scoped ownership	Swift Package Index	deterministic-close-plus-leak-containment	audit-required	audit-required	audit-required	audit-required	-	audit-required	-	audit-required	-	audit-required	-	audit-required	-	audit-required	-	audit-required	-	audit-required	-	audit-required	-	audit-required	-	audit-required	-	audit-required	-	audit-required	-	audit-required	-	audit-required	-	audit-required	-	audit-required	-	audit-required	-	audit-required	-	audit-required	-	audit-required	-	libdictenstein/bindings/swift
libdictenstein	core-library	dynamic-dawg	ruby	audit-required	byte,unicode-scalar,u64	Enumerable; blocks/ensure; exceptions; explicit close	RubyGems	deterministic-close-plus-leak-containment	audit-required	audit-required	audit-required	audit-required	-	audit-required	-	audit-required	-	audit-required	-	audit-required	-	audit-required	-	audit-required	-	audit-required	-	audit-required	-	audit-required	-	audit-required	-	audit-required	-	audit-required	-	audit-required	-	audit-required	-	audit-required	-	audit-required	-	audit-required	-	audit-required	-	audit-required	-	audit-required	-	libdictenstein/bindings/ruby
libdictenstein	core-library	dynamic-dawg	fortran	audit-required	byte,unicode-scalar,u64	modules; derived types; type-bound procedures; finalizers	fpm	deterministic-close-plus-leak-containment	audit-required	audit-required	audit-required	audit-required	-	audit-required	-	audit-required	-	audit-required	-	audit-required	-	audit-required	-	audit-required	-	audit-required	-	audit-required	-	audit-required	-	audit-required	-	audit-required	-	audit-required	-	audit-required	-	audit-required	-	audit-required	-	audit-required	-	audit-required	-	audit-required	-	audit-required	-	audit-required	-	libdictenstein/bindings/fortran
libdictenstein	core-library	dynamic-dawg	ocaml	audit-required	byte,unicode-scalar,u64	abstract types; Seq; result; Fun.protect	opam	deterministic-close-plus-leak-containment	audit-required	audit-required	audit-required	audit-required	-	audit-required	-	audit-required	-	audit-required	-	audit-required	-	audit-required	-	audit-required	-	audit-required	-	audit-required	-	audit-required	-	audit-required	-	audit-required	-	audit-required	-	audit-required	-	audit-required	-	audit-required	-	audit-required	-	audit-required	-	audit-required	-	audit-required	-	audit-required	-	libdictenstein/bindings/ocaml
libdictenstein	core-library	dynamic-dawg	haskell	audit-required	byte,unicode-scalar,u64	type classes; Foldable; bracket; Either	Hackage	deterministic-close-plus-leak-containment	audit-required	audit-required	audit-required	audit-required	-	audit-required	-	audit-required	-	audit-required	-	audit-required	-	audit-required	-	audit-required	-	audit-required	-	audit-required	-	audit-required	-	audit-required	-	audit-required	-	audit-required	-	audit-required	-	audit-required	-	audit-required	-	audit-required	-	audit-required	-	audit-required	-	audit-required	-	audit-required	-	libdictenstein/bindings/haskell
libdictenstein	core-library	dynamic-dawg	lua	audit-required	byte,unicode-scalar,u64	generic-for iterators; __close; tables; error values	LuaRocks	deterministic-close-plus-leak-containment	audit-required	audit-required	audit-required	audit-required	-	audit-required	-	audit-required	-	audit-required	-	audit-required	-	audit-required	-	audit-required	-	audit-required	-	audit-required	-	audit-required	-	audit-required	-	audit-required	-	audit-required	-	audit-required	-	audit-required	-	audit-required	-	audit-required	-	audit-required	-	audit-required	-	audit-required	-	audit-required	-	libdictenstein/bindings/lua
libdictenstein	core-library	dynamic-dawg	raku	missing	byte,unicode-scalar,u64	NativeCall; Iterable/Positional/Associative; LEAVE; exceptions	zef/fez	deterministic-close-plus-leak-containment	missing	missing	missing	missing	-	missing	-	missing	-	missing	-	missing	-	missing	-	missing	-	missing	-	missing	-	missing	-	missing	-	missing	-	missing	-	missing	-	missing	-	missing	-	missing	-	missing	-	missing	-	missing	-	missing	-	-
libdictenstein	core-library	sorted-minimal-dawg	rust	audit-required	byte,unicode-scalar,u64	traits; IntoIterator/Iterator; Result; Drop	crates.io	deterministic-close-plus-leak-containment	audit-required	audit-required	audit-required	audit-required	-	audit-required	-	audit-required	-	audit-required	-	audit-required	-	audit-required	-	audit-required	-	audit-required	-	audit-required	-	audit-required	-	audit-required	-	audit-required	-	audit-required	-	audit-required	-	audit-required	-	audit-required	-	audit-required	-	audit-required	-	audit-required	-	audit-required	-	audit-required	-	libdictenstein/src/lib.rs
libdictenstein	core-library	sorted-minimal-dawg	c	audit-required	byte,unicode-scalar,u64	opaque handles; status codes; bounded buffers; vtables	CMake/pkg-config/GitHub Releases	deterministic-close-plus-leak-containment	audit-required	audit-required	audit-required	audit-required	-	audit-required	-	audit-required	-	audit-required	-	audit-required	-	audit-required	-	audit-required	-	audit-required	-	audit-required	-	audit-required	-	audit-required	-	audit-required	-	audit-required	-	audit-required	-	audit-required	-	audit-required	-	audit-required	-	audit-required	-	audit-required	-	audit-required	-	audit-required	-	libdictenstein/bindings/c
libdictenstein	core-library	sorted-minimal-dawg	cpp	audit-required	byte,unicode-scalar,u64	RAII; ranges/iterators; move-only handles; typed errors	CMake/pkg-config/GitHub Releases	deterministic-close-plus-leak-containment	audit-required	audit-required	audit-required	audit-required	-	audit-required	-	audit-required	-	audit-required	-	audit-required	-	audit-required	-	audit-required	-	audit-required	-	audit-required	-	audit-required	-	audit-required	-	audit-required	-	audit-required	-	audit-required	-	audit-required	-	audit-required	-	audit-required	-	audit-required	-	audit-required	-	audit-required	-	audit-required	-	libdictenstein/bindings/cpp
libdictenstein	core-library	sorted-minimal-dawg	python	audit-required	byte,unicode-scalar,u64	context managers; iterators/collections; exceptions; protocols	PyPI	deterministic-close-plus-leak-containment	audit-required	audit-required	audit-required	audit-required	-	audit-required	-	audit-required	-	audit-required	-	audit-required	-	audit-required	-	audit-required	-	audit-required	-	audit-required	-	audit-required	-	audit-required	-	audit-required	-	audit-required	-	audit-required	-	audit-required	-	audit-required	-	audit-required	-	audit-required	-	audit-required	-	audit-required	-	audit-required	-	libdictenstein/bindings/python
libdictenstein	core-library	sorted-minimal-dawg	java	audit-required	byte,unicode-scalar,u64	AutoCloseable/try-with-resources; Collection/Map; Stream/Spliterator; interfaces	Maven Central	deterministic-close-plus-leak-containment	audit-required	audit-required	audit-required	audit-required	-	audit-required	-	audit-required	-	audit-required	-	audit-required	-	audit-required	-	audit-required	-	audit-required	-	audit-required	-	audit-required	-	audit-required	-	audit-required	-	audit-required	-	audit-required	-	audit-required	-	audit-required	-	audit-required	-	audit-required	-	audit-required	-	audit-required	-	audit-required	-	libdictenstein/bindings/jvm
libdictenstein	core-library	sorted-minimal-dawg	kotlin	audit-required	byte,unicode-scalar,u64	use; Iterable/Map; Sequence; SAM interfaces	Maven Central	deterministic-close-plus-leak-containment	audit-required	audit-required	audit-required	audit-required	-	audit-required	-	audit-required	-	audit-required	-	audit-required	-	audit-required	-	audit-required	-	audit-required	-	audit-required	-	audit-required	-	audit-required	-	audit-required	-	audit-required	-	audit-required	-	audit-required	-	audit-required	-	audit-required	-	audit-required	-	audit-required	-	audit-required	-	audit-required	-	libdictenstein/bindings/jvm
libdictenstein	core-library	sorted-minimal-dawg	scala	audit-required	byte,unicode-scalar,u64	Using/AutoCloseable; Iterable; Iterator; type classes	Maven Central	deterministic-close-plus-leak-containment	audit-required	audit-required	audit-required	audit-required	-	audit-required	-	audit-required	-	audit-required	-	audit-required	-	audit-required	-	audit-required	-	audit-required	-	audit-required	-	audit-required	-	audit-required	-	audit-required	-	audit-required	-	audit-required	-	audit-required	-	audit-required	-	audit-required	-	audit-required	-	audit-required	-	audit-required	-	audit-required	-	libdictenstein/bindings/jvm
libdictenstein	core-library	sorted-minimal-dawg	clojure	audit-required	byte,unicode-scalar,u64	Seqable; IReduceInit; Closeable; persistent values	Clojars	deterministic-close-plus-leak-containment	audit-required	audit-required	audit-required	audit-required	-	audit-required	-	audit-required	-	audit-required	-	audit-required	-	audit-required	-	audit-required	-	audit-required	-	audit-required	-	audit-required	-	audit-required	-	audit-required	-	audit-required	-	audit-required	-	audit-required	-	audit-required	-	audit-required	-	audit-required	-	audit-required	-	audit-required	-	audit-required	-	libdictenstein/bindings/clojure
libdictenstein	core-library	sorted-minimal-dawg	csharp	audit-required	byte,unicode-scalar,u64	IDisposable/using; IEnumerable/IDictionary; exceptions; interfaces	NuGet	deterministic-close-plus-leak-containment	audit-required	audit-required	audit-required	audit-required	-	audit-required	-	audit-required	-	audit-required	-	audit-required	-	audit-required	-	audit-required	-	audit-required	-	audit-required	-	audit-required	-	audit-required	-	audit-required	-	audit-required	-	audit-required	-	audit-required	-	audit-required	-	audit-required	-	audit-required	-	audit-required	-	audit-required	-	audit-required	-	libdictenstein/bindings/dotnet
libdictenstein	core-library	sorted-minimal-dawg	fsharp	audit-required	byte,unicode-scalar,u64	use/use!; seq; Result; object expressions; interfaces	NuGet	deterministic-close-plus-leak-containment	audit-required	audit-required	audit-required	audit-required	-	audit-required	-	audit-required	-	audit-required	-	audit-required	-	audit-required	-	audit-required	-	audit-required	-	audit-required	-	audit-required	-	audit-required	-	audit-required	-	audit-required	-	audit-required	-	audit-required	-	audit-required	-	audit-required	-	audit-required	-	audit-required	-	audit-required	-	audit-required	-	libdictenstein/bindings/dotnet
libdictenstein	core-library	sorted-minimal-dawg	go	audit-required	byte,unicode-scalar,u64	interfaces; iter.Seq; io.Closer; errors	Go module proxy	deterministic-close-plus-leak-containment	audit-required	audit-required	audit-required	audit-required	-	audit-required	-	audit-required	-	audit-required	-	audit-required	-	audit-required	-	audit-required	-	audit-required	-	audit-required	-	audit-required	-	audit-required	-	audit-required	-	audit-required	-	audit-required	-	audit-required	-	audit-required	-	audit-required	-	audit-required	-	audit-required	-	audit-required	-	audit-required	-	libdictenstein/bindings/go
libdictenstein	core-library	sorted-minimal-dawg	javascript	audit-required	byte,unicode-scalar,u64	Symbol.iterator; Symbol.dispose; Error; native/WASM/WASI runtime identity	npm	deterministic-close-plus-leak-containment	audit-required	audit-required	audit-required	audit-required	-	audit-required	-	audit-required	-	audit-required	-	audit-required	-	audit-required	-	audit-required	-	audit-required	-	audit-required	-	audit-required	-	audit-required	-	audit-required	-	audit-required	-	audit-required	-	audit-required	-	audit-required	-	audit-required	-	audit-required	-	audit-required	-	audit-required	-	audit-required	-	libdictenstein/bindings/javascript
libdictenstein	core-library	sorted-minimal-dawg	typescript	audit-required	byte,unicode-scalar,u64	structural interfaces; Iterable; Disposable; discriminated errors	npm	deterministic-close-plus-leak-containment	audit-required	audit-required	audit-required	audit-required	-	audit-required	-	audit-required	-	audit-required	-	audit-required	-	audit-required	-	audit-required	-	audit-required	-	audit-required	-	audit-required	-	audit-required	-	audit-required	-	audit-required	-	audit-required	-	audit-required	-	audit-required	-	audit-required	-	audit-required	-	audit-required	-	audit-required	-	audit-required	-	libdictenstein/bindings/javascript
libdictenstein	core-library	sorted-minimal-dawg	clojurescript	audit-required	byte,unicode-scalar,u64	ISeqable; IReduce; protocol dispatch; close!	npm	deterministic-close-plus-leak-containment	audit-required	audit-required	audit-required	audit-required	-	audit-required	-	audit-required	-	audit-required	-	audit-required	-	audit-required	-	audit-required	-	audit-required	-	audit-required	-	audit-required	-	audit-required	-	audit-required	-	audit-required	-	audit-required	-	audit-required	-	audit-required	-	audit-required	-	audit-required	-	audit-required	-	audit-required	-	audit-required	-	libdictenstein/bindings/javascript/cljs
libdictenstein	core-library	sorted-minimal-dawg	swift	audit-required	byte,unicode-scalar,u64	Sequence/Collection; protocols; throws; deterministic scoped ownership	Swift Package Index	deterministic-close-plus-leak-containment	audit-required	audit-required	audit-required	audit-required	-	audit-required	-	audit-required	-	audit-required	-	audit-required	-	audit-required	-	audit-required	-	audit-required	-	audit-required	-	audit-required	-	audit-required	-	audit-required	-	audit-required	-	audit-required	-	audit-required	-	audit-required	-	audit-required	-	audit-required	-	audit-required	-	audit-required	-	audit-required	-	libdictenstein/bindings/swift
libdictenstein	core-library	sorted-minimal-dawg	ruby	audit-required	byte,unicode-scalar,u64	Enumerable; blocks/ensure; exceptions; explicit close	RubyGems	deterministic-close-plus-leak-containment	audit-required	audit-required	audit-required	audit-required	-	audit-required	-	audit-required	-	audit-required	-	audit-required	-	audit-required	-	audit-required	-	audit-required	-	audit-required	-	audit-required	-	audit-required	-	audit-required	-	audit-required	-	audit-required	-	audit-required	-	audit-required	-	audit-required	-	audit-required	-	audit-required	-	audit-required	-	audit-required	-	libdictenstein/bindings/ruby
libdictenstein	core-library	sorted-minimal-dawg	fortran	audit-required	byte,unicode-scalar,u64	modules; derived types; type-bound procedures; finalizers	fpm	deterministic-close-plus-leak-containment	audit-required	audit-required	audit-required	audit-required	-	audit-required	-	audit-required	-	audit-required	-	audit-required	-	audit-required	-	audit-required	-	audit-required	-	audit-required	-	audit-required	-	audit-required	-	audit-required	-	audit-required	-	audit-required	-	audit-required	-	audit-required	-	audit-required	-	audit-required	-	audit-required	-	audit-required	-	audit-required	-	libdictenstein/bindings/fortran
libdictenstein	core-library	sorted-minimal-dawg	ocaml	audit-required	byte,unicode-scalar,u64	abstract types; Seq; result; Fun.protect	opam	deterministic-close-plus-leak-containment	audit-required	audit-required	audit-required	audit-required	-	audit-required	-	audit-required	-	audit-required	-	audit-required	-	audit-required	-	audit-required	-	audit-required	-	audit-required	-	audit-required	-	audit-required	-	audit-required	-	audit-required	-	audit-required	-	audit-required	-	audit-required	-	audit-required	-	audit-required	-	audit-required	-	audit-required	-	audit-required	-	libdictenstein/bindings/ocaml
libdictenstein	core-library	sorted-minimal-dawg	haskell	audit-required	byte,unicode-scalar,u64	type classes; Foldable; bracket; Either	Hackage	deterministic-close-plus-leak-containment	audit-required	audit-required	audit-required	audit-required	-	audit-required	-	audit-required	-	audit-required	-	audit-required	-	audit-required	-	audit-required	-	audit-required	-	audit-required	-	audit-required	-	audit-required	-	audit-required	-	audit-required	-	audit-required	-	audit-required	-	audit-required	-	audit-required	-	audit-required	-	audit-required	-	audit-required	-	audit-required	-	libdictenstein/bindings/haskell
libdictenstein	core-library	sorted-minimal-dawg	lua	audit-required	byte,unicode-scalar,u64	generic-for iterators; __close; tables; error values	LuaRocks	deterministic-close-plus-leak-containment	audit-required	audit-required	audit-required	audit-required	-	audit-required	-	audit-required	-	audit-required	-	audit-required	-	audit-required	-	audit-required	-	audit-required	-	audit-required	-	audit-required	-	audit-required	-	audit-required	-	audit-required	-	audit-required	-	audit-required	-	audit-required	-	audit-required	-	audit-required	-	audit-required	-	audit-required	-	audit-required	-	libdictenstein/bindings/lua
libdictenstein	core-library	sorted-minimal-dawg	raku	missing	byte,unicode-scalar,u64	NativeCall; Iterable/Positional/Associative; LEAVE; exceptions	zef/fez	deterministic-close-plus-leak-containment	missing	missing	missing	missing	-	missing	-	missing	-	missing	-	missing	-	missing	-	missing	-	missing	-	missing	-	missing	-	missing	-	missing	-	missing	-	missing	-	missing	-	missing	-	missing	-	missing	-	missing	-	missing	-	missing	-	-
libdictenstein	core-library	double-array-trie	rust	audit-required	byte,unicode-scalar,u64	traits; IntoIterator/Iterator; Result; Drop	crates.io	deterministic-close-plus-leak-containment	audit-required	audit-required	audit-required	audit-required	-	audit-required	-	audit-required	-	audit-required	-	audit-required	-	audit-required	-	audit-required	-	audit-required	-	audit-required	-	audit-required	-	audit-required	-	audit-required	-	audit-required	-	audit-required	-	audit-required	-	audit-required	-	audit-required	-	audit-required	-	audit-required	-	audit-required	-	audit-required	-	libdictenstein/src/lib.rs
libdictenstein	core-library	double-array-trie	c	audit-required	byte,unicode-scalar,u64	opaque handles; status codes; bounded buffers; vtables	CMake/pkg-config/GitHub Releases	deterministic-close-plus-leak-containment	audit-required	audit-required	audit-required	audit-required	-	audit-required	-	audit-required	-	audit-required	-	audit-required	-	audit-required	-	audit-required	-	audit-required	-	audit-required	-	audit-required	-	audit-required	-	audit-required	-	audit-required	-	audit-required	-	audit-required	-	audit-required	-	audit-required	-	audit-required	-	audit-required	-	audit-required	-	audit-required	-	libdictenstein/bindings/c
libdictenstein	core-library	double-array-trie	cpp	audit-required	byte,unicode-scalar,u64	RAII; ranges/iterators; move-only handles; typed errors	CMake/pkg-config/GitHub Releases	deterministic-close-plus-leak-containment	audit-required	audit-required	audit-required	audit-required	-	audit-required	-	audit-required	-	audit-required	-	audit-required	-	audit-required	-	audit-required	-	audit-required	-	audit-required	-	audit-required	-	audit-required	-	audit-required	-	audit-required	-	audit-required	-	audit-required	-	audit-required	-	audit-required	-	audit-required	-	audit-required	-	audit-required	-	audit-required	-	libdictenstein/bindings/cpp
libdictenstein	core-library	double-array-trie	python	audit-required	byte,unicode-scalar,u64	context managers; iterators/collections; exceptions; protocols	PyPI	deterministic-close-plus-leak-containment	audit-required	audit-required	audit-required	audit-required	-	audit-required	-	audit-required	-	audit-required	-	audit-required	-	audit-required	-	audit-required	-	audit-required	-	audit-required	-	audit-required	-	audit-required	-	audit-required	-	audit-required	-	audit-required	-	audit-required	-	audit-required	-	audit-required	-	audit-required	-	audit-required	-	audit-required	-	audit-required	-	libdictenstein/bindings/python
libdictenstein	core-library	double-array-trie	java	audit-required	byte,unicode-scalar,u64	AutoCloseable/try-with-resources; Collection/Map; Stream/Spliterator; interfaces	Maven Central	deterministic-close-plus-leak-containment	audit-required	audit-required	audit-required	audit-required	-	audit-required	-	audit-required	-	audit-required	-	audit-required	-	audit-required	-	audit-required	-	audit-required	-	audit-required	-	audit-required	-	audit-required	-	audit-required	-	audit-required	-	audit-required	-	audit-required	-	audit-required	-	audit-required	-	audit-required	-	audit-required	-	audit-required	-	audit-required	-	libdictenstein/bindings/jvm
libdictenstein	core-library	double-array-trie	kotlin	audit-required	byte,unicode-scalar,u64	use; Iterable/Map; Sequence; SAM interfaces	Maven Central	deterministic-close-plus-leak-containment	audit-required	audit-required	audit-required	audit-required	-	audit-required	-	audit-required	-	audit-required	-	audit-required	-	audit-required	-	audit-required	-	audit-required	-	audit-required	-	audit-required	-	audit-required	-	audit-required	-	audit-required	-	audit-required	-	audit-required	-	audit-required	-	audit-required	-	audit-required	-	audit-required	-	audit-required	-	audit-required	-	libdictenstein/bindings/jvm
libdictenstein	core-library	double-array-trie	scala	audit-required	byte,unicode-scalar,u64	Using/AutoCloseable; Iterable; Iterator; type classes	Maven Central	deterministic-close-plus-leak-containment	audit-required	audit-required	audit-required	audit-required	-	audit-required	-	audit-required	-	audit-required	-	audit-required	-	audit-required	-	audit-required	-	audit-required	-	audit-required	-	audit-required	-	audit-required	-	audit-required	-	audit-required	-	audit-required	-	audit-required	-	audit-required	-	audit-required	-	audit-required	-	audit-required	-	audit-required	-	audit-required	-	libdictenstein/bindings/jvm
libdictenstein	core-library	double-array-trie	clojure	audit-required	byte,unicode-scalar,u64	Seqable; IReduceInit; Closeable; persistent values	Clojars	deterministic-close-plus-leak-containment	audit-required	audit-required	audit-required	audit-required	-	audit-required	-	audit-required	-	audit-required	-	audit-required	-	audit-required	-	audit-required	-	audit-required	-	audit-required	-	audit-required	-	audit-required	-	audit-required	-	audit-required	-	audit-required	-	audit-required	-	audit-required	-	audit-required	-	audit-required	-	audit-required	-	audit-required	-	audit-required	-	libdictenstein/bindings/clojure
libdictenstein	core-library	double-array-trie	csharp	audit-required	byte,unicode-scalar,u64	IDisposable/using; IEnumerable/IDictionary; exceptions; interfaces	NuGet	deterministic-close-plus-leak-containment	audit-required	audit-required	audit-required	audit-required	-	audit-required	-	audit-required	-	audit-required	-	audit-required	-	audit-required	-	audit-required	-	audit-required	-	audit-required	-	audit-required	-	audit-required	-	audit-required	-	audit-required	-	audit-required	-	audit-required	-	audit-required	-	audit-required	-	audit-required	-	audit-required	-	audit-required	-	audit-required	-	libdictenstein/bindings/dotnet
libdictenstein	core-library	double-array-trie	fsharp	audit-required	byte,unicode-scalar,u64	use/use!; seq; Result; object expressions; interfaces	NuGet	deterministic-close-plus-leak-containment	audit-required	audit-required	audit-required	audit-required	-	audit-required	-	audit-required	-	audit-required	-	audit-required	-	audit-required	-	audit-required	-	audit-required	-	audit-required	-	audit-required	-	audit-required	-	audit-required	-	audit-required	-	audit-required	-	audit-required	-	audit-required	-	audit-required	-	audit-required	-	audit-required	-	audit-required	-	audit-required	-	libdictenstein/bindings/dotnet
libdictenstein	core-library	double-array-trie	go	audit-required	byte,unicode-scalar,u64	interfaces; iter.Seq; io.Closer; errors	Go module proxy	deterministic-close-plus-leak-containment	audit-required	audit-required	audit-required	audit-required	-	audit-required	-	audit-required	-	audit-required	-	audit-required	-	audit-required	-	audit-required	-	audit-required	-	audit-required	-	audit-required	-	audit-required	-	audit-required	-	audit-required	-	audit-required	-	audit-required	-	audit-required	-	audit-required	-	audit-required	-	audit-required	-	audit-required	-	audit-required	-	libdictenstein/bindings/go
libdictenstein	core-library	double-array-trie	javascript	audit-required	byte,unicode-scalar,u64	Symbol.iterator; Symbol.dispose; Error; native/WASM/WASI runtime identity	npm	deterministic-close-plus-leak-containment	audit-required	audit-required	audit-required	audit-required	-	audit-required	-	audit-required	-	audit-required	-	audit-required	-	audit-required	-	audit-required	-	audit-required	-	audit-required	-	audit-required	-	audit-required	-	audit-required	-	audit-required	-	audit-required	-	audit-required	-	audit-required	-	audit-required	-	audit-required	-	audit-required	-	audit-required	-	audit-required	-	libdictenstein/bindings/javascript
libdictenstein	core-library	double-array-trie	typescript	audit-required	byte,unicode-scalar,u64	structural interfaces; Iterable; Disposable; discriminated errors	npm	deterministic-close-plus-leak-containment	audit-required	audit-required	audit-required	audit-required	-	audit-required	-	audit-required	-	audit-required	-	audit-required	-	audit-required	-	audit-required	-	audit-required	-	audit-required	-	audit-required	-	audit-required	-	audit-required	-	audit-required	-	audit-required	-	audit-required	-	audit-required	-	audit-required	-	audit-required	-	audit-required	-	audit-required	-	audit-required	-	libdictenstein/bindings/javascript
libdictenstein	core-library	double-array-trie	clojurescript	audit-required	byte,unicode-scalar,u64	ISeqable; IReduce; protocol dispatch; close!	npm	deterministic-close-plus-leak-containment	audit-required	audit-required	audit-required	audit-required	-	audit-required	-	audit-required	-	audit-required	-	audit-required	-	audit-required	-	audit-required	-	audit-required	-	audit-required	-	audit-required	-	audit-required	-	audit-required	-	audit-required	-	audit-required	-	audit-required	-	audit-required	-	audit-required	-	audit-required	-	audit-required	-	audit-required	-	audit-required	-	libdictenstein/bindings/javascript/cljs
libdictenstein	core-library	double-array-trie	swift	audit-required	byte,unicode-scalar,u64	Sequence/Collection; protocols; throws; deterministic scoped ownership	Swift Package Index	deterministic-close-plus-leak-containment	audit-required	audit-required	audit-required	audit-required	-	audit-required	-	audit-required	-	audit-required	-	audit-required	-	audit-required	-	audit-required	-	audit-required	-	audit-required	-	audit-required	-	audit-required	-	audit-required	-	audit-required	-	audit-required	-	audit-required	-	audit-required	-	audit-required	-	audit-required	-	audit-required	-	audit-required	-	audit-required	-	libdictenstein/bindings/swift
libdictenstein	core-library	double-array-trie	ruby	audit-required	byte,unicode-scalar,u64	Enumerable; blocks/ensure; exceptions; explicit close	RubyGems	deterministic-close-plus-leak-containment	audit-required	audit-required	audit-required	audit-required	-	audit-required	-	audit-required	-	audit-required	-	audit-required	-	audit-required	-	audit-required	-	audit-required	-	audit-required	-	audit-required	-	audit-required	-	audit-required	-	audit-required	-	audit-required	-	audit-required	-	audit-required	-	audit-required	-	audit-required	-	audit-required	-	audit-required	-	audit-required	-	libdictenstein/bindings/ruby
libdictenstein	core-library	double-array-trie	fortran	audit-required	byte,unicode-scalar,u64	modules; derived types; type-bound procedures; finalizers	fpm	deterministic-close-plus-leak-containment	audit-required	audit-required	audit-required	audit-required	-	audit-required	-	audit-required	-	audit-required	-	audit-required	-	audit-required	-	audit-required	-	audit-required	-	audit-required	-	audit-required	-	audit-required	-	audit-required	-	audit-required	-	audit-required	-	audit-required	-	audit-required	-	audit-required	-	audit-required	-	audit-required	-	audit-required	-	audit-required	-	libdictenstein/bindings/fortran
libdictenstein	core-library	double-array-trie	ocaml	audit-required	byte,unicode-scalar,u64	abstract types; Seq; result; Fun.protect	opam	deterministic-close-plus-leak-containment	audit-required	audit-required	audit-required	audit-required	-	audit-required	-	audit-required	-	audit-required	-	audit-required	-	audit-required	-	audit-required	-	audit-required	-	audit-required	-	audit-required	-	audit-required	-	audit-required	-	audit-required	-	audit-required	-	audit-required	-	audit-required	-	audit-required	-	audit-required	-	audit-required	-	audit-required	-	audit-required	-	libdictenstein/bindings/ocaml
libdictenstein	core-library	double-array-trie	haskell	audit-required	byte,unicode-scalar,u64	type classes; Foldable; bracket; Either	Hackage	deterministic-close-plus-leak-containment	audit-required	audit-required	audit-required	audit-required	-	audit-required	-	audit-required	-	audit-required	-	audit-required	-	audit-required	-	audit-required	-	audit-required	-	audit-required	-	audit-required	-	audit-required	-	audit-required	-	audit-required	-	audit-required	-	audit-required	-	audit-required	-	audit-required	-	audit-required	-	audit-required	-	audit-required	-	audit-required	-	libdictenstein/bindings/haskell
libdictenstein	core-library	double-array-trie	lua	audit-required	byte,unicode-scalar,u64	generic-for iterators; __close; tables; error values	LuaRocks	deterministic-close-plus-leak-containment	audit-required	audit-required	audit-required	audit-required	-	audit-required	-	audit-required	-	audit-required	-	audit-required	-	audit-required	-	audit-required	-	audit-required	-	audit-required	-	audit-required	-	audit-required	-	audit-required	-	audit-required	-	audit-required	-	audit-required	-	audit-required	-	audit-required	-	audit-required	-	audit-required	-	audit-required	-	audit-required	-	libdictenstein/bindings/lua
libdictenstein	core-library	double-array-trie	raku	missing	byte,unicode-scalar,u64	NativeCall; Iterable/Positional/Associative; LEAVE; exceptions	zef/fez	deterministic-close-plus-leak-containment	missing	missing	missing	missing	-	missing	-	missing	-	missing	-	missing	-	missing	-	missing	-	missing	-	missing	-	missing	-	missing	-	missing	-	missing	-	missing	-	missing	-	missing	-	missing	-	missing	-	missing	-	missing	-	missing	-	-
libdictenstein	core-library	suffix-automaton	rust	audit-required	byte,unicode-scalar,u64	traits; IntoIterator/Iterator; Result; Drop	crates.io	deterministic-close-plus-leak-containment	audit-required	audit-required	audit-required	audit-required	-	audit-required	-	audit-required	-	audit-required	-	audit-required	-	audit-required	-	audit-required	-	audit-required	-	audit-required	-	audit-required	-	audit-required	-	audit-required	-	audit-required	-	audit-required	-	audit-required	-	audit-required	-	audit-required	-	audit-required	-	audit-required	-	audit-required	-	audit-required	-	libdictenstein/src/lib.rs
libdictenstein	core-library	suffix-automaton	c	audit-required	byte,unicode-scalar,u64	opaque handles; status codes; bounded buffers; vtables	CMake/pkg-config/GitHub Releases	deterministic-close-plus-leak-containment	audit-required	audit-required	audit-required	audit-required	-	audit-required	-	audit-required	-	audit-required	-	audit-required	-	audit-required	-	audit-required	-	audit-required	-	audit-required	-	audit-required	-	audit-required	-	audit-required	-	audit-required	-	audit-required	-	audit-required	-	audit-required	-	audit-required	-	audit-required	-	audit-required	-	audit-required	-	audit-required	-	libdictenstein/bindings/c
libdictenstein	core-library	suffix-automaton	cpp	audit-required	byte,unicode-scalar,u64	RAII; ranges/iterators; move-only handles; typed errors	CMake/pkg-config/GitHub Releases	deterministic-close-plus-leak-containment	audit-required	audit-required	audit-required	audit-required	-	audit-required	-	audit-required	-	audit-required	-	audit-required	-	audit-required	-	audit-required	-	audit-required	-	audit-required	-	audit-required	-	audit-required	-	audit-required	-	audit-required	-	audit-required	-	audit-required	-	audit-required	-	audit-required	-	audit-required	-	audit-required	-	audit-required	-	audit-required	-	libdictenstein/bindings/cpp
libdictenstein	core-library	suffix-automaton	python	audit-required	byte,unicode-scalar,u64	context managers; iterators/collections; exceptions; protocols	PyPI	deterministic-close-plus-leak-containment	audit-required	audit-required	audit-required	audit-required	-	audit-required	-	audit-required	-	audit-required	-	audit-required	-	audit-required	-	audit-required	-	audit-required	-	audit-required	-	audit-required	-	audit-required	-	audit-required	-	audit-required	-	audit-required	-	audit-required	-	audit-required	-	audit-required	-	audit-required	-	audit-required	-	audit-required	-	audit-required	-	libdictenstein/bindings/python
libdictenstein	core-library	suffix-automaton	java	audit-required	byte,unicode-scalar,u64	AutoCloseable/try-with-resources; Collection/Map; Stream/Spliterator; interfaces	Maven Central	deterministic-close-plus-leak-containment	audit-required	audit-required	audit-required	audit-required	-	audit-required	-	audit-required	-	audit-required	-	audit-required	-	audit-required	-	audit-required	-	audit-required	-	audit-required	-	audit-required	-	audit-required	-	audit-required	-	audit-required	-	audit-required	-	audit-required	-	audit-required	-	audit-required	-	audit-required	-	audit-required	-	audit-required	-	audit-required	-	libdictenstein/bindings/jvm
libdictenstein	core-library	suffix-automaton	kotlin	audit-required	byte,unicode-scalar,u64	use; Iterable/Map; Sequence; SAM interfaces	Maven Central	deterministic-close-plus-leak-containment	audit-required	audit-required	audit-required	audit-required	-	audit-required	-	audit-required	-	audit-required	-	audit-required	-	audit-required	-	audit-required	-	audit-required	-	audit-required	-	audit-required	-	audit-required	-	audit-required	-	audit-required	-	audit-required	-	audit-required	-	audit-required	-	audit-required	-	audit-required	-	audit-required	-	audit-required	-	audit-required	-	libdictenstein/bindings/jvm
libdictenstein	core-library	suffix-automaton	scala	audit-required	byte,unicode-scalar,u64	Using/AutoCloseable; Iterable; Iterator; type classes	Maven Central	deterministic-close-plus-leak-containment	audit-required	audit-required	audit-required	audit-required	-	audit-required	-	audit-required	-	audit-required	-	audit-required	-	audit-required	-	audit-required	-	audit-required	-	audit-required	-	audit-required	-	audit-required	-	audit-required	-	audit-required	-	audit-required	-	audit-required	-	audit-required	-	audit-required	-	audit-required	-	audit-required	-	audit-required	-	audit-required	-	libdictenstein/bindings/jvm
libdictenstein	core-library	suffix-automaton	clojure	audit-required	byte,unicode-scalar,u64	Seqable; IReduceInit; Closeable; persistent values	Clojars	deterministic-close-plus-leak-containment	audit-required	audit-required	audit-required	audit-required	-	audit-required	-	audit-required	-	audit-required	-	audit-required	-	audit-required	-	audit-required	-	audit-required	-	audit-required	-	audit-required	-	audit-required	-	audit-required	-	audit-required	-	audit-required	-	audit-required	-	audit-required	-	audit-required	-	audit-required	-	audit-required	-	audit-required	-	audit-required	-	libdictenstein/bindings/clojure
libdictenstein	core-library	suffix-automaton	csharp	audit-required	byte,unicode-scalar,u64	IDisposable/using; IEnumerable/IDictionary; exceptions; interfaces	NuGet	deterministic-close-plus-leak-containment	audit-required	audit-required	audit-required	audit-required	-	audit-required	-	audit-required	-	audit-required	-	audit-required	-	audit-required	-	audit-required	-	audit-required	-	audit-required	-	audit-required	-	audit-required	-	audit-required	-	audit-required	-	audit-required	-	audit-required	-	audit-required	-	audit-required	-	audit-required	-	audit-required	-	audit-required	-	audit-required	-	libdictenstein/bindings/dotnet
libdictenstein	core-library	suffix-automaton	fsharp	audit-required	byte,unicode-scalar,u64	use/use!; seq; Result; object expressions; interfaces	NuGet	deterministic-close-plus-leak-containment	audit-required	audit-required	audit-required	audit-required	-	audit-required	-	audit-required	-	audit-required	-	audit-required	-	audit-required	-	audit-required	-	audit-required	-	audit-required	-	audit-required	-	audit-required	-	audit-required	-	audit-required	-	audit-required	-	audit-required	-	audit-required	-	audit-required	-	audit-required	-	audit-required	-	audit-required	-	audit-required	-	libdictenstein/bindings/dotnet
libdictenstein	core-library	suffix-automaton	go	audit-required	byte,unicode-scalar,u64	interfaces; iter.Seq; io.Closer; errors	Go module proxy	deterministic-close-plus-leak-containment	audit-required	audit-required	audit-required	audit-required	-	audit-required	-	audit-required	-	audit-required	-	audit-required	-	audit-required	-	audit-required	-	audit-required	-	audit-required	-	audit-required	-	audit-required	-	audit-required	-	audit-required	-	audit-required	-	audit-required	-	audit-required	-	audit-required	-	audit-required	-	audit-required	-	audit-required	-	audit-required	-	libdictenstein/bindings/go
libdictenstein	core-library	suffix-automaton	javascript	audit-required	byte,unicode-scalar,u64	Symbol.iterator; Symbol.dispose; Error; native/WASM/WASI runtime identity	npm	deterministic-close-plus-leak-containment	audit-required	audit-required	audit-required	audit-required	-	audit-required	-	audit-required	-	audit-required	-	audit-required	-	audit-required	-	audit-required	-	audit-required	-	audit-required	-	audit-required	-	audit-required	-	audit-required	-	audit-required	-	audit-required	-	audit-required	-	audit-required	-	audit-required	-	audit-required	-	audit-required	-	audit-required	-	audit-required	-	libdictenstein/bindings/javascript
libdictenstein	core-library	suffix-automaton	typescript	audit-required	byte,unicode-scalar,u64	structural interfaces; Iterable; Disposable; discriminated errors	npm	deterministic-close-plus-leak-containment	audit-required	audit-required	audit-required	audit-required	-	audit-required	-	audit-required	-	audit-required	-	audit-required	-	audit-required	-	audit-required	-	audit-required	-	audit-required	-	audit-required	-	audit-required	-	audit-required	-	audit-required	-	audit-required	-	audit-required	-	audit-required	-	audit-required	-	audit-required	-	audit-required	-	audit-required	-	audit-required	-	libdictenstein/bindings/javascript
libdictenstein	core-library	suffix-automaton	clojurescript	audit-required	byte,unicode-scalar,u64	ISeqable; IReduce; protocol dispatch; close!	npm	deterministic-close-plus-leak-containment	audit-required	audit-required	audit-required	audit-required	-	audit-required	-	audit-required	-	audit-required	-	audit-required	-	audit-required	-	audit-required	-	audit-required	-	audit-required	-	audit-required	-	audit-required	-	audit-required	-	audit-required	-	audit-required	-	audit-required	-	audit-required	-	audit-required	-	audit-required	-	audit-required	-	audit-required	-	audit-required	-	libdictenstein/bindings/javascript/cljs
libdictenstein	core-library	suffix-automaton	swift	audit-required	byte,unicode-scalar,u64	Sequence/Collection; protocols; throws; deterministic scoped ownership	Swift Package Index	deterministic-close-plus-leak-containment	audit-required	audit-required	audit-required	audit-required	-	audit-required	-	audit-required	-	audit-required	-	audit-required	-	audit-required	-	audit-required	-	audit-required	-	audit-required	-	audit-required	-	audit-required	-	audit-required	-	audit-required	-	audit-required	-	audit-required	-	audit-required	-	audit-required	-	audit-required	-	audit-required	-	audit-required	-	audit-required	-	libdictenstein/bindings/swift
libdictenstein	core-library	suffix-automaton	ruby	audit-required	byte,unicode-scalar,u64	Enumerable; blocks/ensure; exceptions; explicit close	RubyGems	deterministic-close-plus-leak-containment	audit-required	audit-required	audit-required	audit-required	-	audit-required	-	audit-required	-	audit-required	-	audit-required	-	audit-required	-	audit-required	-	audit-required	-	audit-required	-	audit-required	-	audit-required	-	audit-required	-	audit-required	-	audit-required	-	audit-required	-	audit-required	-	audit-required	-	audit-required	-	audit-required	-	audit-required	-	audit-required	-	libdictenstein/bindings/ruby
libdictenstein	core-library	suffix-automaton	fortran	audit-required	byte,unicode-scalar,u64	modules; derived types; type-bound procedures; finalizers	fpm	deterministic-close-plus-leak-containment	audit-required	audit-required	audit-required	audit-required	-	audit-required	-	audit-required	-	audit-required	-	audit-required	-	audit-required	-	audit-required	-	audit-required	-	audit-required	-	audit-required	-	audit-required	-	audit-required	-	audit-required	-	audit-required	-	audit-required	-	audit-required	-	audit-required	-	audit-required	-	audit-required	-	audit-required	-	audit-required	-	libdictenstein/bindings/fortran
libdictenstein	core-library	suffix-automaton	ocaml	audit-required	byte,unicode-scalar,u64	abstract types; Seq; result; Fun.protect	opam	deterministic-close-plus-leak-containment	audit-required	audit-required	audit-required	audit-required	-	audit-required	-	audit-required	-	audit-required	-	audit-required	-	audit-required	-	audit-required	-	audit-required	-	audit-required	-	audit-required	-	audit-required	-	audit-required	-	audit-required	-	audit-required	-	audit-required	-	audit-required	-	audit-required	-	audit-required	-	audit-required	-	audit-required	-	audit-required	-	libdictenstein/bindings/ocaml
libdictenstein	core-library	suffix-automaton	haskell	audit-required	byte,unicode-scalar,u64	type classes; Foldable; bracket; Either	Hackage	deterministic-close-plus-leak-containment	audit-required	audit-required	audit-required	audit-required	-	audit-required	-	audit-required	-	audit-required	-	audit-required	-	audit-required	-	audit-required	-	audit-required	-	audit-required	-	audit-required	-	audit-required	-	audit-required	-	audit-required	-	audit-required	-	audit-required	-	audit-required	-	audit-required	-	audit-required	-	audit-required	-	audit-required	-	audit-required	-	libdictenstein/bindings/haskell
libdictenstein	core-library	suffix-automaton	lua	audit-required	byte,unicode-scalar,u64	generic-for iterators; __close; tables; error values	LuaRocks	deterministic-close-plus-leak-containment	audit-required	audit-required	audit-required	audit-required	-	audit-required	-	audit-required	-	audit-required	-	audit-required	-	audit-required	-	audit-required	-	audit-required	-	audit-required	-	audit-required	-	audit-required	-	audit-required	-	audit-required	-	audit-required	-	audit-required	-	audit-required	-	audit-required	-	audit-required	-	audit-required	-	audit-required	-	audit-required	-	libdictenstein/bindings/lua
libdictenstein	core-library	suffix-automaton	raku	missing	byte,unicode-scalar,u64	NativeCall; Iterable/Positional/Associative; LEAVE; exceptions	zef/fez	deterministic-close-plus-leak-containment	missing	missing	missing	missing	-	missing	-	missing	-	missing	-	missing	-	missing	-	missing	-	missing	-	missing	-	missing	-	missing	-	missing	-	missing	-	missing	-	missing	-	missing	-	missing	-	missing	-	missing	-	missing	-	missing	-	-
libdictenstein	core-library	scdawg	rust	audit-required	byte,unicode-scalar,u64	traits; IntoIterator/Iterator; Result; Drop	crates.io	deterministic-close-plus-leak-containment	audit-required	audit-required	audit-required	audit-required	-	audit-required	-	audit-required	-	audit-required	-	audit-required	-	audit-required	-	audit-required	-	audit-required	-	audit-required	-	audit-required	-	audit-required	-	audit-required	-	audit-required	-	audit-required	-	audit-required	-	audit-required	-	audit-required	-	audit-required	-	audit-required	-	audit-required	-	audit-required	-	libdictenstein/src/lib.rs
libdictenstein	core-library	scdawg	c	audit-required	byte,unicode-scalar,u64	opaque handles; status codes; bounded buffers; vtables	CMake/pkg-config/GitHub Releases	deterministic-close-plus-leak-containment	audit-required	audit-required	audit-required	audit-required	-	audit-required	-	audit-required	-	audit-required	-	audit-required	-	audit-required	-	audit-required	-	audit-required	-	audit-required	-	audit-required	-	audit-required	-	audit-required	-	audit-required	-	audit-required	-	audit-required	-	audit-required	-	audit-required	-	audit-required	-	audit-required	-	audit-required	-	audit-required	-	libdictenstein/bindings/c
libdictenstein	core-library	scdawg	cpp	audit-required	byte,unicode-scalar,u64	RAII; ranges/iterators; move-only handles; typed errors	CMake/pkg-config/GitHub Releases	deterministic-close-plus-leak-containment	audit-required	audit-required	audit-required	audit-required	-	audit-required	-	audit-required	-	audit-required	-	audit-required	-	audit-required	-	audit-required	-	audit-required	-	audit-required	-	audit-required	-	audit-required	-	audit-required	-	audit-required	-	audit-required	-	audit-required	-	audit-required	-	audit-required	-	audit-required	-	audit-required	-	audit-required	-	audit-required	-	libdictenstein/bindings/cpp
libdictenstein	core-library	scdawg	python	audit-required	byte,unicode-scalar,u64	context managers; iterators/collections; exceptions; protocols	PyPI	deterministic-close-plus-leak-containment	audit-required	audit-required	audit-required	audit-required	-	audit-required	-	audit-required	-	audit-required	-	audit-required	-	audit-required	-	audit-required	-	audit-required	-	audit-required	-	audit-required	-	audit-required	-	audit-required	-	audit-required	-	audit-required	-	audit-required	-	audit-required	-	audit-required	-	audit-required	-	audit-required	-	audit-required	-	audit-required	-	libdictenstein/bindings/python
libdictenstein	core-library	scdawg	java	audit-required	byte,unicode-scalar,u64	AutoCloseable/try-with-resources; Collection/Map; Stream/Spliterator; interfaces	Maven Central	deterministic-close-plus-leak-containment	audit-required	audit-required	audit-required	audit-required	-	audit-required	-	audit-required	-	audit-required	-	audit-required	-	audit-required	-	audit-required	-	audit-required	-	audit-required	-	audit-required	-	audit-required	-	audit-required	-	audit-required	-	audit-required	-	audit-required	-	audit-required	-	audit-required	-	audit-required	-	audit-required	-	audit-required	-	audit-required	-	libdictenstein/bindings/jvm
libdictenstein	core-library	scdawg	kotlin	audit-required	byte,unicode-scalar,u64	use; Iterable/Map; Sequence; SAM interfaces	Maven Central	deterministic-close-plus-leak-containment	audit-required	audit-required	audit-required	audit-required	-	audit-required	-	audit-required	-	audit-required	-	audit-required	-	audit-required	-	audit-required	-	audit-required	-	audit-required	-	audit-required	-	audit-required	-	audit-required	-	audit-required	-	audit-required	-	audit-required	-	audit-required	-	audit-required	-	audit-required	-	audit-required	-	audit-required	-	audit-required	-	libdictenstein/bindings/jvm
libdictenstein	core-library	scdawg	scala	audit-required	byte,unicode-scalar,u64	Using/AutoCloseable; Iterable; Iterator; type classes	Maven Central	deterministic-close-plus-leak-containment	audit-required	audit-required	audit-required	audit-required	-	audit-required	-	audit-required	-	audit-required	-	audit-required	-	audit-required	-	audit-required	-	audit-required	-	audit-required	-	audit-required	-	audit-required	-	audit-required	-	audit-required	-	audit-required	-	audit-required	-	audit-required	-	audit-required	-	audit-required	-	audit-required	-	audit-required	-	audit-required	-	libdictenstein/bindings/jvm
libdictenstein	core-library	scdawg	clojure	audit-required	byte,unicode-scalar,u64	Seqable; IReduceInit; Closeable; persistent values	Clojars	deterministic-close-plus-leak-containment	audit-required	audit-required	audit-required	audit-required	-	audit-required	-	audit-required	-	audit-required	-	audit-required	-	audit-required	-	audit-required	-	audit-required	-	audit-required	-	audit-required	-	audit-required	-	audit-required	-	audit-required	-	audit-required	-	audit-required	-	audit-required	-	audit-required	-	audit-required	-	audit-required	-	audit-required	-	audit-required	-	libdictenstein/bindings/clojure
libdictenstein	core-library	scdawg	csharp	audit-required	byte,unicode-scalar,u64	IDisposable/using; IEnumerable/IDictionary; exceptions; interfaces	NuGet	deterministic-close-plus-leak-containment	audit-required	audit-required	audit-required	audit-required	-	audit-required	-	audit-required	-	audit-required	-	audit-required	-	audit-required	-	audit-required	-	audit-required	-	audit-required	-	audit-required	-	audit-required	-	audit-required	-	audit-required	-	audit-required	-	audit-required	-	audit-required	-	audit-required	-	audit-required	-	audit-required	-	audit-required	-	audit-required	-	libdictenstein/bindings/dotnet
libdictenstein	core-library	scdawg	fsharp	audit-required	byte,unicode-scalar,u64	use/use!; seq; Result; object expressions; interfaces	NuGet	deterministic-close-plus-leak-containment	audit-required	audit-required	audit-required	audit-required	-	audit-required	-	audit-required	-	audit-required	-	audit-required	-	audit-required	-	audit-required	-	audit-required	-	audit-required	-	audit-required	-	audit-required	-	audit-required	-	audit-required	-	audit-required	-	audit-required	-	audit-required	-	audit-required	-	audit-required	-	audit-required	-	audit-required	-	audit-required	-	libdictenstein/bindings/dotnet
libdictenstein	core-library	scdawg	go	audit-required	byte,unicode-scalar,u64	interfaces; iter.Seq; io.Closer; errors	Go module proxy	deterministic-close-plus-leak-containment	audit-required	audit-required	audit-required	audit-required	-	audit-required	-	audit-required	-	audit-required	-	audit-required	-	audit-required	-	audit-required	-	audit-required	-	audit-required	-	audit-required	-	audit-required	-	audit-required	-	audit-required	-	audit-required	-	audit-required	-	audit-required	-	audit-required	-	audit-required	-	audit-required	-	audit-required	-	audit-required	-	libdictenstein/bindings/go
libdictenstein	core-library	scdawg	javascript	audit-required	byte,unicode-scalar,u64	Symbol.iterator; Symbol.dispose; Error; native/WASM/WASI runtime identity	npm	deterministic-close-plus-leak-containment	audit-required	audit-required	audit-required	audit-required	-	audit-required	-	audit-required	-	audit-required	-	audit-required	-	audit-required	-	audit-required	-	audit-required	-	audit-required	-	audit-required	-	audit-required	-	audit-required	-	audit-required	-	audit-required	-	audit-required	-	audit-required	-	audit-required	-	audit-required	-	audit-required	-	audit-required	-	audit-required	-	libdictenstein/bindings/javascript
libdictenstein	core-library	scdawg	typescript	audit-required	byte,unicode-scalar,u64	structural interfaces; Iterable; Disposable; discriminated errors	npm	deterministic-close-plus-leak-containment	audit-required	audit-required	audit-required	audit-required	-	audit-required	-	audit-required	-	audit-required	-	audit-required	-	audit-required	-	audit-required	-	audit-required	-	audit-required	-	audit-required	-	audit-required	-	audit-required	-	audit-required	-	audit-required	-	audit-required	-	audit-required	-	audit-required	-	audit-required	-	audit-required	-	audit-required	-	audit-required	-	libdictenstein/bindings/javascript
libdictenstein	core-library	scdawg	clojurescript	audit-required	byte,unicode-scalar,u64	ISeqable; IReduce; protocol dispatch; close!	npm	deterministic-close-plus-leak-containment	audit-required	audit-required	audit-required	audit-required	-	audit-required	-	audit-required	-	audit-required	-	audit-required	-	audit-required	-	audit-required	-	audit-required	-	audit-required	-	audit-required	-	audit-required	-	audit-required	-	audit-required	-	audit-required	-	audit-required	-	audit-required	-	audit-required	-	audit-required	-	audit-required	-	audit-required	-	audit-required	-	libdictenstein/bindings/javascript/cljs
libdictenstein	core-library	scdawg	swift	audit-required	byte,unicode-scalar,u64	Sequence/Collection; protocols; throws; deterministic scoped ownership	Swift Package Index	deterministic-close-plus-leak-containment	audit-required	audit-required	audit-required	audit-required	-	audit-required	-	audit-required	-	audit-required	-	audit-required	-	audit-required	-	audit-required	-	audit-required	-	audit-required	-	audit-required	-	audit-required	-	audit-required	-	audit-required	-	audit-required	-	audit-required	-	audit-required	-	audit-required	-	audit-required	-	audit-required	-	audit-required	-	audit-required	-	libdictenstein/bindings/swift
libdictenstein	core-library	scdawg	ruby	audit-required	byte,unicode-scalar,u64	Enumerable; blocks/ensure; exceptions; explicit close	RubyGems	deterministic-close-plus-leak-containment	audit-required	audit-required	audit-required	audit-required	-	audit-required	-	audit-required	-	audit-required	-	audit-required	-	audit-required	-	audit-required	-	audit-required	-	audit-required	-	audit-required	-	audit-required	-	audit-required	-	audit-required	-	audit-required	-	audit-required	-	audit-required	-	audit-required	-	audit-required	-	audit-required	-	audit-required	-	audit-required	-	libdictenstein/bindings/ruby
libdictenstein	core-library	scdawg	fortran	audit-required	byte,unicode-scalar,u64	modules; derived types; type-bound procedures; finalizers	fpm	deterministic-close-plus-leak-containment	audit-required	audit-required	audit-required	audit-required	-	audit-required	-	audit-required	-	audit-required	-	audit-required	-	audit-required	-	audit-required	-	audit-required	-	audit-required	-	audit-required	-	audit-required	-	audit-required	-	audit-required	-	audit-required	-	audit-required	-	audit-required	-	audit-required	-	audit-required	-	audit-required	-	audit-required	-	audit-required	-	libdictenstein/bindings/fortran
libdictenstein	core-library	scdawg	ocaml	audit-required	byte,unicode-scalar,u64	abstract types; Seq; result; Fun.protect	opam	deterministic-close-plus-leak-containment	audit-required	audit-required	audit-required	audit-required	-	audit-required	-	audit-required	-	audit-required	-	audit-required	-	audit-required	-	audit-required	-	audit-required	-	audit-required	-	audit-required	-	audit-required	-	audit-required	-	audit-required	-	audit-required	-	audit-required	-	audit-required	-	audit-required	-	audit-required	-	audit-required	-	audit-required	-	audit-required	-	libdictenstein/bindings/ocaml
libdictenstein	core-library	scdawg	haskell	audit-required	byte,unicode-scalar,u64	type classes; Foldable; bracket; Either	Hackage	deterministic-close-plus-leak-containment	audit-required	audit-required	audit-required	audit-required	-	audit-required	-	audit-required	-	audit-required	-	audit-required	-	audit-required	-	audit-required	-	audit-required	-	audit-required	-	audit-required	-	audit-required	-	audit-required	-	audit-required	-	audit-required	-	audit-required	-	audit-required	-	audit-required	-	audit-required	-	audit-required	-	audit-required	-	audit-required	-	libdictenstein/bindings/haskell
libdictenstein	core-library	scdawg	lua	audit-required	byte,unicode-scalar,u64	generic-for iterators; __close; tables; error values	LuaRocks	deterministic-close-plus-leak-containment	audit-required	audit-required	audit-required	audit-required	-	audit-required	-	audit-required	-	audit-required	-	audit-required	-	audit-required	-	audit-required	-	audit-required	-	audit-required	-	audit-required	-	audit-required	-	audit-required	-	audit-required	-	audit-required	-	audit-required	-	audit-required	-	audit-required	-	audit-required	-	audit-required	-	audit-required	-	audit-required	-	libdictenstein/bindings/lua
libdictenstein	core-library	scdawg	raku	missing	byte,unicode-scalar,u64	NativeCall; Iterable/Positional/Associative; LEAVE; exceptions	zef/fez	deterministic-close-plus-leak-containment	missing	missing	missing	missing	-	missing	-	missing	-	missing	-	missing	-	missing	-	missing	-	missing	-	missing	-	missing	-	missing	-	missing	-	missing	-	missing	-	missing	-	missing	-	missing	-	missing	-	missing	-	missing	-	missing	-	-
libdictenstein	core-library	persistent-artrie	rust	audit-required	byte,unicode-scalar,u64	traits; IntoIterator/Iterator; Result; Drop	crates.io	deterministic-close-plus-leak-containment	audit-required	audit-required	audit-required	audit-required	-	audit-required	-	audit-required	-	audit-required	-	audit-required	-	audit-required	-	audit-required	-	audit-required	-	audit-required	-	audit-required	-	audit-required	-	audit-required	-	audit-required	-	audit-required	-	audit-required	-	audit-required	-	audit-required	-	audit-required	-	audit-required	-	audit-required	-	audit-required	-	libdictenstein/src/lib.rs
libdictenstein	core-library	persistent-artrie	c	audit-required	byte,unicode-scalar,u64	opaque handles; status codes; bounded buffers; vtables	CMake/pkg-config/GitHub Releases	deterministic-close-plus-leak-containment	audit-required	audit-required	audit-required	audit-required	-	audit-required	-	audit-required	-	audit-required	-	audit-required	-	audit-required	-	audit-required	-	audit-required	-	audit-required	-	audit-required	-	audit-required	-	audit-required	-	audit-required	-	audit-required	-	audit-required	-	audit-required	-	audit-required	-	audit-required	-	audit-required	-	audit-required	-	audit-required	-	libdictenstein/bindings/c
libdictenstein	core-library	persistent-artrie	cpp	audit-required	byte,unicode-scalar,u64	RAII; ranges/iterators; move-only handles; typed errors	CMake/pkg-config/GitHub Releases	deterministic-close-plus-leak-containment	audit-required	audit-required	audit-required	audit-required	-	audit-required	-	audit-required	-	audit-required	-	audit-required	-	audit-required	-	audit-required	-	audit-required	-	audit-required	-	audit-required	-	audit-required	-	audit-required	-	audit-required	-	audit-required	-	audit-required	-	audit-required	-	audit-required	-	audit-required	-	audit-required	-	audit-required	-	audit-required	-	libdictenstein/bindings/cpp
libdictenstein	core-library	persistent-artrie	python	audit-required	byte,unicode-scalar,u64	context managers; iterators/collections; exceptions; protocols	PyPI	deterministic-close-plus-leak-containment	audit-required	audit-required	audit-required	audit-required	-	audit-required	-	audit-required	-	audit-required	-	audit-required	-	audit-required	-	audit-required	-	audit-required	-	audit-required	-	audit-required	-	audit-required	-	audit-required	-	audit-required	-	audit-required	-	audit-required	-	audit-required	-	audit-required	-	audit-required	-	audit-required	-	audit-required	-	audit-required	-	libdictenstein/bindings/python
libdictenstein	core-library	persistent-artrie	java	audit-required	byte,unicode-scalar,u64	AutoCloseable/try-with-resources; Collection/Map; Stream/Spliterator; interfaces	Maven Central	deterministic-close-plus-leak-containment	audit-required	audit-required	audit-required	audit-required	-	audit-required	-	audit-required	-	audit-required	-	audit-required	-	audit-required	-	audit-required	-	audit-required	-	audit-required	-	audit-required	-	audit-required	-	audit-required	-	audit-required	-	audit-required	-	audit-required	-	audit-required	-	audit-required	-	audit-required	-	audit-required	-	audit-required	-	audit-required	-	libdictenstein/bindings/jvm
libdictenstein	core-library	persistent-artrie	kotlin	audit-required	byte,unicode-scalar,u64	use; Iterable/Map; Sequence; SAM interfaces	Maven Central	deterministic-close-plus-leak-containment	audit-required	audit-required	audit-required	audit-required	-	audit-required	-	audit-required	-	audit-required	-	audit-required	-	audit-required	-	audit-required	-	audit-required	-	audit-required	-	audit-required	-	audit-required	-	audit-required	-	audit-required	-	audit-required	-	audit-required	-	audit-required	-	audit-required	-	audit-required	-	audit-required	-	audit-required	-	audit-required	-	libdictenstein/bindings/jvm
libdictenstein	core-library	persistent-artrie	scala	audit-required	byte,unicode-scalar,u64	Using/AutoCloseable; Iterable; Iterator; type classes	Maven Central	deterministic-close-plus-leak-containment	audit-required	audit-required	audit-required	audit-required	-	audit-required	-	audit-required	-	audit-required	-	audit-required	-	audit-required	-	audit-required	-	audit-required	-	audit-required	-	audit-required	-	audit-required	-	audit-required	-	audit-required	-	audit-required	-	audit-required	-	audit-required	-	audit-required	-	audit-required	-	audit-required	-	audit-required	-	audit-required	-	libdictenstein/bindings/jvm
libdictenstein	core-library	persistent-artrie	clojure	audit-required	byte,unicode-scalar,u64	Seqable; IReduceInit; Closeable; persistent values	Clojars	deterministic-close-plus-leak-containment	audit-required	audit-required	audit-required	audit-required	-	audit-required	-	audit-required	-	audit-required	-	audit-required	-	audit-required	-	audit-required	-	audit-required	-	audit-required	-	audit-required	-	audit-required	-	audit-required	-	audit-required	-	audit-required	-	audit-required	-	audit-required	-	audit-required	-	audit-required	-	audit-required	-	audit-required	-	audit-required	-	libdictenstein/bindings/clojure
libdictenstein	core-library	persistent-artrie	csharp	audit-required	byte,unicode-scalar,u64	IDisposable/using; IEnumerable/IDictionary; exceptions; interfaces	NuGet	deterministic-close-plus-leak-containment	audit-required	audit-required	audit-required	audit-required	-	audit-required	-	audit-required	-	audit-required	-	audit-required	-	audit-required	-	audit-required	-	audit-required	-	audit-required	-	audit-required	-	audit-required	-	audit-required	-	audit-required	-	audit-required	-	audit-required	-	audit-required	-	audit-required	-	audit-required	-	audit-required	-	audit-required	-	audit-required	-	libdictenstein/bindings/dotnet
libdictenstein	core-library	persistent-artrie	fsharp	audit-required	byte,unicode-scalar,u64	use/use!; seq; Result; object expressions; interfaces	NuGet	deterministic-close-plus-leak-containment	audit-required	audit-required	audit-required	audit-required	-	audit-required	-	audit-required	-	audit-required	-	audit-required	-	audit-required	-	audit-required	-	audit-required	-	audit-required	-	audit-required	-	audit-required	-	audit-required	-	audit-required	-	audit-required	-	audit-required	-	audit-required	-	audit-required	-	audit-required	-	audit-required	-	audit-required	-	audit-required	-	libdictenstein/bindings/dotnet
libdictenstein	core-library	persistent-artrie	go	audit-required	byte,unicode-scalar,u64	interfaces; iter.Seq; io.Closer; errors	Go module proxy	deterministic-close-plus-leak-containment	audit-required	audit-required	audit-required	audit-required	-	audit-required	-	audit-required	-	audit-required	-	audit-required	-	audit-required	-	audit-required	-	audit-required	-	audit-required	-	audit-required	-	audit-required	-	audit-required	-	audit-required	-	audit-required	-	audit-required	-	audit-required	-	audit-required	-	audit-required	-	audit-required	-	audit-required	-	audit-required	-	libdictenstein/bindings/go
libdictenstein	core-library	persistent-artrie	javascript	audit-required	byte,unicode-scalar,u64	Symbol.iterator; Symbol.dispose; Error; native/WASM/WASI runtime identity	npm	deterministic-close-plus-leak-containment	audit-required	audit-required	audit-required	audit-required	-	audit-required	-	audit-required	-	audit-required	-	audit-required	-	audit-required	-	audit-required	-	audit-required	-	audit-required	-	audit-required	-	audit-required	-	audit-required	-	audit-required	-	audit-required	-	audit-required	-	audit-required	-	audit-required	-	audit-required	-	audit-required	-	audit-required	-	audit-required	-	libdictenstein/bindings/javascript
libdictenstein	core-library	persistent-artrie	typescript	audit-required	byte,unicode-scalar,u64	structural interfaces; Iterable; Disposable; discriminated errors	npm	deterministic-close-plus-leak-containment	audit-required	audit-required	audit-required	audit-required	-	audit-required	-	audit-required	-	audit-required	-	audit-required	-	audit-required	-	audit-required	-	audit-required	-	audit-required	-	audit-required	-	audit-required	-	audit-required	-	audit-required	-	audit-required	-	audit-required	-	audit-required	-	audit-required	-	audit-required	-	audit-required	-	audit-required	-	audit-required	-	libdictenstein/bindings/javascript
libdictenstein	core-library	persistent-artrie	clojurescript	audit-required	byte,unicode-scalar,u64	ISeqable; IReduce; protocol dispatch; close!	npm	deterministic-close-plus-leak-containment	audit-required	audit-required	audit-required	audit-required	-	audit-required	-	audit-required	-	audit-required	-	audit-required	-	audit-required	-	audit-required	-	audit-required	-	audit-required	-	audit-required	-	audit-required	-	audit-required	-	audit-required	-	audit-required	-	audit-required	-	audit-required	-	audit-required	-	audit-required	-	audit-required	-	audit-required	-	audit-required	-	libdictenstein/bindings/javascript/cljs
libdictenstein	core-library	persistent-artrie	swift	audit-required	byte,unicode-scalar,u64	Sequence/Collection; protocols; throws; deterministic scoped ownership	Swift Package Index	deterministic-close-plus-leak-containment	audit-required	audit-required	audit-required	audit-required	-	audit-required	-	audit-required	-	audit-required	-	audit-required	-	audit-required	-	audit-required	-	audit-required	-	audit-required	-	audit-required	-	audit-required	-	audit-required	-	audit-required	-	audit-required	-	audit-required	-	audit-required	-	audit-required	-	audit-required	-	audit-required	-	audit-required	-	audit-required	-	libdictenstein/bindings/swift
libdictenstein	core-library	persistent-artrie	ruby	audit-required	byte,unicode-scalar,u64	Enumerable; blocks/ensure; exceptions; explicit close	RubyGems	deterministic-close-plus-leak-containment	audit-required	audit-required	audit-required	audit-required	-	audit-required	-	audit-required	-	audit-required	-	audit-required	-	audit-required	-	audit-required	-	audit-required	-	audit-required	-	audit-required	-	audit-required	-	audit-required	-	audit-required	-	audit-required	-	audit-required	-	audit-required	-	audit-required	-	audit-required	-	audit-required	-	audit-required	-	audit-required	-	libdictenstein/bindings/ruby
libdictenstein	core-library	persistent-artrie	fortran	audit-required	byte,unicode-scalar,u64	modules; derived types; type-bound procedures; finalizers	fpm	deterministic-close-plus-leak-containment	audit-required	audit-required	audit-required	audit-required	-	audit-required	-	audit-required	-	audit-required	-	audit-required	-	audit-required	-	audit-required	-	audit-required	-	audit-required	-	audit-required	-	audit-required	-	audit-required	-	audit-required	-	audit-required	-	audit-required	-	audit-required	-	audit-required	-	audit-required	-	audit-required	-	audit-required	-	audit-required	-	libdictenstein/bindings/fortran
libdictenstein	core-library	persistent-artrie	ocaml	audit-required	byte,unicode-scalar,u64	abstract types; Seq; result; Fun.protect	opam	deterministic-close-plus-leak-containment	audit-required	audit-required	audit-required	audit-required	-	audit-required	-	audit-required	-	audit-required	-	audit-required	-	audit-required	-	audit-required	-	audit-required	-	audit-required	-	audit-required	-	audit-required	-	audit-required	-	audit-required	-	audit-required	-	audit-required	-	audit-required	-	audit-required	-	audit-required	-	audit-required	-	audit-required	-	audit-required	-	libdictenstein/bindings/ocaml
libdictenstein	core-library	persistent-artrie	haskell	audit-required	byte,unicode-scalar,u64	type classes; Foldable; bracket; Either	Hackage	deterministic-close-plus-leak-containment	audit-required	audit-required	audit-required	audit-required	-	audit-required	-	audit-required	-	audit-required	-	audit-required	-	audit-required	-	audit-required	-	audit-required	-	audit-required	-	audit-required	-	audit-required	-	audit-required	-	audit-required	-	audit-required	-	audit-required	-	audit-required	-	audit-required	-	audit-required	-	audit-required	-	audit-required	-	audit-required	-	libdictenstein/bindings/haskell
libdictenstein	core-library	persistent-artrie	lua	audit-required	byte,unicode-scalar,u64	generic-for iterators; __close; tables; error values	LuaRocks	deterministic-close-plus-leak-containment	audit-required	audit-required	audit-required	audit-required	-	audit-required	-	audit-required	-	audit-required	-	audit-required	-	audit-required	-	audit-required	-	audit-required	-	audit-required	-	audit-required	-	audit-required	-	audit-required	-	audit-required	-	audit-required	-	audit-required	-	audit-required	-	audit-required	-	audit-required	-	audit-required	-	audit-required	-	audit-required	-	libdictenstein/bindings/lua
libdictenstein	core-library	persistent-artrie	raku	missing	byte,unicode-scalar,u64	NativeCall; Iterable/Positional/Associative; LEAVE; exceptions	zef/fez	deterministic-close-plus-leak-containment	missing	missing	missing	missing	-	missing	-	missing	-	missing	-	missing	-	missing	-	missing	-	missing	-	missing	-	missing	-	missing	-	missing	-	missing	-	missing	-	missing	-	missing	-	missing	-	missing	-	missing	-	missing	-	missing	-	-
libdictenstein	core-library	pathmap-backend	rust	audit-required	byte,unicode-scalar,u64	traits; IntoIterator/Iterator; Result; Drop	crates.io	deterministic-close-plus-leak-containment	audit-required	audit-required	audit-required	audit-required	-	audit-required	-	audit-required	-	audit-required	-	audit-required	-	audit-required	-	audit-required	-	audit-required	-	audit-required	-	audit-required	-	audit-required	-	audit-required	-	audit-required	-	audit-required	-	audit-required	-	audit-required	-	audit-required	-	audit-required	-	audit-required	-	audit-required	-	audit-required	-	libdictenstein/src/lib.rs
libdictenstein	core-library	pathmap-backend	c	audit-required	byte,unicode-scalar,u64	opaque handles; status codes; bounded buffers; vtables	CMake/pkg-config/GitHub Releases	deterministic-close-plus-leak-containment	audit-required	audit-required	audit-required	audit-required	-	audit-required	-	audit-required	-	audit-required	-	audit-required	-	audit-required	-	audit-required	-	audit-required	-	audit-required	-	audit-required	-	audit-required	-	audit-required	-	audit-required	-	audit-required	-	audit-required	-	audit-required	-	audit-required	-	audit-required	-	audit-required	-	audit-required	-	audit-required	-	libdictenstein/bindings/c
libdictenstein	core-library	pathmap-backend	cpp	audit-required	byte,unicode-scalar,u64	RAII; ranges/iterators; move-only handles; typed errors	CMake/pkg-config/GitHub Releases	deterministic-close-plus-leak-containment	audit-required	audit-required	audit-required	audit-required	-	audit-required	-	audit-required	-	audit-required	-	audit-required	-	audit-required	-	audit-required	-	audit-required	-	audit-required	-	audit-required	-	audit-required	-	audit-required	-	audit-required	-	audit-required	-	audit-required	-	audit-required	-	audit-required	-	audit-required	-	audit-required	-	audit-required	-	audit-required	-	libdictenstein/bindings/cpp
libdictenstein	core-library	pathmap-backend	python	audit-required	byte,unicode-scalar,u64	context managers; iterators/collections; exceptions; protocols	PyPI	deterministic-close-plus-leak-containment	audit-required	audit-required	audit-required	audit-required	-	audit-required	-	audit-required	-	audit-required	-	audit-required	-	audit-required	-	audit-required	-	audit-required	-	audit-required	-	audit-required	-	audit-required	-	audit-required	-	audit-required	-	audit-required	-	audit-required	-	audit-required	-	audit-required	-	audit-required	-	audit-required	-	audit-required	-	audit-required	-	libdictenstein/bindings/python
libdictenstein	core-library	pathmap-backend	java	audit-required	byte,unicode-scalar,u64	AutoCloseable/try-with-resources; Collection/Map; Stream/Spliterator; interfaces	Maven Central	deterministic-close-plus-leak-containment	audit-required	audit-required	audit-required	audit-required	-	audit-required	-	audit-required	-	audit-required	-	audit-required	-	audit-required	-	audit-required	-	audit-required	-	audit-required	-	audit-required	-	audit-required	-	audit-required	-	audit-required	-	audit-required	-	audit-required	-	audit-required	-	audit-required	-	audit-required	-	audit-required	-	audit-required	-	audit-required	-	libdictenstein/bindings/jvm
libdictenstein	core-library	pathmap-backend	kotlin	audit-required	byte,unicode-scalar,u64	use; Iterable/Map; Sequence; SAM interfaces	Maven Central	deterministic-close-plus-leak-containment	audit-required	audit-required	audit-required	audit-required	-	audit-required	-	audit-required	-	audit-required	-	audit-required	-	audit-required	-	audit-required	-	audit-required	-	audit-required	-	audit-required	-	audit-required	-	audit-required	-	audit-required	-	audit-required	-	audit-required	-	audit-required	-	audit-required	-	audit-required	-	audit-required	-	audit-required	-	audit-required	-	libdictenstein/bindings/jvm
libdictenstein	core-library	pathmap-backend	scala	audit-required	byte,unicode-scalar,u64	Using/AutoCloseable; Iterable; Iterator; type classes	Maven Central	deterministic-close-plus-leak-containment	audit-required	audit-required	audit-required	audit-required	-	audit-required	-	audit-required	-	audit-required	-	audit-required	-	audit-required	-	audit-required	-	audit-required	-	audit-required	-	audit-required	-	audit-required	-	audit-required	-	audit-required	-	audit-required	-	audit-required	-	audit-required	-	audit-required	-	audit-required	-	audit-required	-	audit-required	-	audit-required	-	libdictenstein/bindings/jvm
libdictenstein	core-library	pathmap-backend	clojure	audit-required	byte,unicode-scalar,u64	Seqable; IReduceInit; Closeable; persistent values	Clojars	deterministic-close-plus-leak-containment	audit-required	audit-required	audit-required	audit-required	-	audit-required	-	audit-required	-	audit-required	-	audit-required	-	audit-required	-	audit-required	-	audit-required	-	audit-required	-	audit-required	-	audit-required	-	audit-required	-	audit-required	-	audit-required	-	audit-required	-	audit-required	-	audit-required	-	audit-required	-	audit-required	-	audit-required	-	audit-required	-	libdictenstein/bindings/clojure
libdictenstein	core-library	pathmap-backend	csharp	audit-required	byte,unicode-scalar,u64	IDisposable/using; IEnumerable/IDictionary; exceptions; interfaces	NuGet	deterministic-close-plus-leak-containment	audit-required	audit-required	audit-required	audit-required	-	audit-required	-	audit-required	-	audit-required	-	audit-required	-	audit-required	-	audit-required	-	audit-required	-	audit-required	-	audit-required	-	audit-required	-	audit-required	-	audit-required	-	audit-required	-	audit-required	-	audit-required	-	audit-required	-	audit-required	-	audit-required	-	audit-required	-	audit-required	-	libdictenstein/bindings/dotnet
libdictenstein	core-library	pathmap-backend	fsharp	audit-required	byte,unicode-scalar,u64	use/use!; seq; Result; object expressions; interfaces	NuGet	deterministic-close-plus-leak-containment	audit-required	audit-required	audit-required	audit-required	-	audit-required	-	audit-required	-	audit-required	-	audit-required	-	audit-required	-	audit-required	-	audit-required	-	audit-required	-	audit-required	-	audit-required	-	audit-required	-	audit-required	-	audit-required	-	audit-required	-	audit-required	-	audit-required	-	audit-required	-	audit-required	-	audit-required	-	audit-required	-	libdictenstein/bindings/dotnet
libdictenstein	core-library	pathmap-backend	go	audit-required	byte,unicode-scalar,u64	interfaces; iter.Seq; io.Closer; errors	Go module proxy	deterministic-close-plus-leak-containment	audit-required	audit-required	audit-required	audit-required	-	audit-required	-	audit-required	-	audit-required	-	audit-required	-	audit-required	-	audit-required	-	audit-required	-	audit-required	-	audit-required	-	audit-required	-	audit-required	-	audit-required	-	audit-required	-	audit-required	-	audit-required	-	audit-required	-	audit-required	-	audit-required	-	audit-required	-	audit-required	-	libdictenstein/bindings/go
libdictenstein	core-library	pathmap-backend	javascript	audit-required	byte,unicode-scalar,u64	Symbol.iterator; Symbol.dispose; Error; native/WASM/WASI runtime identity	npm	deterministic-close-plus-leak-containment	audit-required	audit-required	audit-required	audit-required	-	audit-required	-	audit-required	-	audit-required	-	audit-required	-	audit-required	-	audit-required	-	audit-required	-	audit-required	-	audit-required	-	audit-required	-	audit-required	-	audit-required	-	audit-required	-	audit-required	-	audit-required	-	audit-required	-	audit-required	-	audit-required	-	audit-required	-	audit-required	-	libdictenstein/bindings/javascript
libdictenstein	core-library	pathmap-backend	typescript	audit-required	byte,unicode-scalar,u64	structural interfaces; Iterable; Disposable; discriminated errors	npm	deterministic-close-plus-leak-containment	audit-required	audit-required	audit-required	audit-required	-	audit-required	-	audit-required	-	audit-required	-	audit-required	-	audit-required	-	audit-required	-	audit-required	-	audit-required	-	audit-required	-	audit-required	-	audit-required	-	audit-required	-	audit-required	-	audit-required	-	audit-required	-	audit-required	-	audit-required	-	audit-required	-	audit-required	-	audit-required	-	libdictenstein/bindings/javascript
libdictenstein	core-library	pathmap-backend	clojurescript	audit-required	byte,unicode-scalar,u64	ISeqable; IReduce; protocol dispatch; close!	npm	deterministic-close-plus-leak-containment	audit-required	audit-required	audit-required	audit-required	-	audit-required	-	audit-required	-	audit-required	-	audit-required	-	audit-required	-	audit-required	-	audit-required	-	audit-required	-	audit-required	-	audit-required	-	audit-required	-	audit-required	-	audit-required	-	audit-required	-	audit-required	-	audit-required	-	audit-required	-	audit-required	-	audit-required	-	audit-required	-	libdictenstein/bindings/javascript/cljs
libdictenstein	core-library	pathmap-backend	swift	audit-required	byte,unicode-scalar,u64	Sequence/Collection; protocols; throws; deterministic scoped ownership	Swift Package Index	deterministic-close-plus-leak-containment	audit-required	audit-required	audit-required	audit-required	-	audit-required	-	audit-required	-	audit-required	-	audit-required	-	audit-required	-	audit-required	-	audit-required	-	audit-required	-	audit-required	-	audit-required	-	audit-required	-	audit-required	-	audit-required	-	audit-required	-	audit-required	-	audit-required	-	audit-required	-	audit-required	-	audit-required	-	audit-required	-	libdictenstein/bindings/swift
libdictenstein	core-library	pathmap-backend	ruby	audit-required	byte,unicode-scalar,u64	Enumerable; blocks/ensure; exceptions; explicit close	RubyGems	deterministic-close-plus-leak-containment	audit-required	audit-required	audit-required	audit-required	-	audit-required	-	audit-required	-	audit-required	-	audit-required	-	audit-required	-	audit-required	-	audit-required	-	audit-required	-	audit-required	-	audit-required	-	audit-required	-	audit-required	-	audit-required	-	audit-required	-	audit-required	-	audit-required	-	audit-required	-	audit-required	-	audit-required	-	audit-required	-	libdictenstein/bindings/ruby
libdictenstein	core-library	pathmap-backend	fortran	audit-required	byte,unicode-scalar,u64	modules; derived types; type-bound procedures; finalizers	fpm	deterministic-close-plus-leak-containment	audit-required	audit-required	audit-required	audit-required	-	audit-required	-	audit-required	-	audit-required	-	audit-required	-	audit-required	-	audit-required	-	audit-required	-	audit-required	-	audit-required	-	audit-required	-	audit-required	-	audit-required	-	audit-required	-	audit-required	-	audit-required	-	audit-required	-	audit-required	-	audit-required	-	audit-required	-	audit-required	-	libdictenstein/bindings/fortran
libdictenstein	core-library	pathmap-backend	ocaml	audit-required	byte,unicode-scalar,u64	abstract types; Seq; result; Fun.protect	opam	deterministic-close-plus-leak-containment	audit-required	audit-required	audit-required	audit-required	-	audit-required	-	audit-required	-	audit-required	-	audit-required	-	audit-required	-	audit-required	-	audit-required	-	audit-required	-	audit-required	-	audit-required	-	audit-required	-	audit-required	-	audit-required	-	audit-required	-	audit-required	-	audit-required	-	audit-required	-	audit-required	-	audit-required	-	audit-required	-	libdictenstein/bindings/ocaml
libdictenstein	core-library	pathmap-backend	haskell	audit-required	byte,unicode-scalar,u64	type classes; Foldable; bracket; Either	Hackage	deterministic-close-plus-leak-containment	audit-required	audit-required	audit-required	audit-required	-	audit-required	-	audit-required	-	audit-required	-	audit-required	-	audit-required	-	audit-required	-	audit-required	-	audit-required	-	audit-required	-	audit-required	-	audit-required	-	audit-required	-	audit-required	-	audit-required	-	audit-required	-	audit-required	-	audit-required	-	audit-required	-	audit-required	-	audit-required	-	libdictenstein/bindings/haskell
libdictenstein	core-library	pathmap-backend	lua	audit-required	byte,unicode-scalar,u64	generic-for iterators; __close; tables; error values	LuaRocks	deterministic-close-plus-leak-containment	audit-required	audit-required	audit-required	audit-required	-	audit-required	-	audit-required	-	audit-required	-	audit-required	-	audit-required	-	audit-required	-	audit-required	-	audit-required	-	audit-required	-	audit-required	-	audit-required	-	audit-required	-	audit-required	-	audit-required	-	audit-required	-	audit-required	-	audit-required	-	audit-required	-	audit-required	-	audit-required	-	libdictenstein/bindings/lua
libdictenstein	core-library	pathmap-backend	raku	missing	byte,unicode-scalar,u64	NativeCall; Iterable/Positional/Associative; LEAVE; exceptions	zef/fez	deterministic-close-plus-leak-containment	missing	missing	missing	missing	-	missing	-	missing	-	missing	-	missing	-	missing	-	missing	-	missing	-	missing	-	missing	-	missing	-	missing	-	missing	-	missing	-	missing	-	missing	-	missing	-	missing	-	missing	-	missing	-	missing	-	-
libdictenstein	core-library	snapshot	rust	audit-required	byte,unicode-scalar,u64	traits; IntoIterator/Iterator; Result; Drop	crates.io	deterministic-close-plus-leak-containment	audit-required	audit-required	audit-required	audit-required	-	audit-required	-	audit-required	-	audit-required	-	audit-required	-	audit-required	-	audit-required	-	audit-required	-	audit-required	-	audit-required	-	audit-required	-	audit-required	-	audit-required	-	audit-required	-	audit-required	-	audit-required	-	audit-required	-	audit-required	-	audit-required	-	audit-required	-	audit-required	-	libdictenstein/src/lib.rs
libdictenstein	core-library	snapshot	c	audit-required	byte,unicode-scalar,u64	opaque handles; status codes; bounded buffers; vtables	CMake/pkg-config/GitHub Releases	deterministic-close-plus-leak-containment	audit-required	audit-required	audit-required	audit-required	-	audit-required	-	audit-required	-	audit-required	-	audit-required	-	audit-required	-	audit-required	-	audit-required	-	audit-required	-	audit-required	-	audit-required	-	audit-required	-	audit-required	-	audit-required	-	audit-required	-	audit-required	-	audit-required	-	audit-required	-	audit-required	-	audit-required	-	audit-required	-	libdictenstein/bindings/c
libdictenstein	core-library	snapshot	cpp	audit-required	byte,unicode-scalar,u64	RAII; ranges/iterators; move-only handles; typed errors	CMake/pkg-config/GitHub Releases	deterministic-close-plus-leak-containment	audit-required	audit-required	audit-required	audit-required	-	audit-required	-	audit-required	-	audit-required	-	audit-required	-	audit-required	-	audit-required	-	audit-required	-	audit-required	-	audit-required	-	audit-required	-	audit-required	-	audit-required	-	audit-required	-	audit-required	-	audit-required	-	audit-required	-	audit-required	-	audit-required	-	audit-required	-	audit-required	-	libdictenstein/bindings/cpp
libdictenstein	core-library	snapshot	python	audit-required	byte,unicode-scalar,u64	context managers; iterators/collections; exceptions; protocols	PyPI	deterministic-close-plus-leak-containment	audit-required	audit-required	audit-required	audit-required	-	audit-required	-	audit-required	-	audit-required	-	audit-required	-	audit-required	-	audit-required	-	audit-required	-	audit-required	-	audit-required	-	audit-required	-	audit-required	-	audit-required	-	audit-required	-	audit-required	-	audit-required	-	audit-required	-	audit-required	-	audit-required	-	audit-required	-	audit-required	-	libdictenstein/bindings/python
libdictenstein	core-library	snapshot	java	audit-required	byte,unicode-scalar,u64	AutoCloseable/try-with-resources; Collection/Map; Stream/Spliterator; interfaces	Maven Central	deterministic-close-plus-leak-containment	audit-required	audit-required	audit-required	audit-required	-	audit-required	-	audit-required	-	audit-required	-	audit-required	-	audit-required	-	audit-required	-	audit-required	-	audit-required	-	audit-required	-	audit-required	-	audit-required	-	audit-required	-	audit-required	-	audit-required	-	audit-required	-	audit-required	-	audit-required	-	audit-required	-	audit-required	-	audit-required	-	libdictenstein/bindings/jvm
libdictenstein	core-library	snapshot	kotlin	audit-required	byte,unicode-scalar,u64	use; Iterable/Map; Sequence; SAM interfaces	Maven Central	deterministic-close-plus-leak-containment	audit-required	audit-required	audit-required	audit-required	-	audit-required	-	audit-required	-	audit-required	-	audit-required	-	audit-required	-	audit-required	-	audit-required	-	audit-required	-	audit-required	-	audit-required	-	audit-required	-	audit-required	-	audit-required	-	audit-required	-	audit-required	-	audit-required	-	audit-required	-	audit-required	-	audit-required	-	audit-required	-	libdictenstein/bindings/jvm
libdictenstein	core-library	snapshot	scala	audit-required	byte,unicode-scalar,u64	Using/AutoCloseable; Iterable; Iterator; type classes	Maven Central	deterministic-close-plus-leak-containment	audit-required	audit-required	audit-required	audit-required	-	audit-required	-	audit-required	-	audit-required	-	audit-required	-	audit-required	-	audit-required	-	audit-required	-	audit-required	-	audit-required	-	audit-required	-	audit-required	-	audit-required	-	audit-required	-	audit-required	-	audit-required	-	audit-required	-	audit-required	-	audit-required	-	audit-required	-	audit-required	-	libdictenstein/bindings/jvm
libdictenstein	core-library	snapshot	clojure	audit-required	byte,unicode-scalar,u64	Seqable; IReduceInit; Closeable; persistent values	Clojars	deterministic-close-plus-leak-containment	audit-required	audit-required	audit-required	audit-required	-	audit-required	-	audit-required	-	audit-required	-	audit-required	-	audit-required	-	audit-required	-	audit-required	-	audit-required	-	audit-required	-	audit-required	-	audit-required	-	audit-required	-	audit-required	-	audit-required	-	audit-required	-	audit-required	-	audit-required	-	audit-required	-	audit-required	-	audit-required	-	libdictenstein/bindings/clojure
libdictenstein	core-library	snapshot	csharp	audit-required	byte,unicode-scalar,u64	IDisposable/using; IEnumerable/IDictionary; exceptions; interfaces	NuGet	deterministic-close-plus-leak-containment	audit-required	audit-required	audit-required	audit-required	-	audit-required	-	audit-required	-	audit-required	-	audit-required	-	audit-required	-	audit-required	-	audit-required	-	audit-required	-	audit-required	-	audit-required	-	audit-required	-	audit-required	-	audit-required	-	audit-required	-	audit-required	-	audit-required	-	audit-required	-	audit-required	-	audit-required	-	audit-required	-	libdictenstein/bindings/dotnet
libdictenstein	core-library	snapshot	fsharp	audit-required	byte,unicode-scalar,u64	use/use!; seq; Result; object expressions; interfaces	NuGet	deterministic-close-plus-leak-containment	audit-required	audit-required	audit-required	audit-required	-	audit-required	-	audit-required	-	audit-required	-	audit-required	-	audit-required	-	audit-required	-	audit-required	-	audit-required	-	audit-required	-	audit-required	-	audit-required	-	audit-required	-	audit-required	-	audit-required	-	audit-required	-	audit-required	-	audit-required	-	audit-required	-	audit-required	-	audit-required	-	libdictenstein/bindings/dotnet
libdictenstein	core-library	snapshot	go	audit-required	byte,unicode-scalar,u64	interfaces; iter.Seq; io.Closer; errors	Go module proxy	deterministic-close-plus-leak-containment	audit-required	audit-required	audit-required	audit-required	-	audit-required	-	audit-required	-	audit-required	-	audit-required	-	audit-required	-	audit-required	-	audit-required	-	audit-required	-	audit-required	-	audit-required	-	audit-required	-	audit-required	-	audit-required	-	audit-required	-	audit-required	-	audit-required	-	audit-required	-	audit-required	-	audit-required	-	audit-required	-	libdictenstein/bindings/go
libdictenstein	core-library	snapshot	javascript	audit-required	byte,unicode-scalar,u64	Symbol.iterator; Symbol.dispose; Error; native/WASM/WASI runtime identity	npm	deterministic-close-plus-leak-containment	audit-required	audit-required	audit-required	audit-required	-	audit-required	-	audit-required	-	audit-required	-	audit-required	-	audit-required	-	audit-required	-	audit-required	-	audit-required	-	audit-required	-	audit-required	-	audit-required	-	audit-required	-	audit-required	-	audit-required	-	audit-required	-	audit-required	-	audit-required	-	audit-required	-	audit-required	-	audit-required	-	libdictenstein/bindings/javascript
libdictenstein	core-library	snapshot	typescript	audit-required	byte,unicode-scalar,u64	structural interfaces; Iterable; Disposable; discriminated errors	npm	deterministic-close-plus-leak-containment	audit-required	audit-required	audit-required	audit-required	-	audit-required	-	audit-required	-	audit-required	-	audit-required	-	audit-required	-	audit-required	-	audit-required	-	audit-required	-	audit-required	-	audit-required	-	audit-required	-	audit-required	-	audit-required	-	audit-required	-	audit-required	-	audit-required	-	audit-required	-	audit-required	-	audit-required	-	audit-required	-	libdictenstein/bindings/javascript
libdictenstein	core-library	snapshot	clojurescript	audit-required	byte,unicode-scalar,u64	ISeqable; IReduce; protocol dispatch; close!	npm	deterministic-close-plus-leak-containment	audit-required	audit-required	audit-required	audit-required	-	audit-required	-	audit-required	-	audit-required	-	audit-required	-	audit-required	-	audit-required	-	audit-required	-	audit-required	-	audit-required	-	audit-required	-	audit-required	-	audit-required	-	audit-required	-	audit-required	-	audit-required	-	audit-required	-	audit-required	-	audit-required	-	audit-required	-	audit-required	-	libdictenstein/bindings/javascript/cljs
libdictenstein	core-library	snapshot	swift	audit-required	byte,unicode-scalar,u64	Sequence/Collection; protocols; throws; deterministic scoped ownership	Swift Package Index	deterministic-close-plus-leak-containment	audit-required	audit-required	audit-required	audit-required	-	audit-required	-	audit-required	-	audit-required	-	audit-required	-	audit-required	-	audit-required	-	audit-required	-	audit-required	-	audit-required	-	audit-required	-	audit-required	-	audit-required	-	audit-required	-	audit-required	-	audit-required	-	audit-required	-	audit-required	-	audit-required	-	audit-required	-	audit-required	-	libdictenstein/bindings/swift
libdictenstein	core-library	snapshot	ruby	audit-required	byte,unicode-scalar,u64	Enumerable; blocks/ensure; exceptions; explicit close	RubyGems	deterministic-close-plus-leak-containment	audit-required	audit-required	audit-required	audit-required	-	audit-required	-	audit-required	-	audit-required	-	audit-required	-	audit-required	-	audit-required	-	audit-required	-	audit-required	-	audit-required	-	audit-required	-	audit-required	-	audit-required	-	audit-required	-	audit-required	-	audit-required	-	audit-required	-	audit-required	-	audit-required	-	audit-required	-	audit-required	-	libdictenstein/bindings/ruby
libdictenstein	core-library	snapshot	fortran	audit-required	byte,unicode-scalar,u64	modules; derived types; type-bound procedures; finalizers	fpm	deterministic-close-plus-leak-containment	audit-required	audit-required	audit-required	audit-required	-	audit-required	-	audit-required	-	audit-required	-	audit-required	-	audit-required	-	audit-required	-	audit-required	-	audit-required	-	audit-required	-	audit-required	-	audit-required	-	audit-required	-	audit-required	-	audit-required	-	audit-required	-	audit-required	-	audit-required	-	audit-required	-	audit-required	-	audit-required	-	libdictenstein/bindings/fortran
libdictenstein	core-library	snapshot	ocaml	audit-required	byte,unicode-scalar,u64	abstract types; Seq; result; Fun.protect	opam	deterministic-close-plus-leak-containment	audit-required	audit-required	audit-required	audit-required	-	audit-required	-	audit-required	-	audit-required	-	audit-required	-	audit-required	-	audit-required	-	audit-required	-	audit-required	-	audit-required	-	audit-required	-	audit-required	-	audit-required	-	audit-required	-	audit-required	-	audit-required	-	audit-required	-	audit-required	-	audit-required	-	audit-required	-	audit-required	-	libdictenstein/bindings/ocaml
libdictenstein	core-library	snapshot	haskell	audit-required	byte,unicode-scalar,u64	type classes; Foldable; bracket; Either	Hackage	deterministic-close-plus-leak-containment	audit-required	audit-required	audit-required	audit-required	-	audit-required	-	audit-required	-	audit-required	-	audit-required	-	audit-required	-	audit-required	-	audit-required	-	audit-required	-	audit-required	-	audit-required	-	audit-required	-	audit-required	-	audit-required	-	audit-required	-	audit-required	-	audit-required	-	audit-required	-	audit-required	-	audit-required	-	audit-required	-	libdictenstein/bindings/haskell
libdictenstein	core-library	snapshot	lua	audit-required	byte,unicode-scalar,u64	generic-for iterators; __close; tables; error values	LuaRocks	deterministic-close-plus-leak-containment	audit-required	audit-required	audit-required	audit-required	-	audit-required	-	audit-required	-	audit-required	-	audit-required	-	audit-required	-	audit-required	-	audit-required	-	audit-required	-	audit-required	-	audit-required	-	audit-required	-	audit-required	-	audit-required	-	audit-required	-	audit-required	-	audit-required	-	audit-required	-	audit-required	-	audit-required	-	audit-required	-	libdictenstein/bindings/lua
libdictenstein	core-library	snapshot	raku	missing	byte,unicode-scalar,u64	NativeCall; Iterable/Positional/Associative; LEAVE; exceptions	zef/fez	deterministic-close-plus-leak-containment	missing	missing	missing	missing	-	missing	-	missing	-	missing	-	missing	-	missing	-	missing	-	missing	-	missing	-	missing	-	missing	-	missing	-	missing	-	missing	-	missing	-	missing	-	missing	-	missing	-	missing	-	missing	-	missing	-	-
libdictenstein	core-library	resource-provider	rust	audit-required	byte,unicode-scalar,u64	traits; IntoIterator/Iterator; Result; Drop	crates.io	deterministic-close-plus-leak-containment	audit-required	audit-required	audit-required	audit-required	-	audit-required	-	audit-required	-	audit-required	-	audit-required	-	audit-required	-	audit-required	-	audit-required	-	audit-required	-	audit-required	-	audit-required	-	audit-required	-	audit-required	-	audit-required	-	audit-required	-	audit-required	-	audit-required	-	audit-required	-	audit-required	-	audit-required	-	audit-required	-	libdictenstein/src/lib.rs
libdictenstein	core-library	resource-provider	c	audit-required	byte,unicode-scalar,u64	opaque handles; status codes; bounded buffers; vtables	CMake/pkg-config/GitHub Releases	deterministic-close-plus-leak-containment	audit-required	audit-required	audit-required	audit-required	-	audit-required	-	audit-required	-	audit-required	-	audit-required	-	audit-required	-	audit-required	-	audit-required	-	audit-required	-	audit-required	-	audit-required	-	audit-required	-	audit-required	-	audit-required	-	audit-required	-	audit-required	-	audit-required	-	audit-required	-	audit-required	-	audit-required	-	audit-required	-	libdictenstein/bindings/c
libdictenstein	core-library	resource-provider	cpp	audit-required	byte,unicode-scalar,u64	RAII; ranges/iterators; move-only handles; typed errors	CMake/pkg-config/GitHub Releases	deterministic-close-plus-leak-containment	audit-required	audit-required	audit-required	audit-required	-	audit-required	-	audit-required	-	audit-required	-	audit-required	-	audit-required	-	audit-required	-	audit-required	-	audit-required	-	audit-required	-	audit-required	-	audit-required	-	audit-required	-	audit-required	-	audit-required	-	audit-required	-	audit-required	-	audit-required	-	audit-required	-	audit-required	-	audit-required	-	libdictenstein/bindings/cpp
libdictenstein	core-library	resource-provider	python	audit-required	byte,unicode-scalar,u64	context managers; iterators/collections; exceptions; protocols	PyPI	deterministic-close-plus-leak-containment	audit-required	audit-required	audit-required	audit-required	-	audit-required	-	audit-required	-	audit-required	-	audit-required	-	audit-required	-	audit-required	-	audit-required	-	audit-required	-	audit-required	-	audit-required	-	audit-required	-	audit-required	-	audit-required	-	audit-required	-	audit-required	-	audit-required	-	audit-required	-	audit-required	-	audit-required	-	audit-required	-	libdictenstein/bindings/python
libdictenstein	core-library	resource-provider	java	audit-required	byte,unicode-scalar,u64	AutoCloseable/try-with-resources; Collection/Map; Stream/Spliterator; interfaces	Maven Central	deterministic-close-plus-leak-containment	audit-required	audit-required	audit-required	audit-required	-	audit-required	-	audit-required	-	audit-required	-	audit-required	-	audit-required	-	audit-required	-	audit-required	-	audit-required	-	audit-required	-	audit-required	-	audit-required	-	audit-required	-	audit-required	-	audit-required	-	audit-required	-	audit-required	-	audit-required	-	audit-required	-	audit-required	-	audit-required	-	libdictenstein/bindings/jvm
libdictenstein	core-library	resource-provider	kotlin	audit-required	byte,unicode-scalar,u64	use; Iterable/Map; Sequence; SAM interfaces	Maven Central	deterministic-close-plus-leak-containment	audit-required	audit-required	audit-required	audit-required	-	audit-required	-	audit-required	-	audit-required	-	audit-required	-	audit-required	-	audit-required	-	audit-required	-	audit-required	-	audit-required	-	audit-required	-	audit-required	-	audit-required	-	audit-required	-	audit-required	-	audit-required	-	audit-required	-	audit-required	-	audit-required	-	audit-required	-	audit-required	-	libdictenstein/bindings/jvm
libdictenstein	core-library	resource-provider	scala	audit-required	byte,unicode-scalar,u64	Using/AutoCloseable; Iterable; Iterator; type classes	Maven Central	deterministic-close-plus-leak-containment	audit-required	audit-required	audit-required	audit-required	-	audit-required	-	audit-required	-	audit-required	-	audit-required	-	audit-required	-	audit-required	-	audit-required	-	audit-required	-	audit-required	-	audit-required	-	audit-required	-	audit-required	-	audit-required	-	audit-required	-	audit-required	-	audit-required	-	audit-required	-	audit-required	-	audit-required	-	audit-required	-	libdictenstein/bindings/jvm
libdictenstein	core-library	resource-provider	clojure	audit-required	byte,unicode-scalar,u64	Seqable; IReduceInit; Closeable; persistent values	Clojars	deterministic-close-plus-leak-containment	audit-required	audit-required	audit-required	audit-required	-	audit-required	-	audit-required	-	audit-required	-	audit-required	-	audit-required	-	audit-required	-	audit-required	-	audit-required	-	audit-required	-	audit-required	-	audit-required	-	audit-required	-	audit-required	-	audit-required	-	audit-required	-	audit-required	-	audit-required	-	audit-required	-	audit-required	-	audit-required	-	libdictenstein/bindings/clojure
libdictenstein	core-library	resource-provider	csharp	audit-required	byte,unicode-scalar,u64	IDisposable/using; IEnumerable/IDictionary; exceptions; interfaces	NuGet	deterministic-close-plus-leak-containment	audit-required	audit-required	audit-required	audit-required	-	audit-required	-	audit-required	-	audit-required	-	audit-required	-	audit-required	-	audit-required	-	audit-required	-	audit-required	-	audit-required	-	audit-required	-	audit-required	-	audit-required	-	audit-required	-	audit-required	-	audit-required	-	audit-required	-	audit-required	-	audit-required	-	audit-required	-	audit-required	-	libdictenstein/bindings/dotnet
libdictenstein	core-library	resource-provider	fsharp	audit-required	byte,unicode-scalar,u64	use/use!; seq; Result; object expressions; interfaces	NuGet	deterministic-close-plus-leak-containment	audit-required	audit-required	audit-required	audit-required	-	audit-required	-	audit-required	-	audit-required	-	audit-required	-	audit-required	-	audit-required	-	audit-required	-	audit-required	-	audit-required	-	audit-required	-	audit-required	-	audit-required	-	audit-required	-	audit-required	-	audit-required	-	audit-required	-	audit-required	-	audit-required	-	audit-required	-	audit-required	-	libdictenstein/bindings/dotnet
libdictenstein	core-library	resource-provider	go	audit-required	byte,unicode-scalar,u64	interfaces; iter.Seq; io.Closer; errors	Go module proxy	deterministic-close-plus-leak-containment	audit-required	audit-required	audit-required	audit-required	-	audit-required	-	audit-required	-	audit-required	-	audit-required	-	audit-required	-	audit-required	-	audit-required	-	audit-required	-	audit-required	-	audit-required	-	audit-required	-	audit-required	-	audit-required	-	audit-required	-	audit-required	-	audit-required	-	audit-required	-	audit-required	-	audit-required	-	audit-required	-	libdictenstein/bindings/go
libdictenstein	core-library	resource-provider	javascript	audit-required	byte,unicode-scalar,u64	Symbol.iterator; Symbol.dispose; Error; native/WASM/WASI runtime identity	npm	deterministic-close-plus-leak-containment	audit-required	audit-required	audit-required	audit-required	-	audit-required	-	audit-required	-	audit-required	-	audit-required	-	audit-required	-	audit-required	-	audit-required	-	audit-required	-	audit-required	-	audit-required	-	audit-required	-	audit-required	-	audit-required	-	audit-required	-	audit-required	-	audit-required	-	audit-required	-	audit-required	-	audit-required	-	audit-required	-	libdictenstein/bindings/javascript
libdictenstein	core-library	resource-provider	typescript	audit-required	byte,unicode-scalar,u64	structural interfaces; Iterable; Disposable; discriminated errors	npm	deterministic-close-plus-leak-containment	audit-required	audit-required	audit-required	audit-required	-	audit-required	-	audit-required	-	audit-required	-	audit-required	-	audit-required	-	audit-required	-	audit-required	-	audit-required	-	audit-required	-	audit-required	-	audit-required	-	audit-required	-	audit-required	-	audit-required	-	audit-required	-	audit-required	-	audit-required	-	audit-required	-	audit-required	-	audit-required	-	libdictenstein/bindings/javascript
libdictenstein	core-library	resource-provider	clojurescript	audit-required	byte,unicode-scalar,u64	ISeqable; IReduce; protocol dispatch; close!	npm	deterministic-close-plus-leak-containment	audit-required	audit-required	audit-required	audit-required	-	audit-required	-	audit-required	-	audit-required	-	audit-required	-	audit-required	-	audit-required	-	audit-required	-	audit-required	-	audit-required	-	audit-required	-	audit-required	-	audit-required	-	audit-required	-	audit-required	-	audit-required	-	audit-required	-	audit-required	-	audit-required	-	audit-required	-	audit-required	-	libdictenstein/bindings/javascript/cljs
libdictenstein	core-library	resource-provider	swift	audit-required	byte,unicode-scalar,u64	Sequence/Collection; protocols; throws; deterministic scoped ownership	Swift Package Index	deterministic-close-plus-leak-containment	audit-required	audit-required	audit-required	audit-required	-	audit-required	-	audit-required	-	audit-required	-	audit-required	-	audit-required	-	audit-required	-	audit-required	-	audit-required	-	audit-required	-	audit-required	-	audit-required	-	audit-required	-	audit-required	-	audit-required	-	audit-required	-	audit-required	-	audit-required	-	audit-required	-	audit-required	-	audit-required	-	libdictenstein/bindings/swift
libdictenstein	core-library	resource-provider	ruby	audit-required	byte,unicode-scalar,u64	Enumerable; blocks/ensure; exceptions; explicit close	RubyGems	deterministic-close-plus-leak-containment	audit-required	audit-required	audit-required	audit-required	-	audit-required	-	audit-required	-	audit-required	-	audit-required	-	audit-required	-	audit-required	-	audit-required	-	audit-required	-	audit-required	-	audit-required	-	audit-required	-	audit-required	-	audit-required	-	audit-required	-	audit-required	-	audit-required	-	audit-required	-	audit-required	-	audit-required	-	audit-required	-	libdictenstein/bindings/ruby
libdictenstein	core-library	resource-provider	fortran	audit-required	byte,unicode-scalar,u64	modules; derived types; type-bound procedures; finalizers	fpm	deterministic-close-plus-leak-containment	audit-required	audit-required	audit-required	audit-required	-	audit-required	-	audit-required	-	audit-required	-	audit-required	-	audit-required	-	audit-required	-	audit-required	-	audit-required	-	audit-required	-	audit-required	-	audit-required	-	audit-required	-	audit-required	-	audit-required	-	audit-required	-	audit-required	-	audit-required	-	audit-required	-	audit-required	-	audit-required	-	libdictenstein/bindings/fortran
libdictenstein	core-library	resource-provider	ocaml	audit-required	byte,unicode-scalar,u64	abstract types; Seq; result; Fun.protect	opam	deterministic-close-plus-leak-containment	audit-required	audit-required	audit-required	audit-required	-	audit-required	-	audit-required	-	audit-required	-	audit-required	-	audit-required	-	audit-required	-	audit-required	-	audit-required	-	audit-required	-	audit-required	-	audit-required	-	audit-required	-	audit-required	-	audit-required	-	audit-required	-	audit-required	-	audit-required	-	audit-required	-	audit-required	-	audit-required	-	libdictenstein/bindings/ocaml
libdictenstein	core-library	resource-provider	haskell	audit-required	byte,unicode-scalar,u64	type classes; Foldable; bracket; Either	Hackage	deterministic-close-plus-leak-containment	audit-required	audit-required	audit-required	audit-required	-	audit-required	-	audit-required	-	audit-required	-	audit-required	-	audit-required	-	audit-required	-	audit-required	-	audit-required	-	audit-required	-	audit-required	-	audit-required	-	audit-required	-	audit-required	-	audit-required	-	audit-required	-	audit-required	-	audit-required	-	audit-required	-	audit-required	-	audit-required	-	libdictenstein/bindings/haskell
libdictenstein	core-library	resource-provider	lua	audit-required	byte,unicode-scalar,u64	generic-for iterators; __close; tables; error values	LuaRocks	deterministic-close-plus-leak-containment	audit-required	audit-required	audit-required	audit-required	-	audit-required	-	audit-required	-	audit-required	-	audit-required	-	audit-required	-	audit-required	-	audit-required	-	audit-required	-	audit-required	-	audit-required	-	audit-required	-	audit-required	-	audit-required	-	audit-required	-	audit-required	-	audit-required	-	audit-required	-	audit-required	-	audit-required	-	audit-required	-	libdictenstein/bindings/lua
libdictenstein	core-library	resource-provider	raku	missing	byte,unicode-scalar,u64	NativeCall; Iterable/Positional/Associative; LEAVE; exceptions	zef/fez	deterministic-close-plus-leak-containment	missing	missing	missing	missing	-	missing	-	missing	-	missing	-	missing	-	missing	-	missing	-	missing	-	missing	-	missing	-	missing	-	missing	-	missing	-	missing	-	missing	-	missing	-	missing	-	missing	-	missing	-	missing	-	missing	-	-
liblevenshtein	core-library	distance	rust	audit-required	byte,unicode-scalar,u64	traits; IntoIterator/Iterator; Result; Drop	crates.io	deterministic-close-plus-leak-containment	audit-required	audit-required	audit-required	audit-required	-	audit-required	-	audit-required	-	audit-required	-	audit-required	-	audit-required	-	audit-required	-	audit-required	-	audit-required	-	audit-required	-	audit-required	-	audit-required	-	audit-required	-	audit-required	-	audit-required	-	audit-required	-	audit-required	-	audit-required	-	audit-required	-	audit-required	-	audit-required	-	liblevenshtein-rust/src/lib.rs
liblevenshtein	core-library	distance	c	audit-required	byte,unicode-scalar,u64	opaque handles; status codes; bounded buffers; vtables	CMake/pkg-config/GitHub Releases	deterministic-close-plus-leak-containment	audit-required	audit-required	audit-required	audit-required	-	audit-required	-	audit-required	-	audit-required	-	audit-required	-	audit-required	-	audit-required	-	audit-required	-	audit-required	-	audit-required	-	audit-required	-	audit-required	-	audit-required	-	audit-required	-	audit-required	-	audit-required	-	audit-required	-	audit-required	-	audit-required	-	audit-required	-	audit-required	-	liblevenshtein-rust/bindings/c
liblevenshtein	core-library	distance	cpp	audit-required	byte,unicode-scalar,u64	RAII; ranges/iterators; move-only handles; typed errors	CMake/pkg-config/GitHub Releases	deterministic-close-plus-leak-containment	audit-required	audit-required	audit-required	audit-required	-	audit-required	-	audit-required	-	audit-required	-	audit-required	-	audit-required	-	audit-required	-	audit-required	-	audit-required	-	audit-required	-	audit-required	-	audit-required	-	audit-required	-	audit-required	-	audit-required	-	audit-required	-	audit-required	-	audit-required	-	audit-required	-	audit-required	-	audit-required	-	liblevenshtein-rust/bindings/cpp
liblevenshtein	core-library	distance	python	audit-required	byte,unicode-scalar,u64	context managers; iterators/collections; exceptions; protocols	PyPI	deterministic-close-plus-leak-containment	audit-required	audit-required	audit-required	audit-required	-	audit-required	-	audit-required	-	audit-required	-	audit-required	-	audit-required	-	audit-required	-	audit-required	-	audit-required	-	audit-required	-	audit-required	-	audit-required	-	audit-required	-	audit-required	-	audit-required	-	audit-required	-	audit-required	-	audit-required	-	audit-required	-	audit-required	-	audit-required	-	liblevenshtein-rust/bindings/python
liblevenshtein	core-library	distance	java	audit-required	byte,unicode-scalar,u64	AutoCloseable/try-with-resources; Collection/Map; Stream/Spliterator; interfaces	Maven Central	deterministic-close-plus-leak-containment	audit-required	audit-required	audit-required	audit-required	-	audit-required	-	audit-required	-	audit-required	-	audit-required	-	audit-required	-	audit-required	-	audit-required	-	audit-required	-	audit-required	-	audit-required	-	audit-required	-	audit-required	-	audit-required	-	audit-required	-	audit-required	-	audit-required	-	audit-required	-	audit-required	-	audit-required	-	audit-required	-	liblevenshtein-rust/bindings/jvm
liblevenshtein	core-library	distance	kotlin	audit-required	byte,unicode-scalar,u64	use; Iterable/Map; Sequence; SAM interfaces	Maven Central	deterministic-close-plus-leak-containment	audit-required	audit-required	audit-required	audit-required	-	audit-required	-	audit-required	-	audit-required	-	audit-required	-	audit-required	-	audit-required	-	audit-required	-	audit-required	-	audit-required	-	audit-required	-	audit-required	-	audit-required	-	audit-required	-	audit-required	-	audit-required	-	audit-required	-	audit-required	-	audit-required	-	audit-required	-	audit-required	-	liblevenshtein-rust/bindings/jvm
liblevenshtein	core-library	distance	scala	audit-required	byte,unicode-scalar,u64	Using/AutoCloseable; Iterable; Iterator; type classes	Maven Central	deterministic-close-plus-leak-containment	audit-required	audit-required	audit-required	audit-required	-	audit-required	-	audit-required	-	audit-required	-	audit-required	-	audit-required	-	audit-required	-	audit-required	-	audit-required	-	audit-required	-	audit-required	-	audit-required	-	audit-required	-	audit-required	-	audit-required	-	audit-required	-	audit-required	-	audit-required	-	audit-required	-	audit-required	-	audit-required	-	liblevenshtein-rust/bindings/jvm
liblevenshtein	core-library	distance	clojure	audit-required	byte,unicode-scalar,u64	Seqable; IReduceInit; Closeable; persistent values	Clojars	deterministic-close-plus-leak-containment	audit-required	audit-required	audit-required	audit-required	-	audit-required	-	audit-required	-	audit-required	-	audit-required	-	audit-required	-	audit-required	-	audit-required	-	audit-required	-	audit-required	-	audit-required	-	audit-required	-	audit-required	-	audit-required	-	audit-required	-	audit-required	-	audit-required	-	audit-required	-	audit-required	-	audit-required	-	audit-required	-	liblevenshtein-rust/bindings/clojure
liblevenshtein	core-library	distance	csharp	audit-required	byte,unicode-scalar,u64	IDisposable/using; IEnumerable/IDictionary; exceptions; interfaces	NuGet	deterministic-close-plus-leak-containment	audit-required	audit-required	audit-required	audit-required	-	audit-required	-	audit-required	-	audit-required	-	audit-required	-	audit-required	-	audit-required	-	audit-required	-	audit-required	-	audit-required	-	audit-required	-	audit-required	-	audit-required	-	audit-required	-	audit-required	-	audit-required	-	audit-required	-	audit-required	-	audit-required	-	audit-required	-	audit-required	-	liblevenshtein-rust/bindings/dotnet
liblevenshtein	core-library	distance	fsharp	audit-required	byte,unicode-scalar,u64	use/use!; seq; Result; object expressions; interfaces	NuGet	deterministic-close-plus-leak-containment	audit-required	audit-required	audit-required	audit-required	-	audit-required	-	audit-required	-	audit-required	-	audit-required	-	audit-required	-	audit-required	-	audit-required	-	audit-required	-	audit-required	-	audit-required	-	audit-required	-	audit-required	-	audit-required	-	audit-required	-	audit-required	-	audit-required	-	audit-required	-	audit-required	-	audit-required	-	audit-required	-	liblevenshtein-rust/bindings/dotnet
liblevenshtein	core-library	distance	go	audit-required	byte,unicode-scalar,u64	interfaces; iter.Seq; io.Closer; errors	Go module proxy	deterministic-close-plus-leak-containment	audit-required	audit-required	audit-required	audit-required	-	audit-required	-	audit-required	-	audit-required	-	audit-required	-	audit-required	-	audit-required	-	audit-required	-	audit-required	-	audit-required	-	audit-required	-	audit-required	-	audit-required	-	audit-required	-	audit-required	-	audit-required	-	audit-required	-	audit-required	-	audit-required	-	audit-required	-	audit-required	-	liblevenshtein-rust/bindings/go
liblevenshtein	core-library	distance	javascript	audit-required	byte,unicode-scalar,u64	Symbol.iterator; Symbol.dispose; Error; native/WASM/WASI runtime identity	npm	deterministic-close-plus-leak-containment	audit-required	audit-required	audit-required	audit-required	-	audit-required	-	audit-required	-	audit-required	-	audit-required	-	audit-required	-	audit-required	-	audit-required	-	audit-required	-	audit-required	-	audit-required	-	audit-required	-	audit-required	-	audit-required	-	audit-required	-	audit-required	-	audit-required	-	audit-required	-	audit-required	-	audit-required	-	audit-required	-	liblevenshtein-rust/bindings/javascript
liblevenshtein	core-library	distance	typescript	audit-required	byte,unicode-scalar,u64	structural interfaces; Iterable; Disposable; discriminated errors	npm	deterministic-close-plus-leak-containment	audit-required	audit-required	audit-required	audit-required	-	audit-required	-	audit-required	-	audit-required	-	audit-required	-	audit-required	-	audit-required	-	audit-required	-	audit-required	-	audit-required	-	audit-required	-	audit-required	-	audit-required	-	audit-required	-	audit-required	-	audit-required	-	audit-required	-	audit-required	-	audit-required	-	audit-required	-	audit-required	-	liblevenshtein-rust/bindings/javascript
liblevenshtein	core-library	distance	clojurescript	audit-required	byte,unicode-scalar,u64	ISeqable; IReduce; protocol dispatch; close!	npm	deterministic-close-plus-leak-containment	audit-required	audit-required	audit-required	audit-required	-	audit-required	-	audit-required	-	audit-required	-	audit-required	-	audit-required	-	audit-required	-	audit-required	-	audit-required	-	audit-required	-	audit-required	-	audit-required	-	audit-required	-	audit-required	-	audit-required	-	audit-required	-	audit-required	-	audit-required	-	audit-required	-	audit-required	-	audit-required	-	liblevenshtein-rust/bindings/javascript/cljs
liblevenshtein	core-library	distance	swift	audit-required	byte,unicode-scalar,u64	Sequence/Collection; protocols; throws; deterministic scoped ownership	Swift Package Index	deterministic-close-plus-leak-containment	audit-required	audit-required	audit-required	audit-required	-	audit-required	-	audit-required	-	audit-required	-	audit-required	-	audit-required	-	audit-required	-	audit-required	-	audit-required	-	audit-required	-	audit-required	-	audit-required	-	audit-required	-	audit-required	-	audit-required	-	audit-required	-	audit-required	-	audit-required	-	audit-required	-	audit-required	-	audit-required	-	liblevenshtein-rust/bindings/swift
liblevenshtein	core-library	distance	ruby	audit-required	byte,unicode-scalar,u64	Enumerable; blocks/ensure; exceptions; explicit close	RubyGems	deterministic-close-plus-leak-containment	audit-required	audit-required	audit-required	audit-required	-	audit-required	-	audit-required	-	audit-required	-	audit-required	-	audit-required	-	audit-required	-	audit-required	-	audit-required	-	audit-required	-	audit-required	-	audit-required	-	audit-required	-	audit-required	-	audit-required	-	audit-required	-	audit-required	-	audit-required	-	audit-required	-	audit-required	-	audit-required	-	liblevenshtein-rust/bindings/ruby
liblevenshtein	core-library	distance	fortran	audit-required	byte,unicode-scalar,u64	modules; derived types; type-bound procedures; finalizers	fpm	deterministic-close-plus-leak-containment	audit-required	audit-required	audit-required	audit-required	-	audit-required	-	audit-required	-	audit-required	-	audit-required	-	audit-required	-	audit-required	-	audit-required	-	audit-required	-	audit-required	-	audit-required	-	audit-required	-	audit-required	-	audit-required	-	audit-required	-	audit-required	-	audit-required	-	audit-required	-	audit-required	-	audit-required	-	audit-required	-	liblevenshtein-rust/bindings/fortran
liblevenshtein	core-library	distance	ocaml	audit-required	byte,unicode-scalar,u64	abstract types; Seq; result; Fun.protect	opam	deterministic-close-plus-leak-containment	audit-required	audit-required	audit-required	audit-required	-	audit-required	-	audit-required	-	audit-required	-	audit-required	-	audit-required	-	audit-required	-	audit-required	-	audit-required	-	audit-required	-	audit-required	-	audit-required	-	audit-required	-	audit-required	-	audit-required	-	audit-required	-	audit-required	-	audit-required	-	audit-required	-	audit-required	-	audit-required	-	liblevenshtein-rust/bindings/ocaml
liblevenshtein	core-library	distance	haskell	audit-required	byte,unicode-scalar,u64	type classes; Foldable; bracket; Either	Hackage	deterministic-close-plus-leak-containment	audit-required	audit-required	audit-required	audit-required	-	audit-required	-	audit-required	-	audit-required	-	audit-required	-	audit-required	-	audit-required	-	audit-required	-	audit-required	-	audit-required	-	audit-required	-	audit-required	-	audit-required	-	audit-required	-	audit-required	-	audit-required	-	audit-required	-	audit-required	-	audit-required	-	audit-required	-	audit-required	-	liblevenshtein-rust/bindings/haskell
liblevenshtein	core-library	distance	lua	audit-required	byte,unicode-scalar,u64	generic-for iterators; __close; tables; error values	LuaRocks	deterministic-close-plus-leak-containment	audit-required	audit-required	audit-required	audit-required	-	audit-required	-	audit-required	-	audit-required	-	audit-required	-	audit-required	-	audit-required	-	audit-required	-	audit-required	-	audit-required	-	audit-required	-	audit-required	-	audit-required	-	audit-required	-	audit-required	-	audit-required	-	audit-required	-	audit-required	-	audit-required	-	audit-required	-	audit-required	-	liblevenshtein-rust/bindings/lua
liblevenshtein	core-library	distance	raku	missing	byte,unicode-scalar,u64	NativeCall; Iterable/Positional/Associative; LEAVE; exceptions	zef/fez	deterministic-close-plus-leak-containment	missing	missing	missing	missing	-	missing	-	missing	-	missing	-	missing	-	missing	-	missing	-	missing	-	missing	-	missing	-	missing	-	missing	-	missing	-	missing	-	missing	-	missing	-	missing	-	missing	-	missing	-	missing	-	missing	-	-
liblevenshtein	core-library	standard	rust	audit-required	byte,unicode-scalar,u64	traits; IntoIterator/Iterator; Result; Drop	crates.io	deterministic-close-plus-leak-containment	audit-required	audit-required	audit-required	audit-required	-	audit-required	-	audit-required	-	audit-required	-	audit-required	-	audit-required	-	audit-required	-	audit-required	-	audit-required	-	audit-required	-	audit-required	-	audit-required	-	audit-required	-	audit-required	-	audit-required	-	audit-required	-	audit-required	-	audit-required	-	audit-required	-	audit-required	-	audit-required	-	liblevenshtein-rust/src/lib.rs
liblevenshtein	core-library	standard	c	audit-required	byte,unicode-scalar,u64	opaque handles; status codes; bounded buffers; vtables	CMake/pkg-config/GitHub Releases	deterministic-close-plus-leak-containment	audit-required	audit-required	audit-required	audit-required	-	audit-required	-	audit-required	-	audit-required	-	audit-required	-	audit-required	-	audit-required	-	audit-required	-	audit-required	-	audit-required	-	audit-required	-	audit-required	-	audit-required	-	audit-required	-	audit-required	-	audit-required	-	audit-required	-	audit-required	-	audit-required	-	audit-required	-	audit-required	-	liblevenshtein-rust/bindings/c
liblevenshtein	core-library	standard	cpp	audit-required	byte,unicode-scalar,u64	RAII; ranges/iterators; move-only handles; typed errors	CMake/pkg-config/GitHub Releases	deterministic-close-plus-leak-containment	audit-required	audit-required	audit-required	audit-required	-	audit-required	-	audit-required	-	audit-required	-	audit-required	-	audit-required	-	audit-required	-	audit-required	-	audit-required	-	audit-required	-	audit-required	-	audit-required	-	audit-required	-	audit-required	-	audit-required	-	audit-required	-	audit-required	-	audit-required	-	audit-required	-	audit-required	-	audit-required	-	liblevenshtein-rust/bindings/cpp
liblevenshtein	core-library	standard	python	audit-required	byte,unicode-scalar,u64	context managers; iterators/collections; exceptions; protocols	PyPI	deterministic-close-plus-leak-containment	audit-required	audit-required	audit-required	audit-required	-	audit-required	-	audit-required	-	audit-required	-	audit-required	-	audit-required	-	audit-required	-	audit-required	-	audit-required	-	audit-required	-	audit-required	-	audit-required	-	audit-required	-	audit-required	-	audit-required	-	audit-required	-	audit-required	-	audit-required	-	audit-required	-	audit-required	-	audit-required	-	liblevenshtein-rust/bindings/python
liblevenshtein	core-library	standard	java	audit-required	byte,unicode-scalar,u64	AutoCloseable/try-with-resources; Collection/Map; Stream/Spliterator; interfaces	Maven Central	deterministic-close-plus-leak-containment	audit-required	audit-required	audit-required	audit-required	-	audit-required	-	audit-required	-	audit-required	-	audit-required	-	audit-required	-	audit-required	-	audit-required	-	audit-required	-	audit-required	-	audit-required	-	audit-required	-	audit-required	-	audit-required	-	audit-required	-	audit-required	-	audit-required	-	audit-required	-	audit-required	-	audit-required	-	audit-required	-	liblevenshtein-rust/bindings/jvm
liblevenshtein	core-library	standard	kotlin	audit-required	byte,unicode-scalar,u64	use; Iterable/Map; Sequence; SAM interfaces	Maven Central	deterministic-close-plus-leak-containment	audit-required	audit-required	audit-required	audit-required	-	audit-required	-	audit-required	-	audit-required	-	audit-required	-	audit-required	-	audit-required	-	audit-required	-	audit-required	-	audit-required	-	audit-required	-	audit-required	-	audit-required	-	audit-required	-	audit-required	-	audit-required	-	audit-required	-	audit-required	-	audit-required	-	audit-required	-	audit-required	-	liblevenshtein-rust/bindings/jvm
liblevenshtein	core-library	standard	scala	audit-required	byte,unicode-scalar,u64	Using/AutoCloseable; Iterable; Iterator; type classes	Maven Central	deterministic-close-plus-leak-containment	audit-required	audit-required	audit-required	audit-required	-	audit-required	-	audit-required	-	audit-required	-	audit-required	-	audit-required	-	audit-required	-	audit-required	-	audit-required	-	audit-required	-	audit-required	-	audit-required	-	audit-required	-	audit-required	-	audit-required	-	audit-required	-	audit-required	-	audit-required	-	audit-required	-	audit-required	-	audit-required	-	liblevenshtein-rust/bindings/jvm
liblevenshtein	core-library	standard	clojure	audit-required	byte,unicode-scalar,u64	Seqable; IReduceInit; Closeable; persistent values	Clojars	deterministic-close-plus-leak-containment	audit-required	audit-required	audit-required	audit-required	-	audit-required	-	audit-required	-	audit-required	-	audit-required	-	audit-required	-	audit-required	-	audit-required	-	audit-required	-	audit-required	-	audit-required	-	audit-required	-	audit-required	-	audit-required	-	audit-required	-	audit-required	-	audit-required	-	audit-required	-	audit-required	-	audit-required	-	audit-required	-	liblevenshtein-rust/bindings/clojure
liblevenshtein	core-library	standard	csharp	audit-required	byte,unicode-scalar,u64	IDisposable/using; IEnumerable/IDictionary; exceptions; interfaces	NuGet	deterministic-close-plus-leak-containment	audit-required	audit-required	audit-required	audit-required	-	audit-required	-	audit-required	-	audit-required	-	audit-required	-	audit-required	-	audit-required	-	audit-required	-	audit-required	-	audit-required	-	audit-required	-	audit-required	-	audit-required	-	audit-required	-	audit-required	-	audit-required	-	audit-required	-	audit-required	-	audit-required	-	audit-required	-	audit-required	-	liblevenshtein-rust/bindings/dotnet
liblevenshtein	core-library	standard	fsharp	audit-required	byte,unicode-scalar,u64	use/use!; seq; Result; object expressions; interfaces	NuGet	deterministic-close-plus-leak-containment	audit-required	audit-required	audit-required	audit-required	-	audit-required	-	audit-required	-	audit-required	-	audit-required	-	audit-required	-	audit-required	-	audit-required	-	audit-required	-	audit-required	-	audit-required	-	audit-required	-	audit-required	-	audit-required	-	audit-required	-	audit-required	-	audit-required	-	audit-required	-	audit-required	-	audit-required	-	audit-required	-	liblevenshtein-rust/bindings/dotnet
liblevenshtein	core-library	standard	go	audit-required	byte,unicode-scalar,u64	interfaces; iter.Seq; io.Closer; errors	Go module proxy	deterministic-close-plus-leak-containment	audit-required	audit-required	audit-required	audit-required	-	audit-required	-	audit-required	-	audit-required	-	audit-required	-	audit-required	-	audit-required	-	audit-required	-	audit-required	-	audit-required	-	audit-required	-	audit-required	-	audit-required	-	audit-required	-	audit-required	-	audit-required	-	audit-required	-	audit-required	-	audit-required	-	audit-required	-	audit-required	-	liblevenshtein-rust/bindings/go
liblevenshtein	core-library	standard	javascript	audit-required	byte,unicode-scalar,u64	Symbol.iterator; Symbol.dispose; Error; native/WASM/WASI runtime identity	npm	deterministic-close-plus-leak-containment	audit-required	audit-required	audit-required	audit-required	-	audit-required	-	audit-required	-	audit-required	-	audit-required	-	audit-required	-	audit-required	-	audit-required	-	audit-required	-	audit-required	-	audit-required	-	audit-required	-	audit-required	-	audit-required	-	audit-required	-	audit-required	-	audit-required	-	audit-required	-	audit-required	-	audit-required	-	audit-required	-	liblevenshtein-rust/bindings/javascript
liblevenshtein	core-library	standard	typescript	audit-required	byte,unicode-scalar,u64	structural interfaces; Iterable; Disposable; discriminated errors	npm	deterministic-close-plus-leak-containment	audit-required	audit-required	audit-required	audit-required	-	audit-required	-	audit-required	-	audit-required	-	audit-required	-	audit-required	-	audit-required	-	audit-required	-	audit-required	-	audit-required	-	audit-required	-	audit-required	-	audit-required	-	audit-required	-	audit-required	-	audit-required	-	audit-required	-	audit-required	-	audit-required	-	audit-required	-	audit-required	-	liblevenshtein-rust/bindings/javascript
liblevenshtein	core-library	standard	clojurescript	audit-required	byte,unicode-scalar,u64	ISeqable; IReduce; protocol dispatch; close!	npm	deterministic-close-plus-leak-containment	audit-required	audit-required	audit-required	audit-required	-	audit-required	-	audit-required	-	audit-required	-	audit-required	-	audit-required	-	audit-required	-	audit-required	-	audit-required	-	audit-required	-	audit-required	-	audit-required	-	audit-required	-	audit-required	-	audit-required	-	audit-required	-	audit-required	-	audit-required	-	audit-required	-	audit-required	-	audit-required	-	liblevenshtein-rust/bindings/javascript/cljs
liblevenshtein	core-library	standard	swift	audit-required	byte,unicode-scalar,u64	Sequence/Collection; protocols; throws; deterministic scoped ownership	Swift Package Index	deterministic-close-plus-leak-containment	audit-required	audit-required	audit-required	audit-required	-	audit-required	-	audit-required	-	audit-required	-	audit-required	-	audit-required	-	audit-required	-	audit-required	-	audit-required	-	audit-required	-	audit-required	-	audit-required	-	audit-required	-	audit-required	-	audit-required	-	audit-required	-	audit-required	-	audit-required	-	audit-required	-	audit-required	-	audit-required	-	liblevenshtein-rust/bindings/swift
liblevenshtein	core-library	standard	ruby	audit-required	byte,unicode-scalar,u64	Enumerable; blocks/ensure; exceptions; explicit close	RubyGems	deterministic-close-plus-leak-containment	audit-required	audit-required	audit-required	audit-required	-	audit-required	-	audit-required	-	audit-required	-	audit-required	-	audit-required	-	audit-required	-	audit-required	-	audit-required	-	audit-required	-	audit-required	-	audit-required	-	audit-required	-	audit-required	-	audit-required	-	audit-required	-	audit-required	-	audit-required	-	audit-required	-	audit-required	-	audit-required	-	liblevenshtein-rust/bindings/ruby
liblevenshtein	core-library	standard	fortran	audit-required	byte,unicode-scalar,u64	modules; derived types; type-bound procedures; finalizers	fpm	deterministic-close-plus-leak-containment	audit-required	audit-required	audit-required	audit-required	-	audit-required	-	audit-required	-	audit-required	-	audit-required	-	audit-required	-	audit-required	-	audit-required	-	audit-required	-	audit-required	-	audit-required	-	audit-required	-	audit-required	-	audit-required	-	audit-required	-	audit-required	-	audit-required	-	audit-required	-	audit-required	-	audit-required	-	audit-required	-	liblevenshtein-rust/bindings/fortran
liblevenshtein	core-library	standard	ocaml	audit-required	byte,unicode-scalar,u64	abstract types; Seq; result; Fun.protect	opam	deterministic-close-plus-leak-containment	audit-required	audit-required	audit-required	audit-required	-	audit-required	-	audit-required	-	audit-required	-	audit-required	-	audit-required	-	audit-required	-	audit-required	-	audit-required	-	audit-required	-	audit-required	-	audit-required	-	audit-required	-	audit-required	-	audit-required	-	audit-required	-	audit-required	-	audit-required	-	audit-required	-	audit-required	-	audit-required	-	liblevenshtein-rust/bindings/ocaml
liblevenshtein	core-library	standard	haskell	audit-required	byte,unicode-scalar,u64	type classes; Foldable; bracket; Either	Hackage	deterministic-close-plus-leak-containment	audit-required	audit-required	audit-required	audit-required	-	audit-required	-	audit-required	-	audit-required	-	audit-required	-	audit-required	-	audit-required	-	audit-required	-	audit-required	-	audit-required	-	audit-required	-	audit-required	-	audit-required	-	audit-required	-	audit-required	-	audit-required	-	audit-required	-	audit-required	-	audit-required	-	audit-required	-	audit-required	-	liblevenshtein-rust/bindings/haskell
liblevenshtein	core-library	standard	lua	audit-required	byte,unicode-scalar,u64	generic-for iterators; __close; tables; error values	LuaRocks	deterministic-close-plus-leak-containment	audit-required	audit-required	audit-required	audit-required	-	audit-required	-	audit-required	-	audit-required	-	audit-required	-	audit-required	-	audit-required	-	audit-required	-	audit-required	-	audit-required	-	audit-required	-	audit-required	-	audit-required	-	audit-required	-	audit-required	-	audit-required	-	audit-required	-	audit-required	-	audit-required	-	audit-required	-	audit-required	-	liblevenshtein-rust/bindings/lua
liblevenshtein	core-library	standard	raku	missing	byte,unicode-scalar,u64	NativeCall; Iterable/Positional/Associative; LEAVE; exceptions	zef/fez	deterministic-close-plus-leak-containment	missing	missing	missing	missing	-	missing	-	missing	-	missing	-	missing	-	missing	-	missing	-	missing	-	missing	-	missing	-	missing	-	missing	-	missing	-	missing	-	missing	-	missing	-	missing	-	missing	-	missing	-	missing	-	missing	-	-
liblevenshtein	core-library	transposition	rust	audit-required	byte,unicode-scalar,u64	traits; IntoIterator/Iterator; Result; Drop	crates.io	deterministic-close-plus-leak-containment	audit-required	audit-required	audit-required	audit-required	-	audit-required	-	audit-required	-	audit-required	-	audit-required	-	audit-required	-	audit-required	-	audit-required	-	audit-required	-	audit-required	-	audit-required	-	audit-required	-	audit-required	-	audit-required	-	audit-required	-	audit-required	-	audit-required	-	audit-required	-	audit-required	-	audit-required	-	audit-required	-	liblevenshtein-rust/src/lib.rs
liblevenshtein	core-library	transposition	c	audit-required	byte,unicode-scalar,u64	opaque handles; status codes; bounded buffers; vtables	CMake/pkg-config/GitHub Releases	deterministic-close-plus-leak-containment	audit-required	audit-required	audit-required	audit-required	-	audit-required	-	audit-required	-	audit-required	-	audit-required	-	audit-required	-	audit-required	-	audit-required	-	audit-required	-	audit-required	-	audit-required	-	audit-required	-	audit-required	-	audit-required	-	audit-required	-	audit-required	-	audit-required	-	audit-required	-	audit-required	-	audit-required	-	audit-required	-	liblevenshtein-rust/bindings/c
liblevenshtein	core-library	transposition	cpp	audit-required	byte,unicode-scalar,u64	RAII; ranges/iterators; move-only handles; typed errors	CMake/pkg-config/GitHub Releases	deterministic-close-plus-leak-containment	audit-required	audit-required	audit-required	audit-required	-	audit-required	-	audit-required	-	audit-required	-	audit-required	-	audit-required	-	audit-required	-	audit-required	-	audit-required	-	audit-required	-	audit-required	-	audit-required	-	audit-required	-	audit-required	-	audit-required	-	audit-required	-	audit-required	-	audit-required	-	audit-required	-	audit-required	-	audit-required	-	liblevenshtein-rust/bindings/cpp
liblevenshtein	core-library	transposition	python	audit-required	byte,unicode-scalar,u64	context managers; iterators/collections; exceptions; protocols	PyPI	deterministic-close-plus-leak-containment	audit-required	audit-required	audit-required	audit-required	-	audit-required	-	audit-required	-	audit-required	-	audit-required	-	audit-required	-	audit-required	-	audit-required	-	audit-required	-	audit-required	-	audit-required	-	audit-required	-	audit-required	-	audit-required	-	audit-required	-	audit-required	-	audit-required	-	audit-required	-	audit-required	-	audit-required	-	audit-required	-	liblevenshtein-rust/bindings/python
liblevenshtein	core-library	transposition	java	audit-required	byte,unicode-scalar,u64	AutoCloseable/try-with-resources; Collection/Map; Stream/Spliterator; interfaces	Maven Central	deterministic-close-plus-leak-containment	audit-required	audit-required	audit-required	audit-required	-	audit-required	-	audit-required	-	audit-required	-	audit-required	-	audit-required	-	audit-required	-	audit-required	-	audit-required	-	audit-required	-	audit-required	-	audit-required	-	audit-required	-	audit-required	-	audit-required	-	audit-required	-	audit-required	-	audit-required	-	audit-required	-	audit-required	-	audit-required	-	liblevenshtein-rust/bindings/jvm
liblevenshtein	core-library	transposition	kotlin	audit-required	byte,unicode-scalar,u64	use; Iterable/Map; Sequence; SAM interfaces	Maven Central	deterministic-close-plus-leak-containment	audit-required	audit-required	audit-required	audit-required	-	audit-required	-	audit-required	-	audit-required	-	audit-required	-	audit-required	-	audit-required	-	audit-required	-	audit-required	-	audit-required	-	audit-required	-	audit-required	-	audit-required	-	audit-required	-	audit-required	-	audit-required	-	audit-required	-	audit-required	-	audit-required	-	audit-required	-	audit-required	-	liblevenshtein-rust/bindings/jvm
liblevenshtein	core-library	transposition	scala	audit-required	byte,unicode-scalar,u64	Using/AutoCloseable; Iterable; Iterator; type classes	Maven Central	deterministic-close-plus-leak-containment	audit-required	audit-required	audit-required	audit-required	-	audit-required	-	audit-required	-	audit-required	-	audit-required	-	audit-required	-	audit-required	-	audit-required	-	audit-required	-	audit-required	-	audit-required	-	audit-required	-	audit-required	-	audit-required	-	audit-required	-	audit-required	-	audit-required	-	audit-required	-	audit-required	-	audit-required	-	audit-required	-	liblevenshtein-rust/bindings/jvm
liblevenshtein	core-library	transposition	clojure	audit-required	byte,unicode-scalar,u64	Seqable; IReduceInit; Closeable; persistent values	Clojars	deterministic-close-plus-leak-containment	audit-required	audit-required	audit-required	audit-required	-	audit-required	-	audit-required	-	audit-required	-	audit-required	-	audit-required	-	audit-required	-	audit-required	-	audit-required	-	audit-required	-	audit-required	-	audit-required	-	audit-required	-	audit-required	-	audit-required	-	audit-required	-	audit-required	-	audit-required	-	audit-required	-	audit-required	-	audit-required	-	liblevenshtein-rust/bindings/clojure
liblevenshtein	core-library	transposition	csharp	audit-required	byte,unicode-scalar,u64	IDisposable/using; IEnumerable/IDictionary; exceptions; interfaces	NuGet	deterministic-close-plus-leak-containment	audit-required	audit-required	audit-required	audit-required	-	audit-required	-	audit-required	-	audit-required	-	audit-required	-	audit-required	-	audit-required	-	audit-required	-	audit-required	-	audit-required	-	audit-required	-	audit-required	-	audit-required	-	audit-required	-	audit-required	-	audit-required	-	audit-required	-	audit-required	-	audit-required	-	audit-required	-	audit-required	-	liblevenshtein-rust/bindings/dotnet
liblevenshtein	core-library	transposition	fsharp	audit-required	byte,unicode-scalar,u64	use/use!; seq; Result; object expressions; interfaces	NuGet	deterministic-close-plus-leak-containment	audit-required	audit-required	audit-required	audit-required	-	audit-required	-	audit-required	-	audit-required	-	audit-required	-	audit-required	-	audit-required	-	audit-required	-	audit-required	-	audit-required	-	audit-required	-	audit-required	-	audit-required	-	audit-required	-	audit-required	-	audit-required	-	audit-required	-	audit-required	-	audit-required	-	audit-required	-	audit-required	-	liblevenshtein-rust/bindings/dotnet
liblevenshtein	core-library	transposition	go	audit-required	byte,unicode-scalar,u64	interfaces; iter.Seq; io.Closer; errors	Go module proxy	deterministic-close-plus-leak-containment	audit-required	audit-required	audit-required	audit-required	-	audit-required	-	audit-required	-	audit-required	-	audit-required	-	audit-required	-	audit-required	-	audit-required	-	audit-required	-	audit-required	-	audit-required	-	audit-required	-	audit-required	-	audit-required	-	audit-required	-	audit-required	-	audit-required	-	audit-required	-	audit-required	-	audit-required	-	audit-required	-	liblevenshtein-rust/bindings/go
liblevenshtein	core-library	transposition	javascript	audit-required	byte,unicode-scalar,u64	Symbol.iterator; Symbol.dispose; Error; native/WASM/WASI runtime identity	npm	deterministic-close-plus-leak-containment	audit-required	audit-required	audit-required	audit-required	-	audit-required	-	audit-required	-	audit-required	-	audit-required	-	audit-required	-	audit-required	-	audit-required	-	audit-required	-	audit-required	-	audit-required	-	audit-required	-	audit-required	-	audit-required	-	audit-required	-	audit-required	-	audit-required	-	audit-required	-	audit-required	-	audit-required	-	audit-required	-	liblevenshtein-rust/bindings/javascript
liblevenshtein	core-library	transposition	typescript	audit-required	byte,unicode-scalar,u64	structural interfaces; Iterable; Disposable; discriminated errors	npm	deterministic-close-plus-leak-containment	audit-required	audit-required	audit-required	audit-required	-	audit-required	-	audit-required	-	audit-required	-	audit-required	-	audit-required	-	audit-required	-	audit-required	-	audit-required	-	audit-required	-	audit-required	-	audit-required	-	audit-required	-	audit-required	-	audit-required	-	audit-required	-	audit-required	-	audit-required	-	audit-required	-	audit-required	-	audit-required	-	liblevenshtein-rust/bindings/javascript
liblevenshtein	core-library	transposition	clojurescript	audit-required	byte,unicode-scalar,u64	ISeqable; IReduce; protocol dispatch; close!	npm	deterministic-close-plus-leak-containment	audit-required	audit-required	audit-required	audit-required	-	audit-required	-	audit-required	-	audit-required	-	audit-required	-	audit-required	-	audit-required	-	audit-required	-	audit-required	-	audit-required	-	audit-required	-	audit-required	-	audit-required	-	audit-required	-	audit-required	-	audit-required	-	audit-required	-	audit-required	-	audit-required	-	audit-required	-	audit-required	-	liblevenshtein-rust/bindings/javascript/cljs
liblevenshtein	core-library	transposition	swift	audit-required	byte,unicode-scalar,u64	Sequence/Collection; protocols; throws; deterministic scoped ownership	Swift Package Index	deterministic-close-plus-leak-containment	audit-required	audit-required	audit-required	audit-required	-	audit-required	-	audit-required	-	audit-required	-	audit-required	-	audit-required	-	audit-required	-	audit-required	-	audit-required	-	audit-required	-	audit-required	-	audit-required	-	audit-required	-	audit-required	-	audit-required	-	audit-required	-	audit-required	-	audit-required	-	audit-required	-	audit-required	-	audit-required	-	liblevenshtein-rust/bindings/swift
liblevenshtein	core-library	transposition	ruby	audit-required	byte,unicode-scalar,u64	Enumerable; blocks/ensure; exceptions; explicit close	RubyGems	deterministic-close-plus-leak-containment	audit-required	audit-required	audit-required	audit-required	-	audit-required	-	audit-required	-	audit-required	-	audit-required	-	audit-required	-	audit-required	-	audit-required	-	audit-required	-	audit-required	-	audit-required	-	audit-required	-	audit-required	-	audit-required	-	audit-required	-	audit-required	-	audit-required	-	audit-required	-	audit-required	-	audit-required	-	audit-required	-	liblevenshtein-rust/bindings/ruby
liblevenshtein	core-library	transposition	fortran	audit-required	byte,unicode-scalar,u64	modules; derived types; type-bound procedures; finalizers	fpm	deterministic-close-plus-leak-containment	audit-required	audit-required	audit-required	audit-required	-	audit-required	-	audit-required	-	audit-required	-	audit-required	-	audit-required	-	audit-required	-	audit-required	-	audit-required	-	audit-required	-	audit-required	-	audit-required	-	audit-required	-	audit-required	-	audit-required	-	audit-required	-	audit-required	-	audit-required	-	audit-required	-	audit-required	-	audit-required	-	liblevenshtein-rust/bindings/fortran
liblevenshtein	core-library	transposition	ocaml	audit-required	byte,unicode-scalar,u64	abstract types; Seq; result; Fun.protect	opam	deterministic-close-plus-leak-containment	audit-required	audit-required	audit-required	audit-required	-	audit-required	-	audit-required	-	audit-required	-	audit-required	-	audit-required	-	audit-required	-	audit-required	-	audit-required	-	audit-required	-	audit-required	-	audit-required	-	audit-required	-	audit-required	-	audit-required	-	audit-required	-	audit-required	-	audit-required	-	audit-required	-	audit-required	-	audit-required	-	liblevenshtein-rust/bindings/ocaml
liblevenshtein	core-library	transposition	haskell	audit-required	byte,unicode-scalar,u64	type classes; Foldable; bracket; Either	Hackage	deterministic-close-plus-leak-containment	audit-required	audit-required	audit-required	audit-required	-	audit-required	-	audit-required	-	audit-required	-	audit-required	-	audit-required	-	audit-required	-	audit-required	-	audit-required	-	audit-required	-	audit-required	-	audit-required	-	audit-required	-	audit-required	-	audit-required	-	audit-required	-	audit-required	-	audit-required	-	audit-required	-	audit-required	-	audit-required	-	liblevenshtein-rust/bindings/haskell
liblevenshtein	core-library	transposition	lua	audit-required	byte,unicode-scalar,u64	generic-for iterators; __close; tables; error values	LuaRocks	deterministic-close-plus-leak-containment	audit-required	audit-required	audit-required	audit-required	-	audit-required	-	audit-required	-	audit-required	-	audit-required	-	audit-required	-	audit-required	-	audit-required	-	audit-required	-	audit-required	-	audit-required	-	audit-required	-	audit-required	-	audit-required	-	audit-required	-	audit-required	-	audit-required	-	audit-required	-	audit-required	-	audit-required	-	audit-required	-	liblevenshtein-rust/bindings/lua
liblevenshtein	core-library	transposition	raku	missing	byte,unicode-scalar,u64	NativeCall; Iterable/Positional/Associative; LEAVE; exceptions	zef/fez	deterministic-close-plus-leak-containment	missing	missing	missing	missing	-	missing	-	missing	-	missing	-	missing	-	missing	-	missing	-	missing	-	missing	-	missing	-	missing	-	missing	-	missing	-	missing	-	missing	-	missing	-	missing	-	missing	-	missing	-	missing	-	missing	-	-
liblevenshtein	core-library	damerau-levenshtein	rust	audit-required	byte,unicode-scalar,u64	traits; IntoIterator/Iterator; Result; Drop	crates.io	deterministic-close-plus-leak-containment	audit-required	audit-required	audit-required	audit-required	-	audit-required	-	audit-required	-	audit-required	-	audit-required	-	audit-required	-	audit-required	-	audit-required	-	audit-required	-	audit-required	-	audit-required	-	audit-required	-	audit-required	-	audit-required	-	audit-required	-	audit-required	-	audit-required	-	audit-required	-	audit-required	-	audit-required	-	audit-required	-	liblevenshtein-rust/src/lib.rs
liblevenshtein	core-library	damerau-levenshtein	c	audit-required	byte,unicode-scalar,u64	opaque handles; status codes; bounded buffers; vtables	CMake/pkg-config/GitHub Releases	deterministic-close-plus-leak-containment	audit-required	audit-required	audit-required	audit-required	-	audit-required	-	audit-required	-	audit-required	-	audit-required	-	audit-required	-	audit-required	-	audit-required	-	audit-required	-	audit-required	-	audit-required	-	audit-required	-	audit-required	-	audit-required	-	audit-required	-	audit-required	-	audit-required	-	audit-required	-	audit-required	-	audit-required	-	audit-required	-	liblevenshtein-rust/bindings/c
liblevenshtein	core-library	damerau-levenshtein	cpp	audit-required	byte,unicode-scalar,u64	RAII; ranges/iterators; move-only handles; typed errors	CMake/pkg-config/GitHub Releases	deterministic-close-plus-leak-containment	audit-required	audit-required	audit-required	audit-required	-	audit-required	-	audit-required	-	audit-required	-	audit-required	-	audit-required	-	audit-required	-	audit-required	-	audit-required	-	audit-required	-	audit-required	-	audit-required	-	audit-required	-	audit-required	-	audit-required	-	audit-required	-	audit-required	-	audit-required	-	audit-required	-	audit-required	-	audit-required	-	liblevenshtein-rust/bindings/cpp
liblevenshtein	core-library	damerau-levenshtein	python	audit-required	byte,unicode-scalar,u64	context managers; iterators/collections; exceptions; protocols	PyPI	deterministic-close-plus-leak-containment	audit-required	audit-required	audit-required	audit-required	-	audit-required	-	audit-required	-	audit-required	-	audit-required	-	audit-required	-	audit-required	-	audit-required	-	audit-required	-	audit-required	-	audit-required	-	audit-required	-	audit-required	-	audit-required	-	audit-required	-	audit-required	-	audit-required	-	audit-required	-	audit-required	-	audit-required	-	audit-required	-	liblevenshtein-rust/bindings/python
liblevenshtein	core-library	damerau-levenshtein	java	audit-required	byte,unicode-scalar,u64	AutoCloseable/try-with-resources; Collection/Map; Stream/Spliterator; interfaces	Maven Central	deterministic-close-plus-leak-containment	audit-required	audit-required	audit-required	audit-required	-	audit-required	-	audit-required	-	audit-required	-	audit-required	-	audit-required	-	audit-required	-	audit-required	-	audit-required	-	audit-required	-	audit-required	-	audit-required	-	audit-required	-	audit-required	-	audit-required	-	audit-required	-	audit-required	-	audit-required	-	audit-required	-	audit-required	-	audit-required	-	liblevenshtein-rust/bindings/jvm
liblevenshtein	core-library	damerau-levenshtein	kotlin	audit-required	byte,unicode-scalar,u64	use; Iterable/Map; Sequence; SAM interfaces	Maven Central	deterministic-close-plus-leak-containment	audit-required	audit-required	audit-required	audit-required	-	audit-required	-	audit-required	-	audit-required	-	audit-required	-	audit-required	-	audit-required	-	audit-required	-	audit-required	-	audit-required	-	audit-required	-	audit-required	-	audit-required	-	audit-required	-	audit-required	-	audit-required	-	audit-required	-	audit-required	-	audit-required	-	audit-required	-	audit-required	-	liblevenshtein-rust/bindings/jvm
liblevenshtein	core-library	damerau-levenshtein	scala	audit-required	byte,unicode-scalar,u64	Using/AutoCloseable; Iterable; Iterator; type classes	Maven Central	deterministic-close-plus-leak-containment	audit-required	audit-required	audit-required	audit-required	-	audit-required	-	audit-required	-	audit-required	-	audit-required	-	audit-required	-	audit-required	-	audit-required	-	audit-required	-	audit-required	-	audit-required	-	audit-required	-	audit-required	-	audit-required	-	audit-required	-	audit-required	-	audit-required	-	audit-required	-	audit-required	-	audit-required	-	audit-required	-	liblevenshtein-rust/bindings/jvm
liblevenshtein	core-library	damerau-levenshtein	clojure	audit-required	byte,unicode-scalar,u64	Seqable; IReduceInit; Closeable; persistent values	Clojars	deterministic-close-plus-leak-containment	audit-required	audit-required	audit-required	audit-required	-	audit-required	-	audit-required	-	audit-required	-	audit-required	-	audit-required	-	audit-required	-	audit-required	-	audit-required	-	audit-required	-	audit-required	-	audit-required	-	audit-required	-	audit-required	-	audit-required	-	audit-required	-	audit-required	-	audit-required	-	audit-required	-	audit-required	-	audit-required	-	liblevenshtein-rust/bindings/clojure
liblevenshtein	core-library	damerau-levenshtein	csharp	audit-required	byte,unicode-scalar,u64	IDisposable/using; IEnumerable/IDictionary; exceptions; interfaces	NuGet	deterministic-close-plus-leak-containment	audit-required	audit-required	audit-required	audit-required	-	audit-required	-	audit-required	-	audit-required	-	audit-required	-	audit-required	-	audit-required	-	audit-required	-	audit-required	-	audit-required	-	audit-required	-	audit-required	-	audit-required	-	audit-required	-	audit-required	-	audit-required	-	audit-required	-	audit-required	-	audit-required	-	audit-required	-	audit-required	-	liblevenshtein-rust/bindings/dotnet
liblevenshtein	core-library	damerau-levenshtein	fsharp	audit-required	byte,unicode-scalar,u64	use/use!; seq; Result; object expressions; interfaces	NuGet	deterministic-close-plus-leak-containment	audit-required	audit-required	audit-required	audit-required	-	audit-required	-	audit-required	-	audit-required	-	audit-required	-	audit-required	-	audit-required	-	audit-required	-	audit-required	-	audit-required	-	audit-required	-	audit-required	-	audit-required	-	audit-required	-	audit-required	-	audit-required	-	audit-required	-	audit-required	-	audit-required	-	audit-required	-	audit-required	-	liblevenshtein-rust/bindings/dotnet
liblevenshtein	core-library	damerau-levenshtein	go	audit-required	byte,unicode-scalar,u64	interfaces; iter.Seq; io.Closer; errors	Go module proxy	deterministic-close-plus-leak-containment	audit-required	audit-required	audit-required	audit-required	-	audit-required	-	audit-required	-	audit-required	-	audit-required	-	audit-required	-	audit-required	-	audit-required	-	audit-required	-	audit-required	-	audit-required	-	audit-required	-	audit-required	-	audit-required	-	audit-required	-	audit-required	-	audit-required	-	audit-required	-	audit-required	-	audit-required	-	audit-required	-	liblevenshtein-rust/bindings/go
liblevenshtein	core-library	damerau-levenshtein	javascript	audit-required	byte,unicode-scalar,u64	Symbol.iterator; Symbol.dispose; Error; native/WASM/WASI runtime identity	npm	deterministic-close-plus-leak-containment	audit-required	audit-required	audit-required	audit-required	-	audit-required	-	audit-required	-	audit-required	-	audit-required	-	audit-required	-	audit-required	-	audit-required	-	audit-required	-	audit-required	-	audit-required	-	audit-required	-	audit-required	-	audit-required	-	audit-required	-	audit-required	-	audit-required	-	audit-required	-	audit-required	-	audit-required	-	audit-required	-	liblevenshtein-rust/bindings/javascript
liblevenshtein	core-library	damerau-levenshtein	typescript	audit-required	byte,unicode-scalar,u64	structural interfaces; Iterable; Disposable; discriminated errors	npm	deterministic-close-plus-leak-containment	audit-required	audit-required	audit-required	audit-required	-	audit-required	-	audit-required	-	audit-required	-	audit-required	-	audit-required	-	audit-required	-	audit-required	-	audit-required	-	audit-required	-	audit-required	-	audit-required	-	audit-required	-	audit-required	-	audit-required	-	audit-required	-	audit-required	-	audit-required	-	audit-required	-	audit-required	-	audit-required	-	liblevenshtein-rust/bindings/javascript
liblevenshtein	core-library	damerau-levenshtein	clojurescript	audit-required	byte,unicode-scalar,u64	ISeqable; IReduce; protocol dispatch; close!	npm	deterministic-close-plus-leak-containment	audit-required	audit-required	audit-required	audit-required	-	audit-required	-	audit-required	-	audit-required	-	audit-required	-	audit-required	-	audit-required	-	audit-required	-	audit-required	-	audit-required	-	audit-required	-	audit-required	-	audit-required	-	audit-required	-	audit-required	-	audit-required	-	audit-required	-	audit-required	-	audit-required	-	audit-required	-	audit-required	-	liblevenshtein-rust/bindings/javascript/cljs
liblevenshtein	core-library	damerau-levenshtein	swift	audit-required	byte,unicode-scalar,u64	Sequence/Collection; protocols; throws; deterministic scoped ownership	Swift Package Index	deterministic-close-plus-leak-containment	audit-required	audit-required	audit-required	audit-required	-	audit-required	-	audit-required	-	audit-required	-	audit-required	-	audit-required	-	audit-required	-	audit-required	-	audit-required	-	audit-required	-	audit-required	-	audit-required	-	audit-required	-	audit-required	-	audit-required	-	audit-required	-	audit-required	-	audit-required	-	audit-required	-	audit-required	-	audit-required	-	liblevenshtein-rust/bindings/swift
liblevenshtein	core-library	damerau-levenshtein	ruby	audit-required	byte,unicode-scalar,u64	Enumerable; blocks/ensure; exceptions; explicit close	RubyGems	deterministic-close-plus-leak-containment	audit-required	audit-required	audit-required	audit-required	-	audit-required	-	audit-required	-	audit-required	-	audit-required	-	audit-required	-	audit-required	-	audit-required	-	audit-required	-	audit-required	-	audit-required	-	audit-required	-	audit-required	-	audit-required	-	audit-required	-	audit-required	-	audit-required	-	audit-required	-	audit-required	-	audit-required	-	audit-required	-	liblevenshtein-rust/bindings/ruby
liblevenshtein	core-library	damerau-levenshtein	fortran	audit-required	byte,unicode-scalar,u64	modules; derived types; type-bound procedures; finalizers	fpm	deterministic-close-plus-leak-containment	audit-required	audit-required	audit-required	audit-required	-	audit-required	-	audit-required	-	audit-required	-	audit-required	-	audit-required	-	audit-required	-	audit-required	-	audit-required	-	audit-required	-	audit-required	-	audit-required	-	audit-required	-	audit-required	-	audit-required	-	audit-required	-	audit-required	-	audit-required	-	audit-required	-	audit-required	-	audit-required	-	liblevenshtein-rust/bindings/fortran
liblevenshtein	core-library	damerau-levenshtein	ocaml	audit-required	byte,unicode-scalar,u64	abstract types; Seq; result; Fun.protect	opam	deterministic-close-plus-leak-containment	audit-required	audit-required	audit-required	audit-required	-	audit-required	-	audit-required	-	audit-required	-	audit-required	-	audit-required	-	audit-required	-	audit-required	-	audit-required	-	audit-required	-	audit-required	-	audit-required	-	audit-required	-	audit-required	-	audit-required	-	audit-required	-	audit-required	-	audit-required	-	audit-required	-	audit-required	-	audit-required	-	liblevenshtein-rust/bindings/ocaml
liblevenshtein	core-library	damerau-levenshtein	haskell	audit-required	byte,unicode-scalar,u64	type classes; Foldable; bracket; Either	Hackage	deterministic-close-plus-leak-containment	audit-required	audit-required	audit-required	audit-required	-	audit-required	-	audit-required	-	audit-required	-	audit-required	-	audit-required	-	audit-required	-	audit-required	-	audit-required	-	audit-required	-	audit-required	-	audit-required	-	audit-required	-	audit-required	-	audit-required	-	audit-required	-	audit-required	-	audit-required	-	audit-required	-	audit-required	-	audit-required	-	liblevenshtein-rust/bindings/haskell
liblevenshtein	core-library	damerau-levenshtein	lua	audit-required	byte,unicode-scalar,u64	generic-for iterators; __close; tables; error values	LuaRocks	deterministic-close-plus-leak-containment	audit-required	audit-required	audit-required	audit-required	-	audit-required	-	audit-required	-	audit-required	-	audit-required	-	audit-required	-	audit-required	-	audit-required	-	audit-required	-	audit-required	-	audit-required	-	audit-required	-	audit-required	-	audit-required	-	audit-required	-	audit-required	-	audit-required	-	audit-required	-	audit-required	-	audit-required	-	audit-required	-	liblevenshtein-rust/bindings/lua
liblevenshtein	core-library	damerau-levenshtein	raku	missing	byte,unicode-scalar,u64	NativeCall; Iterable/Positional/Associative; LEAVE; exceptions	zef/fez	deterministic-close-plus-leak-containment	missing	missing	missing	missing	-	missing	-	missing	-	missing	-	missing	-	missing	-	missing	-	missing	-	missing	-	missing	-	missing	-	missing	-	missing	-	missing	-	missing	-	missing	-	missing	-	missing	-	missing	-	missing	-	missing	-	-
liblevenshtein	core-library	merge-and-split	rust	audit-required	byte,unicode-scalar,u64	traits; IntoIterator/Iterator; Result; Drop	crates.io	deterministic-close-plus-leak-containment	audit-required	audit-required	audit-required	audit-required	-	audit-required	-	audit-required	-	audit-required	-	audit-required	-	audit-required	-	audit-required	-	audit-required	-	audit-required	-	audit-required	-	audit-required	-	audit-required	-	audit-required	-	audit-required	-	audit-required	-	audit-required	-	audit-required	-	audit-required	-	audit-required	-	audit-required	-	audit-required	-	liblevenshtein-rust/src/lib.rs
liblevenshtein	core-library	merge-and-split	c	audit-required	byte,unicode-scalar,u64	opaque handles; status codes; bounded buffers; vtables	CMake/pkg-config/GitHub Releases	deterministic-close-plus-leak-containment	audit-required	audit-required	audit-required	audit-required	-	audit-required	-	audit-required	-	audit-required	-	audit-required	-	audit-required	-	audit-required	-	audit-required	-	audit-required	-	audit-required	-	audit-required	-	audit-required	-	audit-required	-	audit-required	-	audit-required	-	audit-required	-	audit-required	-	audit-required	-	audit-required	-	audit-required	-	audit-required	-	liblevenshtein-rust/bindings/c
liblevenshtein	core-library	merge-and-split	cpp	audit-required	byte,unicode-scalar,u64	RAII; ranges/iterators; move-only handles; typed errors	CMake/pkg-config/GitHub Releases	deterministic-close-plus-leak-containment	audit-required	audit-required	audit-required	audit-required	-	audit-required	-	audit-required	-	audit-required	-	audit-required	-	audit-required	-	audit-required	-	audit-required	-	audit-required	-	audit-required	-	audit-required	-	audit-required	-	audit-required	-	audit-required	-	audit-required	-	audit-required	-	audit-required	-	audit-required	-	audit-required	-	audit-required	-	audit-required	-	liblevenshtein-rust/bindings/cpp
liblevenshtein	core-library	merge-and-split	python	audit-required	byte,unicode-scalar,u64	context managers; iterators/collections; exceptions; protocols	PyPI	deterministic-close-plus-leak-containment	audit-required	audit-required	audit-required	audit-required	-	audit-required	-	audit-required	-	audit-required	-	audit-required	-	audit-required	-	audit-required	-	audit-required	-	audit-required	-	audit-required	-	audit-required	-	audit-required	-	audit-required	-	audit-required	-	audit-required	-	audit-required	-	audit-required	-	audit-required	-	audit-required	-	audit-required	-	audit-required	-	liblevenshtein-rust/bindings/python
liblevenshtein	core-library	merge-and-split	java	audit-required	byte,unicode-scalar,u64	AutoCloseable/try-with-resources; Collection/Map; Stream/Spliterator; interfaces	Maven Central	deterministic-close-plus-leak-containment	audit-required	audit-required	audit-required	audit-required	-	audit-required	-	audit-required	-	audit-required	-	audit-required	-	audit-required	-	audit-required	-	audit-required	-	audit-required	-	audit-required	-	audit-required	-	audit-required	-	audit-required	-	audit-required	-	audit-required	-	audit-required	-	audit-required	-	audit-required	-	audit-required	-	audit-required	-	audit-required	-	liblevenshtein-rust/bindings/jvm
liblevenshtein	core-library	merge-and-split	kotlin	audit-required	byte,unicode-scalar,u64	use; Iterable/Map; Sequence; SAM interfaces	Maven Central	deterministic-close-plus-leak-containment	audit-required	audit-required	audit-required	audit-required	-	audit-required	-	audit-required	-	audit-required	-	audit-required	-	audit-required	-	audit-required	-	audit-required	-	audit-required	-	audit-required	-	audit-required	-	audit-required	-	audit-required	-	audit-required	-	audit-required	-	audit-required	-	audit-required	-	audit-required	-	audit-required	-	audit-required	-	audit-required	-	liblevenshtein-rust/bindings/jvm
liblevenshtein	core-library	merge-and-split	scala	audit-required	byte,unicode-scalar,u64	Using/AutoCloseable; Iterable; Iterator; type classes	Maven Central	deterministic-close-plus-leak-containment	audit-required	audit-required	audit-required	audit-required	-	audit-required	-	audit-required	-	audit-required	-	audit-required	-	audit-required	-	audit-required	-	audit-required	-	audit-required	-	audit-required	-	audit-required	-	audit-required	-	audit-required	-	audit-required	-	audit-required	-	audit-required	-	audit-required	-	audit-required	-	audit-required	-	audit-required	-	audit-required	-	liblevenshtein-rust/bindings/jvm
liblevenshtein	core-library	merge-and-split	clojure	audit-required	byte,unicode-scalar,u64	Seqable; IReduceInit; Closeable; persistent values	Clojars	deterministic-close-plus-leak-containment	audit-required	audit-required	audit-required	audit-required	-	audit-required	-	audit-required	-	audit-required	-	audit-required	-	audit-required	-	audit-required	-	audit-required	-	audit-required	-	audit-required	-	audit-required	-	audit-required	-	audit-required	-	audit-required	-	audit-required	-	audit-required	-	audit-required	-	audit-required	-	audit-required	-	audit-required	-	audit-required	-	liblevenshtein-rust/bindings/clojure
liblevenshtein	core-library	merge-and-split	csharp	audit-required	byte,unicode-scalar,u64	IDisposable/using; IEnumerable/IDictionary; exceptions; interfaces	NuGet	deterministic-close-plus-leak-containment	audit-required	audit-required	audit-required	audit-required	-	audit-required	-	audit-required	-	audit-required	-	audit-required	-	audit-required	-	audit-required	-	audit-required	-	audit-required	-	audit-required	-	audit-required	-	audit-required	-	audit-required	-	audit-required	-	audit-required	-	audit-required	-	audit-required	-	audit-required	-	audit-required	-	audit-required	-	audit-required	-	liblevenshtein-rust/bindings/dotnet
liblevenshtein	core-library	merge-and-split	fsharp	audit-required	byte,unicode-scalar,u64	use/use!; seq; Result; object expressions; interfaces	NuGet	deterministic-close-plus-leak-containment	audit-required	audit-required	audit-required	audit-required	-	audit-required	-	audit-required	-	audit-required	-	audit-required	-	audit-required	-	audit-required	-	audit-required	-	audit-required	-	audit-required	-	audit-required	-	audit-required	-	audit-required	-	audit-required	-	audit-required	-	audit-required	-	audit-required	-	audit-required	-	audit-required	-	audit-required	-	audit-required	-	liblevenshtein-rust/bindings/dotnet
liblevenshtein	core-library	merge-and-split	go	audit-required	byte,unicode-scalar,u64	interfaces; iter.Seq; io.Closer; errors	Go module proxy	deterministic-close-plus-leak-containment	audit-required	audit-required	audit-required	audit-required	-	audit-required	-	audit-required	-	audit-required	-	audit-required	-	audit-required	-	audit-required	-	audit-required	-	audit-required	-	audit-required	-	audit-required	-	audit-required	-	audit-required	-	audit-required	-	audit-required	-	audit-required	-	audit-required	-	audit-required	-	audit-required	-	audit-required	-	audit-required	-	liblevenshtein-rust/bindings/go
liblevenshtein	core-library	merge-and-split	javascript	audit-required	byte,unicode-scalar,u64	Symbol.iterator; Symbol.dispose; Error; native/WASM/WASI runtime identity	npm	deterministic-close-plus-leak-containment	audit-required	audit-required	audit-required	audit-required	-	audit-required	-	audit-required	-	audit-required	-	audit-required	-	audit-required	-	audit-required	-	audit-required	-	audit-required	-	audit-required	-	audit-required	-	audit-required	-	audit-required	-	audit-required	-	audit-required	-	audit-required	-	audit-required	-	audit-required	-	audit-required	-	audit-required	-	audit-required	-	liblevenshtein-rust/bindings/javascript
liblevenshtein	core-library	merge-and-split	typescript	audit-required	byte,unicode-scalar,u64	structural interfaces; Iterable; Disposable; discriminated errors	npm	deterministic-close-plus-leak-containment	audit-required	audit-required	audit-required	audit-required	-	audit-required	-	audit-required	-	audit-required	-	audit-required	-	audit-required	-	audit-required	-	audit-required	-	audit-required	-	audit-required	-	audit-required	-	audit-required	-	audit-required	-	audit-required	-	audit-required	-	audit-required	-	audit-required	-	audit-required	-	audit-required	-	audit-required	-	audit-required	-	liblevenshtein-rust/bindings/javascript
liblevenshtein	core-library	merge-and-split	clojurescript	audit-required	byte,unicode-scalar,u64	ISeqable; IReduce; protocol dispatch; close!	npm	deterministic-close-plus-leak-containment	audit-required	audit-required	audit-required	audit-required	-	audit-required	-	audit-required	-	audit-required	-	audit-required	-	audit-required	-	audit-required	-	audit-required	-	audit-required	-	audit-required	-	audit-required	-	audit-required	-	audit-required	-	audit-required	-	audit-required	-	audit-required	-	audit-required	-	audit-required	-	audit-required	-	audit-required	-	audit-required	-	liblevenshtein-rust/bindings/javascript/cljs
liblevenshtein	core-library	merge-and-split	swift	audit-required	byte,unicode-scalar,u64	Sequence/Collection; protocols; throws; deterministic scoped ownership	Swift Package Index	deterministic-close-plus-leak-containment	audit-required	audit-required	audit-required	audit-required	-	audit-required	-	audit-required	-	audit-required	-	audit-required	-	audit-required	-	audit-required	-	audit-required	-	audit-required	-	audit-required	-	audit-required	-	audit-required	-	audit-required	-	audit-required	-	audit-required	-	audit-required	-	audit-required	-	audit-required	-	audit-required	-	audit-required	-	audit-required	-	liblevenshtein-rust/bindings/swift
liblevenshtein	core-library	merge-and-split	ruby	audit-required	byte,unicode-scalar,u64	Enumerable; blocks/ensure; exceptions; explicit close	RubyGems	deterministic-close-plus-leak-containment	audit-required	audit-required	audit-required	audit-required	-	audit-required	-	audit-required	-	audit-required	-	audit-required	-	audit-required	-	audit-required	-	audit-required	-	audit-required	-	audit-required	-	audit-required	-	audit-required	-	audit-required	-	audit-required	-	audit-required	-	audit-required	-	audit-required	-	audit-required	-	audit-required	-	audit-required	-	audit-required	-	liblevenshtein-rust/bindings/ruby
liblevenshtein	core-library	merge-and-split	fortran	audit-required	byte,unicode-scalar,u64	modules; derived types; type-bound procedures; finalizers	fpm	deterministic-close-plus-leak-containment	audit-required	audit-required	audit-required	audit-required	-	audit-required	-	audit-required	-	audit-required	-	audit-required	-	audit-required	-	audit-required	-	audit-required	-	audit-required	-	audit-required	-	audit-required	-	audit-required	-	audit-required	-	audit-required	-	audit-required	-	audit-required	-	audit-required	-	audit-required	-	audit-required	-	audit-required	-	audit-required	-	liblevenshtein-rust/bindings/fortran
liblevenshtein	core-library	merge-and-split	ocaml	audit-required	byte,unicode-scalar,u64	abstract types; Seq; result; Fun.protect	opam	deterministic-close-plus-leak-containment	audit-required	audit-required	audit-required	audit-required	-	audit-required	-	audit-required	-	audit-required	-	audit-required	-	audit-required	-	audit-required	-	audit-required	-	audit-required	-	audit-required	-	audit-required	-	audit-required	-	audit-required	-	audit-required	-	audit-required	-	audit-required	-	audit-required	-	audit-required	-	audit-required	-	audit-required	-	audit-required	-	liblevenshtein-rust/bindings/ocaml
liblevenshtein	core-library	merge-and-split	haskell	audit-required	byte,unicode-scalar,u64	type classes; Foldable; bracket; Either	Hackage	deterministic-close-plus-leak-containment	audit-required	audit-required	audit-required	audit-required	-	audit-required	-	audit-required	-	audit-required	-	audit-required	-	audit-required	-	audit-required	-	audit-required	-	audit-required	-	audit-required	-	audit-required	-	audit-required	-	audit-required	-	audit-required	-	audit-required	-	audit-required	-	audit-required	-	audit-required	-	audit-required	-	audit-required	-	audit-required	-	liblevenshtein-rust/bindings/haskell
liblevenshtein	core-library	merge-and-split	lua	audit-required	byte,unicode-scalar,u64	generic-for iterators; __close; tables; error values	LuaRocks	deterministic-close-plus-leak-containment	audit-required	audit-required	audit-required	audit-required	-	audit-required	-	audit-required	-	audit-required	-	audit-required	-	audit-required	-	audit-required	-	audit-required	-	audit-required	-	audit-required	-	audit-required	-	audit-required	-	audit-required	-	audit-required	-	audit-required	-	audit-required	-	audit-required	-	audit-required	-	audit-required	-	audit-required	-	audit-required	-	liblevenshtein-rust/bindings/lua
liblevenshtein	core-library	merge-and-split	raku	missing	byte,unicode-scalar,u64	NativeCall; Iterable/Positional/Associative; LEAVE; exceptions	zef/fez	deterministic-close-plus-leak-containment	missing	missing	missing	missing	-	missing	-	missing	-	missing	-	missing	-	missing	-	missing	-	missing	-	missing	-	missing	-	missing	-	missing	-	missing	-	missing	-	missing	-	missing	-	missing	-	missing	-	missing	-	missing	-	missing	-	-
liblevenshtein	core-library	generalized-edit	rust	audit-required	byte,unicode-scalar,u64	traits; IntoIterator/Iterator; Result; Drop	crates.io	deterministic-close-plus-leak-containment	audit-required	audit-required	audit-required	audit-required	-	audit-required	-	audit-required	-	audit-required	-	audit-required	-	audit-required	-	audit-required	-	audit-required	-	audit-required	-	audit-required	-	audit-required	-	audit-required	-	audit-required	-	audit-required	-	audit-required	-	audit-required	-	audit-required	-	audit-required	-	audit-required	-	audit-required	-	audit-required	-	liblevenshtein-rust/src/lib.rs
liblevenshtein	core-library	generalized-edit	c	audit-required	byte,unicode-scalar,u64	opaque handles; status codes; bounded buffers; vtables	CMake/pkg-config/GitHub Releases	deterministic-close-plus-leak-containment	audit-required	audit-required	audit-required	audit-required	-	audit-required	-	audit-required	-	audit-required	-	audit-required	-	audit-required	-	audit-required	-	audit-required	-	audit-required	-	audit-required	-	audit-required	-	audit-required	-	audit-required	-	audit-required	-	audit-required	-	audit-required	-	audit-required	-	audit-required	-	audit-required	-	audit-required	-	audit-required	-	liblevenshtein-rust/bindings/c
liblevenshtein	core-library	generalized-edit	cpp	audit-required	byte,unicode-scalar,u64	RAII; ranges/iterators; move-only handles; typed errors	CMake/pkg-config/GitHub Releases	deterministic-close-plus-leak-containment	audit-required	audit-required	audit-required	audit-required	-	audit-required	-	audit-required	-	audit-required	-	audit-required	-	audit-required	-	audit-required	-	audit-required	-	audit-required	-	audit-required	-	audit-required	-	audit-required	-	audit-required	-	audit-required	-	audit-required	-	audit-required	-	audit-required	-	audit-required	-	audit-required	-	audit-required	-	audit-required	-	liblevenshtein-rust/bindings/cpp
liblevenshtein	core-library	generalized-edit	python	audit-required	byte,unicode-scalar,u64	context managers; iterators/collections; exceptions; protocols	PyPI	deterministic-close-plus-leak-containment	audit-required	audit-required	audit-required	audit-required	-	audit-required	-	audit-required	-	audit-required	-	audit-required	-	audit-required	-	audit-required	-	audit-required	-	audit-required	-	audit-required	-	audit-required	-	audit-required	-	audit-required	-	audit-required	-	audit-required	-	audit-required	-	audit-required	-	audit-required	-	audit-required	-	audit-required	-	audit-required	-	liblevenshtein-rust/bindings/python
liblevenshtein	core-library	generalized-edit	java	audit-required	byte,unicode-scalar,u64	AutoCloseable/try-with-resources; Collection/Map; Stream/Spliterator; interfaces	Maven Central	deterministic-close-plus-leak-containment	audit-required	audit-required	audit-required	audit-required	-	audit-required	-	audit-required	-	audit-required	-	audit-required	-	audit-required	-	audit-required	-	audit-required	-	audit-required	-	audit-required	-	audit-required	-	audit-required	-	audit-required	-	audit-required	-	audit-required	-	audit-required	-	audit-required	-	audit-required	-	audit-required	-	audit-required	-	audit-required	-	liblevenshtein-rust/bindings/jvm
liblevenshtein	core-library	generalized-edit	kotlin	audit-required	byte,unicode-scalar,u64	use; Iterable/Map; Sequence; SAM interfaces	Maven Central	deterministic-close-plus-leak-containment	audit-required	audit-required	audit-required	audit-required	-	audit-required	-	audit-required	-	audit-required	-	audit-required	-	audit-required	-	audit-required	-	audit-required	-	audit-required	-	audit-required	-	audit-required	-	audit-required	-	audit-required	-	audit-required	-	audit-required	-	audit-required	-	audit-required	-	audit-required	-	audit-required	-	audit-required	-	audit-required	-	liblevenshtein-rust/bindings/jvm
liblevenshtein	core-library	generalized-edit	scala	audit-required	byte,unicode-scalar,u64	Using/AutoCloseable; Iterable; Iterator; type classes	Maven Central	deterministic-close-plus-leak-containment	audit-required	audit-required	audit-required	audit-required	-	audit-required	-	audit-required	-	audit-required	-	audit-required	-	audit-required	-	audit-required	-	audit-required	-	audit-required	-	audit-required	-	audit-required	-	audit-required	-	audit-required	-	audit-required	-	audit-required	-	audit-required	-	audit-required	-	audit-required	-	audit-required	-	audit-required	-	audit-required	-	liblevenshtein-rust/bindings/jvm
liblevenshtein	core-library	generalized-edit	clojure	audit-required	byte,unicode-scalar,u64	Seqable; IReduceInit; Closeable; persistent values	Clojars	deterministic-close-plus-leak-containment	audit-required	audit-required	audit-required	audit-required	-	audit-required	-	audit-required	-	audit-required	-	audit-required	-	audit-required	-	audit-required	-	audit-required	-	audit-required	-	audit-required	-	audit-required	-	audit-required	-	audit-required	-	audit-required	-	audit-required	-	audit-required	-	audit-required	-	audit-required	-	audit-required	-	audit-required	-	audit-required	-	liblevenshtein-rust/bindings/clojure
liblevenshtein	core-library	generalized-edit	csharp	audit-required	byte,unicode-scalar,u64	IDisposable/using; IEnumerable/IDictionary; exceptions; interfaces	NuGet	deterministic-close-plus-leak-containment	audit-required	audit-required	audit-required	audit-required	-	audit-required	-	audit-required	-	audit-required	-	audit-required	-	audit-required	-	audit-required	-	audit-required	-	audit-required	-	audit-required	-	audit-required	-	audit-required	-	audit-required	-	audit-required	-	audit-required	-	audit-required	-	audit-required	-	audit-required	-	audit-required	-	audit-required	-	audit-required	-	liblevenshtein-rust/bindings/dotnet
liblevenshtein	core-library	generalized-edit	fsharp	audit-required	byte,unicode-scalar,u64	use/use!; seq; Result; object expressions; interfaces	NuGet	deterministic-close-plus-leak-containment	audit-required	audit-required	audit-required	audit-required	-	audit-required	-	audit-required	-	audit-required	-	audit-required	-	audit-required	-	audit-required	-	audit-required	-	audit-required	-	audit-required	-	audit-required	-	audit-required	-	audit-required	-	audit-required	-	audit-required	-	audit-required	-	audit-required	-	audit-required	-	audit-required	-	audit-required	-	audit-required	-	liblevenshtein-rust/bindings/dotnet
liblevenshtein	core-library	generalized-edit	go	audit-required	byte,unicode-scalar,u64	interfaces; iter.Seq; io.Closer; errors	Go module proxy	deterministic-close-plus-leak-containment	audit-required	audit-required	audit-required	audit-required	-	audit-required	-	audit-required	-	audit-required	-	audit-required	-	audit-required	-	audit-required	-	audit-required	-	audit-required	-	audit-required	-	audit-required	-	audit-required	-	audit-required	-	audit-required	-	audit-required	-	audit-required	-	audit-required	-	audit-required	-	audit-required	-	audit-required	-	audit-required	-	liblevenshtein-rust/bindings/go
liblevenshtein	core-library	generalized-edit	javascript	audit-required	byte,unicode-scalar,u64	Symbol.iterator; Symbol.dispose; Error; native/WASM/WASI runtime identity	npm	deterministic-close-plus-leak-containment	audit-required	audit-required	audit-required	audit-required	-	audit-required	-	audit-required	-	audit-required	-	audit-required	-	audit-required	-	audit-required	-	audit-required	-	audit-required	-	audit-required	-	audit-required	-	audit-required	-	audit-required	-	audit-required	-	audit-required	-	audit-required	-	audit-required	-	audit-required	-	audit-required	-	audit-required	-	audit-required	-	liblevenshtein-rust/bindings/javascript
liblevenshtein	core-library	generalized-edit	typescript	audit-required	byte,unicode-scalar,u64	structural interfaces; Iterable; Disposable; discriminated errors	npm	deterministic-close-plus-leak-containment	audit-required	audit-required	audit-required	audit-required	-	audit-required	-	audit-required	-	audit-required	-	audit-required	-	audit-required	-	audit-required	-	audit-required	-	audit-required	-	audit-required	-	audit-required	-	audit-required	-	audit-required	-	audit-required	-	audit-required	-	audit-required	-	audit-required	-	audit-required	-	audit-required	-	audit-required	-	audit-required	-	liblevenshtein-rust/bindings/javascript
liblevenshtein	core-library	generalized-edit	clojurescript	audit-required	byte,unicode-scalar,u64	ISeqable; IReduce; protocol dispatch; close!	npm	deterministic-close-plus-leak-containment	audit-required	audit-required	audit-required	audit-required	-	audit-required	-	audit-required	-	audit-required	-	audit-required	-	audit-required	-	audit-required	-	audit-required	-	audit-required	-	audit-required	-	audit-required	-	audit-required	-	audit-required	-	audit-required	-	audit-required	-	audit-required	-	audit-required	-	audit-required	-	audit-required	-	audit-required	-	audit-required	-	liblevenshtein-rust/bindings/javascript/cljs
liblevenshtein	core-library	generalized-edit	swift	audit-required	byte,unicode-scalar,u64	Sequence/Collection; protocols; throws; deterministic scoped ownership	Swift Package Index	deterministic-close-plus-leak-containment	audit-required	audit-required	audit-required	audit-required	-	audit-required	-	audit-required	-	audit-required	-	audit-required	-	audit-required	-	audit-required	-	audit-required	-	audit-required	-	audit-required	-	audit-required	-	audit-required	-	audit-required	-	audit-required	-	audit-required	-	audit-required	-	audit-required	-	audit-required	-	audit-required	-	audit-required	-	audit-required	-	liblevenshtein-rust/bindings/swift
liblevenshtein	core-library	generalized-edit	ruby	audit-required	byte,unicode-scalar,u64	Enumerable; blocks/ensure; exceptions; explicit close	RubyGems	deterministic-close-plus-leak-containment	audit-required	audit-required	audit-required	audit-required	-	audit-required	-	audit-required	-	audit-required	-	audit-required	-	audit-required	-	audit-required	-	audit-required	-	audit-required	-	audit-required	-	audit-required	-	audit-required	-	audit-required	-	audit-required	-	audit-required	-	audit-required	-	audit-required	-	audit-required	-	audit-required	-	audit-required	-	audit-required	-	liblevenshtein-rust/bindings/ruby
liblevenshtein	core-library	generalized-edit	fortran	audit-required	byte,unicode-scalar,u64	modules; derived types; type-bound procedures; finalizers	fpm	deterministic-close-plus-leak-containment	audit-required	audit-required	audit-required	audit-required	-	audit-required	-	audit-required	-	audit-required	-	audit-required	-	audit-required	-	audit-required	-	audit-required	-	audit-required	-	audit-required	-	audit-required	-	audit-required	-	audit-required	-	audit-required	-	audit-required	-	audit-required	-	audit-required	-	audit-required	-	audit-required	-	audit-required	-	audit-required	-	liblevenshtein-rust/bindings/fortran
liblevenshtein	core-library	generalized-edit	ocaml	audit-required	byte,unicode-scalar,u64	abstract types; Seq; result; Fun.protect	opam	deterministic-close-plus-leak-containment	audit-required	audit-required	audit-required	audit-required	-	audit-required	-	audit-required	-	audit-required	-	audit-required	-	audit-required	-	audit-required	-	audit-required	-	audit-required	-	audit-required	-	audit-required	-	audit-required	-	audit-required	-	audit-required	-	audit-required	-	audit-required	-	audit-required	-	audit-required	-	audit-required	-	audit-required	-	audit-required	-	liblevenshtein-rust/bindings/ocaml
liblevenshtein	core-library	generalized-edit	haskell	audit-required	byte,unicode-scalar,u64	type classes; Foldable; bracket; Either	Hackage	deterministic-close-plus-leak-containment	audit-required	audit-required	audit-required	audit-required	-	audit-required	-	audit-required	-	audit-required	-	audit-required	-	audit-required	-	audit-required	-	audit-required	-	audit-required	-	audit-required	-	audit-required	-	audit-required	-	audit-required	-	audit-required	-	audit-required	-	audit-required	-	audit-required	-	audit-required	-	audit-required	-	audit-required	-	audit-required	-	liblevenshtein-rust/bindings/haskell
liblevenshtein	core-library	generalized-edit	lua	audit-required	byte,unicode-scalar,u64	generic-for iterators; __close; tables; error values	LuaRocks	deterministic-close-plus-leak-containment	audit-required	audit-required	audit-required	audit-required	-	audit-required	-	audit-required	-	audit-required	-	audit-required	-	audit-required	-	audit-required	-	audit-required	-	audit-required	-	audit-required	-	audit-required	-	audit-required	-	audit-required	-	audit-required	-	audit-required	-	audit-required	-	audit-required	-	audit-required	-	audit-required	-	audit-required	-	audit-required	-	liblevenshtein-rust/bindings/lua
liblevenshtein	core-library	generalized-edit	raku	missing	byte,unicode-scalar,u64	NativeCall; Iterable/Positional/Associative; LEAVE; exceptions	zef/fez	deterministic-close-plus-leak-containment	missing	missing	missing	missing	-	missing	-	missing	-	missing	-	missing	-	missing	-	missing	-	missing	-	missing	-	missing	-	missing	-	missing	-	missing	-	missing	-	missing	-	missing	-	missing	-	missing	-	missing	-	missing	-	missing	-	-
liblevenshtein	core-library	phonetic	rust	audit-required	byte,unicode-scalar,u64	traits; IntoIterator/Iterator; Result; Drop	crates.io	deterministic-close-plus-leak-containment	audit-required	audit-required	audit-required	audit-required	-	audit-required	-	audit-required	-	audit-required	-	audit-required	-	audit-required	-	audit-required	-	audit-required	-	audit-required	-	audit-required	-	audit-required	-	audit-required	-	audit-required	-	audit-required	-	audit-required	-	audit-required	-	audit-required	-	audit-required	-	audit-required	-	audit-required	-	audit-required	-	liblevenshtein-rust/src/lib.rs
liblevenshtein	core-library	phonetic	c	audit-required	byte,unicode-scalar,u64	opaque handles; status codes; bounded buffers; vtables	CMake/pkg-config/GitHub Releases	deterministic-close-plus-leak-containment	audit-required	audit-required	audit-required	audit-required	-	audit-required	-	audit-required	-	audit-required	-	audit-required	-	audit-required	-	audit-required	-	audit-required	-	audit-required	-	audit-required	-	audit-required	-	audit-required	-	audit-required	-	audit-required	-	audit-required	-	audit-required	-	audit-required	-	audit-required	-	audit-required	-	audit-required	-	audit-required	-	liblevenshtein-rust/bindings/c
liblevenshtein	core-library	phonetic	cpp	audit-required	byte,unicode-scalar,u64	RAII; ranges/iterators; move-only handles; typed errors	CMake/pkg-config/GitHub Releases	deterministic-close-plus-leak-containment	audit-required	audit-required	audit-required	audit-required	-	audit-required	-	audit-required	-	audit-required	-	audit-required	-	audit-required	-	audit-required	-	audit-required	-	audit-required	-	audit-required	-	audit-required	-	audit-required	-	audit-required	-	audit-required	-	audit-required	-	audit-required	-	audit-required	-	audit-required	-	audit-required	-	audit-required	-	audit-required	-	liblevenshtein-rust/bindings/cpp
liblevenshtein	core-library	phonetic	python	audit-required	byte,unicode-scalar,u64	context managers; iterators/collections; exceptions; protocols	PyPI	deterministic-close-plus-leak-containment	audit-required	audit-required	audit-required	audit-required	-	audit-required	-	audit-required	-	audit-required	-	audit-required	-	audit-required	-	audit-required	-	audit-required	-	audit-required	-	audit-required	-	audit-required	-	audit-required	-	audit-required	-	audit-required	-	audit-required	-	audit-required	-	audit-required	-	audit-required	-	audit-required	-	audit-required	-	audit-required	-	liblevenshtein-rust/bindings/python
liblevenshtein	core-library	phonetic	java	audit-required	byte,unicode-scalar,u64	AutoCloseable/try-with-resources; Collection/Map; Stream/Spliterator; interfaces	Maven Central	deterministic-close-plus-leak-containment	audit-required	audit-required	audit-required	audit-required	-	audit-required	-	audit-required	-	audit-required	-	audit-required	-	audit-required	-	audit-required	-	audit-required	-	audit-required	-	audit-required	-	audit-required	-	audit-required	-	audit-required	-	audit-required	-	audit-required	-	audit-required	-	audit-required	-	audit-required	-	audit-required	-	audit-required	-	audit-required	-	liblevenshtein-rust/bindings/jvm
liblevenshtein	core-library	phonetic	kotlin	audit-required	byte,unicode-scalar,u64	use; Iterable/Map; Sequence; SAM interfaces	Maven Central	deterministic-close-plus-leak-containment	audit-required	audit-required	audit-required	audit-required	-	audit-required	-	audit-required	-	audit-required	-	audit-required	-	audit-required	-	audit-required	-	audit-required	-	audit-required	-	audit-required	-	audit-required	-	audit-required	-	audit-required	-	audit-required	-	audit-required	-	audit-required	-	audit-required	-	audit-required	-	audit-required	-	audit-required	-	audit-required	-	liblevenshtein-rust/bindings/jvm
liblevenshtein	core-library	phonetic	scala	audit-required	byte,unicode-scalar,u64	Using/AutoCloseable; Iterable; Iterator; type classes	Maven Central	deterministic-close-plus-leak-containment	audit-required	audit-required	audit-required	audit-required	-	audit-required	-	audit-required	-	audit-required	-	audit-required	-	audit-required	-	audit-required	-	audit-required	-	audit-required	-	audit-required	-	audit-required	-	audit-required	-	audit-required	-	audit-required	-	audit-required	-	audit-required	-	audit-required	-	audit-required	-	audit-required	-	audit-required	-	audit-required	-	liblevenshtein-rust/bindings/jvm
liblevenshtein	core-library	phonetic	clojure	audit-required	byte,unicode-scalar,u64	Seqable; IReduceInit; Closeable; persistent values	Clojars	deterministic-close-plus-leak-containment	audit-required	audit-required	audit-required	audit-required	-	audit-required	-	audit-required	-	audit-required	-	audit-required	-	audit-required	-	audit-required	-	audit-required	-	audit-required	-	audit-required	-	audit-required	-	audit-required	-	audit-required	-	audit-required	-	audit-required	-	audit-required	-	audit-required	-	audit-required	-	audit-required	-	audit-required	-	audit-required	-	liblevenshtein-rust/bindings/clojure
liblevenshtein	core-library	phonetic	csharp	audit-required	byte,unicode-scalar,u64	IDisposable/using; IEnumerable/IDictionary; exceptions; interfaces	NuGet	deterministic-close-plus-leak-containment	audit-required	audit-required	audit-required	audit-required	-	audit-required	-	audit-required	-	audit-required	-	audit-required	-	audit-required	-	audit-required	-	audit-required	-	audit-required	-	audit-required	-	audit-required	-	audit-required	-	audit-required	-	audit-required	-	audit-required	-	audit-required	-	audit-required	-	audit-required	-	audit-required	-	audit-required	-	audit-required	-	liblevenshtein-rust/bindings/dotnet
liblevenshtein	core-library	phonetic	fsharp	audit-required	byte,unicode-scalar,u64	use/use!; seq; Result; object expressions; interfaces	NuGet	deterministic-close-plus-leak-containment	audit-required	audit-required	audit-required	audit-required	-	audit-required	-	audit-required	-	audit-required	-	audit-required	-	audit-required	-	audit-required	-	audit-required	-	audit-required	-	audit-required	-	audit-required	-	audit-required	-	audit-required	-	audit-required	-	audit-required	-	audit-required	-	audit-required	-	audit-required	-	audit-required	-	audit-required	-	audit-required	-	liblevenshtein-rust/bindings/dotnet
liblevenshtein	core-library	phonetic	go	audit-required	byte,unicode-scalar,u64	interfaces; iter.Seq; io.Closer; errors	Go module proxy	deterministic-close-plus-leak-containment	audit-required	audit-required	audit-required	audit-required	-	audit-required	-	audit-required	-	audit-required	-	audit-required	-	audit-required	-	audit-required	-	audit-required	-	audit-required	-	audit-required	-	audit-required	-	audit-required	-	audit-required	-	audit-required	-	audit-required	-	audit-required	-	audit-required	-	audit-required	-	audit-required	-	audit-required	-	audit-required	-	liblevenshtein-rust/bindings/go
liblevenshtein	core-library	phonetic	javascript	audit-required	byte,unicode-scalar,u64	Symbol.iterator; Symbol.dispose; Error; native/WASM/WASI runtime identity	npm	deterministic-close-plus-leak-containment	audit-required	audit-required	audit-required	audit-required	-	audit-required	-	audit-required	-	audit-required	-	audit-required	-	audit-required	-	audit-required	-	audit-required	-	audit-required	-	audit-required	-	audit-required	-	audit-required	-	audit-required	-	audit-required	-	audit-required	-	audit-required	-	audit-required	-	audit-required	-	audit-required	-	audit-required	-	audit-required	-	liblevenshtein-rust/bindings/javascript
liblevenshtein	core-library	phonetic	typescript	audit-required	byte,unicode-scalar,u64	structural interfaces; Iterable; Disposable; discriminated errors	npm	deterministic-close-plus-leak-containment	audit-required	audit-required	audit-required	audit-required	-	audit-required	-	audit-required	-	audit-required	-	audit-required	-	audit-required	-	audit-required	-	audit-required	-	audit-required	-	audit-required	-	audit-required	-	audit-required	-	audit-required	-	audit-required	-	audit-required	-	audit-required	-	audit-required	-	audit-required	-	audit-required	-	audit-required	-	audit-required	-	liblevenshtein-rust/bindings/javascript
liblevenshtein	core-library	phonetic	clojurescript	audit-required	byte,unicode-scalar,u64	ISeqable; IReduce; protocol dispatch; close!	npm	deterministic-close-plus-leak-containment	audit-required	audit-required	audit-required	audit-required	-	audit-required	-	audit-required	-	audit-required	-	audit-required	-	audit-required	-	audit-required	-	audit-required	-	audit-required	-	audit-required	-	audit-required	-	audit-required	-	audit-required	-	audit-required	-	audit-required	-	audit-required	-	audit-required	-	audit-required	-	audit-required	-	audit-required	-	audit-required	-	liblevenshtein-rust/bindings/javascript/cljs
liblevenshtein	core-library	phonetic	swift	audit-required	byte,unicode-scalar,u64	Sequence/Collection; protocols; throws; deterministic scoped ownership	Swift Package Index	deterministic-close-plus-leak-containment	audit-required	audit-required	audit-required	audit-required	-	audit-required	-	audit-required	-	audit-required	-	audit-required	-	audit-required	-	audit-required	-	audit-required	-	audit-required	-	audit-required	-	audit-required	-	audit-required	-	audit-required	-	audit-required	-	audit-required	-	audit-required	-	audit-required	-	audit-required	-	audit-required	-	audit-required	-	audit-required	-	liblevenshtein-rust/bindings/swift
liblevenshtein	core-library	phonetic	ruby	audit-required	byte,unicode-scalar,u64	Enumerable; blocks/ensure; exceptions; explicit close	RubyGems	deterministic-close-plus-leak-containment	audit-required	audit-required	audit-required	audit-required	-	audit-required	-	audit-required	-	audit-required	-	audit-required	-	audit-required	-	audit-required	-	audit-required	-	audit-required	-	audit-required	-	audit-required	-	audit-required	-	audit-required	-	audit-required	-	audit-required	-	audit-required	-	audit-required	-	audit-required	-	audit-required	-	audit-required	-	audit-required	-	liblevenshtein-rust/bindings/ruby
liblevenshtein	core-library	phonetic	fortran	audit-required	byte,unicode-scalar,u64	modules; derived types; type-bound procedures; finalizers	fpm	deterministic-close-plus-leak-containment	audit-required	audit-required	audit-required	audit-required	-	audit-required	-	audit-required	-	audit-required	-	audit-required	-	audit-required	-	audit-required	-	audit-required	-	audit-required	-	audit-required	-	audit-required	-	audit-required	-	audit-required	-	audit-required	-	audit-required	-	audit-required	-	audit-required	-	audit-required	-	audit-required	-	audit-required	-	audit-required	-	liblevenshtein-rust/bindings/fortran
liblevenshtein	core-library	phonetic	ocaml	audit-required	byte,unicode-scalar,u64	abstract types; Seq; result; Fun.protect	opam	deterministic-close-plus-leak-containment	audit-required	audit-required	audit-required	audit-required	-	audit-required	-	audit-required	-	audit-required	-	audit-required	-	audit-required	-	audit-required	-	audit-required	-	audit-required	-	audit-required	-	audit-required	-	audit-required	-	audit-required	-	audit-required	-	audit-required	-	audit-required	-	audit-required	-	audit-required	-	audit-required	-	audit-required	-	audit-required	-	liblevenshtein-rust/bindings/ocaml
liblevenshtein	core-library	phonetic	haskell	audit-required	byte,unicode-scalar,u64	type classes; Foldable; bracket; Either	Hackage	deterministic-close-plus-leak-containment	audit-required	audit-required	audit-required	audit-required	-	audit-required	-	audit-required	-	audit-required	-	audit-required	-	audit-required	-	audit-required	-	audit-required	-	audit-required	-	audit-required	-	audit-required	-	audit-required	-	audit-required	-	audit-required	-	audit-required	-	audit-required	-	audit-required	-	audit-required	-	audit-required	-	audit-required	-	audit-required	-	liblevenshtein-rust/bindings/haskell
liblevenshtein	core-library	phonetic	lua	audit-required	byte,unicode-scalar,u64	generic-for iterators; __close; tables; error values	LuaRocks	deterministic-close-plus-leak-containment	audit-required	audit-required	audit-required	audit-required	-	audit-required	-	audit-required	-	audit-required	-	audit-required	-	audit-required	-	audit-required	-	audit-required	-	audit-required	-	audit-required	-	audit-required	-	audit-required	-	audit-required	-	audit-required	-	audit-required	-	audit-required	-	audit-required	-	audit-required	-	audit-required	-	audit-required	-	audit-required	-	liblevenshtein-rust/bindings/lua
liblevenshtein	core-library	phonetic	raku	missing	byte,unicode-scalar,u64	NativeCall; Iterable/Positional/Associative; LEAVE; exceptions	zef/fez	deterministic-close-plus-leak-containment	missing	missing	missing	missing	-	missing	-	missing	-	missing	-	missing	-	missing	-	missing	-	missing	-	missing	-	missing	-	missing	-	missing	-	missing	-	missing	-	missing	-	missing	-	missing	-	missing	-	missing	-	missing	-	missing	-	-
liblevenshtein	core-library	fzf	rust	audit-required	byte,unicode-scalar,u64	traits; IntoIterator/Iterator; Result; Drop	crates.io	deterministic-close-plus-leak-containment	audit-required	audit-required	audit-required	audit-required	-	audit-required	-	audit-required	-	audit-required	-	audit-required	-	audit-required	-	audit-required	-	audit-required	-	audit-required	-	audit-required	-	audit-required	-	audit-required	-	audit-required	-	audit-required	-	audit-required	-	audit-required	-	audit-required	-	audit-required	-	audit-required	-	audit-required	-	audit-required	-	liblevenshtein-rust/src/lib.rs
liblevenshtein	core-library	fzf	c	audit-required	byte,unicode-scalar,u64	opaque handles; status codes; bounded buffers; vtables	CMake/pkg-config/GitHub Releases	deterministic-close-plus-leak-containment	audit-required	audit-required	audit-required	audit-required	-	audit-required	-	audit-required	-	audit-required	-	audit-required	-	audit-required	-	audit-required	-	audit-required	-	audit-required	-	audit-required	-	audit-required	-	audit-required	-	audit-required	-	audit-required	-	audit-required	-	audit-required	-	audit-required	-	audit-required	-	audit-required	-	audit-required	-	audit-required	-	liblevenshtein-rust/bindings/c
liblevenshtein	core-library	fzf	cpp	audit-required	byte,unicode-scalar,u64	RAII; ranges/iterators; move-only handles; typed errors	CMake/pkg-config/GitHub Releases	deterministic-close-plus-leak-containment	audit-required	audit-required	audit-required	audit-required	-	audit-required	-	audit-required	-	audit-required	-	audit-required	-	audit-required	-	audit-required	-	audit-required	-	audit-required	-	audit-required	-	audit-required	-	audit-required	-	audit-required	-	audit-required	-	audit-required	-	audit-required	-	audit-required	-	audit-required	-	audit-required	-	audit-required	-	audit-required	-	liblevenshtein-rust/bindings/cpp
liblevenshtein	core-library	fzf	python	audit-required	byte,unicode-scalar,u64	context managers; iterators/collections; exceptions; protocols	PyPI	deterministic-close-plus-leak-containment	audit-required	audit-required	audit-required	audit-required	-	audit-required	-	audit-required	-	audit-required	-	audit-required	-	audit-required	-	audit-required	-	audit-required	-	audit-required	-	audit-required	-	audit-required	-	audit-required	-	audit-required	-	audit-required	-	audit-required	-	audit-required	-	audit-required	-	audit-required	-	audit-required	-	audit-required	-	audit-required	-	liblevenshtein-rust/bindings/python
liblevenshtein	core-library	fzf	java	audit-required	byte,unicode-scalar,u64	AutoCloseable/try-with-resources; Collection/Map; Stream/Spliterator; interfaces	Maven Central	deterministic-close-plus-leak-containment	audit-required	audit-required	audit-required	audit-required	-	audit-required	-	audit-required	-	audit-required	-	audit-required	-	audit-required	-	audit-required	-	audit-required	-	audit-required	-	audit-required	-	audit-required	-	audit-required	-	audit-required	-	audit-required	-	audit-required	-	audit-required	-	audit-required	-	audit-required	-	audit-required	-	audit-required	-	audit-required	-	liblevenshtein-rust/bindings/jvm
liblevenshtein	core-library	fzf	kotlin	audit-required	byte,unicode-scalar,u64	use; Iterable/Map; Sequence; SAM interfaces	Maven Central	deterministic-close-plus-leak-containment	audit-required	audit-required	audit-required	audit-required	-	audit-required	-	audit-required	-	audit-required	-	audit-required	-	audit-required	-	audit-required	-	audit-required	-	audit-required	-	audit-required	-	audit-required	-	audit-required	-	audit-required	-	audit-required	-	audit-required	-	audit-required	-	audit-required	-	audit-required	-	audit-required	-	audit-required	-	audit-required	-	liblevenshtein-rust/bindings/jvm
liblevenshtein	core-library	fzf	scala	audit-required	byte,unicode-scalar,u64	Using/AutoCloseable; Iterable; Iterator; type classes	Maven Central	deterministic-close-plus-leak-containment	audit-required	audit-required	audit-required	audit-required	-	audit-required	-	audit-required	-	audit-required	-	audit-required	-	audit-required	-	audit-required	-	audit-required	-	audit-required	-	audit-required	-	audit-required	-	audit-required	-	audit-required	-	audit-required	-	audit-required	-	audit-required	-	audit-required	-	audit-required	-	audit-required	-	audit-required	-	audit-required	-	liblevenshtein-rust/bindings/jvm
liblevenshtein	core-library	fzf	clojure	audit-required	byte,unicode-scalar,u64	Seqable; IReduceInit; Closeable; persistent values	Clojars	deterministic-close-plus-leak-containment	audit-required	audit-required	audit-required	audit-required	-	audit-required	-	audit-required	-	audit-required	-	audit-required	-	audit-required	-	audit-required	-	audit-required	-	audit-required	-	audit-required	-	audit-required	-	audit-required	-	audit-required	-	audit-required	-	audit-required	-	audit-required	-	audit-required	-	audit-required	-	audit-required	-	audit-required	-	audit-required	-	liblevenshtein-rust/bindings/clojure
liblevenshtein	core-library	fzf	csharp	audit-required	byte,unicode-scalar,u64	IDisposable/using; IEnumerable/IDictionary; exceptions; interfaces	NuGet	deterministic-close-plus-leak-containment	audit-required	audit-required	audit-required	audit-required	-	audit-required	-	audit-required	-	audit-required	-	audit-required	-	audit-required	-	audit-required	-	audit-required	-	audit-required	-	audit-required	-	audit-required	-	audit-required	-	audit-required	-	audit-required	-	audit-required	-	audit-required	-	audit-required	-	audit-required	-	audit-required	-	audit-required	-	audit-required	-	liblevenshtein-rust/bindings/dotnet
liblevenshtein	core-library	fzf	fsharp	audit-required	byte,unicode-scalar,u64	use/use!; seq; Result; object expressions; interfaces	NuGet	deterministic-close-plus-leak-containment	audit-required	audit-required	audit-required	audit-required	-	audit-required	-	audit-required	-	audit-required	-	audit-required	-	audit-required	-	audit-required	-	audit-required	-	audit-required	-	audit-required	-	audit-required	-	audit-required	-	audit-required	-	audit-required	-	audit-required	-	audit-required	-	audit-required	-	audit-required	-	audit-required	-	audit-required	-	audit-required	-	liblevenshtein-rust/bindings/dotnet
liblevenshtein	core-library	fzf	go	audit-required	byte,unicode-scalar,u64	interfaces; iter.Seq; io.Closer; errors	Go module proxy	deterministic-close-plus-leak-containment	audit-required	audit-required	audit-required	audit-required	-	audit-required	-	audit-required	-	audit-required	-	audit-required	-	audit-required	-	audit-required	-	audit-required	-	audit-required	-	audit-required	-	audit-required	-	audit-required	-	audit-required	-	audit-required	-	audit-required	-	audit-required	-	audit-required	-	audit-required	-	audit-required	-	audit-required	-	audit-required	-	liblevenshtein-rust/bindings/go
liblevenshtein	core-library	fzf	javascript	audit-required	byte,unicode-scalar,u64	Symbol.iterator; Symbol.dispose; Error; native/WASM/WASI runtime identity	npm	deterministic-close-plus-leak-containment	audit-required	audit-required	audit-required	audit-required	-	audit-required	-	audit-required	-	audit-required	-	audit-required	-	audit-required	-	audit-required	-	audit-required	-	audit-required	-	audit-required	-	audit-required	-	audit-required	-	audit-required	-	audit-required	-	audit-required	-	audit-required	-	audit-required	-	audit-required	-	audit-required	-	audit-required	-	audit-required	-	liblevenshtein-rust/bindings/javascript
liblevenshtein	core-library	fzf	typescript	audit-required	byte,unicode-scalar,u64	structural interfaces; Iterable; Disposable; discriminated errors	npm	deterministic-close-plus-leak-containment	audit-required	audit-required	audit-required	audit-required	-	audit-required	-	audit-required	-	audit-required	-	audit-required	-	audit-required	-	audit-required	-	audit-required	-	audit-required	-	audit-required	-	audit-required	-	audit-required	-	audit-required	-	audit-required	-	audit-required	-	audit-required	-	audit-required	-	audit-required	-	audit-required	-	audit-required	-	audit-required	-	liblevenshtein-rust/bindings/javascript
liblevenshtein	core-library	fzf	clojurescript	audit-required	byte,unicode-scalar,u64	ISeqable; IReduce; protocol dispatch; close!	npm	deterministic-close-plus-leak-containment	audit-required	audit-required	audit-required	audit-required	-	audit-required	-	audit-required	-	audit-required	-	audit-required	-	audit-required	-	audit-required	-	audit-required	-	audit-required	-	audit-required	-	audit-required	-	audit-required	-	audit-required	-	audit-required	-	audit-required	-	audit-required	-	audit-required	-	audit-required	-	audit-required	-	audit-required	-	audit-required	-	liblevenshtein-rust/bindings/javascript/cljs
liblevenshtein	core-library	fzf	swift	audit-required	byte,unicode-scalar,u64	Sequence/Collection; protocols; throws; deterministic scoped ownership	Swift Package Index	deterministic-close-plus-leak-containment	audit-required	audit-required	audit-required	audit-required	-	audit-required	-	audit-required	-	audit-required	-	audit-required	-	audit-required	-	audit-required	-	audit-required	-	audit-required	-	audit-required	-	audit-required	-	audit-required	-	audit-required	-	audit-required	-	audit-required	-	audit-required	-	audit-required	-	audit-required	-	audit-required	-	audit-required	-	audit-required	-	liblevenshtein-rust/bindings/swift
liblevenshtein	core-library	fzf	ruby	audit-required	byte,unicode-scalar,u64	Enumerable; blocks/ensure; exceptions; explicit close	RubyGems	deterministic-close-plus-leak-containment	audit-required	audit-required	audit-required	audit-required	-	audit-required	-	audit-required	-	audit-required	-	audit-required	-	audit-required	-	audit-required	-	audit-required	-	audit-required	-	audit-required	-	audit-required	-	audit-required	-	audit-required	-	audit-required	-	audit-required	-	audit-required	-	audit-required	-	audit-required	-	audit-required	-	audit-required	-	audit-required	-	liblevenshtein-rust/bindings/ruby
liblevenshtein	core-library	fzf	fortran	audit-required	byte,unicode-scalar,u64	modules; derived types; type-bound procedures; finalizers	fpm	deterministic-close-plus-leak-containment	audit-required	audit-required	audit-required	audit-required	-	audit-required	-	audit-required	-	audit-required	-	audit-required	-	audit-required	-	audit-required	-	audit-required	-	audit-required	-	audit-required	-	audit-required	-	audit-required	-	audit-required	-	audit-required	-	audit-required	-	audit-required	-	audit-required	-	audit-required	-	audit-required	-	audit-required	-	audit-required	-	liblevenshtein-rust/bindings/fortran
liblevenshtein	core-library	fzf	ocaml	audit-required	byte,unicode-scalar,u64	abstract types; Seq; result; Fun.protect	opam	deterministic-close-plus-leak-containment	audit-required	audit-required	audit-required	audit-required	-	audit-required	-	audit-required	-	audit-required	-	audit-required	-	audit-required	-	audit-required	-	audit-required	-	audit-required	-	audit-required	-	audit-required	-	audit-required	-	audit-required	-	audit-required	-	audit-required	-	audit-required	-	audit-required	-	audit-required	-	audit-required	-	audit-required	-	audit-required	-	liblevenshtein-rust/bindings/ocaml
liblevenshtein	core-library	fzf	haskell	audit-required	byte,unicode-scalar,u64	type classes; Foldable; bracket; Either	Hackage	deterministic-close-plus-leak-containment	audit-required	audit-required	audit-required	audit-required	-	audit-required	-	audit-required	-	audit-required	-	audit-required	-	audit-required	-	audit-required	-	audit-required	-	audit-required	-	audit-required	-	audit-required	-	audit-required	-	audit-required	-	audit-required	-	audit-required	-	audit-required	-	audit-required	-	audit-required	-	audit-required	-	audit-required	-	audit-required	-	liblevenshtein-rust/bindings/haskell
liblevenshtein	core-library	fzf	lua	audit-required	byte,unicode-scalar,u64	generic-for iterators; __close; tables; error values	LuaRocks	deterministic-close-plus-leak-containment	audit-required	audit-required	audit-required	audit-required	-	audit-required	-	audit-required	-	audit-required	-	audit-required	-	audit-required	-	audit-required	-	audit-required	-	audit-required	-	audit-required	-	audit-required	-	audit-required	-	audit-required	-	audit-required	-	audit-required	-	audit-required	-	audit-required	-	audit-required	-	audit-required	-	audit-required	-	audit-required	-	liblevenshtein-rust/bindings/lua
liblevenshtein	core-library	fzf	raku	missing	byte,unicode-scalar,u64	NativeCall; Iterable/Positional/Associative; LEAVE; exceptions	zef/fez	deterministic-close-plus-leak-containment	missing	missing	missing	missing	-	missing	-	missing	-	missing	-	missing	-	missing	-	missing	-	missing	-	missing	-	missing	-	missing	-	missing	-	missing	-	missing	-	missing	-	missing	-	missing	-	missing	-	missing	-	missing	-	missing	-	-
liblevenshtein	core-library	universal	rust	audit-required	byte,unicode-scalar,u64	traits; IntoIterator/Iterator; Result; Drop	crates.io	deterministic-close-plus-leak-containment	audit-required	audit-required	audit-required	audit-required	-	audit-required	-	audit-required	-	audit-required	-	audit-required	-	audit-required	-	audit-required	-	audit-required	-	audit-required	-	audit-required	-	audit-required	-	audit-required	-	audit-required	-	audit-required	-	audit-required	-	audit-required	-	audit-required	-	audit-required	-	audit-required	-	audit-required	-	audit-required	-	liblevenshtein-rust/src/lib.rs
liblevenshtein	core-library	universal	c	audit-required	byte,unicode-scalar,u64	opaque handles; status codes; bounded buffers; vtables	CMake/pkg-config/GitHub Releases	deterministic-close-plus-leak-containment	audit-required	audit-required	audit-required	audit-required	-	audit-required	-	audit-required	-	audit-required	-	audit-required	-	audit-required	-	audit-required	-	audit-required	-	audit-required	-	audit-required	-	audit-required	-	audit-required	-	audit-required	-	audit-required	-	audit-required	-	audit-required	-	audit-required	-	audit-required	-	audit-required	-	audit-required	-	audit-required	-	liblevenshtein-rust/bindings/c
liblevenshtein	core-library	universal	cpp	audit-required	byte,unicode-scalar,u64	RAII; ranges/iterators; move-only handles; typed errors	CMake/pkg-config/GitHub Releases	deterministic-close-plus-leak-containment	audit-required	audit-required	audit-required	audit-required	-	audit-required	-	audit-required	-	audit-required	-	audit-required	-	audit-required	-	audit-required	-	audit-required	-	audit-required	-	audit-required	-	audit-required	-	audit-required	-	audit-required	-	audit-required	-	audit-required	-	audit-required	-	audit-required	-	audit-required	-	audit-required	-	audit-required	-	audit-required	-	liblevenshtein-rust/bindings/cpp
liblevenshtein	core-library	universal	python	audit-required	byte,unicode-scalar,u64	context managers; iterators/collections; exceptions; protocols	PyPI	deterministic-close-plus-leak-containment	audit-required	audit-required	audit-required	audit-required	-	audit-required	-	audit-required	-	audit-required	-	audit-required	-	audit-required	-	audit-required	-	audit-required	-	audit-required	-	audit-required	-	audit-required	-	audit-required	-	audit-required	-	audit-required	-	audit-required	-	audit-required	-	audit-required	-	audit-required	-	audit-required	-	audit-required	-	audit-required	-	liblevenshtein-rust/bindings/python
liblevenshtein	core-library	universal	java	audit-required	byte,unicode-scalar,u64	AutoCloseable/try-with-resources; Collection/Map; Stream/Spliterator; interfaces	Maven Central	deterministic-close-plus-leak-containment	audit-required	audit-required	audit-required	audit-required	-	audit-required	-	audit-required	-	audit-required	-	audit-required	-	audit-required	-	audit-required	-	audit-required	-	audit-required	-	audit-required	-	audit-required	-	audit-required	-	audit-required	-	audit-required	-	audit-required	-	audit-required	-	audit-required	-	audit-required	-	audit-required	-	audit-required	-	audit-required	-	liblevenshtein-rust/bindings/jvm
liblevenshtein	core-library	universal	kotlin	audit-required	byte,unicode-scalar,u64	use; Iterable/Map; Sequence; SAM interfaces	Maven Central	deterministic-close-plus-leak-containment	audit-required	audit-required	audit-required	audit-required	-	audit-required	-	audit-required	-	audit-required	-	audit-required	-	audit-required	-	audit-required	-	audit-required	-	audit-required	-	audit-required	-	audit-required	-	audit-required	-	audit-required	-	audit-required	-	audit-required	-	audit-required	-	audit-required	-	audit-required	-	audit-required	-	audit-required	-	audit-required	-	liblevenshtein-rust/bindings/jvm
liblevenshtein	core-library	universal	scala	audit-required	byte,unicode-scalar,u64	Using/AutoCloseable; Iterable; Iterator; type classes	Maven Central	deterministic-close-plus-leak-containment	audit-required	audit-required	audit-required	audit-required	-	audit-required	-	audit-required	-	audit-required	-	audit-required	-	audit-required	-	audit-required	-	audit-required	-	audit-required	-	audit-required	-	audit-required	-	audit-required	-	audit-required	-	audit-required	-	audit-required	-	audit-required	-	audit-required	-	audit-required	-	audit-required	-	audit-required	-	audit-required	-	liblevenshtein-rust/bindings/jvm
liblevenshtein	core-library	universal	clojure	audit-required	byte,unicode-scalar,u64	Seqable; IReduceInit; Closeable; persistent values	Clojars	deterministic-close-plus-leak-containment	audit-required	audit-required	audit-required	audit-required	-	audit-required	-	audit-required	-	audit-required	-	audit-required	-	audit-required	-	audit-required	-	audit-required	-	audit-required	-	audit-required	-	audit-required	-	audit-required	-	audit-required	-	audit-required	-	audit-required	-	audit-required	-	audit-required	-	audit-required	-	audit-required	-	audit-required	-	audit-required	-	liblevenshtein-rust/bindings/clojure
liblevenshtein	core-library	universal	csharp	audit-required	byte,unicode-scalar,u64	IDisposable/using; IEnumerable/IDictionary; exceptions; interfaces	NuGet	deterministic-close-plus-leak-containment	audit-required	audit-required	audit-required	audit-required	-	audit-required	-	audit-required	-	audit-required	-	audit-required	-	audit-required	-	audit-required	-	audit-required	-	audit-required	-	audit-required	-	audit-required	-	audit-required	-	audit-required	-	audit-required	-	audit-required	-	audit-required	-	audit-required	-	audit-required	-	audit-required	-	audit-required	-	audit-required	-	liblevenshtein-rust/bindings/dotnet
liblevenshtein	core-library	universal	fsharp	audit-required	byte,unicode-scalar,u64	use/use!; seq; Result; object expressions; interfaces	NuGet	deterministic-close-plus-leak-containment	audit-required	audit-required	audit-required	audit-required	-	audit-required	-	audit-required	-	audit-required	-	audit-required	-	audit-required	-	audit-required	-	audit-required	-	audit-required	-	audit-required	-	audit-required	-	audit-required	-	audit-required	-	audit-required	-	audit-required	-	audit-required	-	audit-required	-	audit-required	-	audit-required	-	audit-required	-	audit-required	-	liblevenshtein-rust/bindings/dotnet
liblevenshtein	core-library	universal	go	audit-required	byte,unicode-scalar,u64	interfaces; iter.Seq; io.Closer; errors	Go module proxy	deterministic-close-plus-leak-containment	audit-required	audit-required	audit-required	audit-required	-	audit-required	-	audit-required	-	audit-required	-	audit-required	-	audit-required	-	audit-required	-	audit-required	-	audit-required	-	audit-required	-	audit-required	-	audit-required	-	audit-required	-	audit-required	-	audit-required	-	audit-required	-	audit-required	-	audit-required	-	audit-required	-	audit-required	-	audit-required	-	liblevenshtein-rust/bindings/go
liblevenshtein	core-library	universal	javascript	audit-required	byte,unicode-scalar,u64	Symbol.iterator; Symbol.dispose; Error; native/WASM/WASI runtime identity	npm	deterministic-close-plus-leak-containment	audit-required	audit-required	audit-required	audit-required	-	audit-required	-	audit-required	-	audit-required	-	audit-required	-	audit-required	-	audit-required	-	audit-required	-	audit-required	-	audit-required	-	audit-required	-	audit-required	-	audit-required	-	audit-required	-	audit-required	-	audit-required	-	audit-required	-	audit-required	-	audit-required	-	audit-required	-	audit-required	-	liblevenshtein-rust/bindings/javascript
liblevenshtein	core-library	universal	typescript	audit-required	byte,unicode-scalar,u64	structural interfaces; Iterable; Disposable; discriminated errors	npm	deterministic-close-plus-leak-containment	audit-required	audit-required	audit-required	audit-required	-	audit-required	-	audit-required	-	audit-required	-	audit-required	-	audit-required	-	audit-required	-	audit-required	-	audit-required	-	audit-required	-	audit-required	-	audit-required	-	audit-required	-	audit-required	-	audit-required	-	audit-required	-	audit-required	-	audit-required	-	audit-required	-	audit-required	-	audit-required	-	liblevenshtein-rust/bindings/javascript
liblevenshtein	core-library	universal	clojurescript	audit-required	byte,unicode-scalar,u64	ISeqable; IReduce; protocol dispatch; close!	npm	deterministic-close-plus-leak-containment	audit-required	audit-required	audit-required	audit-required	-	audit-required	-	audit-required	-	audit-required	-	audit-required	-	audit-required	-	audit-required	-	audit-required	-	audit-required	-	audit-required	-	audit-required	-	audit-required	-	audit-required	-	audit-required	-	audit-required	-	audit-required	-	audit-required	-	audit-required	-	audit-required	-	audit-required	-	audit-required	-	liblevenshtein-rust/bindings/javascript/cljs
liblevenshtein	core-library	universal	swift	audit-required	byte,unicode-scalar,u64	Sequence/Collection; protocols; throws; deterministic scoped ownership	Swift Package Index	deterministic-close-plus-leak-containment	audit-required	audit-required	audit-required	audit-required	-	audit-required	-	audit-required	-	audit-required	-	audit-required	-	audit-required	-	audit-required	-	audit-required	-	audit-required	-	audit-required	-	audit-required	-	audit-required	-	audit-required	-	audit-required	-	audit-required	-	audit-required	-	audit-required	-	audit-required	-	audit-required	-	audit-required	-	audit-required	-	liblevenshtein-rust/bindings/swift
liblevenshtein	core-library	universal	ruby	audit-required	byte,unicode-scalar,u64	Enumerable; blocks/ensure; exceptions; explicit close	RubyGems	deterministic-close-plus-leak-containment	audit-required	audit-required	audit-required	audit-required	-	audit-required	-	audit-required	-	audit-required	-	audit-required	-	audit-required	-	audit-required	-	audit-required	-	audit-required	-	audit-required	-	audit-required	-	audit-required	-	audit-required	-	audit-required	-	audit-required	-	audit-required	-	audit-required	-	audit-required	-	audit-required	-	audit-required	-	audit-required	-	liblevenshtein-rust/bindings/ruby
liblevenshtein	core-library	universal	fortran	audit-required	byte,unicode-scalar,u64	modules; derived types; type-bound procedures; finalizers	fpm	deterministic-close-plus-leak-containment	audit-required	audit-required	audit-required	audit-required	-	audit-required	-	audit-required	-	audit-required	-	audit-required	-	audit-required	-	audit-required	-	audit-required	-	audit-required	-	audit-required	-	audit-required	-	audit-required	-	audit-required	-	audit-required	-	audit-required	-	audit-required	-	audit-required	-	audit-required	-	audit-required	-	audit-required	-	audit-required	-	liblevenshtein-rust/bindings/fortran
liblevenshtein	core-library	universal	ocaml	audit-required	byte,unicode-scalar,u64	abstract types; Seq; result; Fun.protect	opam	deterministic-close-plus-leak-containment	audit-required	audit-required	audit-required	audit-required	-	audit-required	-	audit-required	-	audit-required	-	audit-required	-	audit-required	-	audit-required	-	audit-required	-	audit-required	-	audit-required	-	audit-required	-	audit-required	-	audit-required	-	audit-required	-	audit-required	-	audit-required	-	audit-required	-	audit-required	-	audit-required	-	audit-required	-	audit-required	-	liblevenshtein-rust/bindings/ocaml
liblevenshtein	core-library	universal	haskell	audit-required	byte,unicode-scalar,u64	type classes; Foldable; bracket; Either	Hackage	deterministic-close-plus-leak-containment	audit-required	audit-required	audit-required	audit-required	-	audit-required	-	audit-required	-	audit-required	-	audit-required	-	audit-required	-	audit-required	-	audit-required	-	audit-required	-	audit-required	-	audit-required	-	audit-required	-	audit-required	-	audit-required	-	audit-required	-	audit-required	-	audit-required	-	audit-required	-	audit-required	-	audit-required	-	audit-required	-	liblevenshtein-rust/bindings/haskell
liblevenshtein	core-library	universal	lua	audit-required	byte,unicode-scalar,u64	generic-for iterators; __close; tables; error values	LuaRocks	deterministic-close-plus-leak-containment	audit-required	audit-required	audit-required	audit-required	-	audit-required	-	audit-required	-	audit-required	-	audit-required	-	audit-required	-	audit-required	-	audit-required	-	audit-required	-	audit-required	-	audit-required	-	audit-required	-	audit-required	-	audit-required	-	audit-required	-	audit-required	-	audit-required	-	audit-required	-	audit-required	-	audit-required	-	audit-required	-	liblevenshtein-rust/bindings/lua
liblevenshtein	core-library	universal	raku	missing	byte,unicode-scalar,u64	NativeCall; Iterable/Positional/Associative; LEAVE; exceptions	zef/fez	deterministic-close-plus-leak-containment	missing	missing	missing	missing	-	missing	-	missing	-	missing	-	missing	-	missing	-	missing	-	missing	-	missing	-	missing	-	missing	-	missing	-	missing	-	missing	-	missing	-	missing	-	missing	-	missing	-	missing	-	missing	-	missing	-	-
liblevenshtein	core-library	wallbreaker	rust	audit-required	byte,unicode-scalar,u64	traits; IntoIterator/Iterator; Result; Drop	crates.io	deterministic-close-plus-leak-containment	audit-required	audit-required	audit-required	audit-required	-	audit-required	-	audit-required	-	audit-required	-	audit-required	-	audit-required	-	audit-required	-	audit-required	-	audit-required	-	audit-required	-	audit-required	-	audit-required	-	audit-required	-	audit-required	-	audit-required	-	audit-required	-	audit-required	-	audit-required	-	audit-required	-	audit-required	-	audit-required	-	liblevenshtein-rust/src/lib.rs
liblevenshtein	core-library	wallbreaker	c	audit-required	byte,unicode-scalar,u64	opaque handles; status codes; bounded buffers; vtables	CMake/pkg-config/GitHub Releases	deterministic-close-plus-leak-containment	audit-required	audit-required	audit-required	audit-required	-	audit-required	-	audit-required	-	audit-required	-	audit-required	-	audit-required	-	audit-required	-	audit-required	-	audit-required	-	audit-required	-	audit-required	-	audit-required	-	audit-required	-	audit-required	-	audit-required	-	audit-required	-	audit-required	-	audit-required	-	audit-required	-	audit-required	-	audit-required	-	liblevenshtein-rust/bindings/c
liblevenshtein	core-library	wallbreaker	cpp	audit-required	byte,unicode-scalar,u64	RAII; ranges/iterators; move-only handles; typed errors	CMake/pkg-config/GitHub Releases	deterministic-close-plus-leak-containment	audit-required	audit-required	audit-required	audit-required	-	audit-required	-	audit-required	-	audit-required	-	audit-required	-	audit-required	-	audit-required	-	audit-required	-	audit-required	-	audit-required	-	audit-required	-	audit-required	-	audit-required	-	audit-required	-	audit-required	-	audit-required	-	audit-required	-	audit-required	-	audit-required	-	audit-required	-	audit-required	-	liblevenshtein-rust/bindings/cpp
liblevenshtein	core-library	wallbreaker	python	audit-required	byte,unicode-scalar,u64	context managers; iterators/collections; exceptions; protocols	PyPI	deterministic-close-plus-leak-containment	audit-required	audit-required	audit-required	audit-required	-	audit-required	-	audit-required	-	audit-required	-	audit-required	-	audit-required	-	audit-required	-	audit-required	-	audit-required	-	audit-required	-	audit-required	-	audit-required	-	audit-required	-	audit-required	-	audit-required	-	audit-required	-	audit-required	-	audit-required	-	audit-required	-	audit-required	-	audit-required	-	liblevenshtein-rust/bindings/python
liblevenshtein	core-library	wallbreaker	java	audit-required	byte,unicode-scalar,u64	AutoCloseable/try-with-resources; Collection/Map; Stream/Spliterator; interfaces	Maven Central	deterministic-close-plus-leak-containment	audit-required	audit-required	audit-required	audit-required	-	audit-required	-	audit-required	-	audit-required	-	audit-required	-	audit-required	-	audit-required	-	audit-required	-	audit-required	-	audit-required	-	audit-required	-	audit-required	-	audit-required	-	audit-required	-	audit-required	-	audit-required	-	audit-required	-	audit-required	-	audit-required	-	audit-required	-	audit-required	-	liblevenshtein-rust/bindings/jvm
liblevenshtein	core-library	wallbreaker	kotlin	audit-required	byte,unicode-scalar,u64	use; Iterable/Map; Sequence; SAM interfaces	Maven Central	deterministic-close-plus-leak-containment	audit-required	audit-required	audit-required	audit-required	-	audit-required	-	audit-required	-	audit-required	-	audit-required	-	audit-required	-	audit-required	-	audit-required	-	audit-required	-	audit-required	-	audit-required	-	audit-required	-	audit-required	-	audit-required	-	audit-required	-	audit-required	-	audit-required	-	audit-required	-	audit-required	-	audit-required	-	audit-required	-	liblevenshtein-rust/bindings/jvm
liblevenshtein	core-library	wallbreaker	scala	audit-required	byte,unicode-scalar,u64	Using/AutoCloseable; Iterable; Iterator; type classes	Maven Central	deterministic-close-plus-leak-containment	audit-required	audit-required	audit-required	audit-required	-	audit-required	-	audit-required	-	audit-required	-	audit-required	-	audit-required	-	audit-required	-	audit-required	-	audit-required	-	audit-required	-	audit-required	-	audit-required	-	audit-required	-	audit-required	-	audit-required	-	audit-required	-	audit-required	-	audit-required	-	audit-required	-	audit-required	-	audit-required	-	liblevenshtein-rust/bindings/jvm
liblevenshtein	core-library	wallbreaker	clojure	audit-required	byte,unicode-scalar,u64	Seqable; IReduceInit; Closeable; persistent values	Clojars	deterministic-close-plus-leak-containment	audit-required	audit-required	audit-required	audit-required	-	audit-required	-	audit-required	-	audit-required	-	audit-required	-	audit-required	-	audit-required	-	audit-required	-	audit-required	-	audit-required	-	audit-required	-	audit-required	-	audit-required	-	audit-required	-	audit-required	-	audit-required	-	audit-required	-	audit-required	-	audit-required	-	audit-required	-	audit-required	-	liblevenshtein-rust/bindings/clojure
liblevenshtein	core-library	wallbreaker	csharp	audit-required	byte,unicode-scalar,u64	IDisposable/using; IEnumerable/IDictionary; exceptions; interfaces	NuGet	deterministic-close-plus-leak-containment	audit-required	audit-required	audit-required	audit-required	-	audit-required	-	audit-required	-	audit-required	-	audit-required	-	audit-required	-	audit-required	-	audit-required	-	audit-required	-	audit-required	-	audit-required	-	audit-required	-	audit-required	-	audit-required	-	audit-required	-	audit-required	-	audit-required	-	audit-required	-	audit-required	-	audit-required	-	audit-required	-	liblevenshtein-rust/bindings/dotnet
liblevenshtein	core-library	wallbreaker	fsharp	audit-required	byte,unicode-scalar,u64	use/use!; seq; Result; object expressions; interfaces	NuGet	deterministic-close-plus-leak-containment	audit-required	audit-required	audit-required	audit-required	-	audit-required	-	audit-required	-	audit-required	-	audit-required	-	audit-required	-	audit-required	-	audit-required	-	audit-required	-	audit-required	-	audit-required	-	audit-required	-	audit-required	-	audit-required	-	audit-required	-	audit-required	-	audit-required	-	audit-required	-	audit-required	-	audit-required	-	audit-required	-	liblevenshtein-rust/bindings/dotnet
liblevenshtein	core-library	wallbreaker	go	audit-required	byte,unicode-scalar,u64	interfaces; iter.Seq; io.Closer; errors	Go module proxy	deterministic-close-plus-leak-containment	audit-required	audit-required	audit-required	audit-required	-	audit-required	-	audit-required	-	audit-required	-	audit-required	-	audit-required	-	audit-required	-	audit-required	-	audit-required	-	audit-required	-	audit-required	-	audit-required	-	audit-required	-	audit-required	-	audit-required	-	audit-required	-	audit-required	-	audit-required	-	audit-required	-	audit-required	-	audit-required	-	liblevenshtein-rust/bindings/go
liblevenshtein	core-library	wallbreaker	javascript	audit-required	byte,unicode-scalar,u64	Symbol.iterator; Symbol.dispose; Error; native/WASM/WASI runtime identity	npm	deterministic-close-plus-leak-containment	audit-required	audit-required	audit-required	audit-required	-	audit-required	-	audit-required	-	audit-required	-	audit-required	-	audit-required	-	audit-required	-	audit-required	-	audit-required	-	audit-required	-	audit-required	-	audit-required	-	audit-required	-	audit-required	-	audit-required	-	audit-required	-	audit-required	-	audit-required	-	audit-required	-	audit-required	-	audit-required	-	liblevenshtein-rust/bindings/javascript
liblevenshtein	core-library	wallbreaker	typescript	audit-required	byte,unicode-scalar,u64	structural interfaces; Iterable; Disposable; discriminated errors	npm	deterministic-close-plus-leak-containment	audit-required	audit-required	audit-required	audit-required	-	audit-required	-	audit-required	-	audit-required	-	audit-required	-	audit-required	-	audit-required	-	audit-required	-	audit-required	-	audit-required	-	audit-required	-	audit-required	-	audit-required	-	audit-required	-	audit-required	-	audit-required	-	audit-required	-	audit-required	-	audit-required	-	audit-required	-	audit-required	-	liblevenshtein-rust/bindings/javascript
liblevenshtein	core-library	wallbreaker	clojurescript	audit-required	byte,unicode-scalar,u64	ISeqable; IReduce; protocol dispatch; close!	npm	deterministic-close-plus-leak-containment	audit-required	audit-required	audit-required	audit-required	-	audit-required	-	audit-required	-	audit-required	-	audit-required	-	audit-required	-	audit-required	-	audit-required	-	audit-required	-	audit-required	-	audit-required	-	audit-required	-	audit-required	-	audit-required	-	audit-required	-	audit-required	-	audit-required	-	audit-required	-	audit-required	-	audit-required	-	audit-required	-	liblevenshtein-rust/bindings/javascript/cljs
liblevenshtein	core-library	wallbreaker	swift	audit-required	byte,unicode-scalar,u64	Sequence/Collection; protocols; throws; deterministic scoped ownership	Swift Package Index	deterministic-close-plus-leak-containment	audit-required	audit-required	audit-required	audit-required	-	audit-required	-	audit-required	-	audit-required	-	audit-required	-	audit-required	-	audit-required	-	audit-required	-	audit-required	-	audit-required	-	audit-required	-	audit-required	-	audit-required	-	audit-required	-	audit-required	-	audit-required	-	audit-required	-	audit-required	-	audit-required	-	audit-required	-	audit-required	-	liblevenshtein-rust/bindings/swift
liblevenshtein	core-library	wallbreaker	ruby	audit-required	byte,unicode-scalar,u64	Enumerable; blocks/ensure; exceptions; explicit close	RubyGems	deterministic-close-plus-leak-containment	audit-required	audit-required	audit-required	audit-required	-	audit-required	-	audit-required	-	audit-required	-	audit-required	-	audit-required	-	audit-required	-	audit-required	-	audit-required	-	audit-required	-	audit-required	-	audit-required	-	audit-required	-	audit-required	-	audit-required	-	audit-required	-	audit-required	-	audit-required	-	audit-required	-	audit-required	-	audit-required	-	liblevenshtein-rust/bindings/ruby
liblevenshtein	core-library	wallbreaker	fortran	audit-required	byte,unicode-scalar,u64	modules; derived types; type-bound procedures; finalizers	fpm	deterministic-close-plus-leak-containment	audit-required	audit-required	audit-required	audit-required	-	audit-required	-	audit-required	-	audit-required	-	audit-required	-	audit-required	-	audit-required	-	audit-required	-	audit-required	-	audit-required	-	audit-required	-	audit-required	-	audit-required	-	audit-required	-	audit-required	-	audit-required	-	audit-required	-	audit-required	-	audit-required	-	audit-required	-	audit-required	-	liblevenshtein-rust/bindings/fortran
liblevenshtein	core-library	wallbreaker	ocaml	audit-required	byte,unicode-scalar,u64	abstract types; Seq; result; Fun.protect	opam	deterministic-close-plus-leak-containment	audit-required	audit-required	audit-required	audit-required	-	audit-required	-	audit-required	-	audit-required	-	audit-required	-	audit-required	-	audit-required	-	audit-required	-	audit-required	-	audit-required	-	audit-required	-	audit-required	-	audit-required	-	audit-required	-	audit-required	-	audit-required	-	audit-required	-	audit-required	-	audit-required	-	audit-required	-	audit-required	-	liblevenshtein-rust/bindings/ocaml
liblevenshtein	core-library	wallbreaker	haskell	audit-required	byte,unicode-scalar,u64	type classes; Foldable; bracket; Either	Hackage	deterministic-close-plus-leak-containment	audit-required	audit-required	audit-required	audit-required	-	audit-required	-	audit-required	-	audit-required	-	audit-required	-	audit-required	-	audit-required	-	audit-required	-	audit-required	-	audit-required	-	audit-required	-	audit-required	-	audit-required	-	audit-required	-	audit-required	-	audit-required	-	audit-required	-	audit-required	-	audit-required	-	audit-required	-	audit-required	-	liblevenshtein-rust/bindings/haskell
liblevenshtein	core-library	wallbreaker	lua	audit-required	byte,unicode-scalar,u64	generic-for iterators; __close; tables; error values	LuaRocks	deterministic-close-plus-leak-containment	audit-required	audit-required	audit-required	audit-required	-	audit-required	-	audit-required	-	audit-required	-	audit-required	-	audit-required	-	audit-required	-	audit-required	-	audit-required	-	audit-required	-	audit-required	-	audit-required	-	audit-required	-	audit-required	-	audit-required	-	audit-required	-	audit-required	-	audit-required	-	audit-required	-	audit-required	-	audit-required	-	liblevenshtein-rust/bindings/lua
liblevenshtein	core-library	wallbreaker	raku	missing	byte,unicode-scalar,u64	NativeCall; Iterable/Positional/Associative; LEAVE; exceptions	zef/fez	deterministic-close-plus-leak-containment	missing	missing	missing	missing	-	missing	-	missing	-	missing	-	missing	-	missing	-	missing	-	missing	-	missing	-	missing	-	missing	-	missing	-	missing	-	missing	-	missing	-	missing	-	missing	-	missing	-	missing	-	missing	-	missing	-	-
liblevenshtein	core-library	query-traversal	rust	audit-required	byte,unicode-scalar,u64	traits; IntoIterator/Iterator; Result; Drop	crates.io	deterministic-close-plus-leak-containment	audit-required	audit-required	audit-required	audit-required	-	audit-required	-	audit-required	-	audit-required	-	audit-required	-	audit-required	-	audit-required	-	audit-required	-	audit-required	-	audit-required	-	audit-required	-	audit-required	-	audit-required	-	audit-required	-	audit-required	-	audit-required	-	audit-required	-	audit-required	-	audit-required	-	audit-required	-	audit-required	-	liblevenshtein-rust/src/lib.rs
liblevenshtein	core-library	query-traversal	c	audit-required	byte,unicode-scalar,u64	opaque handles; status codes; bounded buffers; vtables	CMake/pkg-config/GitHub Releases	deterministic-close-plus-leak-containment	audit-required	audit-required	audit-required	audit-required	-	audit-required	-	audit-required	-	audit-required	-	audit-required	-	audit-required	-	audit-required	-	audit-required	-	audit-required	-	audit-required	-	audit-required	-	audit-required	-	audit-required	-	audit-required	-	audit-required	-	audit-required	-	audit-required	-	audit-required	-	audit-required	-	audit-required	-	audit-required	-	liblevenshtein-rust/bindings/c
liblevenshtein	core-library	query-traversal	cpp	audit-required	byte,unicode-scalar,u64	RAII; ranges/iterators; move-only handles; typed errors	CMake/pkg-config/GitHub Releases	deterministic-close-plus-leak-containment	audit-required	audit-required	audit-required	audit-required	-	audit-required	-	audit-required	-	audit-required	-	audit-required	-	audit-required	-	audit-required	-	audit-required	-	audit-required	-	audit-required	-	audit-required	-	audit-required	-	audit-required	-	audit-required	-	audit-required	-	audit-required	-	audit-required	-	audit-required	-	audit-required	-	audit-required	-	audit-required	-	liblevenshtein-rust/bindings/cpp
liblevenshtein	core-library	query-traversal	python	audit-required	byte,unicode-scalar,u64	context managers; iterators/collections; exceptions; protocols	PyPI	deterministic-close-plus-leak-containment	audit-required	audit-required	audit-required	audit-required	-	audit-required	-	audit-required	-	audit-required	-	audit-required	-	audit-required	-	audit-required	-	audit-required	-	audit-required	-	audit-required	-	audit-required	-	audit-required	-	audit-required	-	audit-required	-	audit-required	-	audit-required	-	audit-required	-	audit-required	-	audit-required	-	audit-required	-	audit-required	-	liblevenshtein-rust/bindings/python
liblevenshtein	core-library	query-traversal	java	audit-required	byte,unicode-scalar,u64	AutoCloseable/try-with-resources; Collection/Map; Stream/Spliterator; interfaces	Maven Central	deterministic-close-plus-leak-containment	audit-required	audit-required	audit-required	audit-required	-	audit-required	-	audit-required	-	audit-required	-	audit-required	-	audit-required	-	audit-required	-	audit-required	-	audit-required	-	audit-required	-	audit-required	-	audit-required	-	audit-required	-	audit-required	-	audit-required	-	audit-required	-	audit-required	-	audit-required	-	audit-required	-	audit-required	-	audit-required	-	liblevenshtein-rust/bindings/jvm
liblevenshtein	core-library	query-traversal	kotlin	audit-required	byte,unicode-scalar,u64	use; Iterable/Map; Sequence; SAM interfaces	Maven Central	deterministic-close-plus-leak-containment	audit-required	audit-required	audit-required	audit-required	-	audit-required	-	audit-required	-	audit-required	-	audit-required	-	audit-required	-	audit-required	-	audit-required	-	audit-required	-	audit-required	-	audit-required	-	audit-required	-	audit-required	-	audit-required	-	audit-required	-	audit-required	-	audit-required	-	audit-required	-	audit-required	-	audit-required	-	audit-required	-	liblevenshtein-rust/bindings/jvm
liblevenshtein	core-library	query-traversal	scala	audit-required	byte,unicode-scalar,u64	Using/AutoCloseable; Iterable; Iterator; type classes	Maven Central	deterministic-close-plus-leak-containment	audit-required	audit-required	audit-required	audit-required	-	audit-required	-	audit-required	-	audit-required	-	audit-required	-	audit-required	-	audit-required	-	audit-required	-	audit-required	-	audit-required	-	audit-required	-	audit-required	-	audit-required	-	audit-required	-	audit-required	-	audit-required	-	audit-required	-	audit-required	-	audit-required	-	audit-required	-	audit-required	-	liblevenshtein-rust/bindings/jvm
liblevenshtein	core-library	query-traversal	clojure	audit-required	byte,unicode-scalar,u64	Seqable; IReduceInit; Closeable; persistent values	Clojars	deterministic-close-plus-leak-containment	audit-required	audit-required	audit-required	audit-required	-	audit-required	-	audit-required	-	audit-required	-	audit-required	-	audit-required	-	audit-required	-	audit-required	-	audit-required	-	audit-required	-	audit-required	-	audit-required	-	audit-required	-	audit-required	-	audit-required	-	audit-required	-	audit-required	-	audit-required	-	audit-required	-	audit-required	-	audit-required	-	liblevenshtein-rust/bindings/clojure
liblevenshtein	core-library	query-traversal	csharp	audit-required	byte,unicode-scalar,u64	IDisposable/using; IEnumerable/IDictionary; exceptions; interfaces	NuGet	deterministic-close-plus-leak-containment	audit-required	audit-required	audit-required	audit-required	-	audit-required	-	audit-required	-	audit-required	-	audit-required	-	audit-required	-	audit-required	-	audit-required	-	audit-required	-	audit-required	-	audit-required	-	audit-required	-	audit-required	-	audit-required	-	audit-required	-	audit-required	-	audit-required	-	audit-required	-	audit-required	-	audit-required	-	audit-required	-	liblevenshtein-rust/bindings/dotnet
liblevenshtein	core-library	query-traversal	fsharp	audit-required	byte,unicode-scalar,u64	use/use!; seq; Result; object expressions; interfaces	NuGet	deterministic-close-plus-leak-containment	audit-required	audit-required	audit-required	audit-required	-	audit-required	-	audit-required	-	audit-required	-	audit-required	-	audit-required	-	audit-required	-	audit-required	-	audit-required	-	audit-required	-	audit-required	-	audit-required	-	audit-required	-	audit-required	-	audit-required	-	audit-required	-	audit-required	-	audit-required	-	audit-required	-	audit-required	-	audit-required	-	liblevenshtein-rust/bindings/dotnet
liblevenshtein	core-library	query-traversal	go	audit-required	byte,unicode-scalar,u64	interfaces; iter.Seq; io.Closer; errors	Go module proxy	deterministic-close-plus-leak-containment	audit-required	audit-required	audit-required	audit-required	-	audit-required	-	audit-required	-	audit-required	-	audit-required	-	audit-required	-	audit-required	-	audit-required	-	audit-required	-	audit-required	-	audit-required	-	audit-required	-	audit-required	-	audit-required	-	audit-required	-	audit-required	-	audit-required	-	audit-required	-	audit-required	-	audit-required	-	audit-required	-	liblevenshtein-rust/bindings/go
liblevenshtein	core-library	query-traversal	javascript	audit-required	byte,unicode-scalar,u64	Symbol.iterator; Symbol.dispose; Error; native/WASM/WASI runtime identity	npm	deterministic-close-plus-leak-containment	audit-required	audit-required	audit-required	audit-required	-	audit-required	-	audit-required	-	audit-required	-	audit-required	-	audit-required	-	audit-required	-	audit-required	-	audit-required	-	audit-required	-	audit-required	-	audit-required	-	audit-required	-	audit-required	-	audit-required	-	audit-required	-	audit-required	-	audit-required	-	audit-required	-	audit-required	-	audit-required	-	liblevenshtein-rust/bindings/javascript
liblevenshtein	core-library	query-traversal	typescript	audit-required	byte,unicode-scalar,u64	structural interfaces; Iterable; Disposable; discriminated errors	npm	deterministic-close-plus-leak-containment	audit-required	audit-required	audit-required	audit-required	-	audit-required	-	audit-required	-	audit-required	-	audit-required	-	audit-required	-	audit-required	-	audit-required	-	audit-required	-	audit-required	-	audit-required	-	audit-required	-	audit-required	-	audit-required	-	audit-required	-	audit-required	-	audit-required	-	audit-required	-	audit-required	-	audit-required	-	audit-required	-	liblevenshtein-rust/bindings/javascript
liblevenshtein	core-library	query-traversal	clojurescript	audit-required	byte,unicode-scalar,u64	ISeqable; IReduce; protocol dispatch; close!	npm	deterministic-close-plus-leak-containment	audit-required	audit-required	audit-required	audit-required	-	audit-required	-	audit-required	-	audit-required	-	audit-required	-	audit-required	-	audit-required	-	audit-required	-	audit-required	-	audit-required	-	audit-required	-	audit-required	-	audit-required	-	audit-required	-	audit-required	-	audit-required	-	audit-required	-	audit-required	-	audit-required	-	audit-required	-	audit-required	-	liblevenshtein-rust/bindings/javascript/cljs
liblevenshtein	core-library	query-traversal	swift	audit-required	byte,unicode-scalar,u64	Sequence/Collection; protocols; throws; deterministic scoped ownership	Swift Package Index	deterministic-close-plus-leak-containment	audit-required	audit-required	audit-required	audit-required	-	audit-required	-	audit-required	-	audit-required	-	audit-required	-	audit-required	-	audit-required	-	audit-required	-	audit-required	-	audit-required	-	audit-required	-	audit-required	-	audit-required	-	audit-required	-	audit-required	-	audit-required	-	audit-required	-	audit-required	-	audit-required	-	audit-required	-	audit-required	-	liblevenshtein-rust/bindings/swift
liblevenshtein	core-library	query-traversal	ruby	audit-required	byte,unicode-scalar,u64	Enumerable; blocks/ensure; exceptions; explicit close	RubyGems	deterministic-close-plus-leak-containment	audit-required	audit-required	audit-required	audit-required	-	audit-required	-	audit-required	-	audit-required	-	audit-required	-	audit-required	-	audit-required	-	audit-required	-	audit-required	-	audit-required	-	audit-required	-	audit-required	-	audit-required	-	audit-required	-	audit-required	-	audit-required	-	audit-required	-	audit-required	-	audit-required	-	audit-required	-	audit-required	-	liblevenshtein-rust/bindings/ruby
liblevenshtein	core-library	query-traversal	fortran	audit-required	byte,unicode-scalar,u64	modules; derived types; type-bound procedures; finalizers	fpm	deterministic-close-plus-leak-containment	audit-required	audit-required	audit-required	audit-required	-	audit-required	-	audit-required	-	audit-required	-	audit-required	-	audit-required	-	audit-required	-	audit-required	-	audit-required	-	audit-required	-	audit-required	-	audit-required	-	audit-required	-	audit-required	-	audit-required	-	audit-required	-	audit-required	-	audit-required	-	audit-required	-	audit-required	-	audit-required	-	liblevenshtein-rust/bindings/fortran
liblevenshtein	core-library	query-traversal	ocaml	audit-required	byte,unicode-scalar,u64	abstract types; Seq; result; Fun.protect	opam	deterministic-close-plus-leak-containment	audit-required	audit-required	audit-required	audit-required	-	audit-required	-	audit-required	-	audit-required	-	audit-required	-	audit-required	-	audit-required	-	audit-required	-	audit-required	-	audit-required	-	audit-required	-	audit-required	-	audit-required	-	audit-required	-	audit-required	-	audit-required	-	audit-required	-	audit-required	-	audit-required	-	audit-required	-	audit-required	-	liblevenshtein-rust/bindings/ocaml
liblevenshtein	core-library	query-traversal	haskell	audit-required	byte,unicode-scalar,u64	type classes; Foldable; bracket; Either	Hackage	deterministic-close-plus-leak-containment	audit-required	audit-required	audit-required	audit-required	-	audit-required	-	audit-required	-	audit-required	-	audit-required	-	audit-required	-	audit-required	-	audit-required	-	audit-required	-	audit-required	-	audit-required	-	audit-required	-	audit-required	-	audit-required	-	audit-required	-	audit-required	-	audit-required	-	audit-required	-	audit-required	-	audit-required	-	audit-required	-	liblevenshtein-rust/bindings/haskell
liblevenshtein	core-library	query-traversal	lua	audit-required	byte,unicode-scalar,u64	generic-for iterators; __close; tables; error values	LuaRocks	deterministic-close-plus-leak-containment	audit-required	audit-required	audit-required	audit-required	-	audit-required	-	audit-required	-	audit-required	-	audit-required	-	audit-required	-	audit-required	-	audit-required	-	audit-required	-	audit-required	-	audit-required	-	audit-required	-	audit-required	-	audit-required	-	audit-required	-	audit-required	-	audit-required	-	audit-required	-	audit-required	-	audit-required	-	audit-required	-	liblevenshtein-rust/bindings/lua
liblevenshtein	core-library	query-traversal	raku	missing	byte,unicode-scalar,u64	NativeCall; Iterable/Positional/Associative; LEAVE; exceptions	zef/fez	deterministic-close-plus-leak-containment	missing	missing	missing	missing	-	missing	-	missing	-	missing	-	missing	-	missing	-	missing	-	missing	-	missing	-	missing	-	missing	-	missing	-	missing	-	missing	-	missing	-	missing	-	missing	-	missing	-	missing	-	missing	-	missing	-	-
liblevenshtein	core-library	ranked-contextual	rust	audit-required	byte,unicode-scalar,u64	traits; IntoIterator/Iterator; Result; Drop	crates.io	deterministic-close-plus-leak-containment	audit-required	audit-required	audit-required	audit-required	-	audit-required	-	audit-required	-	audit-required	-	audit-required	-	audit-required	-	audit-required	-	audit-required	-	audit-required	-	audit-required	-	audit-required	-	audit-required	-	audit-required	-	audit-required	-	audit-required	-	audit-required	-	audit-required	-	audit-required	-	audit-required	-	audit-required	-	audit-required	-	liblevenshtein-rust/src/lib.rs
liblevenshtein	core-library	ranked-contextual	c	audit-required	byte,unicode-scalar,u64	opaque handles; status codes; bounded buffers; vtables	CMake/pkg-config/GitHub Releases	deterministic-close-plus-leak-containment	audit-required	audit-required	audit-required	audit-required	-	audit-required	-	audit-required	-	audit-required	-	audit-required	-	audit-required	-	audit-required	-	audit-required	-	audit-required	-	audit-required	-	audit-required	-	audit-required	-	audit-required	-	audit-required	-	audit-required	-	audit-required	-	audit-required	-	audit-required	-	audit-required	-	audit-required	-	audit-required	-	liblevenshtein-rust/bindings/c
liblevenshtein	core-library	ranked-contextual	cpp	audit-required	byte,unicode-scalar,u64	RAII; ranges/iterators; move-only handles; typed errors	CMake/pkg-config/GitHub Releases	deterministic-close-plus-leak-containment	audit-required	audit-required	audit-required	audit-required	-	audit-required	-	audit-required	-	audit-required	-	audit-required	-	audit-required	-	audit-required	-	audit-required	-	audit-required	-	audit-required	-	audit-required	-	audit-required	-	audit-required	-	audit-required	-	audit-required	-	audit-required	-	audit-required	-	audit-required	-	audit-required	-	audit-required	-	audit-required	-	liblevenshtein-rust/bindings/cpp
liblevenshtein	core-library	ranked-contextual	python	audit-required	byte,unicode-scalar,u64	context managers; iterators/collections; exceptions; protocols	PyPI	deterministic-close-plus-leak-containment	audit-required	audit-required	audit-required	audit-required	-	audit-required	-	audit-required	-	audit-required	-	audit-required	-	audit-required	-	audit-required	-	audit-required	-	audit-required	-	audit-required	-	audit-required	-	audit-required	-	audit-required	-	audit-required	-	audit-required	-	audit-required	-	audit-required	-	audit-required	-	audit-required	-	audit-required	-	audit-required	-	liblevenshtein-rust/bindings/python
liblevenshtein	core-library	ranked-contextual	java	audit-required	byte,unicode-scalar,u64	AutoCloseable/try-with-resources; Collection/Map; Stream/Spliterator; interfaces	Maven Central	deterministic-close-plus-leak-containment	audit-required	audit-required	audit-required	audit-required	-	audit-required	-	audit-required	-	audit-required	-	audit-required	-	audit-required	-	audit-required	-	audit-required	-	audit-required	-	audit-required	-	audit-required	-	audit-required	-	audit-required	-	audit-required	-	audit-required	-	audit-required	-	audit-required	-	audit-required	-	audit-required	-	audit-required	-	audit-required	-	liblevenshtein-rust/bindings/jvm
liblevenshtein	core-library	ranked-contextual	kotlin	audit-required	byte,unicode-scalar,u64	use; Iterable/Map; Sequence; SAM interfaces	Maven Central	deterministic-close-plus-leak-containment	audit-required	audit-required	audit-required	audit-required	-	audit-required	-	audit-required	-	audit-required	-	audit-required	-	audit-required	-	audit-required	-	audit-required	-	audit-required	-	audit-required	-	audit-required	-	audit-required	-	audit-required	-	audit-required	-	audit-required	-	audit-required	-	audit-required	-	audit-required	-	audit-required	-	audit-required	-	audit-required	-	liblevenshtein-rust/bindings/jvm
liblevenshtein	core-library	ranked-contextual	scala	audit-required	byte,unicode-scalar,u64	Using/AutoCloseable; Iterable; Iterator; type classes	Maven Central	deterministic-close-plus-leak-containment	audit-required	audit-required	audit-required	audit-required	-	audit-required	-	audit-required	-	audit-required	-	audit-required	-	audit-required	-	audit-required	-	audit-required	-	audit-required	-	audit-required	-	audit-required	-	audit-required	-	audit-required	-	audit-required	-	audit-required	-	audit-required	-	audit-required	-	audit-required	-	audit-required	-	audit-required	-	audit-required	-	liblevenshtein-rust/bindings/jvm
liblevenshtein	core-library	ranked-contextual	clojure	audit-required	byte,unicode-scalar,u64	Seqable; IReduceInit; Closeable; persistent values	Clojars	deterministic-close-plus-leak-containment	audit-required	audit-required	audit-required	audit-required	-	audit-required	-	audit-required	-	audit-required	-	audit-required	-	audit-required	-	audit-required	-	audit-required	-	audit-required	-	audit-required	-	audit-required	-	audit-required	-	audit-required	-	audit-required	-	audit-required	-	audit-required	-	audit-required	-	audit-required	-	audit-required	-	audit-required	-	audit-required	-	liblevenshtein-rust/bindings/clojure
liblevenshtein	core-library	ranked-contextual	csharp	audit-required	byte,unicode-scalar,u64	IDisposable/using; IEnumerable/IDictionary; exceptions; interfaces	NuGet	deterministic-close-plus-leak-containment	audit-required	audit-required	audit-required	audit-required	-	audit-required	-	audit-required	-	audit-required	-	audit-required	-	audit-required	-	audit-required	-	audit-required	-	audit-required	-	audit-required	-	audit-required	-	audit-required	-	audit-required	-	audit-required	-	audit-required	-	audit-required	-	audit-required	-	audit-required	-	audit-required	-	audit-required	-	audit-required	-	liblevenshtein-rust/bindings/dotnet
liblevenshtein	core-library	ranked-contextual	fsharp	audit-required	byte,unicode-scalar,u64	use/use!; seq; Result; object expressions; interfaces	NuGet	deterministic-close-plus-leak-containment	audit-required	audit-required	audit-required	audit-required	-	audit-required	-	audit-required	-	audit-required	-	audit-required	-	audit-required	-	audit-required	-	audit-required	-	audit-required	-	audit-required	-	audit-required	-	audit-required	-	audit-required	-	audit-required	-	audit-required	-	audit-required	-	audit-required	-	audit-required	-	audit-required	-	audit-required	-	audit-required	-	liblevenshtein-rust/bindings/dotnet
liblevenshtein	core-library	ranked-contextual	go	audit-required	byte,unicode-scalar,u64	interfaces; iter.Seq; io.Closer; errors	Go module proxy	deterministic-close-plus-leak-containment	audit-required	audit-required	audit-required	audit-required	-	audit-required	-	audit-required	-	audit-required	-	audit-required	-	audit-required	-	audit-required	-	audit-required	-	audit-required	-	audit-required	-	audit-required	-	audit-required	-	audit-required	-	audit-required	-	audit-required	-	audit-required	-	audit-required	-	audit-required	-	audit-required	-	audit-required	-	audit-required	-	liblevenshtein-rust/bindings/go
liblevenshtein	core-library	ranked-contextual	javascript	audit-required	byte,unicode-scalar,u64	Symbol.iterator; Symbol.dispose; Error; native/WASM/WASI runtime identity	npm	deterministic-close-plus-leak-containment	audit-required	audit-required	audit-required	audit-required	-	audit-required	-	audit-required	-	audit-required	-	audit-required	-	audit-required	-	audit-required	-	audit-required	-	audit-required	-	audit-required	-	audit-required	-	audit-required	-	audit-required	-	audit-required	-	audit-required	-	audit-required	-	audit-required	-	audit-required	-	audit-required	-	audit-required	-	audit-required	-	liblevenshtein-rust/bindings/javascript
liblevenshtein	core-library	ranked-contextual	typescript	audit-required	byte,unicode-scalar,u64	structural interfaces; Iterable; Disposable; discriminated errors	npm	deterministic-close-plus-leak-containment	audit-required	audit-required	audit-required	audit-required	-	audit-required	-	audit-required	-	audit-required	-	audit-required	-	audit-required	-	audit-required	-	audit-required	-	audit-required	-	audit-required	-	audit-required	-	audit-required	-	audit-required	-	audit-required	-	audit-required	-	audit-required	-	audit-required	-	audit-required	-	audit-required	-	audit-required	-	audit-required	-	liblevenshtein-rust/bindings/javascript
liblevenshtein	core-library	ranked-contextual	clojurescript	audit-required	byte,unicode-scalar,u64	ISeqable; IReduce; protocol dispatch; close!	npm	deterministic-close-plus-leak-containment	audit-required	audit-required	audit-required	audit-required	-	audit-required	-	audit-required	-	audit-required	-	audit-required	-	audit-required	-	audit-required	-	audit-required	-	audit-required	-	audit-required	-	audit-required	-	audit-required	-	audit-required	-	audit-required	-	audit-required	-	audit-required	-	audit-required	-	audit-required	-	audit-required	-	audit-required	-	audit-required	-	liblevenshtein-rust/bindings/javascript/cljs
liblevenshtein	core-library	ranked-contextual	swift	audit-required	byte,unicode-scalar,u64	Sequence/Collection; protocols; throws; deterministic scoped ownership	Swift Package Index	deterministic-close-plus-leak-containment	audit-required	audit-required	audit-required	audit-required	-	audit-required	-	audit-required	-	audit-required	-	audit-required	-	audit-required	-	audit-required	-	audit-required	-	audit-required	-	audit-required	-	audit-required	-	audit-required	-	audit-required	-	audit-required	-	audit-required	-	audit-required	-	audit-required	-	audit-required	-	audit-required	-	audit-required	-	audit-required	-	liblevenshtein-rust/bindings/swift
liblevenshtein	core-library	ranked-contextual	ruby	audit-required	byte,unicode-scalar,u64	Enumerable; blocks/ensure; exceptions; explicit close	RubyGems	deterministic-close-plus-leak-containment	audit-required	audit-required	audit-required	audit-required	-	audit-required	-	audit-required	-	audit-required	-	audit-required	-	audit-required	-	audit-required	-	audit-required	-	audit-required	-	audit-required	-	audit-required	-	audit-required	-	audit-required	-	audit-required	-	audit-required	-	audit-required	-	audit-required	-	audit-required	-	audit-required	-	audit-required	-	audit-required	-	liblevenshtein-rust/bindings/ruby
liblevenshtein	core-library	ranked-contextual	fortran	audit-required	byte,unicode-scalar,u64	modules; derived types; type-bound procedures; finalizers	fpm	deterministic-close-plus-leak-containment	audit-required	audit-required	audit-required	audit-required	-	audit-required	-	audit-required	-	audit-required	-	audit-required	-	audit-required	-	audit-required	-	audit-required	-	audit-required	-	audit-required	-	audit-required	-	audit-required	-	audit-required	-	audit-required	-	audit-required	-	audit-required	-	audit-required	-	audit-required	-	audit-required	-	audit-required	-	audit-required	-	liblevenshtein-rust/bindings/fortran
liblevenshtein	core-library	ranked-contextual	ocaml	audit-required	byte,unicode-scalar,u64	abstract types; Seq; result; Fun.protect	opam	deterministic-close-plus-leak-containment	audit-required	audit-required	audit-required	audit-required	-	audit-required	-	audit-required	-	audit-required	-	audit-required	-	audit-required	-	audit-required	-	audit-required	-	audit-required	-	audit-required	-	audit-required	-	audit-required	-	audit-required	-	audit-required	-	audit-required	-	audit-required	-	audit-required	-	audit-required	-	audit-required	-	audit-required	-	audit-required	-	liblevenshtein-rust/bindings/ocaml
liblevenshtein	core-library	ranked-contextual	haskell	audit-required	byte,unicode-scalar,u64	type classes; Foldable; bracket; Either	Hackage	deterministic-close-plus-leak-containment	audit-required	audit-required	audit-required	audit-required	-	audit-required	-	audit-required	-	audit-required	-	audit-required	-	audit-required	-	audit-required	-	audit-required	-	audit-required	-	audit-required	-	audit-required	-	audit-required	-	audit-required	-	audit-required	-	audit-required	-	audit-required	-	audit-required	-	audit-required	-	audit-required	-	audit-required	-	audit-required	-	liblevenshtein-rust/bindings/haskell
liblevenshtein	core-library	ranked-contextual	lua	audit-required	byte,unicode-scalar,u64	generic-for iterators; __close; tables; error values	LuaRocks	deterministic-close-plus-leak-containment	audit-required	audit-required	audit-required	audit-required	-	audit-required	-	audit-required	-	audit-required	-	audit-required	-	audit-required	-	audit-required	-	audit-required	-	audit-required	-	audit-required	-	audit-required	-	audit-required	-	audit-required	-	audit-required	-	audit-required	-	audit-required	-	audit-required	-	audit-required	-	audit-required	-	audit-required	-	audit-required	-	liblevenshtein-rust/bindings/lua
liblevenshtein	core-library	ranked-contextual	raku	missing	byte,unicode-scalar,u64	NativeCall; Iterable/Positional/Associative; LEAVE; exceptions	zef/fez	deterministic-close-plus-leak-containment	missing	missing	missing	missing	-	missing	-	missing	-	missing	-	missing	-	missing	-	missing	-	missing	-	missing	-	missing	-	missing	-	missing	-	missing	-	missing	-	missing	-	missing	-	missing	-	missing	-	missing	-	missing	-	missing	-	-
liblevenshtein	core-library	serialization	rust	audit-required	byte,unicode-scalar,u64	traits; IntoIterator/Iterator; Result; Drop	crates.io	deterministic-close-plus-leak-containment	audit-required	audit-required	audit-required	audit-required	-	audit-required	-	audit-required	-	audit-required	-	audit-required	-	audit-required	-	audit-required	-	audit-required	-	audit-required	-	audit-required	-	audit-required	-	audit-required	-	audit-required	-	audit-required	-	audit-required	-	audit-required	-	audit-required	-	audit-required	-	audit-required	-	audit-required	-	audit-required	-	liblevenshtein-rust/src/lib.rs
liblevenshtein	core-library	serialization	c	audit-required	byte,unicode-scalar,u64	opaque handles; status codes; bounded buffers; vtables	CMake/pkg-config/GitHub Releases	deterministic-close-plus-leak-containment	audit-required	audit-required	audit-required	audit-required	-	audit-required	-	audit-required	-	audit-required	-	audit-required	-	audit-required	-	audit-required	-	audit-required	-	audit-required	-	audit-required	-	audit-required	-	audit-required	-	audit-required	-	audit-required	-	audit-required	-	audit-required	-	audit-required	-	audit-required	-	audit-required	-	audit-required	-	audit-required	-	liblevenshtein-rust/bindings/c
liblevenshtein	core-library	serialization	cpp	audit-required	byte,unicode-scalar,u64	RAII; ranges/iterators; move-only handles; typed errors	CMake/pkg-config/GitHub Releases	deterministic-close-plus-leak-containment	audit-required	audit-required	audit-required	audit-required	-	audit-required	-	audit-required	-	audit-required	-	audit-required	-	audit-required	-	audit-required	-	audit-required	-	audit-required	-	audit-required	-	audit-required	-	audit-required	-	audit-required	-	audit-required	-	audit-required	-	audit-required	-	audit-required	-	audit-required	-	audit-required	-	audit-required	-	audit-required	-	liblevenshtein-rust/bindings/cpp
liblevenshtein	core-library	serialization	python	audit-required	byte,unicode-scalar,u64	context managers; iterators/collections; exceptions; protocols	PyPI	deterministic-close-plus-leak-containment	audit-required	audit-required	audit-required	audit-required	-	audit-required	-	audit-required	-	audit-required	-	audit-required	-	audit-required	-	audit-required	-	audit-required	-	audit-required	-	audit-required	-	audit-required	-	audit-required	-	audit-required	-	audit-required	-	audit-required	-	audit-required	-	audit-required	-	audit-required	-	audit-required	-	audit-required	-	audit-required	-	liblevenshtein-rust/bindings/python
liblevenshtein	core-library	serialization	java	audit-required	byte,unicode-scalar,u64	AutoCloseable/try-with-resources; Collection/Map; Stream/Spliterator; interfaces	Maven Central	deterministic-close-plus-leak-containment	audit-required	audit-required	audit-required	audit-required	-	audit-required	-	audit-required	-	audit-required	-	audit-required	-	audit-required	-	audit-required	-	audit-required	-	audit-required	-	audit-required	-	audit-required	-	audit-required	-	audit-required	-	audit-required	-	audit-required	-	audit-required	-	audit-required	-	audit-required	-	audit-required	-	audit-required	-	audit-required	-	liblevenshtein-rust/bindings/jvm
liblevenshtein	core-library	serialization	kotlin	audit-required	byte,unicode-scalar,u64	use; Iterable/Map; Sequence; SAM interfaces	Maven Central	deterministic-close-plus-leak-containment	audit-required	audit-required	audit-required	audit-required	-	audit-required	-	audit-required	-	audit-required	-	audit-required	-	audit-required	-	audit-required	-	audit-required	-	audit-required	-	audit-required	-	audit-required	-	audit-required	-	audit-required	-	audit-required	-	audit-required	-	audit-required	-	audit-required	-	audit-required	-	audit-required	-	audit-required	-	audit-required	-	liblevenshtein-rust/bindings/jvm
liblevenshtein	core-library	serialization	scala	audit-required	byte,unicode-scalar,u64	Using/AutoCloseable; Iterable; Iterator; type classes	Maven Central	deterministic-close-plus-leak-containment	audit-required	audit-required	audit-required	audit-required	-	audit-required	-	audit-required	-	audit-required	-	audit-required	-	audit-required	-	audit-required	-	audit-required	-	audit-required	-	audit-required	-	audit-required	-	audit-required	-	audit-required	-	audit-required	-	audit-required	-	audit-required	-	audit-required	-	audit-required	-	audit-required	-	audit-required	-	audit-required	-	liblevenshtein-rust/bindings/jvm
liblevenshtein	core-library	serialization	clojure	audit-required	byte,unicode-scalar,u64	Seqable; IReduceInit; Closeable; persistent values	Clojars	deterministic-close-plus-leak-containment	audit-required	audit-required	audit-required	audit-required	-	audit-required	-	audit-required	-	audit-required	-	audit-required	-	audit-required	-	audit-required	-	audit-required	-	audit-required	-	audit-required	-	audit-required	-	audit-required	-	audit-required	-	audit-required	-	audit-required	-	audit-required	-	audit-required	-	audit-required	-	audit-required	-	audit-required	-	audit-required	-	liblevenshtein-rust/bindings/clojure
liblevenshtein	core-library	serialization	csharp	audit-required	byte,unicode-scalar,u64	IDisposable/using; IEnumerable/IDictionary; exceptions; interfaces	NuGet	deterministic-close-plus-leak-containment	audit-required	audit-required	audit-required	audit-required	-	audit-required	-	audit-required	-	audit-required	-	audit-required	-	audit-required	-	audit-required	-	audit-required	-	audit-required	-	audit-required	-	audit-required	-	audit-required	-	audit-required	-	audit-required	-	audit-required	-	audit-required	-	audit-required	-	audit-required	-	audit-required	-	audit-required	-	audit-required	-	liblevenshtein-rust/bindings/dotnet
liblevenshtein	core-library	serialization	fsharp	audit-required	byte,unicode-scalar,u64	use/use!; seq; Result; object expressions; interfaces	NuGet	deterministic-close-plus-leak-containment	audit-required	audit-required	audit-required	audit-required	-	audit-required	-	audit-required	-	audit-required	-	audit-required	-	audit-required	-	audit-required	-	audit-required	-	audit-required	-	audit-required	-	audit-required	-	audit-required	-	audit-required	-	audit-required	-	audit-required	-	audit-required	-	audit-required	-	audit-required	-	audit-required	-	audit-required	-	audit-required	-	liblevenshtein-rust/bindings/dotnet
liblevenshtein	core-library	serialization	go	audit-required	byte,unicode-scalar,u64	interfaces; iter.Seq; io.Closer; errors	Go module proxy	deterministic-close-plus-leak-containment	audit-required	audit-required	audit-required	audit-required	-	audit-required	-	audit-required	-	audit-required	-	audit-required	-	audit-required	-	audit-required	-	audit-required	-	audit-required	-	audit-required	-	audit-required	-	audit-required	-	audit-required	-	audit-required	-	audit-required	-	audit-required	-	audit-required	-	audit-required	-	audit-required	-	audit-required	-	audit-required	-	liblevenshtein-rust/bindings/go
liblevenshtein	core-library	serialization	javascript	audit-required	byte,unicode-scalar,u64	Symbol.iterator; Symbol.dispose; Error; native/WASM/WASI runtime identity	npm	deterministic-close-plus-leak-containment	audit-required	audit-required	audit-required	audit-required	-	audit-required	-	audit-required	-	audit-required	-	audit-required	-	audit-required	-	audit-required	-	audit-required	-	audit-required	-	audit-required	-	audit-required	-	audit-required	-	audit-required	-	audit-required	-	audit-required	-	audit-required	-	audit-required	-	audit-required	-	audit-required	-	audit-required	-	audit-required	-	liblevenshtein-rust/bindings/javascript
liblevenshtein	core-library	serialization	typescript	audit-required	byte,unicode-scalar,u64	structural interfaces; Iterable; Disposable; discriminated errors	npm	deterministic-close-plus-leak-containment	audit-required	audit-required	audit-required	audit-required	-	audit-required	-	audit-required	-	audit-required	-	audit-required	-	audit-required	-	audit-required	-	audit-required	-	audit-required	-	audit-required	-	audit-required	-	audit-required	-	audit-required	-	audit-required	-	audit-required	-	audit-required	-	audit-required	-	audit-required	-	audit-required	-	audit-required	-	audit-required	-	liblevenshtein-rust/bindings/javascript
liblevenshtein	core-library	serialization	clojurescript	audit-required	byte,unicode-scalar,u64	ISeqable; IReduce; protocol dispatch; close!	npm	deterministic-close-plus-leak-containment	audit-required	audit-required	audit-required	audit-required	-	audit-required	-	audit-required	-	audit-required	-	audit-required	-	audit-required	-	audit-required	-	audit-required	-	audit-required	-	audit-required	-	audit-required	-	audit-required	-	audit-required	-	audit-required	-	audit-required	-	audit-required	-	audit-required	-	audit-required	-	audit-required	-	audit-required	-	audit-required	-	liblevenshtein-rust/bindings/javascript/cljs
liblevenshtein	core-library	serialization	swift	audit-required	byte,unicode-scalar,u64	Sequence/Collection; protocols; throws; deterministic scoped ownership	Swift Package Index	deterministic-close-plus-leak-containment	audit-required	audit-required	audit-required	audit-required	-	audit-required	-	audit-required	-	audit-required	-	audit-required	-	audit-required	-	audit-required	-	audit-required	-	audit-required	-	audit-required	-	audit-required	-	audit-required	-	audit-required	-	audit-required	-	audit-required	-	audit-required	-	audit-required	-	audit-required	-	audit-required	-	audit-required	-	audit-required	-	liblevenshtein-rust/bindings/swift
liblevenshtein	core-library	serialization	ruby	audit-required	byte,unicode-scalar,u64	Enumerable; blocks/ensure; exceptions; explicit close	RubyGems	deterministic-close-plus-leak-containment	audit-required	audit-required	audit-required	audit-required	-	audit-required	-	audit-required	-	audit-required	-	audit-required	-	audit-required	-	audit-required	-	audit-required	-	audit-required	-	audit-required	-	audit-required	-	audit-required	-	audit-required	-	audit-required	-	audit-required	-	audit-required	-	audit-required	-	audit-required	-	audit-required	-	audit-required	-	audit-required	-	liblevenshtein-rust/bindings/ruby
liblevenshtein	core-library	serialization	fortran	audit-required	byte,unicode-scalar,u64	modules; derived types; type-bound procedures; finalizers	fpm	deterministic-close-plus-leak-containment	audit-required	audit-required	audit-required	audit-required	-	audit-required	-	audit-required	-	audit-required	-	audit-required	-	audit-required	-	audit-required	-	audit-required	-	audit-required	-	audit-required	-	audit-required	-	audit-required	-	audit-required	-	audit-required	-	audit-required	-	audit-required	-	audit-required	-	audit-required	-	audit-required	-	audit-required	-	audit-required	-	liblevenshtein-rust/bindings/fortran
liblevenshtein	core-library	serialization	ocaml	audit-required	byte,unicode-scalar,u64	abstract types; Seq; result; Fun.protect	opam	deterministic-close-plus-leak-containment	audit-required	audit-required	audit-required	audit-required	-	audit-required	-	audit-required	-	audit-required	-	audit-required	-	audit-required	-	audit-required	-	audit-required	-	audit-required	-	audit-required	-	audit-required	-	audit-required	-	audit-required	-	audit-required	-	audit-required	-	audit-required	-	audit-required	-	audit-required	-	audit-required	-	audit-required	-	audit-required	-	liblevenshtein-rust/bindings/ocaml
liblevenshtein	core-library	serialization	haskell	audit-required	byte,unicode-scalar,u64	type classes; Foldable; bracket; Either	Hackage	deterministic-close-plus-leak-containment	audit-required	audit-required	audit-required	audit-required	-	audit-required	-	audit-required	-	audit-required	-	audit-required	-	audit-required	-	audit-required	-	audit-required	-	audit-required	-	audit-required	-	audit-required	-	audit-required	-	audit-required	-	audit-required	-	audit-required	-	audit-required	-	audit-required	-	audit-required	-	audit-required	-	audit-required	-	audit-required	-	liblevenshtein-rust/bindings/haskell
liblevenshtein	core-library	serialization	lua	audit-required	byte,unicode-scalar,u64	generic-for iterators; __close; tables; error values	LuaRocks	deterministic-close-plus-leak-containment	audit-required	audit-required	audit-required	audit-required	-	audit-required	-	audit-required	-	audit-required	-	audit-required	-	audit-required	-	audit-required	-	audit-required	-	audit-required	-	audit-required	-	audit-required	-	audit-required	-	audit-required	-	audit-required	-	audit-required	-	audit-required	-	audit-required	-	audit-required	-	audit-required	-	audit-required	-	audit-required	-	liblevenshtein-rust/bindings/lua
liblevenshtein	core-library	serialization	raku	missing	byte,unicode-scalar,u64	NativeCall; Iterable/Positional/Associative; LEAVE; exceptions	zef/fez	deterministic-close-plus-leak-containment	missing	missing	missing	missing	-	missing	-	missing	-	missing	-	missing	-	missing	-	missing	-	missing	-	missing	-	missing	-	missing	-	missing	-	missing	-	missing	-	missing	-	missing	-	missing	-	missing	-	missing	-	missing	-	missing	-	-
liblevenshtein	core-library	resource-consumer	rust	audit-required	byte,unicode-scalar,u64	traits; IntoIterator/Iterator; Result; Drop	crates.io	deterministic-close-plus-leak-containment	audit-required	audit-required	audit-required	audit-required	-	audit-required	-	audit-required	-	audit-required	-	audit-required	-	audit-required	-	audit-required	-	audit-required	-	audit-required	-	audit-required	-	audit-required	-	audit-required	-	audit-required	-	audit-required	-	audit-required	-	audit-required	-	audit-required	-	audit-required	-	audit-required	-	audit-required	-	audit-required	-	liblevenshtein-rust/src/lib.rs
liblevenshtein	core-library	resource-consumer	c	audit-required	byte,unicode-scalar,u64	opaque handles; status codes; bounded buffers; vtables	CMake/pkg-config/GitHub Releases	deterministic-close-plus-leak-containment	audit-required	audit-required	audit-required	audit-required	-	audit-required	-	audit-required	-	audit-required	-	audit-required	-	audit-required	-	audit-required	-	audit-required	-	audit-required	-	audit-required	-	audit-required	-	audit-required	-	audit-required	-	audit-required	-	audit-required	-	audit-required	-	audit-required	-	audit-required	-	audit-required	-	audit-required	-	audit-required	-	liblevenshtein-rust/bindings/c
liblevenshtein	core-library	resource-consumer	cpp	audit-required	byte,unicode-scalar,u64	RAII; ranges/iterators; move-only handles; typed errors	CMake/pkg-config/GitHub Releases	deterministic-close-plus-leak-containment	audit-required	audit-required	audit-required	audit-required	-	audit-required	-	audit-required	-	audit-required	-	audit-required	-	audit-required	-	audit-required	-	audit-required	-	audit-required	-	audit-required	-	audit-required	-	audit-required	-	audit-required	-	audit-required	-	audit-required	-	audit-required	-	audit-required	-	audit-required	-	audit-required	-	audit-required	-	audit-required	-	liblevenshtein-rust/bindings/cpp
liblevenshtein	core-library	resource-consumer	python	audit-required	byte,unicode-scalar,u64	context managers; iterators/collections; exceptions; protocols	PyPI	deterministic-close-plus-leak-containment	audit-required	audit-required	audit-required	audit-required	-	audit-required	-	audit-required	-	audit-required	-	audit-required	-	audit-required	-	audit-required	-	audit-required	-	audit-required	-	audit-required	-	audit-required	-	audit-required	-	audit-required	-	audit-required	-	audit-required	-	audit-required	-	audit-required	-	audit-required	-	audit-required	-	audit-required	-	audit-required	-	liblevenshtein-rust/bindings/python
liblevenshtein	core-library	resource-consumer	java	audit-required	byte,unicode-scalar,u64	AutoCloseable/try-with-resources; Collection/Map; Stream/Spliterator; interfaces	Maven Central	deterministic-close-plus-leak-containment	audit-required	audit-required	audit-required	audit-required	-	audit-required	-	audit-required	-	audit-required	-	audit-required	-	audit-required	-	audit-required	-	audit-required	-	audit-required	-	audit-required	-	audit-required	-	audit-required	-	audit-required	-	audit-required	-	audit-required	-	audit-required	-	audit-required	-	audit-required	-	audit-required	-	audit-required	-	audit-required	-	liblevenshtein-rust/bindings/jvm
liblevenshtein	core-library	resource-consumer	kotlin	audit-required	byte,unicode-scalar,u64	use; Iterable/Map; Sequence; SAM interfaces	Maven Central	deterministic-close-plus-leak-containment	audit-required	audit-required	audit-required	audit-required	-	audit-required	-	audit-required	-	audit-required	-	audit-required	-	audit-required	-	audit-required	-	audit-required	-	audit-required	-	audit-required	-	audit-required	-	audit-required	-	audit-required	-	audit-required	-	audit-required	-	audit-required	-	audit-required	-	audit-required	-	audit-required	-	audit-required	-	audit-required	-	liblevenshtein-rust/bindings/jvm
liblevenshtein	core-library	resource-consumer	scala	audit-required	byte,unicode-scalar,u64	Using/AutoCloseable; Iterable; Iterator; type classes	Maven Central	deterministic-close-plus-leak-containment	audit-required	audit-required	audit-required	audit-required	-	audit-required	-	audit-required	-	audit-required	-	audit-required	-	audit-required	-	audit-required	-	audit-required	-	audit-required	-	audit-required	-	audit-required	-	audit-required	-	audit-required	-	audit-required	-	audit-required	-	audit-required	-	audit-required	-	audit-required	-	audit-required	-	audit-required	-	audit-required	-	liblevenshtein-rust/bindings/jvm
liblevenshtein	core-library	resource-consumer	clojure	audit-required	byte,unicode-scalar,u64	Seqable; IReduceInit; Closeable; persistent values	Clojars	deterministic-close-plus-leak-containment	audit-required	audit-required	audit-required	audit-required	-	audit-required	-	audit-required	-	audit-required	-	audit-required	-	audit-required	-	audit-required	-	audit-required	-	audit-required	-	audit-required	-	audit-required	-	audit-required	-	audit-required	-	audit-required	-	audit-required	-	audit-required	-	audit-required	-	audit-required	-	audit-required	-	audit-required	-	audit-required	-	liblevenshtein-rust/bindings/clojure
liblevenshtein	core-library	resource-consumer	csharp	audit-required	byte,unicode-scalar,u64	IDisposable/using; IEnumerable/IDictionary; exceptions; interfaces	NuGet	deterministic-close-plus-leak-containment	audit-required	audit-required	audit-required	audit-required	-	audit-required	-	audit-required	-	audit-required	-	audit-required	-	audit-required	-	audit-required	-	audit-required	-	audit-required	-	audit-required	-	audit-required	-	audit-required	-	audit-required	-	audit-required	-	audit-required	-	audit-required	-	audit-required	-	audit-required	-	audit-required	-	audit-required	-	audit-required	-	liblevenshtein-rust/bindings/dotnet
liblevenshtein	core-library	resource-consumer	fsharp	audit-required	byte,unicode-scalar,u64	use/use!; seq; Result; object expressions; interfaces	NuGet	deterministic-close-plus-leak-containment	audit-required	audit-required	audit-required	audit-required	-	audit-required	-	audit-required	-	audit-required	-	audit-required	-	audit-required	-	audit-required	-	audit-required	-	audit-required	-	audit-required	-	audit-required	-	audit-required	-	audit-required	-	audit-required	-	audit-required	-	audit-required	-	audit-required	-	audit-required	-	audit-required	-	audit-required	-	audit-required	-	liblevenshtein-rust/bindings/dotnet
liblevenshtein	core-library	resource-consumer	go	audit-required	byte,unicode-scalar,u64	interfaces; iter.Seq; io.Closer; errors	Go module proxy	deterministic-close-plus-leak-containment	audit-required	audit-required	audit-required	audit-required	-	audit-required	-	audit-required	-	audit-required	-	audit-required	-	audit-required	-	audit-required	-	audit-required	-	audit-required	-	audit-required	-	audit-required	-	audit-required	-	audit-required	-	audit-required	-	audit-required	-	audit-required	-	audit-required	-	audit-required	-	audit-required	-	audit-required	-	audit-required	-	liblevenshtein-rust/bindings/go
liblevenshtein	core-library	resource-consumer	javascript	audit-required	byte,unicode-scalar,u64	Symbol.iterator; Symbol.dispose; Error; native/WASM/WASI runtime identity	npm	deterministic-close-plus-leak-containment	audit-required	audit-required	audit-required	audit-required	-	audit-required	-	audit-required	-	audit-required	-	audit-required	-	audit-required	-	audit-required	-	audit-required	-	audit-required	-	audit-required	-	audit-required	-	audit-required	-	audit-required	-	audit-required	-	audit-required	-	audit-required	-	audit-required	-	audit-required	-	audit-required	-	audit-required	-	audit-required	-	liblevenshtein-rust/bindings/javascript
liblevenshtein	core-library	resource-consumer	typescript	audit-required	byte,unicode-scalar,u64	structural interfaces; Iterable; Disposable; discriminated errors	npm	deterministic-close-plus-leak-containment	audit-required	audit-required	audit-required	audit-required	-	audit-required	-	audit-required	-	audit-required	-	audit-required	-	audit-required	-	audit-required	-	audit-required	-	audit-required	-	audit-required	-	audit-required	-	audit-required	-	audit-required	-	audit-required	-	audit-required	-	audit-required	-	audit-required	-	audit-required	-	audit-required	-	audit-required	-	audit-required	-	liblevenshtein-rust/bindings/javascript
liblevenshtein	core-library	resource-consumer	clojurescript	audit-required	byte,unicode-scalar,u64	ISeqable; IReduce; protocol dispatch; close!	npm	deterministic-close-plus-leak-containment	audit-required	audit-required	audit-required	audit-required	-	audit-required	-	audit-required	-	audit-required	-	audit-required	-	audit-required	-	audit-required	-	audit-required	-	audit-required	-	audit-required	-	audit-required	-	audit-required	-	audit-required	-	audit-required	-	audit-required	-	audit-required	-	audit-required	-	audit-required	-	audit-required	-	audit-required	-	audit-required	-	liblevenshtein-rust/bindings/javascript/cljs
liblevenshtein	core-library	resource-consumer	swift	audit-required	byte,unicode-scalar,u64	Sequence/Collection; protocols; throws; deterministic scoped ownership	Swift Package Index	deterministic-close-plus-leak-containment	audit-required	audit-required	audit-required	audit-required	-	audit-required	-	audit-required	-	audit-required	-	audit-required	-	audit-required	-	audit-required	-	audit-required	-	audit-required	-	audit-required	-	audit-required	-	audit-required	-	audit-required	-	audit-required	-	audit-required	-	audit-required	-	audit-required	-	audit-required	-	audit-required	-	audit-required	-	audit-required	-	liblevenshtein-rust/bindings/swift
liblevenshtein	core-library	resource-consumer	ruby	audit-required	byte,unicode-scalar,u64	Enumerable; blocks/ensure; exceptions; explicit close	RubyGems	deterministic-close-plus-leak-containment	audit-required	audit-required	audit-required	audit-required	-	audit-required	-	audit-required	-	audit-required	-	audit-required	-	audit-required	-	audit-required	-	audit-required	-	audit-required	-	audit-required	-	audit-required	-	audit-required	-	audit-required	-	audit-required	-	audit-required	-	audit-required	-	audit-required	-	audit-required	-	audit-required	-	audit-required	-	audit-required	-	liblevenshtein-rust/bindings/ruby
liblevenshtein	core-library	resource-consumer	fortran	audit-required	byte,unicode-scalar,u64	modules; derived types; type-bound procedures; finalizers	fpm	deterministic-close-plus-leak-containment	audit-required	audit-required	audit-required	audit-required	-	audit-required	-	audit-required	-	audit-required	-	audit-required	-	audit-required	-	audit-required	-	audit-required	-	audit-required	-	audit-required	-	audit-required	-	audit-required	-	audit-required	-	audit-required	-	audit-required	-	audit-required	-	audit-required	-	audit-required	-	audit-required	-	audit-required	-	audit-required	-	liblevenshtein-rust/bindings/fortran
liblevenshtein	core-library	resource-consumer	ocaml	audit-required	byte,unicode-scalar,u64	abstract types; Seq; result; Fun.protect	opam	deterministic-close-plus-leak-containment	audit-required	audit-required	audit-required	audit-required	-	audit-required	-	audit-required	-	audit-required	-	audit-required	-	audit-required	-	audit-required	-	audit-required	-	audit-required	-	audit-required	-	audit-required	-	audit-required	-	audit-required	-	audit-required	-	audit-required	-	audit-required	-	audit-required	-	audit-required	-	audit-required	-	audit-required	-	audit-required	-	liblevenshtein-rust/bindings/ocaml
liblevenshtein	core-library	resource-consumer	haskell	audit-required	byte,unicode-scalar,u64	type classes; Foldable; bracket; Either	Hackage	deterministic-close-plus-leak-containment	audit-required	audit-required	audit-required	audit-required	-	audit-required	-	audit-required	-	audit-required	-	audit-required	-	audit-required	-	audit-required	-	audit-required	-	audit-required	-	audit-required	-	audit-required	-	audit-required	-	audit-required	-	audit-required	-	audit-required	-	audit-required	-	audit-required	-	audit-required	-	audit-required	-	audit-required	-	audit-required	-	liblevenshtein-rust/bindings/haskell
liblevenshtein	core-library	resource-consumer	lua	audit-required	byte,unicode-scalar,u64	generic-for iterators; __close; tables; error values	LuaRocks	deterministic-close-plus-leak-containment	audit-required	audit-required	audit-required	audit-required	-	audit-required	-	audit-required	-	audit-required	-	audit-required	-	audit-required	-	audit-required	-	audit-required	-	audit-required	-	audit-required	-	audit-required	-	audit-required	-	audit-required	-	audit-required	-	audit-required	-	audit-required	-	audit-required	-	audit-required	-	audit-required	-	audit-required	-	audit-required	-	liblevenshtein-rust/bindings/lua
liblevenshtein	core-library	resource-consumer	raku	missing	byte,unicode-scalar,u64	NativeCall; Iterable/Positional/Associative; LEAVE; exceptions	zef/fez	deterministic-close-plus-leak-containment	missing	missing	missing	missing	-	missing	-	missing	-	missing	-	missing	-	missing	-	missing	-	missing	-	missing	-	missing	-	missing	-	missing	-	missing	-	missing	-	missing	-	missing	-	missing	-	missing	-	missing	-	missing	-	missing	-	-
lling-llang	core-library	semiring	rust	audit-required	unicode-scalar,vocabulary-id,not-unit-bearing	traits; IntoIterator/Iterator; Result; Drop	crates.io	deterministic-close-plus-leak-containment	audit-required	audit-required	audit-required	audit-required	-	audit-required	-	audit-required	-	audit-required	-	audit-required	-	audit-required	-	audit-required	-	audit-required	-	audit-required	-	audit-required	-	audit-required	-	audit-required	-	audit-required	-	audit-required	-	audit-required	-	audit-required	-	audit-required	-	audit-required	-	audit-required	-	audit-required	-	audit-required	-	lling-llang/src/lib.rs
lling-llang	core-library	semiring	c	audit-required	unicode-scalar,vocabulary-id,not-unit-bearing	opaque handles; status codes; bounded buffers; vtables	CMake/pkg-config/GitHub Releases	deterministic-close-plus-leak-containment	audit-required	audit-required	audit-required	audit-required	-	audit-required	-	audit-required	-	audit-required	-	audit-required	-	audit-required	-	audit-required	-	audit-required	-	audit-required	-	audit-required	-	audit-required	-	audit-required	-	audit-required	-	audit-required	-	audit-required	-	audit-required	-	audit-required	-	audit-required	-	audit-required	-	audit-required	-	audit-required	-	lling-llang/bindings/c
lling-llang	core-library	semiring	cpp	audit-required	unicode-scalar,vocabulary-id,not-unit-bearing	RAII; ranges/iterators; move-only handles; typed errors	CMake/pkg-config/GitHub Releases	deterministic-close-plus-leak-containment	audit-required	audit-required	audit-required	audit-required	-	audit-required	-	audit-required	-	audit-required	-	audit-required	-	audit-required	-	audit-required	-	audit-required	-	audit-required	-	audit-required	-	audit-required	-	audit-required	-	audit-required	-	audit-required	-	audit-required	-	audit-required	-	audit-required	-	audit-required	-	audit-required	-	audit-required	-	audit-required	-	lling-llang/bindings/cpp
lling-llang	core-library	semiring	python	missing	unicode-scalar,vocabulary-id,not-unit-bearing	context managers; iterators/collections; exceptions; protocols	PyPI	deterministic-close-plus-leak-containment	missing	missing	missing	missing	-	missing	-	missing	-	missing	-	missing	-	missing	-	missing	-	missing	-	missing	-	missing	-	missing	-	missing	-	missing	-	missing	-	missing	-	missing	-	missing	-	missing	-	missing	-	missing	-	missing	-	-
lling-llang	core-library	semiring	java	missing	unicode-scalar,vocabulary-id,not-unit-bearing	AutoCloseable/try-with-resources; Collection/Map; Stream/Spliterator; interfaces	Maven Central	deterministic-close-plus-leak-containment	missing	missing	missing	missing	-	missing	-	missing	-	missing	-	missing	-	missing	-	missing	-	missing	-	missing	-	missing	-	missing	-	missing	-	missing	-	missing	-	missing	-	missing	-	missing	-	missing	-	missing	-	missing	-	missing	-	-
lling-llang	core-library	semiring	kotlin	missing	unicode-scalar,vocabulary-id,not-unit-bearing	use; Iterable/Map; Sequence; SAM interfaces	Maven Central	deterministic-close-plus-leak-containment	missing	missing	missing	missing	-	missing	-	missing	-	missing	-	missing	-	missing	-	missing	-	missing	-	missing	-	missing	-	missing	-	missing	-	missing	-	missing	-	missing	-	missing	-	missing	-	missing	-	missing	-	missing	-	missing	-	-
lling-llang	core-library	semiring	scala	missing	unicode-scalar,vocabulary-id,not-unit-bearing	Using/AutoCloseable; Iterable; Iterator; type classes	Maven Central	deterministic-close-plus-leak-containment	missing	missing	missing	missing	-	missing	-	missing	-	missing	-	missing	-	missing	-	missing	-	missing	-	missing	-	missing	-	missing	-	missing	-	missing	-	missing	-	missing	-	missing	-	missing	-	missing	-	missing	-	missing	-	missing	-	-
lling-llang	core-library	semiring	clojure	missing	unicode-scalar,vocabulary-id,not-unit-bearing	Seqable; IReduceInit; Closeable; persistent values	Clojars	deterministic-close-plus-leak-containment	missing	missing	missing	missing	-	missing	-	missing	-	missing	-	missing	-	missing	-	missing	-	missing	-	missing	-	missing	-	missing	-	missing	-	missing	-	missing	-	missing	-	missing	-	missing	-	missing	-	missing	-	missing	-	missing	-	-
lling-llang	core-library	semiring	csharp	missing	unicode-scalar,vocabulary-id,not-unit-bearing	IDisposable/using; IEnumerable/IDictionary; exceptions; interfaces	NuGet	deterministic-close-plus-leak-containment	missing	missing	missing	missing	-	missing	-	missing	-	missing	-	missing	-	missing	-	missing	-	missing	-	missing	-	missing	-	missing	-	missing	-	missing	-	missing	-	missing	-	missing	-	missing	-	missing	-	missing	-	missing	-	missing	-	-
lling-llang	core-library	semiring	fsharp	missing	unicode-scalar,vocabulary-id,not-unit-bearing	use/use!; seq; Result; object expressions; interfaces	NuGet	deterministic-close-plus-leak-containment	missing	missing	missing	missing	-	missing	-	missing	-	missing	-	missing	-	missing	-	missing	-	missing	-	missing	-	missing	-	missing	-	missing	-	missing	-	missing	-	missing	-	missing	-	missing	-	missing	-	missing	-	missing	-	missing	-	-
lling-llang	core-library	semiring	go	missing	unicode-scalar,vocabulary-id,not-unit-bearing	interfaces; iter.Seq; io.Closer; errors	Go module proxy	deterministic-close-plus-leak-containment	missing	missing	missing	missing	-	missing	-	missing	-	missing	-	missing	-	missing	-	missing	-	missing	-	missing	-	missing	-	missing	-	missing	-	missing	-	missing	-	missing	-	missing	-	missing	-	missing	-	missing	-	missing	-	missing	-	-
lling-llang	core-library	semiring	javascript	audit-required	unicode-scalar,vocabulary-id,not-unit-bearing	Symbol.iterator; Symbol.dispose; Error; native/WASM/WASI runtime identity	npm	deterministic-close-plus-leak-containment	audit-required	audit-required	audit-required	audit-required	-	audit-required	-	audit-required	-	audit-required	-	audit-required	-	audit-required	-	audit-required	-	audit-required	-	audit-required	-	audit-required	-	audit-required	-	audit-required	-	audit-required	-	audit-required	-	audit-required	-	audit-required	-	audit-required	-	audit-required	-	audit-required	-	audit-required	-	audit-required	-	lling-llang/bindings/javascript
lling-llang	core-library	semiring	typescript	audit-required	unicode-scalar,vocabulary-id,not-unit-bearing	structural interfaces; Iterable; Disposable; discriminated errors	npm	deterministic-close-plus-leak-containment	audit-required	audit-required	audit-required	audit-required	-	audit-required	-	audit-required	-	audit-required	-	audit-required	-	audit-required	-	audit-required	-	audit-required	-	audit-required	-	audit-required	-	audit-required	-	audit-required	-	audit-required	-	audit-required	-	audit-required	-	audit-required	-	audit-required	-	audit-required	-	audit-required	-	audit-required	-	audit-required	-	lling-llang/bindings/javascript
lling-llang	core-library	semiring	clojurescript	audit-required	unicode-scalar,vocabulary-id,not-unit-bearing	ISeqable; IReduce; protocol dispatch; close!	npm	deterministic-close-plus-leak-containment	audit-required	audit-required	audit-required	audit-required	-	audit-required	-	audit-required	-	audit-required	-	audit-required	-	audit-required	-	audit-required	-	audit-required	-	audit-required	-	audit-required	-	audit-required	-	audit-required	-	audit-required	-	audit-required	-	audit-required	-	audit-required	-	audit-required	-	audit-required	-	audit-required	-	audit-required	-	audit-required	-	lling-llang/bindings/javascript/cljs
lling-llang	core-library	semiring	swift	missing	unicode-scalar,vocabulary-id,not-unit-bearing	Sequence/Collection; protocols; throws; deterministic scoped ownership	Swift Package Index	deterministic-close-plus-leak-containment	missing	missing	missing	missing	-	missing	-	missing	-	missing	-	missing	-	missing	-	missing	-	missing	-	missing	-	missing	-	missing	-	missing	-	missing	-	missing	-	missing	-	missing	-	missing	-	missing	-	missing	-	missing	-	missing	-	-
lling-llang	core-library	semiring	ruby	missing	unicode-scalar,vocabulary-id,not-unit-bearing	Enumerable; blocks/ensure; exceptions; explicit close	RubyGems	deterministic-close-plus-leak-containment	missing	missing	missing	missing	-	missing	-	missing	-	missing	-	missing	-	missing	-	missing	-	missing	-	missing	-	missing	-	missing	-	missing	-	missing	-	missing	-	missing	-	missing	-	missing	-	missing	-	missing	-	missing	-	missing	-	-
lling-llang	core-library	semiring	fortran	missing	unicode-scalar,vocabulary-id,not-unit-bearing	modules; derived types; type-bound procedures; finalizers	fpm	deterministic-close-plus-leak-containment	missing	missing	missing	missing	-	missing	-	missing	-	missing	-	missing	-	missing	-	missing	-	missing	-	missing	-	missing	-	missing	-	missing	-	missing	-	missing	-	missing	-	missing	-	missing	-	missing	-	missing	-	missing	-	missing	-	-
lling-llang	core-library	semiring	ocaml	missing	unicode-scalar,vocabulary-id,not-unit-bearing	abstract types; Seq; result; Fun.protect	opam	deterministic-close-plus-leak-containment	missing	missing	missing	missing	-	missing	-	missing	-	missing	-	missing	-	missing	-	missing	-	missing	-	missing	-	missing	-	missing	-	missing	-	missing	-	missing	-	missing	-	missing	-	missing	-	missing	-	missing	-	missing	-	missing	-	-
lling-llang	core-library	semiring	haskell	missing	unicode-scalar,vocabulary-id,not-unit-bearing	type classes; Foldable; bracket; Either	Hackage	deterministic-close-plus-leak-containment	missing	missing	missing	missing	-	missing	-	missing	-	missing	-	missing	-	missing	-	missing	-	missing	-	missing	-	missing	-	missing	-	missing	-	missing	-	missing	-	missing	-	missing	-	missing	-	missing	-	missing	-	missing	-	missing	-	-
lling-llang	core-library	semiring	lua	missing	unicode-scalar,vocabulary-id,not-unit-bearing	generic-for iterators; __close; tables; error values	LuaRocks	deterministic-close-plus-leak-containment	missing	missing	missing	missing	-	missing	-	missing	-	missing	-	missing	-	missing	-	missing	-	missing	-	missing	-	missing	-	missing	-	missing	-	missing	-	missing	-	missing	-	missing	-	missing	-	missing	-	missing	-	missing	-	missing	-	-
lling-llang	core-library	semiring	raku	missing	unicode-scalar,vocabulary-id,not-unit-bearing	NativeCall; Iterable/Positional/Associative; LEAVE; exceptions	zef/fez	deterministic-close-plus-leak-containment	missing	missing	missing	missing	-	missing	-	missing	-	missing	-	missing	-	missing	-	missing	-	missing	-	missing	-	missing	-	missing	-	missing	-	missing	-	missing	-	missing	-	missing	-	missing	-	missing	-	missing	-	missing	-	missing	-	-
lling-llang	core-library	wfst	rust	audit-required	unicode-scalar,vocabulary-id,not-unit-bearing	traits; IntoIterator/Iterator; Result; Drop	crates.io	deterministic-close-plus-leak-containment	audit-required	audit-required	audit-required	audit-required	-	audit-required	-	audit-required	-	audit-required	-	audit-required	-	audit-required	-	audit-required	-	audit-required	-	audit-required	-	audit-required	-	audit-required	-	audit-required	-	audit-required	-	audit-required	-	audit-required	-	audit-required	-	audit-required	-	audit-required	-	audit-required	-	audit-required	-	audit-required	-	lling-llang/src/lib.rs
lling-llang	core-library	wfst	c	audit-required	unicode-scalar,vocabulary-id,not-unit-bearing	opaque handles; status codes; bounded buffers; vtables	CMake/pkg-config/GitHub Releases	deterministic-close-plus-leak-containment	audit-required	audit-required	audit-required	audit-required	-	audit-required	-	audit-required	-	audit-required	-	audit-required	-	audit-required	-	audit-required	-	audit-required	-	audit-required	-	audit-required	-	audit-required	-	audit-required	-	audit-required	-	audit-required	-	audit-required	-	audit-required	-	audit-required	-	audit-required	-	audit-required	-	audit-required	-	audit-required	-	lling-llang/bindings/c
lling-llang	core-library	wfst	cpp	audit-required	unicode-scalar,vocabulary-id,not-unit-bearing	RAII; ranges/iterators; move-only handles; typed errors	CMake/pkg-config/GitHub Releases	deterministic-close-plus-leak-containment	audit-required	audit-required	audit-required	audit-required	-	audit-required	-	audit-required	-	audit-required	-	audit-required	-	audit-required	-	audit-required	-	audit-required	-	audit-required	-	audit-required	-	audit-required	-	audit-required	-	audit-required	-	audit-required	-	audit-required	-	audit-required	-	audit-required	-	audit-required	-	audit-required	-	audit-required	-	audit-required	-	lling-llang/bindings/cpp
lling-llang	core-library	wfst	python	missing	unicode-scalar,vocabulary-id,not-unit-bearing	context managers; iterators/collections; exceptions; protocols	PyPI	deterministic-close-plus-leak-containment	missing	missing	missing	missing	-	missing	-	missing	-	missing	-	missing	-	missing	-	missing	-	missing	-	missing	-	missing	-	missing	-	missing	-	missing	-	missing	-	missing	-	missing	-	missing	-	missing	-	missing	-	missing	-	missing	-	-
lling-llang	core-library	wfst	java	missing	unicode-scalar,vocabulary-id,not-unit-bearing	AutoCloseable/try-with-resources; Collection/Map; Stream/Spliterator; interfaces	Maven Central	deterministic-close-plus-leak-containment	missing	missing	missing	missing	-	missing	-	missing	-	missing	-	missing	-	missing	-	missing	-	missing	-	missing	-	missing	-	missing	-	missing	-	missing	-	missing	-	missing	-	missing	-	missing	-	missing	-	missing	-	missing	-	missing	-	-
lling-llang	core-library	wfst	kotlin	missing	unicode-scalar,vocabulary-id,not-unit-bearing	use; Iterable/Map; Sequence; SAM interfaces	Maven Central	deterministic-close-plus-leak-containment	missing	missing	missing	missing	-	missing	-	missing	-	missing	-	missing	-	missing	-	missing	-	missing	-	missing	-	missing	-	missing	-	missing	-	missing	-	missing	-	missing	-	missing	-	missing	-	missing	-	missing	-	missing	-	missing	-	-
lling-llang	core-library	wfst	scala	missing	unicode-scalar,vocabulary-id,not-unit-bearing	Using/AutoCloseable; Iterable; Iterator; type classes	Maven Central	deterministic-close-plus-leak-containment	missing	missing	missing	missing	-	missing	-	missing	-	missing	-	missing	-	missing	-	missing	-	missing	-	missing	-	missing	-	missing	-	missing	-	missing	-	missing	-	missing	-	missing	-	missing	-	missing	-	missing	-	missing	-	missing	-	-
lling-llang	core-library	wfst	clojure	missing	unicode-scalar,vocabulary-id,not-unit-bearing	Seqable; IReduceInit; Closeable; persistent values	Clojars	deterministic-close-plus-leak-containment	missing	missing	missing	missing	-	missing	-	missing	-	missing	-	missing	-	missing	-	missing	-	missing	-	missing	-	missing	-	missing	-	missing	-	missing	-	missing	-	missing	-	missing	-	missing	-	missing	-	missing	-	missing	-	missing	-	-
lling-llang	core-library	wfst	csharp	missing	unicode-scalar,vocabulary-id,not-unit-bearing	IDisposable/using; IEnumerable/IDictionary; exceptions; interfaces	NuGet	deterministic-close-plus-leak-containment	missing	missing	missing	missing	-	missing	-	missing	-	missing	-	missing	-	missing	-	missing	-	missing	-	missing	-	missing	-	missing	-	missing	-	missing	-	missing	-	missing	-	missing	-	missing	-	missing	-	missing	-	missing	-	missing	-	-
lling-llang	core-library	wfst	fsharp	missing	unicode-scalar,vocabulary-id,not-unit-bearing	use/use!; seq; Result; object expressions; interfaces	NuGet	deterministic-close-plus-leak-containment	missing	missing	missing	missing	-	missing	-	missing	-	missing	-	missing	-	missing	-	missing	-	missing	-	missing	-	missing	-	missing	-	missing	-	missing	-	missing	-	missing	-	missing	-	missing	-	missing	-	missing	-	missing	-	missing	-	-
lling-llang	core-library	wfst	go	missing	unicode-scalar,vocabulary-id,not-unit-bearing	interfaces; iter.Seq; io.Closer; errors	Go module proxy	deterministic-close-plus-leak-containment	missing	missing	missing	missing	-	missing	-	missing	-	missing	-	missing	-	missing	-	missing	-	missing	-	missing	-	missing	-	missing	-	missing	-	missing	-	missing	-	missing	-	missing	-	missing	-	missing	-	missing	-	missing	-	missing	-	-
lling-llang	core-library	wfst	javascript	audit-required	unicode-scalar,vocabulary-id,not-unit-bearing	Symbol.iterator; Symbol.dispose; Error; native/WASM/WASI runtime identity	npm	deterministic-close-plus-leak-containment	audit-required	audit-required	audit-required	audit-required	-	audit-required	-	audit-required	-	audit-required	-	audit-required	-	audit-required	-	audit-required	-	audit-required	-	audit-required	-	audit-required	-	audit-required	-	audit-required	-	audit-required	-	audit-required	-	audit-required	-	audit-required	-	audit-required	-	audit-required	-	audit-required	-	audit-required	-	audit-required	-	lling-llang/bindings/javascript
lling-llang	core-library	wfst	typescript	audit-required	unicode-scalar,vocabulary-id,not-unit-bearing	structural interfaces; Iterable; Disposable; discriminated errors	npm	deterministic-close-plus-leak-containment	audit-required	audit-required	audit-required	audit-required	-	audit-required	-	audit-required	-	audit-required	-	audit-required	-	audit-required	-	audit-required	-	audit-required	-	audit-required	-	audit-required	-	audit-required	-	audit-required	-	audit-required	-	audit-required	-	audit-required	-	audit-required	-	audit-required	-	audit-required	-	audit-required	-	audit-required	-	audit-required	-	lling-llang/bindings/javascript
lling-llang	core-library	wfst	clojurescript	audit-required	unicode-scalar,vocabulary-id,not-unit-bearing	ISeqable; IReduce; protocol dispatch; close!	npm	deterministic-close-plus-leak-containment	audit-required	audit-required	audit-required	audit-required	-	audit-required	-	audit-required	-	audit-required	-	audit-required	-	audit-required	-	audit-required	-	audit-required	-	audit-required	-	audit-required	-	audit-required	-	audit-required	-	audit-required	-	audit-required	-	audit-required	-	audit-required	-	audit-required	-	audit-required	-	audit-required	-	audit-required	-	audit-required	-	lling-llang/bindings/javascript/cljs
lling-llang	core-library	wfst	swift	missing	unicode-scalar,vocabulary-id,not-unit-bearing	Sequence/Collection; protocols; throws; deterministic scoped ownership	Swift Package Index	deterministic-close-plus-leak-containment	missing	missing	missing	missing	-	missing	-	missing	-	missing	-	missing	-	missing	-	missing	-	missing	-	missing	-	missing	-	missing	-	missing	-	missing	-	missing	-	missing	-	missing	-	missing	-	missing	-	missing	-	missing	-	missing	-	-
lling-llang	core-library	wfst	ruby	missing	unicode-scalar,vocabulary-id,not-unit-bearing	Enumerable; blocks/ensure; exceptions; explicit close	RubyGems	deterministic-close-plus-leak-containment	missing	missing	missing	missing	-	missing	-	missing	-	missing	-	missing	-	missing	-	missing	-	missing	-	missing	-	missing	-	missing	-	missing	-	missing	-	missing	-	missing	-	missing	-	missing	-	missing	-	missing	-	missing	-	missing	-	-
lling-llang	core-library	wfst	fortran	missing	unicode-scalar,vocabulary-id,not-unit-bearing	modules; derived types; type-bound procedures; finalizers	fpm	deterministic-close-plus-leak-containment	missing	missing	missing	missing	-	missing	-	missing	-	missing	-	missing	-	missing	-	missing	-	missing	-	missing	-	missing	-	missing	-	missing	-	missing	-	missing	-	missing	-	missing	-	missing	-	missing	-	missing	-	missing	-	missing	-	-
lling-llang	core-library	wfst	ocaml	missing	unicode-scalar,vocabulary-id,not-unit-bearing	abstract types; Seq; result; Fun.protect	opam	deterministic-close-plus-leak-containment	missing	missing	missing	missing	-	missing	-	missing	-	missing	-	missing	-	missing	-	missing	-	missing	-	missing	-	missing	-	missing	-	missing	-	missing	-	missing	-	missing	-	missing	-	missing	-	missing	-	missing	-	missing	-	missing	-	-
lling-llang	core-library	wfst	haskell	missing	unicode-scalar,vocabulary-id,not-unit-bearing	type classes; Foldable; bracket; Either	Hackage	deterministic-close-plus-leak-containment	missing	missing	missing	missing	-	missing	-	missing	-	missing	-	missing	-	missing	-	missing	-	missing	-	missing	-	missing	-	missing	-	missing	-	missing	-	missing	-	missing	-	missing	-	missing	-	missing	-	missing	-	missing	-	missing	-	-
lling-llang	core-library	wfst	lua	missing	unicode-scalar,vocabulary-id,not-unit-bearing	generic-for iterators; __close; tables; error values	LuaRocks	deterministic-close-plus-leak-containment	missing	missing	missing	missing	-	missing	-	missing	-	missing	-	missing	-	missing	-	missing	-	missing	-	missing	-	missing	-	missing	-	missing	-	missing	-	missing	-	missing	-	missing	-	missing	-	missing	-	missing	-	missing	-	missing	-	-
lling-llang	core-library	wfst	raku	missing	unicode-scalar,vocabulary-id,not-unit-bearing	NativeCall; Iterable/Positional/Associative; LEAVE; exceptions	zef/fez	deterministic-close-plus-leak-containment	missing	missing	missing	missing	-	missing	-	missing	-	missing	-	missing	-	missing	-	missing	-	missing	-	missing	-	missing	-	missing	-	missing	-	missing	-	missing	-	missing	-	missing	-	missing	-	missing	-	missing	-	missing	-	missing	-	-
lling-llang	core-library	composition	rust	audit-required	unicode-scalar,vocabulary-id,not-unit-bearing	traits; IntoIterator/Iterator; Result; Drop	crates.io	deterministic-close-plus-leak-containment	audit-required	audit-required	audit-required	audit-required	-	audit-required	-	audit-required	-	audit-required	-	audit-required	-	audit-required	-	audit-required	-	audit-required	-	audit-required	-	audit-required	-	audit-required	-	audit-required	-	audit-required	-	audit-required	-	audit-required	-	audit-required	-	audit-required	-	audit-required	-	audit-required	-	audit-required	-	audit-required	-	lling-llang/src/lib.rs
lling-llang	core-library	composition	c	audit-required	unicode-scalar,vocabulary-id,not-unit-bearing	opaque handles; status codes; bounded buffers; vtables	CMake/pkg-config/GitHub Releases	deterministic-close-plus-leak-containment	audit-required	audit-required	audit-required	audit-required	-	audit-required	-	audit-required	-	audit-required	-	audit-required	-	audit-required	-	audit-required	-	audit-required	-	audit-required	-	audit-required	-	audit-required	-	audit-required	-	audit-required	-	audit-required	-	audit-required	-	audit-required	-	audit-required	-	audit-required	-	audit-required	-	audit-required	-	audit-required	-	lling-llang/bindings/c
lling-llang	core-library	composition	cpp	audit-required	unicode-scalar,vocabulary-id,not-unit-bearing	RAII; ranges/iterators; move-only handles; typed errors	CMake/pkg-config/GitHub Releases	deterministic-close-plus-leak-containment	audit-required	audit-required	audit-required	audit-required	-	audit-required	-	audit-required	-	audit-required	-	audit-required	-	audit-required	-	audit-required	-	audit-required	-	audit-required	-	audit-required	-	audit-required	-	audit-required	-	audit-required	-	audit-required	-	audit-required	-	audit-required	-	audit-required	-	audit-required	-	audit-required	-	audit-required	-	audit-required	-	lling-llang/bindings/cpp
lling-llang	core-library	composition	python	missing	unicode-scalar,vocabulary-id,not-unit-bearing	context managers; iterators/collections; exceptions; protocols	PyPI	deterministic-close-plus-leak-containment	missing	missing	missing	missing	-	missing	-	missing	-	missing	-	missing	-	missing	-	missing	-	missing	-	missing	-	missing	-	missing	-	missing	-	missing	-	missing	-	missing	-	missing	-	missing	-	missing	-	missing	-	missing	-	missing	-	-
lling-llang	core-library	composition	java	missing	unicode-scalar,vocabulary-id,not-unit-bearing	AutoCloseable/try-with-resources; Collection/Map; Stream/Spliterator; interfaces	Maven Central	deterministic-close-plus-leak-containment	missing	missing	missing	missing	-	missing	-	missing	-	missing	-	missing	-	missing	-	missing	-	missing	-	missing	-	missing	-	missing	-	missing	-	missing	-	missing	-	missing	-	missing	-	missing	-	missing	-	missing	-	missing	-	missing	-	-
lling-llang	core-library	composition	kotlin	missing	unicode-scalar,vocabulary-id,not-unit-bearing	use; Iterable/Map; Sequence; SAM interfaces	Maven Central	deterministic-close-plus-leak-containment	missing	missing	missing	missing	-	missing	-	missing	-	missing	-	missing	-	missing	-	missing	-	missing	-	missing	-	missing	-	missing	-	missing	-	missing	-	missing	-	missing	-	missing	-	missing	-	missing	-	missing	-	missing	-	missing	-	-
lling-llang	core-library	composition	scala	missing	unicode-scalar,vocabulary-id,not-unit-bearing	Using/AutoCloseable; Iterable; Iterator; type classes	Maven Central	deterministic-close-plus-leak-containment	missing	missing	missing	missing	-	missing	-	missing	-	missing	-	missing	-	missing	-	missing	-	missing	-	missing	-	missing	-	missing	-	missing	-	missing	-	missing	-	missing	-	missing	-	missing	-	missing	-	missing	-	missing	-	missing	-	-
lling-llang	core-library	composition	clojure	missing	unicode-scalar,vocabulary-id,not-unit-bearing	Seqable; IReduceInit; Closeable; persistent values	Clojars	deterministic-close-plus-leak-containment	missing	missing	missing	missing	-	missing	-	missing	-	missing	-	missing	-	missing	-	missing	-	missing	-	missing	-	missing	-	missing	-	missing	-	missing	-	missing	-	missing	-	missing	-	missing	-	missing	-	missing	-	missing	-	missing	-	-
lling-llang	core-library	composition	csharp	missing	unicode-scalar,vocabulary-id,not-unit-bearing	IDisposable/using; IEnumerable/IDictionary; exceptions; interfaces	NuGet	deterministic-close-plus-leak-containment	missing	missing	missing	missing	-	missing	-	missing	-	missing	-	missing	-	missing	-	missing	-	missing	-	missing	-	missing	-	missing	-	missing	-	missing	-	missing	-	missing	-	missing	-	missing	-	missing	-	missing	-	missing	-	missing	-	-
lling-llang	core-library	composition	fsharp	missing	unicode-scalar,vocabulary-id,not-unit-bearing	use/use!; seq; Result; object expressions; interfaces	NuGet	deterministic-close-plus-leak-containment	missing	missing	missing	missing	-	missing	-	missing	-	missing	-	missing	-	missing	-	missing	-	missing	-	missing	-	missing	-	missing	-	missing	-	missing	-	missing	-	missing	-	missing	-	missing	-	missing	-	missing	-	missing	-	missing	-	-
lling-llang	core-library	composition	go	missing	unicode-scalar,vocabulary-id,not-unit-bearing	interfaces; iter.Seq; io.Closer; errors	Go module proxy	deterministic-close-plus-leak-containment	missing	missing	missing	missing	-	missing	-	missing	-	missing	-	missing	-	missing	-	missing	-	missing	-	missing	-	missing	-	missing	-	missing	-	missing	-	missing	-	missing	-	missing	-	missing	-	missing	-	missing	-	missing	-	missing	-	-
lling-llang	core-library	composition	javascript	audit-required	unicode-scalar,vocabulary-id,not-unit-bearing	Symbol.iterator; Symbol.dispose; Error; native/WASM/WASI runtime identity	npm	deterministic-close-plus-leak-containment	audit-required	audit-required	audit-required	audit-required	-	audit-required	-	audit-required	-	audit-required	-	audit-required	-	audit-required	-	audit-required	-	audit-required	-	audit-required	-	audit-required	-	audit-required	-	audit-required	-	audit-required	-	audit-required	-	audit-required	-	audit-required	-	audit-required	-	audit-required	-	audit-required	-	audit-required	-	audit-required	-	lling-llang/bindings/javascript
lling-llang	core-library	composition	typescript	audit-required	unicode-scalar,vocabulary-id,not-unit-bearing	structural interfaces; Iterable; Disposable; discriminated errors	npm	deterministic-close-plus-leak-containment	audit-required	audit-required	audit-required	audit-required	-	audit-required	-	audit-required	-	audit-required	-	audit-required	-	audit-required	-	audit-required	-	audit-required	-	audit-required	-	audit-required	-	audit-required	-	audit-required	-	audit-required	-	audit-required	-	audit-required	-	audit-required	-	audit-required	-	audit-required	-	audit-required	-	audit-required	-	audit-required	-	lling-llang/bindings/javascript
lling-llang	core-library	composition	clojurescript	audit-required	unicode-scalar,vocabulary-id,not-unit-bearing	ISeqable; IReduce; protocol dispatch; close!	npm	deterministic-close-plus-leak-containment	audit-required	audit-required	audit-required	audit-required	-	audit-required	-	audit-required	-	audit-required	-	audit-required	-	audit-required	-	audit-required	-	audit-required	-	audit-required	-	audit-required	-	audit-required	-	audit-required	-	audit-required	-	audit-required	-	audit-required	-	audit-required	-	audit-required	-	audit-required	-	audit-required	-	audit-required	-	audit-required	-	lling-llang/bindings/javascript/cljs
lling-llang	core-library	composition	swift	missing	unicode-scalar,vocabulary-id,not-unit-bearing	Sequence/Collection; protocols; throws; deterministic scoped ownership	Swift Package Index	deterministic-close-plus-leak-containment	missing	missing	missing	missing	-	missing	-	missing	-	missing	-	missing	-	missing	-	missing	-	missing	-	missing	-	missing	-	missing	-	missing	-	missing	-	missing	-	missing	-	missing	-	missing	-	missing	-	missing	-	missing	-	missing	-	-
lling-llang	core-library	composition	ruby	missing	unicode-scalar,vocabulary-id,not-unit-bearing	Enumerable; blocks/ensure; exceptions; explicit close	RubyGems	deterministic-close-plus-leak-containment	missing	missing	missing	missing	-	missing	-	missing	-	missing	-	missing	-	missing	-	missing	-	missing	-	missing	-	missing	-	missing	-	missing	-	missing	-	missing	-	missing	-	missing	-	missing	-	missing	-	missing	-	missing	-	missing	-	-
lling-llang	core-library	composition	fortran	missing	unicode-scalar,vocabulary-id,not-unit-bearing	modules; derived types; type-bound procedures; finalizers	fpm	deterministic-close-plus-leak-containment	missing	missing	missing	missing	-	missing	-	missing	-	missing	-	missing	-	missing	-	missing	-	missing	-	missing	-	missing	-	missing	-	missing	-	missing	-	missing	-	missing	-	missing	-	missing	-	missing	-	missing	-	missing	-	missing	-	-
lling-llang	core-library	composition	ocaml	missing	unicode-scalar,vocabulary-id,not-unit-bearing	abstract types; Seq; result; Fun.protect	opam	deterministic-close-plus-leak-containment	missing	missing	missing	missing	-	missing	-	missing	-	missing	-	missing	-	missing	-	missing	-	missing	-	missing	-	missing	-	missing	-	missing	-	missing	-	missing	-	missing	-	missing	-	missing	-	missing	-	missing	-	missing	-	missing	-	-
lling-llang	core-library	composition	haskell	missing	unicode-scalar,vocabulary-id,not-unit-bearing	type classes; Foldable; bracket; Either	Hackage	deterministic-close-plus-leak-containment	missing	missing	missing	missing	-	missing	-	missing	-	missing	-	missing	-	missing	-	missing	-	missing	-	missing	-	missing	-	missing	-	missing	-	missing	-	missing	-	missing	-	missing	-	missing	-	missing	-	missing	-	missing	-	missing	-	-
lling-llang	core-library	composition	lua	missing	unicode-scalar,vocabulary-id,not-unit-bearing	generic-for iterators; __close; tables; error values	LuaRocks	deterministic-close-plus-leak-containment	missing	missing	missing	missing	-	missing	-	missing	-	missing	-	missing	-	missing	-	missing	-	missing	-	missing	-	missing	-	missing	-	missing	-	missing	-	missing	-	missing	-	missing	-	missing	-	missing	-	missing	-	missing	-	missing	-	-
lling-llang	core-library	composition	raku	missing	unicode-scalar,vocabulary-id,not-unit-bearing	NativeCall; Iterable/Positional/Associative; LEAVE; exceptions	zef/fez	deterministic-close-plus-leak-containment	missing	missing	missing	missing	-	missing	-	missing	-	missing	-	missing	-	missing	-	missing	-	missing	-	missing	-	missing	-	missing	-	missing	-	missing	-	missing	-	missing	-	missing	-	missing	-	missing	-	missing	-	missing	-	missing	-	-
lling-llang	core-library	lattice	rust	audit-required	unicode-scalar,vocabulary-id,not-unit-bearing	traits; IntoIterator/Iterator; Result; Drop	crates.io	deterministic-close-plus-leak-containment	audit-required	audit-required	audit-required	audit-required	-	audit-required	-	audit-required	-	audit-required	-	audit-required	-	audit-required	-	audit-required	-	audit-required	-	audit-required	-	audit-required	-	audit-required	-	audit-required	-	audit-required	-	audit-required	-	audit-required	-	audit-required	-	audit-required	-	audit-required	-	audit-required	-	audit-required	-	audit-required	-	lling-llang/src/lib.rs
lling-llang	core-library	lattice	c	audit-required	unicode-scalar,vocabulary-id,not-unit-bearing	opaque handles; status codes; bounded buffers; vtables	CMake/pkg-config/GitHub Releases	deterministic-close-plus-leak-containment	audit-required	audit-required	audit-required	audit-required	-	audit-required	-	audit-required	-	audit-required	-	audit-required	-	audit-required	-	audit-required	-	audit-required	-	audit-required	-	audit-required	-	audit-required	-	audit-required	-	audit-required	-	audit-required	-	audit-required	-	audit-required	-	audit-required	-	audit-required	-	audit-required	-	audit-required	-	audit-required	-	lling-llang/bindings/c
lling-llang	core-library	lattice	cpp	audit-required	unicode-scalar,vocabulary-id,not-unit-bearing	RAII; ranges/iterators; move-only handles; typed errors	CMake/pkg-config/GitHub Releases	deterministic-close-plus-leak-containment	audit-required	audit-required	audit-required	audit-required	-	audit-required	-	audit-required	-	audit-required	-	audit-required	-	audit-required	-	audit-required	-	audit-required	-	audit-required	-	audit-required	-	audit-required	-	audit-required	-	audit-required	-	audit-required	-	audit-required	-	audit-required	-	audit-required	-	audit-required	-	audit-required	-	audit-required	-	audit-required	-	lling-llang/bindings/cpp
lling-llang	core-library	lattice	python	missing	unicode-scalar,vocabulary-id,not-unit-bearing	context managers; iterators/collections; exceptions; protocols	PyPI	deterministic-close-plus-leak-containment	missing	missing	missing	missing	-	missing	-	missing	-	missing	-	missing	-	missing	-	missing	-	missing	-	missing	-	missing	-	missing	-	missing	-	missing	-	missing	-	missing	-	missing	-	missing	-	missing	-	missing	-	missing	-	missing	-	-
lling-llang	core-library	lattice	java	missing	unicode-scalar,vocabulary-id,not-unit-bearing	AutoCloseable/try-with-resources; Collection/Map; Stream/Spliterator; interfaces	Maven Central	deterministic-close-plus-leak-containment	missing	missing	missing	missing	-	missing	-	missing	-	missing	-	missing	-	missing	-	missing	-	missing	-	missing	-	missing	-	missing	-	missing	-	missing	-	missing	-	missing	-	missing	-	missing	-	missing	-	missing	-	missing	-	missing	-	-
lling-llang	core-library	lattice	kotlin	missing	unicode-scalar,vocabulary-id,not-unit-bearing	use; Iterable/Map; Sequence; SAM interfaces	Maven Central	deterministic-close-plus-leak-containment	missing	missing	missing	missing	-	missing	-	missing	-	missing	-	missing	-	missing	-	missing	-	missing	-	missing	-	missing	-	missing	-	missing	-	missing	-	missing	-	missing	-	missing	-	missing	-	missing	-	missing	-	missing	-	missing	-	-
lling-llang	core-library	lattice	scala	missing	unicode-scalar,vocabulary-id,not-unit-bearing	Using/AutoCloseable; Iterable; Iterator; type classes	Maven Central	deterministic-close-plus-leak-containment	missing	missing	missing	missing	-	missing	-	missing	-	missing	-	missing	-	missing	-	missing	-	missing	-	missing	-	missing	-	missing	-	missing	-	missing	-	missing	-	missing	-	missing	-	missing	-	missing	-	missing	-	missing	-	missing	-	-
lling-llang	core-library	lattice	clojure	missing	unicode-scalar,vocabulary-id,not-unit-bearing	Seqable; IReduceInit; Closeable; persistent values	Clojars	deterministic-close-plus-leak-containment	missing	missing	missing	missing	-	missing	-	missing	-	missing	-	missing	-	missing	-	missing	-	missing	-	missing	-	missing	-	missing	-	missing	-	missing	-	missing	-	missing	-	missing	-	missing	-	missing	-	missing	-	missing	-	missing	-	-
lling-llang	core-library	lattice	csharp	missing	unicode-scalar,vocabulary-id,not-unit-bearing	IDisposable/using; IEnumerable/IDictionary; exceptions; interfaces	NuGet	deterministic-close-plus-leak-containment	missing	missing	missing	missing	-	missing	-	missing	-	missing	-	missing	-	missing	-	missing	-	missing	-	missing	-	missing	-	missing	-	missing	-	missing	-	missing	-	missing	-	missing	-	missing	-	missing	-	missing	-	missing	-	missing	-	-
lling-llang	core-library	lattice	fsharp	missing	unicode-scalar,vocabulary-id,not-unit-bearing	use/use!; seq; Result; object expressions; interfaces	NuGet	deterministic-close-plus-leak-containment	missing	missing	missing	missing	-	missing	-	missing	-	missing	-	missing	-	missing	-	missing	-	missing	-	missing	-	missing	-	missing	-	missing	-	missing	-	missing	-	missing	-	missing	-	missing	-	missing	-	missing	-	missing	-	missing	-	-
lling-llang	core-library	lattice	go	missing	unicode-scalar,vocabulary-id,not-unit-bearing	interfaces; iter.Seq; io.Closer; errors	Go module proxy	deterministic-close-plus-leak-containment	missing	missing	missing	missing	-	missing	-	missing	-	missing	-	missing	-	missing	-	missing	-	missing	-	missing	-	missing	-	missing	-	missing	-	missing	-	missing	-	missing	-	missing	-	missing	-	missing	-	missing	-	missing	-	missing	-	-
lling-llang	core-library	lattice	javascript	audit-required	unicode-scalar,vocabulary-id,not-unit-bearing	Symbol.iterator; Symbol.dispose; Error; native/WASM/WASI runtime identity	npm	deterministic-close-plus-leak-containment	audit-required	audit-required	audit-required	audit-required	-	audit-required	-	audit-required	-	audit-required	-	audit-required	-	audit-required	-	audit-required	-	audit-required	-	audit-required	-	audit-required	-	audit-required	-	audit-required	-	audit-required	-	audit-required	-	audit-required	-	audit-required	-	audit-required	-	audit-required	-	audit-required	-	audit-required	-	audit-required	-	lling-llang/bindings/javascript
lling-llang	core-library	lattice	typescript	audit-required	unicode-scalar,vocabulary-id,not-unit-bearing	structural interfaces; Iterable; Disposable; discriminated errors	npm	deterministic-close-plus-leak-containment	audit-required	audit-required	audit-required	audit-required	-	audit-required	-	audit-required	-	audit-required	-	audit-required	-	audit-required	-	audit-required	-	audit-required	-	audit-required	-	audit-required	-	audit-required	-	audit-required	-	audit-required	-	audit-required	-	audit-required	-	audit-required	-	audit-required	-	audit-required	-	audit-required	-	audit-required	-	audit-required	-	lling-llang/bindings/javascript
lling-llang	core-library	lattice	clojurescript	audit-required	unicode-scalar,vocabulary-id,not-unit-bearing	ISeqable; IReduce; protocol dispatch; close!	npm	deterministic-close-plus-leak-containment	audit-required	audit-required	audit-required	audit-required	-	audit-required	-	audit-required	-	audit-required	-	audit-required	-	audit-required	-	audit-required	-	audit-required	-	audit-required	-	audit-required	-	audit-required	-	audit-required	-	audit-required	-	audit-required	-	audit-required	-	audit-required	-	audit-required	-	audit-required	-	audit-required	-	audit-required	-	audit-required	-	lling-llang/bindings/javascript/cljs
lling-llang	core-library	lattice	swift	missing	unicode-scalar,vocabulary-id,not-unit-bearing	Sequence/Collection; protocols; throws; deterministic scoped ownership	Swift Package Index	deterministic-close-plus-leak-containment	missing	missing	missing	missing	-	missing	-	missing	-	missing	-	missing	-	missing	-	missing	-	missing	-	missing	-	missing	-	missing	-	missing	-	missing	-	missing	-	missing	-	missing	-	missing	-	missing	-	missing	-	missing	-	missing	-	-
lling-llang	core-library	lattice	ruby	missing	unicode-scalar,vocabulary-id,not-unit-bearing	Enumerable; blocks/ensure; exceptions; explicit close	RubyGems	deterministic-close-plus-leak-containment	missing	missing	missing	missing	-	missing	-	missing	-	missing	-	missing	-	missing	-	missing	-	missing	-	missing	-	missing	-	missing	-	missing	-	missing	-	missing	-	missing	-	missing	-	missing	-	missing	-	missing	-	missing	-	missing	-	-
lling-llang	core-library	lattice	fortran	missing	unicode-scalar,vocabulary-id,not-unit-bearing	modules; derived types; type-bound procedures; finalizers	fpm	deterministic-close-plus-leak-containment	missing	missing	missing	missing	-	missing	-	missing	-	missing	-	missing	-	missing	-	missing	-	missing	-	missing	-	missing	-	missing	-	missing	-	missing	-	missing	-	missing	-	missing	-	missing	-	missing	-	missing	-	missing	-	missing	-	-
lling-llang	core-library	lattice	ocaml	missing	unicode-scalar,vocabulary-id,not-unit-bearing	abstract types; Seq; result; Fun.protect	opam	deterministic-close-plus-leak-containment	missing	missing	missing	missing	-	missing	-	missing	-	missing	-	missing	-	missing	-	missing	-	missing	-	missing	-	missing	-	missing	-	missing	-	missing	-	missing	-	missing	-	missing	-	missing	-	missing	-	missing	-	missing	-	missing	-	-
lling-llang	core-library	lattice	haskell	missing	unicode-scalar,vocabulary-id,not-unit-bearing	type classes; Foldable; bracket; Either	Hackage	deterministic-close-plus-leak-containment	missing	missing	missing	missing	-	missing	-	missing	-	missing	-	missing	-	missing	-	missing	-	missing	-	missing	-	missing	-	missing	-	missing	-	missing	-	missing	-	missing	-	missing	-	missing	-	missing	-	missing	-	missing	-	missing	-	-
lling-llang	core-library	lattice	lua	missing	unicode-scalar,vocabulary-id,not-unit-bearing	generic-for iterators; __close; tables; error values	LuaRocks	deterministic-close-plus-leak-containment	missing	missing	missing	missing	-	missing	-	missing	-	missing	-	missing	-	missing	-	missing	-	missing	-	missing	-	missing	-	missing	-	missing	-	missing	-	missing	-	missing	-	missing	-	missing	-	missing	-	missing	-	missing	-	missing	-	-
lling-llang	core-library	lattice	raku	missing	unicode-scalar,vocabulary-id,not-unit-bearing	NativeCall; Iterable/Positional/Associative; LEAVE; exceptions	zef/fez	deterministic-close-plus-leak-containment	missing	missing	missing	missing	-	missing	-	missing	-	missing	-	missing	-	missing	-	missing	-	missing	-	missing	-	missing	-	missing	-	missing	-	missing	-	missing	-	missing	-	missing	-	missing	-	missing	-	missing	-	missing	-	missing	-	-
lling-llang	core-library	algorithms	rust	audit-required	unicode-scalar,vocabulary-id,not-unit-bearing	traits; IntoIterator/Iterator; Result; Drop	crates.io	deterministic-close-plus-leak-containment	audit-required	audit-required	audit-required	audit-required	-	audit-required	-	audit-required	-	audit-required	-	audit-required	-	audit-required	-	audit-required	-	audit-required	-	audit-required	-	audit-required	-	audit-required	-	audit-required	-	audit-required	-	audit-required	-	audit-required	-	audit-required	-	audit-required	-	audit-required	-	audit-required	-	audit-required	-	audit-required	-	lling-llang/src/lib.rs
lling-llang	core-library	algorithms	c	audit-required	unicode-scalar,vocabulary-id,not-unit-bearing	opaque handles; status codes; bounded buffers; vtables	CMake/pkg-config/GitHub Releases	deterministic-close-plus-leak-containment	audit-required	audit-required	audit-required	audit-required	-	audit-required	-	audit-required	-	audit-required	-	audit-required	-	audit-required	-	audit-required	-	audit-required	-	audit-required	-	audit-required	-	audit-required	-	audit-required	-	audit-required	-	audit-required	-	audit-required	-	audit-required	-	audit-required	-	audit-required	-	audit-required	-	audit-required	-	audit-required	-	lling-llang/bindings/c
lling-llang	core-library	algorithms	cpp	audit-required	unicode-scalar,vocabulary-id,not-unit-bearing	RAII; ranges/iterators; move-only handles; typed errors	CMake/pkg-config/GitHub Releases	deterministic-close-plus-leak-containment	audit-required	audit-required	audit-required	audit-required	-	audit-required	-	audit-required	-	audit-required	-	audit-required	-	audit-required	-	audit-required	-	audit-required	-	audit-required	-	audit-required	-	audit-required	-	audit-required	-	audit-required	-	audit-required	-	audit-required	-	audit-required	-	audit-required	-	audit-required	-	audit-required	-	audit-required	-	audit-required	-	lling-llang/bindings/cpp
lling-llang	core-library	algorithms	python	missing	unicode-scalar,vocabulary-id,not-unit-bearing	context managers; iterators/collections; exceptions; protocols	PyPI	deterministic-close-plus-leak-containment	missing	missing	missing	missing	-	missing	-	missing	-	missing	-	missing	-	missing	-	missing	-	missing	-	missing	-	missing	-	missing	-	missing	-	missing	-	missing	-	missing	-	missing	-	missing	-	missing	-	missing	-	missing	-	missing	-	-
lling-llang	core-library	algorithms	java	missing	unicode-scalar,vocabulary-id,not-unit-bearing	AutoCloseable/try-with-resources; Collection/Map; Stream/Spliterator; interfaces	Maven Central	deterministic-close-plus-leak-containment	missing	missing	missing	missing	-	missing	-	missing	-	missing	-	missing	-	missing	-	missing	-	missing	-	missing	-	missing	-	missing	-	missing	-	missing	-	missing	-	missing	-	missing	-	missing	-	missing	-	missing	-	missing	-	missing	-	-
lling-llang	core-library	algorithms	kotlin	missing	unicode-scalar,vocabulary-id,not-unit-bearing	use; Iterable/Map; Sequence; SAM interfaces	Maven Central	deterministic-close-plus-leak-containment	missing	missing	missing	missing	-	missing	-	missing	-	missing	-	missing	-	missing	-	missing	-	missing	-	missing	-	missing	-	missing	-	missing	-	missing	-	missing	-	missing	-	missing	-	missing	-	missing	-	missing	-	missing	-	missing	-	-
lling-llang	core-library	algorithms	scala	missing	unicode-scalar,vocabulary-id,not-unit-bearing	Using/AutoCloseable; Iterable; Iterator; type classes	Maven Central	deterministic-close-plus-leak-containment	missing	missing	missing	missing	-	missing	-	missing	-	missing	-	missing	-	missing	-	missing	-	missing	-	missing	-	missing	-	missing	-	missing	-	missing	-	missing	-	missing	-	missing	-	missing	-	missing	-	missing	-	missing	-	missing	-	-
lling-llang	core-library	algorithms	clojure	missing	unicode-scalar,vocabulary-id,not-unit-bearing	Seqable; IReduceInit; Closeable; persistent values	Clojars	deterministic-close-plus-leak-containment	missing	missing	missing	missing	-	missing	-	missing	-	missing	-	missing	-	missing	-	missing	-	missing	-	missing	-	missing	-	missing	-	missing	-	missing	-	missing	-	missing	-	missing	-	missing	-	missing	-	missing	-	missing	-	missing	-	-
lling-llang	core-library	algorithms	csharp	missing	unicode-scalar,vocabulary-id,not-unit-bearing	IDisposable/using; IEnumerable/IDictionary; exceptions; interfaces	NuGet	deterministic-close-plus-leak-containment	missing	missing	missing	missing	-	missing	-	missing	-	missing	-	missing	-	missing	-	missing	-	missing	-	missing	-	missing	-	missing	-	missing	-	missing	-	missing	-	missing	-	missing	-	missing	-	missing	-	missing	-	missing	-	missing	-	-
lling-llang	core-library	algorithms	fsharp	missing	unicode-scalar,vocabulary-id,not-unit-bearing	use/use!; seq; Result; object expressions; interfaces	NuGet	deterministic-close-plus-leak-containment	missing	missing	missing	missing	-	missing	-	missing	-	missing	-	missing	-	missing	-	missing	-	missing	-	missing	-	missing	-	missing	-	missing	-	missing	-	missing	-	missing	-	missing	-	missing	-	missing	-	missing	-	missing	-	missing	-	-
lling-llang	core-library	algorithms	go	missing	unicode-scalar,vocabulary-id,not-unit-bearing	interfaces; iter.Seq; io.Closer; errors	Go module proxy	deterministic-close-plus-leak-containment	missing	missing	missing	missing	-	missing	-	missing	-	missing	-	missing	-	missing	-	missing	-	missing	-	missing	-	missing	-	missing	-	missing	-	missing	-	missing	-	missing	-	missing	-	missing	-	missing	-	missing	-	missing	-	missing	-	-
lling-llang	core-library	algorithms	javascript	audit-required	unicode-scalar,vocabulary-id,not-unit-bearing	Symbol.iterator; Symbol.dispose; Error; native/WASM/WASI runtime identity	npm	deterministic-close-plus-leak-containment	audit-required	audit-required	audit-required	audit-required	-	audit-required	-	audit-required	-	audit-required	-	audit-required	-	audit-required	-	audit-required	-	audit-required	-	audit-required	-	audit-required	-	audit-required	-	audit-required	-	audit-required	-	audit-required	-	audit-required	-	audit-required	-	audit-required	-	audit-required	-	audit-required	-	audit-required	-	audit-required	-	lling-llang/bindings/javascript
lling-llang	core-library	algorithms	typescript	audit-required	unicode-scalar,vocabulary-id,not-unit-bearing	structural interfaces; Iterable; Disposable; discriminated errors	npm	deterministic-close-plus-leak-containment	audit-required	audit-required	audit-required	audit-required	-	audit-required	-	audit-required	-	audit-required	-	audit-required	-	audit-required	-	audit-required	-	audit-required	-	audit-required	-	audit-required	-	audit-required	-	audit-required	-	audit-required	-	audit-required	-	audit-required	-	audit-required	-	audit-required	-	audit-required	-	audit-required	-	audit-required	-	audit-required	-	lling-llang/bindings/javascript
lling-llang	core-library	algorithms	clojurescript	audit-required	unicode-scalar,vocabulary-id,not-unit-bearing	ISeqable; IReduce; protocol dispatch; close!	npm	deterministic-close-plus-leak-containment	audit-required	audit-required	audit-required	audit-required	-	audit-required	-	audit-required	-	audit-required	-	audit-required	-	audit-required	-	audit-required	-	audit-required	-	audit-required	-	audit-required	-	audit-required	-	audit-required	-	audit-required	-	audit-required	-	audit-required	-	audit-required	-	audit-required	-	audit-required	-	audit-required	-	audit-required	-	audit-required	-	lling-llang/bindings/javascript/cljs
lling-llang	core-library	algorithms	swift	missing	unicode-scalar,vocabulary-id,not-unit-bearing	Sequence/Collection; protocols; throws; deterministic scoped ownership	Swift Package Index	deterministic-close-plus-leak-containment	missing	missing	missing	missing	-	missing	-	missing	-	missing	-	missing	-	missing	-	missing	-	missing	-	missing	-	missing	-	missing	-	missing	-	missing	-	missing	-	missing	-	missing	-	missing	-	missing	-	missing	-	missing	-	missing	-	-
lling-llang	core-library	algorithms	ruby	missing	unicode-scalar,vocabulary-id,not-unit-bearing	Enumerable; blocks/ensure; exceptions; explicit close	RubyGems	deterministic-close-plus-leak-containment	missing	missing	missing	missing	-	missing	-	missing	-	missing	-	missing	-	missing	-	missing	-	missing	-	missing	-	missing	-	missing	-	missing	-	missing	-	missing	-	missing	-	missing	-	missing	-	missing	-	missing	-	missing	-	missing	-	-
lling-llang	core-library	algorithms	fortran	missing	unicode-scalar,vocabulary-id,not-unit-bearing	modules; derived types; type-bound procedures; finalizers	fpm	deterministic-close-plus-leak-containment	missing	missing	missing	missing	-	missing	-	missing	-	missing	-	missing	-	missing	-	missing	-	missing	-	missing	-	missing	-	missing	-	missing	-	missing	-	missing	-	missing	-	missing	-	missing	-	missing	-	missing	-	missing	-	missing	-	-
lling-llang	core-library	algorithms	ocaml	missing	unicode-scalar,vocabulary-id,not-unit-bearing	abstract types; Seq; result; Fun.protect	opam	deterministic-close-plus-leak-containment	missing	missing	missing	missing	-	missing	-	missing	-	missing	-	missing	-	missing	-	missing	-	missing	-	missing	-	missing	-	missing	-	missing	-	missing	-	missing	-	missing	-	missing	-	missing	-	missing	-	missing	-	missing	-	missing	-	-
lling-llang	core-library	algorithms	haskell	missing	unicode-scalar,vocabulary-id,not-unit-bearing	type classes; Foldable; bracket; Either	Hackage	deterministic-close-plus-leak-containment	missing	missing	missing	missing	-	missing	-	missing	-	missing	-	missing	-	missing	-	missing	-	missing	-	missing	-	missing	-	missing	-	missing	-	missing	-	missing	-	missing	-	missing	-	missing	-	missing	-	missing	-	missing	-	missing	-	-
lling-llang	core-library	algorithms	lua	missing	unicode-scalar,vocabulary-id,not-unit-bearing	generic-for iterators; __close; tables; error values	LuaRocks	deterministic-close-plus-leak-containment	missing	missing	missing	missing	-	missing	-	missing	-	missing	-	missing	-	missing	-	missing	-	missing	-	missing	-	missing	-	missing	-	missing	-	missing	-	missing	-	missing	-	missing	-	missing	-	missing	-	missing	-	missing	-	missing	-	-
lling-llang	core-library	algorithms	raku	missing	unicode-scalar,vocabulary-id,not-unit-bearing	NativeCall; Iterable/Positional/Associative; LEAVE; exceptions	zef/fez	deterministic-close-plus-leak-containment	missing	missing	missing	missing	-	missing	-	missing	-	missing	-	missing	-	missing	-	missing	-	missing	-	missing	-	missing	-	missing	-	missing	-	missing	-	missing	-	missing	-	missing	-	missing	-	missing	-	missing	-	missing	-	missing	-	-
lling-llang	core-library	cfg	rust	audit-required	unicode-scalar,vocabulary-id,not-unit-bearing	traits; IntoIterator/Iterator; Result; Drop	crates.io	deterministic-close-plus-leak-containment	audit-required	audit-required	audit-required	audit-required	-	audit-required	-	audit-required	-	audit-required	-	audit-required	-	audit-required	-	audit-required	-	audit-required	-	audit-required	-	audit-required	-	audit-required	-	audit-required	-	audit-required	-	audit-required	-	audit-required	-	audit-required	-	audit-required	-	audit-required	-	audit-required	-	audit-required	-	audit-required	-	lling-llang/src/lib.rs
lling-llang	core-library	cfg	c	audit-required	unicode-scalar,vocabulary-id,not-unit-bearing	opaque handles; status codes; bounded buffers; vtables	CMake/pkg-config/GitHub Releases	deterministic-close-plus-leak-containment	audit-required	audit-required	audit-required	audit-required	-	audit-required	-	audit-required	-	audit-required	-	audit-required	-	audit-required	-	audit-required	-	audit-required	-	audit-required	-	audit-required	-	audit-required	-	audit-required	-	audit-required	-	audit-required	-	audit-required	-	audit-required	-	audit-required	-	audit-required	-	audit-required	-	audit-required	-	audit-required	-	lling-llang/bindings/c
lling-llang	core-library	cfg	cpp	audit-required	unicode-scalar,vocabulary-id,not-unit-bearing	RAII; ranges/iterators; move-only handles; typed errors	CMake/pkg-config/GitHub Releases	deterministic-close-plus-leak-containment	audit-required	audit-required	audit-required	audit-required	-	audit-required	-	audit-required	-	audit-required	-	audit-required	-	audit-required	-	audit-required	-	audit-required	-	audit-required	-	audit-required	-	audit-required	-	audit-required	-	audit-required	-	audit-required	-	audit-required	-	audit-required	-	audit-required	-	audit-required	-	audit-required	-	audit-required	-	audit-required	-	lling-llang/bindings/cpp
lling-llang	core-library	cfg	python	missing	unicode-scalar,vocabulary-id,not-unit-bearing	context managers; iterators/collections; exceptions; protocols	PyPI	deterministic-close-plus-leak-containment	missing	missing	missing	missing	-	missing	-	missing	-	missing	-	missing	-	missing	-	missing	-	missing	-	missing	-	missing	-	missing	-	missing	-	missing	-	missing	-	missing	-	missing	-	missing	-	missing	-	missing	-	missing	-	missing	-	-
lling-llang	core-library	cfg	java	missing	unicode-scalar,vocabulary-id,not-unit-bearing	AutoCloseable/try-with-resources; Collection/Map; Stream/Spliterator; interfaces	Maven Central	deterministic-close-plus-leak-containment	missing	missing	missing	missing	-	missing	-	missing	-	missing	-	missing	-	missing	-	missing	-	missing	-	missing	-	missing	-	missing	-	missing	-	missing	-	missing	-	missing	-	missing	-	missing	-	missing	-	missing	-	missing	-	missing	-	-
lling-llang	core-library	cfg	kotlin	missing	unicode-scalar,vocabulary-id,not-unit-bearing	use; Iterable/Map; Sequence; SAM interfaces	Maven Central	deterministic-close-plus-leak-containment	missing	missing	missing	missing	-	missing	-	missing	-	missing	-	missing	-	missing	-	missing	-	missing	-	missing	-	missing	-	missing	-	missing	-	missing	-	missing	-	missing	-	missing	-	missing	-	missing	-	missing	-	missing	-	missing	-	-
lling-llang	core-library	cfg	scala	missing	unicode-scalar,vocabulary-id,not-unit-bearing	Using/AutoCloseable; Iterable; Iterator; type classes	Maven Central	deterministic-close-plus-leak-containment	missing	missing	missing	missing	-	missing	-	missing	-	missing	-	missing	-	missing	-	missing	-	missing	-	missing	-	missing	-	missing	-	missing	-	missing	-	missing	-	missing	-	missing	-	missing	-	missing	-	missing	-	missing	-	missing	-	-
lling-llang	core-library	cfg	clojure	missing	unicode-scalar,vocabulary-id,not-unit-bearing	Seqable; IReduceInit; Closeable; persistent values	Clojars	deterministic-close-plus-leak-containment	missing	missing	missing	missing	-	missing	-	missing	-	missing	-	missing	-	missing	-	missing	-	missing	-	missing	-	missing	-	missing	-	missing	-	missing	-	missing	-	missing	-	missing	-	missing	-	missing	-	missing	-	missing	-	missing	-	-
lling-llang	core-library	cfg	csharp	missing	unicode-scalar,vocabulary-id,not-unit-bearing	IDisposable/using; IEnumerable/IDictionary; exceptions; interfaces	NuGet	deterministic-close-plus-leak-containment	missing	missing	missing	missing	-	missing	-	missing	-	missing	-	missing	-	missing	-	missing	-	missing	-	missing	-	missing	-	missing	-	missing	-	missing	-	missing	-	missing	-	missing	-	missing	-	missing	-	missing	-	missing	-	missing	-	-
lling-llang	core-library	cfg	fsharp	missing	unicode-scalar,vocabulary-id,not-unit-bearing	use/use!; seq; Result; object expressions; interfaces	NuGet	deterministic-close-plus-leak-containment	missing	missing	missing	missing	-	missing	-	missing	-	missing	-	missing	-	missing	-	missing	-	missing	-	missing	-	missing	-	missing	-	missing	-	missing	-	missing	-	missing	-	missing	-	missing	-	missing	-	missing	-	missing	-	missing	-	-
lling-llang	core-library	cfg	go	missing	unicode-scalar,vocabulary-id,not-unit-bearing	interfaces; iter.Seq; io.Closer; errors	Go module proxy	deterministic-close-plus-leak-containment	missing	missing	missing	missing	-	missing	-	missing	-	missing	-	missing	-	missing	-	missing	-	missing	-	missing	-	missing	-	missing	-	missing	-	missing	-	missing	-	missing	-	missing	-	missing	-	missing	-	missing	-	missing	-	missing	-	-
lling-llang	core-library	cfg	javascript	audit-required	unicode-scalar,vocabulary-id,not-unit-bearing	Symbol.iterator; Symbol.dispose; Error; native/WASM/WASI runtime identity	npm	deterministic-close-plus-leak-containment	audit-required	audit-required	audit-required	audit-required	-	audit-required	-	audit-required	-	audit-required	-	audit-required	-	audit-required	-	audit-required	-	audit-required	-	audit-required	-	audit-required	-	audit-required	-	audit-required	-	audit-required	-	audit-required	-	audit-required	-	audit-required	-	audit-required	-	audit-required	-	audit-required	-	audit-required	-	audit-required	-	lling-llang/bindings/javascript
lling-llang	core-library	cfg	typescript	audit-required	unicode-scalar,vocabulary-id,not-unit-bearing	structural interfaces; Iterable; Disposable; discriminated errors	npm	deterministic-close-plus-leak-containment	audit-required	audit-required	audit-required	audit-required	-	audit-required	-	audit-required	-	audit-required	-	audit-required	-	audit-required	-	audit-required	-	audit-required	-	audit-required	-	audit-required	-	audit-required	-	audit-required	-	audit-required	-	audit-required	-	audit-required	-	audit-required	-	audit-required	-	audit-required	-	audit-required	-	audit-required	-	audit-required	-	lling-llang/bindings/javascript
lling-llang	core-library	cfg	clojurescript	audit-required	unicode-scalar,vocabulary-id,not-unit-bearing	ISeqable; IReduce; protocol dispatch; close!	npm	deterministic-close-plus-leak-containment	audit-required	audit-required	audit-required	audit-required	-	audit-required	-	audit-required	-	audit-required	-	audit-required	-	audit-required	-	audit-required	-	audit-required	-	audit-required	-	audit-required	-	audit-required	-	audit-required	-	audit-required	-	audit-required	-	audit-required	-	audit-required	-	audit-required	-	audit-required	-	audit-required	-	audit-required	-	audit-required	-	lling-llang/bindings/javascript/cljs
lling-llang	core-library	cfg	swift	missing	unicode-scalar,vocabulary-id,not-unit-bearing	Sequence/Collection; protocols; throws; deterministic scoped ownership	Swift Package Index	deterministic-close-plus-leak-containment	missing	missing	missing	missing	-	missing	-	missing	-	missing	-	missing	-	missing	-	missing	-	missing	-	missing	-	missing	-	missing	-	missing	-	missing	-	missing	-	missing	-	missing	-	missing	-	missing	-	missing	-	missing	-	missing	-	-
lling-llang	core-library	cfg	ruby	missing	unicode-scalar,vocabulary-id,not-unit-bearing	Enumerable; blocks/ensure; exceptions; explicit close	RubyGems	deterministic-close-plus-leak-containment	missing	missing	missing	missing	-	missing	-	missing	-	missing	-	missing	-	missing	-	missing	-	missing	-	missing	-	missing	-	missing	-	missing	-	missing	-	missing	-	missing	-	missing	-	missing	-	missing	-	missing	-	missing	-	missing	-	-
lling-llang	core-library	cfg	fortran	missing	unicode-scalar,vocabulary-id,not-unit-bearing	modules; derived types; type-bound procedures; finalizers	fpm	deterministic-close-plus-leak-containment	missing	missing	missing	missing	-	missing	-	missing	-	missing	-	missing	-	missing	-	missing	-	missing	-	missing	-	missing	-	missing	-	missing	-	missing	-	missing	-	missing	-	missing	-	missing	-	missing	-	missing	-	missing	-	missing	-	-
lling-llang	core-library	cfg	ocaml	missing	unicode-scalar,vocabulary-id,not-unit-bearing	abstract types; Seq; result; Fun.protect	opam	deterministic-close-plus-leak-containment	missing	missing	missing	missing	-	missing	-	missing	-	missing	-	missing	-	missing	-	missing	-	missing	-	missing	-	missing	-	missing	-	missing	-	missing	-	missing	-	missing	-	missing	-	missing	-	missing	-	missing	-	missing	-	missing	-	-
lling-llang	core-library	cfg	haskell	missing	unicode-scalar,vocabulary-id,not-unit-bearing	type classes; Foldable; bracket; Either	Hackage	deterministic-close-plus-leak-containment	missing	missing	missing	missing	-	missing	-	missing	-	missing	-	missing	-	missing	-	missing	-	missing	-	missing	-	missing	-	missing	-	missing	-	missing	-	missing	-	missing	-	missing	-	missing	-	missing	-	missing	-	missing	-	missing	-	-
lling-llang	core-library	cfg	lua	missing	unicode-scalar,vocabulary-id,not-unit-bearing	generic-for iterators; __close; tables; error values	LuaRocks	deterministic-close-plus-leak-containment	missing	missing	missing	missing	-	missing	-	missing	-	missing	-	missing	-	missing	-	missing	-	missing	-	missing	-	missing	-	missing	-	missing	-	missing	-	missing	-	missing	-	missing	-	missing	-	missing	-	missing	-	missing	-	missing	-	-
lling-llang	core-library	cfg	raku	missing	unicode-scalar,vocabulary-id,not-unit-bearing	NativeCall; Iterable/Positional/Associative; LEAVE; exceptions	zef/fez	deterministic-close-plus-leak-containment	missing	missing	missing	missing	-	missing	-	missing	-	missing	-	missing	-	missing	-	missing	-	missing	-	missing	-	missing	-	missing	-	missing	-	missing	-	missing	-	missing	-	missing	-	missing	-	missing	-	missing	-	missing	-	missing	-	-
lling-llang	core-library	differentiable	rust	audit-required	unicode-scalar,vocabulary-id,not-unit-bearing	traits; IntoIterator/Iterator; Result; Drop	crates.io	deterministic-close-plus-leak-containment	audit-required	audit-required	audit-required	audit-required	-	audit-required	-	audit-required	-	audit-required	-	audit-required	-	audit-required	-	audit-required	-	audit-required	-	audit-required	-	audit-required	-	audit-required	-	audit-required	-	audit-required	-	audit-required	-	audit-required	-	audit-required	-	audit-required	-	audit-required	-	audit-required	-	audit-required	-	audit-required	-	lling-llang/src/lib.rs
lling-llang	core-library	differentiable	c	audit-required	unicode-scalar,vocabulary-id,not-unit-bearing	opaque handles; status codes; bounded buffers; vtables	CMake/pkg-config/GitHub Releases	deterministic-close-plus-leak-containment	audit-required	audit-required	audit-required	audit-required	-	audit-required	-	audit-required	-	audit-required	-	audit-required	-	audit-required	-	audit-required	-	audit-required	-	audit-required	-	audit-required	-	audit-required	-	audit-required	-	audit-required	-	audit-required	-	audit-required	-	audit-required	-	audit-required	-	audit-required	-	audit-required	-	audit-required	-	audit-required	-	lling-llang/bindings/c
lling-llang	core-library	differentiable	cpp	audit-required	unicode-scalar,vocabulary-id,not-unit-bearing	RAII; ranges/iterators; move-only handles; typed errors	CMake/pkg-config/GitHub Releases	deterministic-close-plus-leak-containment	audit-required	audit-required	audit-required	audit-required	-	audit-required	-	audit-required	-	audit-required	-	audit-required	-	audit-required	-	audit-required	-	audit-required	-	audit-required	-	audit-required	-	audit-required	-	audit-required	-	audit-required	-	audit-required	-	audit-required	-	audit-required	-	audit-required	-	audit-required	-	audit-required	-	audit-required	-	audit-required	-	lling-llang/bindings/cpp
lling-llang	core-library	differentiable	python	missing	unicode-scalar,vocabulary-id,not-unit-bearing	context managers; iterators/collections; exceptions; protocols	PyPI	deterministic-close-plus-leak-containment	missing	missing	missing	missing	-	missing	-	missing	-	missing	-	missing	-	missing	-	missing	-	missing	-	missing	-	missing	-	missing	-	missing	-	missing	-	missing	-	missing	-	missing	-	missing	-	missing	-	missing	-	missing	-	missing	-	-
lling-llang	core-library	differentiable	java	missing	unicode-scalar,vocabulary-id,not-unit-bearing	AutoCloseable/try-with-resources; Collection/Map; Stream/Spliterator; interfaces	Maven Central	deterministic-close-plus-leak-containment	missing	missing	missing	missing	-	missing	-	missing	-	missing	-	missing	-	missing	-	missing	-	missing	-	missing	-	missing	-	missing	-	missing	-	missing	-	missing	-	missing	-	missing	-	missing	-	missing	-	missing	-	missing	-	missing	-	-
lling-llang	core-library	differentiable	kotlin	missing	unicode-scalar,vocabulary-id,not-unit-bearing	use; Iterable/Map; Sequence; SAM interfaces	Maven Central	deterministic-close-plus-leak-containment	missing	missing	missing	missing	-	missing	-	missing	-	missing	-	missing	-	missing	-	missing	-	missing	-	missing	-	missing	-	missing	-	missing	-	missing	-	missing	-	missing	-	missing	-	missing	-	missing	-	missing	-	missing	-	missing	-	-
lling-llang	core-library	differentiable	scala	missing	unicode-scalar,vocabulary-id,not-unit-bearing	Using/AutoCloseable; Iterable; Iterator; type classes	Maven Central	deterministic-close-plus-leak-containment	missing	missing	missing	missing	-	missing	-	missing	-	missing	-	missing	-	missing	-	missing	-	missing	-	missing	-	missing	-	missing	-	missing	-	missing	-	missing	-	missing	-	missing	-	missing	-	missing	-	missing	-	missing	-	missing	-	-
lling-llang	core-library	differentiable	clojure	missing	unicode-scalar,vocabulary-id,not-unit-bearing	Seqable; IReduceInit; Closeable; persistent values	Clojars	deterministic-close-plus-leak-containment	missing	missing	missing	missing	-	missing	-	missing	-	missing	-	missing	-	missing	-	missing	-	missing	-	missing	-	missing	-	missing	-	missing	-	missing	-	missing	-	missing	-	missing	-	missing	-	missing	-	missing	-	missing	-	missing	-	-
lling-llang	core-library	differentiable	csharp	missing	unicode-scalar,vocabulary-id,not-unit-bearing	IDisposable/using; IEnumerable/IDictionary; exceptions; interfaces	NuGet	deterministic-close-plus-leak-containment	missing	missing	missing	missing	-	missing	-	missing	-	missing	-	missing	-	missing	-	missing	-	missing	-	missing	-	missing	-	missing	-	missing	-	missing	-	missing	-	missing	-	missing	-	missing	-	missing	-	missing	-	missing	-	missing	-	-
lling-llang	core-library	differentiable	fsharp	missing	unicode-scalar,vocabulary-id,not-unit-bearing	use/use!; seq; Result; object expressions; interfaces	NuGet	deterministic-close-plus-leak-containment	missing	missing	missing	missing	-	missing	-	missing	-	missing	-	missing	-	missing	-	missing	-	missing	-	missing	-	missing	-	missing	-	missing	-	missing	-	missing	-	missing	-	missing	-	missing	-	missing	-	missing	-	missing	-	missing	-	-
lling-llang	core-library	differentiable	go	missing	unicode-scalar,vocabulary-id,not-unit-bearing	interfaces; iter.Seq; io.Closer; errors	Go module proxy	deterministic-close-plus-leak-containment	missing	missing	missing	missing	-	missing	-	missing	-	missing	-	missing	-	missing	-	missing	-	missing	-	missing	-	missing	-	missing	-	missing	-	missing	-	missing	-	missing	-	missing	-	missing	-	missing	-	missing	-	missing	-	missing	-	-
lling-llang	core-library	differentiable	javascript	audit-required	unicode-scalar,vocabulary-id,not-unit-bearing	Symbol.iterator; Symbol.dispose; Error; native/WASM/WASI runtime identity	npm	deterministic-close-plus-leak-containment	audit-required	audit-required	audit-required	audit-required	-	audit-required	-	audit-required	-	audit-required	-	audit-required	-	audit-required	-	audit-required	-	audit-required	-	audit-required	-	audit-required	-	audit-required	-	audit-required	-	audit-required	-	audit-required	-	audit-required	-	audit-required	-	audit-required	-	audit-required	-	audit-required	-	audit-required	-	audit-required	-	lling-llang/bindings/javascript
lling-llang	core-library	differentiable	typescript	audit-required	unicode-scalar,vocabulary-id,not-unit-bearing	structural interfaces; Iterable; Disposable; discriminated errors	npm	deterministic-close-plus-leak-containment	audit-required	audit-required	audit-required	audit-required	-	audit-required	-	audit-required	-	audit-required	-	audit-required	-	audit-required	-	audit-required	-	audit-required	-	audit-required	-	audit-required	-	audit-required	-	audit-required	-	audit-required	-	audit-required	-	audit-required	-	audit-required	-	audit-required	-	audit-required	-	audit-required	-	audit-required	-	audit-required	-	lling-llang/bindings/javascript
lling-llang	core-library	differentiable	clojurescript	audit-required	unicode-scalar,vocabulary-id,not-unit-bearing	ISeqable; IReduce; protocol dispatch; close!	npm	deterministic-close-plus-leak-containment	audit-required	audit-required	audit-required	audit-required	-	audit-required	-	audit-required	-	audit-required	-	audit-required	-	audit-required	-	audit-required	-	audit-required	-	audit-required	-	audit-required	-	audit-required	-	audit-required	-	audit-required	-	audit-required	-	audit-required	-	audit-required	-	audit-required	-	audit-required	-	audit-required	-	audit-required	-	audit-required	-	lling-llang/bindings/javascript/cljs
lling-llang	core-library	differentiable	swift	missing	unicode-scalar,vocabulary-id,not-unit-bearing	Sequence/Collection; protocols; throws; deterministic scoped ownership	Swift Package Index	deterministic-close-plus-leak-containment	missing	missing	missing	missing	-	missing	-	missing	-	missing	-	missing	-	missing	-	missing	-	missing	-	missing	-	missing	-	missing	-	missing	-	missing	-	missing	-	missing	-	missing	-	missing	-	missing	-	missing	-	missing	-	missing	-	-
lling-llang	core-library	differentiable	ruby	missing	unicode-scalar,vocabulary-id,not-unit-bearing	Enumerable; blocks/ensure; exceptions; explicit close	RubyGems	deterministic-close-plus-leak-containment	missing	missing	missing	missing	-	missing	-	missing	-	missing	-	missing	-	missing	-	missing	-	missing	-	missing	-	missing	-	missing	-	missing	-	missing	-	missing	-	missing	-	missing	-	missing	-	missing	-	missing	-	missing	-	missing	-	-
lling-llang	core-library	differentiable	fortran	missing	unicode-scalar,vocabulary-id,not-unit-bearing	modules; derived types; type-bound procedures; finalizers	fpm	deterministic-close-plus-leak-containment	missing	missing	missing	missing	-	missing	-	missing	-	missing	-	missing	-	missing	-	missing	-	missing	-	missing	-	missing	-	missing	-	missing	-	missing	-	missing	-	missing	-	missing	-	missing	-	missing	-	missing	-	missing	-	missing	-	-
lling-llang	core-library	differentiable	ocaml	missing	unicode-scalar,vocabulary-id,not-unit-bearing	abstract types; Seq; result; Fun.protect	opam	deterministic-close-plus-leak-containment	missing	missing	missing	missing	-	missing	-	missing	-	missing	-	missing	-	missing	-	missing	-	missing	-	missing	-	missing	-	missing	-	missing	-	missing	-	missing	-	missing	-	missing	-	missing	-	missing	-	missing	-	missing	-	missing	-	-
lling-llang	core-library	differentiable	haskell	missing	unicode-scalar,vocabulary-id,not-unit-bearing	type classes; Foldable; bracket; Either	Hackage	deterministic-close-plus-leak-containment	missing	missing	missing	missing	-	missing	-	missing	-	missing	-	missing	-	missing	-	missing	-	missing	-	missing	-	missing	-	missing	-	missing	-	missing	-	missing	-	missing	-	missing	-	missing	-	missing	-	missing	-	missing	-	missing	-	-
lling-llang	core-library	differentiable	lua	missing	unicode-scalar,vocabulary-id,not-unit-bearing	generic-for iterators; __close; tables; error values	LuaRocks	deterministic-close-plus-leak-containment	missing	missing	missing	missing	-	missing	-	missing	-	missing	-	missing	-	missing	-	missing	-	missing	-	missing	-	missing	-	missing	-	missing	-	missing	-	missing	-	missing	-	missing	-	missing	-	missing	-	missing	-	missing	-	missing	-	-
lling-llang	core-library	differentiable	raku	missing	unicode-scalar,vocabulary-id,not-unit-bearing	NativeCall; Iterable/Positional/Associative; LEAVE; exceptions	zef/fez	deterministic-close-plus-leak-containment	missing	missing	missing	missing	-	missing	-	missing	-	missing	-	missing	-	missing	-	missing	-	missing	-	missing	-	missing	-	missing	-	missing	-	missing	-	missing	-	missing	-	missing	-	missing	-	missing	-	missing	-	missing	-	missing	-	-
lling-llang	core-library	pushdown	rust	audit-required	unicode-scalar,vocabulary-id,not-unit-bearing	traits; IntoIterator/Iterator; Result; Drop	crates.io	deterministic-close-plus-leak-containment	audit-required	audit-required	audit-required	audit-required	-	audit-required	-	audit-required	-	audit-required	-	audit-required	-	audit-required	-	audit-required	-	audit-required	-	audit-required	-	audit-required	-	audit-required	-	audit-required	-	audit-required	-	audit-required	-	audit-required	-	audit-required	-	audit-required	-	audit-required	-	audit-required	-	audit-required	-	audit-required	-	lling-llang/src/lib.rs
lling-llang	core-library	pushdown	c	audit-required	unicode-scalar,vocabulary-id,not-unit-bearing	opaque handles; status codes; bounded buffers; vtables	CMake/pkg-config/GitHub Releases	deterministic-close-plus-leak-containment	audit-required	audit-required	audit-required	audit-required	-	audit-required	-	audit-required	-	audit-required	-	audit-required	-	audit-required	-	audit-required	-	audit-required	-	audit-required	-	audit-required	-	audit-required	-	audit-required	-	audit-required	-	audit-required	-	audit-required	-	audit-required	-	audit-required	-	audit-required	-	audit-required	-	audit-required	-	audit-required	-	lling-llang/bindings/c
lling-llang	core-library	pushdown	cpp	audit-required	unicode-scalar,vocabulary-id,not-unit-bearing	RAII; ranges/iterators; move-only handles; typed errors	CMake/pkg-config/GitHub Releases	deterministic-close-plus-leak-containment	audit-required	audit-required	audit-required	audit-required	-	audit-required	-	audit-required	-	audit-required	-	audit-required	-	audit-required	-	audit-required	-	audit-required	-	audit-required	-	audit-required	-	audit-required	-	audit-required	-	audit-required	-	audit-required	-	audit-required	-	audit-required	-	audit-required	-	audit-required	-	audit-required	-	audit-required	-	audit-required	-	lling-llang/bindings/cpp
lling-llang	core-library	pushdown	python	missing	unicode-scalar,vocabulary-id,not-unit-bearing	context managers; iterators/collections; exceptions; protocols	PyPI	deterministic-close-plus-leak-containment	missing	missing	missing	missing	-	missing	-	missing	-	missing	-	missing	-	missing	-	missing	-	missing	-	missing	-	missing	-	missing	-	missing	-	missing	-	missing	-	missing	-	missing	-	missing	-	missing	-	missing	-	missing	-	missing	-	-
lling-llang	core-library	pushdown	java	missing	unicode-scalar,vocabulary-id,not-unit-bearing	AutoCloseable/try-with-resources; Collection/Map; Stream/Spliterator; interfaces	Maven Central	deterministic-close-plus-leak-containment	missing	missing	missing	missing	-	missing	-	missing	-	missing	-	missing	-	missing	-	missing	-	missing	-	missing	-	missing	-	missing	-	missing	-	missing	-	missing	-	missing	-	missing	-	missing	-	missing	-	missing	-	missing	-	missing	-	-
lling-llang	core-library	pushdown	kotlin	missing	unicode-scalar,vocabulary-id,not-unit-bearing	use; Iterable/Map; Sequence; SAM interfaces	Maven Central	deterministic-close-plus-leak-containment	missing	missing	missing	missing	-	missing	-	missing	-	missing	-	missing	-	missing	-	missing	-	missing	-	missing	-	missing	-	missing	-	missing	-	missing	-	missing	-	missing	-	missing	-	missing	-	missing	-	missing	-	missing	-	missing	-	-
lling-llang	core-library	pushdown	scala	missing	unicode-scalar,vocabulary-id,not-unit-bearing	Using/AutoCloseable; Iterable; Iterator; type classes	Maven Central	deterministic-close-plus-leak-containment	missing	missing	missing	missing	-	missing	-	missing	-	missing	-	missing	-	missing	-	missing	-	missing	-	missing	-	missing	-	missing	-	missing	-	missing	-	missing	-	missing	-	missing	-	missing	-	missing	-	missing	-	missing	-	missing	-	-
lling-llang	core-library	pushdown	clojure	missing	unicode-scalar,vocabulary-id,not-unit-bearing	Seqable; IReduceInit; Closeable; persistent values	Clojars	deterministic-close-plus-leak-containment	missing	missing	missing	missing	-	missing	-	missing	-	missing	-	missing	-	missing	-	missing	-	missing	-	missing	-	missing	-	missing	-	missing	-	missing	-	missing	-	missing	-	missing	-	missing	-	missing	-	missing	-	missing	-	missing	-	-
lling-llang	core-library	pushdown	csharp	missing	unicode-scalar,vocabulary-id,not-unit-bearing	IDisposable/using; IEnumerable/IDictionary; exceptions; interfaces	NuGet	deterministic-close-plus-leak-containment	missing	missing	missing	missing	-	missing	-	missing	-	missing	-	missing	-	missing	-	missing	-	missing	-	missing	-	missing	-	missing	-	missing	-	missing	-	missing	-	missing	-	missing	-	missing	-	missing	-	missing	-	missing	-	missing	-	-
lling-llang	core-library	pushdown	fsharp	missing	unicode-scalar,vocabulary-id,not-unit-bearing	use/use!; seq; Result; object expressions; interfaces	NuGet	deterministic-close-plus-leak-containment	missing	missing	missing	missing	-	missing	-	missing	-	missing	-	missing	-	missing	-	missing	-	missing	-	missing	-	missing	-	missing	-	missing	-	missing	-	missing	-	missing	-	missing	-	missing	-	missing	-	missing	-	missing	-	missing	-	-
lling-llang	core-library	pushdown	go	missing	unicode-scalar,vocabulary-id,not-unit-bearing	interfaces; iter.Seq; io.Closer; errors	Go module proxy	deterministic-close-plus-leak-containment	missing	missing	missing	missing	-	missing	-	missing	-	missing	-	missing	-	missing	-	missing	-	missing	-	missing	-	missing	-	missing	-	missing	-	missing	-	missing	-	missing	-	missing	-	missing	-	missing	-	missing	-	missing	-	missing	-	-
lling-llang	core-library	pushdown	javascript	audit-required	unicode-scalar,vocabulary-id,not-unit-bearing	Symbol.iterator; Symbol.dispose; Error; native/WASM/WASI runtime identity	npm	deterministic-close-plus-leak-containment	audit-required	audit-required	audit-required	audit-required	-	audit-required	-	audit-required	-	audit-required	-	audit-required	-	audit-required	-	audit-required	-	audit-required	-	audit-required	-	audit-required	-	audit-required	-	audit-required	-	audit-required	-	audit-required	-	audit-required	-	audit-required	-	audit-required	-	audit-required	-	audit-required	-	audit-required	-	audit-required	-	lling-llang/bindings/javascript
lling-llang	core-library	pushdown	typescript	audit-required	unicode-scalar,vocabulary-id,not-unit-bearing	structural interfaces; Iterable; Disposable; discriminated errors	npm	deterministic-close-plus-leak-containment	audit-required	audit-required	audit-required	audit-required	-	audit-required	-	audit-required	-	audit-required	-	audit-required	-	audit-required	-	audit-required	-	audit-required	-	audit-required	-	audit-required	-	audit-required	-	audit-required	-	audit-required	-	audit-required	-	audit-required	-	audit-required	-	audit-required	-	audit-required	-	audit-required	-	audit-required	-	audit-required	-	lling-llang/bindings/javascript
lling-llang	core-library	pushdown	clojurescript	audit-required	unicode-scalar,vocabulary-id,not-unit-bearing	ISeqable; IReduce; protocol dispatch; close!	npm	deterministic-close-plus-leak-containment	audit-required	audit-required	audit-required	audit-required	-	audit-required	-	audit-required	-	audit-required	-	audit-required	-	audit-required	-	audit-required	-	audit-required	-	audit-required	-	audit-required	-	audit-required	-	audit-required	-	audit-required	-	audit-required	-	audit-required	-	audit-required	-	audit-required	-	audit-required	-	audit-required	-	audit-required	-	audit-required	-	lling-llang/bindings/javascript/cljs
lling-llang	core-library	pushdown	swift	missing	unicode-scalar,vocabulary-id,not-unit-bearing	Sequence/Collection; protocols; throws; deterministic scoped ownership	Swift Package Index	deterministic-close-plus-leak-containment	missing	missing	missing	missing	-	missing	-	missing	-	missing	-	missing	-	missing	-	missing	-	missing	-	missing	-	missing	-	missing	-	missing	-	missing	-	missing	-	missing	-	missing	-	missing	-	missing	-	missing	-	missing	-	missing	-	-
lling-llang	core-library	pushdown	ruby	missing	unicode-scalar,vocabulary-id,not-unit-bearing	Enumerable; blocks/ensure; exceptions; explicit close	RubyGems	deterministic-close-plus-leak-containment	missing	missing	missing	missing	-	missing	-	missing	-	missing	-	missing	-	missing	-	missing	-	missing	-	missing	-	missing	-	missing	-	missing	-	missing	-	missing	-	missing	-	missing	-	missing	-	missing	-	missing	-	missing	-	missing	-	-
lling-llang	core-library	pushdown	fortran	missing	unicode-scalar,vocabulary-id,not-unit-bearing	modules; derived types; type-bound procedures; finalizers	fpm	deterministic-close-plus-leak-containment	missing	missing	missing	missing	-	missing	-	missing	-	missing	-	missing	-	missing	-	missing	-	missing	-	missing	-	missing	-	missing	-	missing	-	missing	-	missing	-	missing	-	missing	-	missing	-	missing	-	missing	-	missing	-	missing	-	-
lling-llang	core-library	pushdown	ocaml	missing	unicode-scalar,vocabulary-id,not-unit-bearing	abstract types; Seq; result; Fun.protect	opam	deterministic-close-plus-leak-containment	missing	missing	missing	missing	-	missing	-	missing	-	missing	-	missing	-	missing	-	missing	-	missing	-	missing	-	missing	-	missing	-	missing	-	missing	-	missing	-	missing	-	missing	-	missing	-	missing	-	missing	-	missing	-	missing	-	-
lling-llang	core-library	pushdown	haskell	missing	unicode-scalar,vocabulary-id,not-unit-bearing	type classes; Foldable; bracket; Either	Hackage	deterministic-close-plus-leak-containment	missing	missing	missing	missing	-	missing	-	missing	-	missing	-	missing	-	missing	-	missing	-	missing	-	missing	-	missing	-	missing	-	missing	-	missing	-	missing	-	missing	-	missing	-	missing	-	missing	-	missing	-	missing	-	missing	-	-
lling-llang	core-library	pushdown	lua	missing	unicode-scalar,vocabulary-id,not-unit-bearing	generic-for iterators; __close; tables; error values	LuaRocks	deterministic-close-plus-leak-containment	missing	missing	missing	missing	-	missing	-	missing	-	missing	-	missing	-	missing	-	missing	-	missing	-	missing	-	missing	-	missing	-	missing	-	missing	-	missing	-	missing	-	missing	-	missing	-	missing	-	missing	-	missing	-	missing	-	-
lling-llang	core-library	pushdown	raku	missing	unicode-scalar,vocabulary-id,not-unit-bearing	NativeCall; Iterable/Positional/Associative; LEAVE; exceptions	zef/fez	deterministic-close-plus-leak-containment	missing	missing	missing	missing	-	missing	-	missing	-	missing	-	missing	-	missing	-	missing	-	missing	-	missing	-	missing	-	missing	-	missing	-	missing	-	missing	-	missing	-	missing	-	missing	-	missing	-	missing	-	missing	-	missing	-	-
lling-llang	core-library	symbolic	rust	audit-required	unicode-scalar,vocabulary-id,not-unit-bearing	traits; IntoIterator/Iterator; Result; Drop	crates.io	deterministic-close-plus-leak-containment	audit-required	audit-required	audit-required	audit-required	-	audit-required	-	audit-required	-	audit-required	-	audit-required	-	audit-required	-	audit-required	-	audit-required	-	audit-required	-	audit-required	-	audit-required	-	audit-required	-	audit-required	-	audit-required	-	audit-required	-	audit-required	-	audit-required	-	audit-required	-	audit-required	-	audit-required	-	audit-required	-	lling-llang/src/lib.rs
lling-llang	core-library	symbolic	c	audit-required	unicode-scalar,vocabulary-id,not-unit-bearing	opaque handles; status codes; bounded buffers; vtables	CMake/pkg-config/GitHub Releases	deterministic-close-plus-leak-containment	audit-required	audit-required	audit-required	audit-required	-	audit-required	-	audit-required	-	audit-required	-	audit-required	-	audit-required	-	audit-required	-	audit-required	-	audit-required	-	audit-required	-	audit-required	-	audit-required	-	audit-required	-	audit-required	-	audit-required	-	audit-required	-	audit-required	-	audit-required	-	audit-required	-	audit-required	-	audit-required	-	lling-llang/bindings/c
lling-llang	core-library	symbolic	cpp	audit-required	unicode-scalar,vocabulary-id,not-unit-bearing	RAII; ranges/iterators; move-only handles; typed errors	CMake/pkg-config/GitHub Releases	deterministic-close-plus-leak-containment	audit-required	audit-required	audit-required	audit-required	-	audit-required	-	audit-required	-	audit-required	-	audit-required	-	audit-required	-	audit-required	-	audit-required	-	audit-required	-	audit-required	-	audit-required	-	audit-required	-	audit-required	-	audit-required	-	audit-required	-	audit-required	-	audit-required	-	audit-required	-	audit-required	-	audit-required	-	audit-required	-	lling-llang/bindings/cpp
lling-llang	core-library	symbolic	python	missing	unicode-scalar,vocabulary-id,not-unit-bearing	context managers; iterators/collections; exceptions; protocols	PyPI	deterministic-close-plus-leak-containment	missing	missing	missing	missing	-	missing	-	missing	-	missing	-	missing	-	missing	-	missing	-	missing	-	missing	-	missing	-	missing	-	missing	-	missing	-	missing	-	missing	-	missing	-	missing	-	missing	-	missing	-	missing	-	missing	-	-
lling-llang	core-library	symbolic	java	missing	unicode-scalar,vocabulary-id,not-unit-bearing	AutoCloseable/try-with-resources; Collection/Map; Stream/Spliterator; interfaces	Maven Central	deterministic-close-plus-leak-containment	missing	missing	missing	missing	-	missing	-	missing	-	missing	-	missing	-	missing	-	missing	-	missing	-	missing	-	missing	-	missing	-	missing	-	missing	-	missing	-	missing	-	missing	-	missing	-	missing	-	missing	-	missing	-	missing	-	-
lling-llang	core-library	symbolic	kotlin	missing	unicode-scalar,vocabulary-id,not-unit-bearing	use; Iterable/Map; Sequence; SAM interfaces	Maven Central	deterministic-close-plus-leak-containment	missing	missing	missing	missing	-	missing	-	missing	-	missing	-	missing	-	missing	-	missing	-	missing	-	missing	-	missing	-	missing	-	missing	-	missing	-	missing	-	missing	-	missing	-	missing	-	missing	-	missing	-	missing	-	missing	-	-
lling-llang	core-library	symbolic	scala	missing	unicode-scalar,vocabulary-id,not-unit-bearing	Using/AutoCloseable; Iterable; Iterator; type classes	Maven Central	deterministic-close-plus-leak-containment	missing	missing	missing	missing	-	missing	-	missing	-	missing	-	missing	-	missing	-	missing	-	missing	-	missing	-	missing	-	missing	-	missing	-	missing	-	missing	-	missing	-	missing	-	missing	-	missing	-	missing	-	missing	-	missing	-	-
lling-llang	core-library	symbolic	clojure	missing	unicode-scalar,vocabulary-id,not-unit-bearing	Seqable; IReduceInit; Closeable; persistent values	Clojars	deterministic-close-plus-leak-containment	missing	missing	missing	missing	-	missing	-	missing	-	missing	-	missing	-	missing	-	missing	-	missing	-	missing	-	missing	-	missing	-	missing	-	missing	-	missing	-	missing	-	missing	-	missing	-	missing	-	missing	-	missing	-	missing	-	-
lling-llang	core-library	symbolic	csharp	missing	unicode-scalar,vocabulary-id,not-unit-bearing	IDisposable/using; IEnumerable/IDictionary; exceptions; interfaces	NuGet	deterministic-close-plus-leak-containment	missing	missing	missing	missing	-	missing	-	missing	-	missing	-	missing	-	missing	-	missing	-	missing	-	missing	-	missing	-	missing	-	missing	-	missing	-	missing	-	missing	-	missing	-	missing	-	missing	-	missing	-	missing	-	missing	-	-
lling-llang	core-library	symbolic	fsharp	missing	unicode-scalar,vocabulary-id,not-unit-bearing	use/use!; seq; Result; object expressions; interfaces	NuGet	deterministic-close-plus-leak-containment	missing	missing	missing	missing	-	missing	-	missing	-	missing	-	missing	-	missing	-	missing	-	missing	-	missing	-	missing	-	missing	-	missing	-	missing	-	missing	-	missing	-	missing	-	missing	-	missing	-	missing	-	missing	-	missing	-	-
lling-llang	core-library	symbolic	go	missing	unicode-scalar,vocabulary-id,not-unit-bearing	interfaces; iter.Seq; io.Closer; errors	Go module proxy	deterministic-close-plus-leak-containment	missing	missing	missing	missing	-	missing	-	missing	-	missing	-	missing	-	missing	-	missing	-	missing	-	missing	-	missing	-	missing	-	missing	-	missing	-	missing	-	missing	-	missing	-	missing	-	missing	-	missing	-	missing	-	missing	-	-
lling-llang	core-library	symbolic	javascript	audit-required	unicode-scalar,vocabulary-id,not-unit-bearing	Symbol.iterator; Symbol.dispose; Error; native/WASM/WASI runtime identity	npm	deterministic-close-plus-leak-containment	audit-required	audit-required	audit-required	audit-required	-	audit-required	-	audit-required	-	audit-required	-	audit-required	-	audit-required	-	audit-required	-	audit-required	-	audit-required	-	audit-required	-	audit-required	-	audit-required	-	audit-required	-	audit-required	-	audit-required	-	audit-required	-	audit-required	-	audit-required	-	audit-required	-	audit-required	-	audit-required	-	lling-llang/bindings/javascript
lling-llang	core-library	symbolic	typescript	audit-required	unicode-scalar,vocabulary-id,not-unit-bearing	structural interfaces; Iterable; Disposable; discriminated errors	npm	deterministic-close-plus-leak-containment	audit-required	audit-required	audit-required	audit-required	-	audit-required	-	audit-required	-	audit-required	-	audit-required	-	audit-required	-	audit-required	-	audit-required	-	audit-required	-	audit-required	-	audit-required	-	audit-required	-	audit-required	-	audit-required	-	audit-required	-	audit-required	-	audit-required	-	audit-required	-	audit-required	-	audit-required	-	audit-required	-	lling-llang/bindings/javascript
lling-llang	core-library	symbolic	clojurescript	audit-required	unicode-scalar,vocabulary-id,not-unit-bearing	ISeqable; IReduce; protocol dispatch; close!	npm	deterministic-close-plus-leak-containment	audit-required	audit-required	audit-required	audit-required	-	audit-required	-	audit-required	-	audit-required	-	audit-required	-	audit-required	-	audit-required	-	audit-required	-	audit-required	-	audit-required	-	audit-required	-	audit-required	-	audit-required	-	audit-required	-	audit-required	-	audit-required	-	audit-required	-	audit-required	-	audit-required	-	audit-required	-	audit-required	-	lling-llang/bindings/javascript/cljs
lling-llang	core-library	symbolic	swift	missing	unicode-scalar,vocabulary-id,not-unit-bearing	Sequence/Collection; protocols; throws; deterministic scoped ownership	Swift Package Index	deterministic-close-plus-leak-containment	missing	missing	missing	missing	-	missing	-	missing	-	missing	-	missing	-	missing	-	missing	-	missing	-	missing	-	missing	-	missing	-	missing	-	missing	-	missing	-	missing	-	missing	-	missing	-	missing	-	missing	-	missing	-	missing	-	-
lling-llang	core-library	symbolic	ruby	missing	unicode-scalar,vocabulary-id,not-unit-bearing	Enumerable; blocks/ensure; exceptions; explicit close	RubyGems	deterministic-close-plus-leak-containment	missing	missing	missing	missing	-	missing	-	missing	-	missing	-	missing	-	missing	-	missing	-	missing	-	missing	-	missing	-	missing	-	missing	-	missing	-	missing	-	missing	-	missing	-	missing	-	missing	-	missing	-	missing	-	missing	-	-
lling-llang	core-library	symbolic	fortran	missing	unicode-scalar,vocabulary-id,not-unit-bearing	modules; derived types; type-bound procedures; finalizers	fpm	deterministic-close-plus-leak-containment	missing	missing	missing	missing	-	missing	-	missing	-	missing	-	missing	-	missing	-	missing	-	missing	-	missing	-	missing	-	missing	-	missing	-	missing	-	missing	-	missing	-	missing	-	missing	-	missing	-	missing	-	missing	-	missing	-	-
lling-llang	core-library	symbolic	ocaml	missing	unicode-scalar,vocabulary-id,not-unit-bearing	abstract types; Seq; result; Fun.protect	opam	deterministic-close-plus-leak-containment	missing	missing	missing	missing	-	missing	-	missing	-	missing	-	missing	-	missing	-	missing	-	missing	-	missing	-	missing	-	missing	-	missing	-	missing	-	missing	-	missing	-	missing	-	missing	-	missing	-	missing	-	missing	-	missing	-	-
lling-llang	core-library	symbolic	haskell	missing	unicode-scalar,vocabulary-id,not-unit-bearing	type classes; Foldable; bracket; Either	Hackage	deterministic-close-plus-leak-containment	missing	missing	missing	missing	-	missing	-	missing	-	missing	-	missing	-	missing	-	missing	-	missing	-	missing	-	missing	-	missing	-	missing	-	missing	-	missing	-	missing	-	missing	-	missing	-	missing	-	missing	-	missing	-	missing	-	-
lling-llang	core-library	symbolic	lua	missing	unicode-scalar,vocabulary-id,not-unit-bearing	generic-for iterators; __close; tables; error values	LuaRocks	deterministic-close-plus-leak-containment	missing	missing	missing	missing	-	missing	-	missing	-	missing	-	missing	-	missing	-	missing	-	missing	-	missing	-	missing	-	missing	-	missing	-	missing	-	missing	-	missing	-	missing	-	missing	-	missing	-	missing	-	missing	-	missing	-	-
lling-llang	core-library	symbolic	raku	missing	unicode-scalar,vocabulary-id,not-unit-bearing	NativeCall; Iterable/Positional/Associative; LEAVE; exceptions	zef/fez	deterministic-close-plus-leak-containment	missing	missing	missing	missing	-	missing	-	missing	-	missing	-	missing	-	missing	-	missing	-	missing	-	missing	-	missing	-	missing	-	missing	-	missing	-	missing	-	missing	-	missing	-	missing	-	missing	-	missing	-	missing	-	missing	-	-
lling-llang	core-library	acoustic-asr-ctc	rust	audit-required	unicode-scalar,vocabulary-id,not-unit-bearing	traits; IntoIterator/Iterator; Result; Drop	crates.io	deterministic-close-plus-leak-containment	audit-required	audit-required	audit-required	audit-required	-	audit-required	-	audit-required	-	audit-required	-	audit-required	-	audit-required	-	audit-required	-	audit-required	-	audit-required	-	audit-required	-	audit-required	-	audit-required	-	audit-required	-	audit-required	-	audit-required	-	audit-required	-	audit-required	-	audit-required	-	audit-required	-	audit-required	-	audit-required	-	lling-llang/src/lib.rs
lling-llang	core-library	acoustic-asr-ctc	c	audit-required	unicode-scalar,vocabulary-id,not-unit-bearing	opaque handles; status codes; bounded buffers; vtables	CMake/pkg-config/GitHub Releases	deterministic-close-plus-leak-containment	audit-required	audit-required	audit-required	audit-required	-	audit-required	-	audit-required	-	audit-required	-	audit-required	-	audit-required	-	audit-required	-	audit-required	-	audit-required	-	audit-required	-	audit-required	-	audit-required	-	audit-required	-	audit-required	-	audit-required	-	audit-required	-	audit-required	-	audit-required	-	audit-required	-	audit-required	-	audit-required	-	lling-llang/bindings/c
lling-llang	core-library	acoustic-asr-ctc	cpp	audit-required	unicode-scalar,vocabulary-id,not-unit-bearing	RAII; ranges/iterators; move-only handles; typed errors	CMake/pkg-config/GitHub Releases	deterministic-close-plus-leak-containment	audit-required	audit-required	audit-required	audit-required	-	audit-required	-	audit-required	-	audit-required	-	audit-required	-	audit-required	-	audit-required	-	audit-required	-	audit-required	-	audit-required	-	audit-required	-	audit-required	-	audit-required	-	audit-required	-	audit-required	-	audit-required	-	audit-required	-	audit-required	-	audit-required	-	audit-required	-	audit-required	-	lling-llang/bindings/cpp
lling-llang	core-library	acoustic-asr-ctc	python	missing	unicode-scalar,vocabulary-id,not-unit-bearing	context managers; iterators/collections; exceptions; protocols	PyPI	deterministic-close-plus-leak-containment	missing	missing	missing	missing	-	missing	-	missing	-	missing	-	missing	-	missing	-	missing	-	missing	-	missing	-	missing	-	missing	-	missing	-	missing	-	missing	-	missing	-	missing	-	missing	-	missing	-	missing	-	missing	-	missing	-	-
lling-llang	core-library	acoustic-asr-ctc	java	missing	unicode-scalar,vocabulary-id,not-unit-bearing	AutoCloseable/try-with-resources; Collection/Map; Stream/Spliterator; interfaces	Maven Central	deterministic-close-plus-leak-containment	missing	missing	missing	missing	-	missing	-	missing	-	missing	-	missing	-	missing	-	missing	-	missing	-	missing	-	missing	-	missing	-	missing	-	missing	-	missing	-	missing	-	missing	-	missing	-	missing	-	missing	-	missing	-	missing	-	-
lling-llang	core-library	acoustic-asr-ctc	kotlin	missing	unicode-scalar,vocabulary-id,not-unit-bearing	use; Iterable/Map; Sequence; SAM interfaces	Maven Central	deterministic-close-plus-leak-containment	missing	missing	missing	missing	-	missing	-	missing	-	missing	-	missing	-	missing	-	missing	-	missing	-	missing	-	missing	-	missing	-	missing	-	missing	-	missing	-	missing	-	missing	-	missing	-	missing	-	missing	-	missing	-	missing	-	-
lling-llang	core-library	acoustic-asr-ctc	scala	missing	unicode-scalar,vocabulary-id,not-unit-bearing	Using/AutoCloseable; Iterable; Iterator; type classes	Maven Central	deterministic-close-plus-leak-containment	missing	missing	missing	missing	-	missing	-	missing	-	missing	-	missing	-	missing	-	missing	-	missing	-	missing	-	missing	-	missing	-	missing	-	missing	-	missing	-	missing	-	missing	-	missing	-	missing	-	missing	-	missing	-	missing	-	-
lling-llang	core-library	acoustic-asr-ctc	clojure	missing	unicode-scalar,vocabulary-id,not-unit-bearing	Seqable; IReduceInit; Closeable; persistent values	Clojars	deterministic-close-plus-leak-containment	missing	missing	missing	missing	-	missing	-	missing	-	missing	-	missing	-	missing	-	missing	-	missing	-	missing	-	missing	-	missing	-	missing	-	missing	-	missing	-	missing	-	missing	-	missing	-	missing	-	missing	-	missing	-	missing	-	-
lling-llang	core-library	acoustic-asr-ctc	csharp	missing	unicode-scalar,vocabulary-id,not-unit-bearing	IDisposable/using; IEnumerable/IDictionary; exceptions; interfaces	NuGet	deterministic-close-plus-leak-containment	missing	missing	missing	missing	-	missing	-	missing	-	missing	-	missing	-	missing	-	missing	-	missing	-	missing	-	missing	-	missing	-	missing	-	missing	-	missing	-	missing	-	missing	-	missing	-	missing	-	missing	-	missing	-	missing	-	-
lling-llang	core-library	acoustic-asr-ctc	fsharp	missing	unicode-scalar,vocabulary-id,not-unit-bearing	use/use!; seq; Result; object expressions; interfaces	NuGet	deterministic-close-plus-leak-containment	missing	missing	missing	missing	-	missing	-	missing	-	missing	-	missing	-	missing	-	missing	-	missing	-	missing	-	missing	-	missing	-	missing	-	missing	-	missing	-	missing	-	missing	-	missing	-	missing	-	missing	-	missing	-	missing	-	-
lling-llang	core-library	acoustic-asr-ctc	go	missing	unicode-scalar,vocabulary-id,not-unit-bearing	interfaces; iter.Seq; io.Closer; errors	Go module proxy	deterministic-close-plus-leak-containment	missing	missing	missing	missing	-	missing	-	missing	-	missing	-	missing	-	missing	-	missing	-	missing	-	missing	-	missing	-	missing	-	missing	-	missing	-	missing	-	missing	-	missing	-	missing	-	missing	-	missing	-	missing	-	missing	-	-
lling-llang	core-library	acoustic-asr-ctc	javascript	audit-required	unicode-scalar,vocabulary-id,not-unit-bearing	Symbol.iterator; Symbol.dispose; Error; native/WASM/WASI runtime identity	npm	deterministic-close-plus-leak-containment	audit-required	audit-required	audit-required	audit-required	-	audit-required	-	audit-required	-	audit-required	-	audit-required	-	audit-required	-	audit-required	-	audit-required	-	audit-required	-	audit-required	-	audit-required	-	audit-required	-	audit-required	-	audit-required	-	audit-required	-	audit-required	-	audit-required	-	audit-required	-	audit-required	-	audit-required	-	audit-required	-	lling-llang/bindings/javascript
lling-llang	core-library	acoustic-asr-ctc	typescript	audit-required	unicode-scalar,vocabulary-id,not-unit-bearing	structural interfaces; Iterable; Disposable; discriminated errors	npm	deterministic-close-plus-leak-containment	audit-required	audit-required	audit-required	audit-required	-	audit-required	-	audit-required	-	audit-required	-	audit-required	-	audit-required	-	audit-required	-	audit-required	-	audit-required	-	audit-required	-	audit-required	-	audit-required	-	audit-required	-	audit-required	-	audit-required	-	audit-required	-	audit-required	-	audit-required	-	audit-required	-	audit-required	-	audit-required	-	lling-llang/bindings/javascript
lling-llang	core-library	acoustic-asr-ctc	clojurescript	audit-required	unicode-scalar,vocabulary-id,not-unit-bearing	ISeqable; IReduce; protocol dispatch; close!	npm	deterministic-close-plus-leak-containment	audit-required	audit-required	audit-required	audit-required	-	audit-required	-	audit-required	-	audit-required	-	audit-required	-	audit-required	-	audit-required	-	audit-required	-	audit-required	-	audit-required	-	audit-required	-	audit-required	-	audit-required	-	audit-required	-	audit-required	-	audit-required	-	audit-required	-	audit-required	-	audit-required	-	audit-required	-	audit-required	-	lling-llang/bindings/javascript/cljs
lling-llang	core-library	acoustic-asr-ctc	swift	missing	unicode-scalar,vocabulary-id,not-unit-bearing	Sequence/Collection; protocols; throws; deterministic scoped ownership	Swift Package Index	deterministic-close-plus-leak-containment	missing	missing	missing	missing	-	missing	-	missing	-	missing	-	missing	-	missing	-	missing	-	missing	-	missing	-	missing	-	missing	-	missing	-	missing	-	missing	-	missing	-	missing	-	missing	-	missing	-	missing	-	missing	-	missing	-	-
lling-llang	core-library	acoustic-asr-ctc	ruby	missing	unicode-scalar,vocabulary-id,not-unit-bearing	Enumerable; blocks/ensure; exceptions; explicit close	RubyGems	deterministic-close-plus-leak-containment	missing	missing	missing	missing	-	missing	-	missing	-	missing	-	missing	-	missing	-	missing	-	missing	-	missing	-	missing	-	missing	-	missing	-	missing	-	missing	-	missing	-	missing	-	missing	-	missing	-	missing	-	missing	-	missing	-	-
lling-llang	core-library	acoustic-asr-ctc	fortran	missing	unicode-scalar,vocabulary-id,not-unit-bearing	modules; derived types; type-bound procedures; finalizers	fpm	deterministic-close-plus-leak-containment	missing	missing	missing	missing	-	missing	-	missing	-	missing	-	missing	-	missing	-	missing	-	missing	-	missing	-	missing	-	missing	-	missing	-	missing	-	missing	-	missing	-	missing	-	missing	-	missing	-	missing	-	missing	-	missing	-	-
lling-llang	core-library	acoustic-asr-ctc	ocaml	missing	unicode-scalar,vocabulary-id,not-unit-bearing	abstract types; Seq; result; Fun.protect	opam	deterministic-close-plus-leak-containment	missing	missing	missing	missing	-	missing	-	missing	-	missing	-	missing	-	missing	-	missing	-	missing	-	missing	-	missing	-	missing	-	missing	-	missing	-	missing	-	missing	-	missing	-	missing	-	missing	-	missing	-	missing	-	missing	-	-
lling-llang	core-library	acoustic-asr-ctc	haskell	missing	unicode-scalar,vocabulary-id,not-unit-bearing	type classes; Foldable; bracket; Either	Hackage	deterministic-close-plus-leak-containment	missing	missing	missing	missing	-	missing	-	missing	-	missing	-	missing	-	missing	-	missing	-	missing	-	missing	-	missing	-	missing	-	missing	-	missing	-	missing	-	missing	-	missing	-	missing	-	missing	-	missing	-	missing	-	missing	-	-
lling-llang	core-library	acoustic-asr-ctc	lua	missing	unicode-scalar,vocabulary-id,not-unit-bearing	generic-for iterators; __close; tables; error values	LuaRocks	deterministic-close-plus-leak-containment	missing	missing	missing	missing	-	missing	-	missing	-	missing	-	missing	-	missing	-	missing	-	missing	-	missing	-	missing	-	missing	-	missing	-	missing	-	missing	-	missing	-	missing	-	missing	-	missing	-	missing	-	missing	-	missing	-	-
lling-llang	core-library	acoustic-asr-ctc	raku	missing	unicode-scalar,vocabulary-id,not-unit-bearing	NativeCall; Iterable/Positional/Associative; LEAVE; exceptions	zef/fez	deterministic-close-plus-leak-containment	missing	missing	missing	missing	-	missing	-	missing	-	missing	-	missing	-	missing	-	missing	-	missing	-	missing	-	missing	-	missing	-	missing	-	missing	-	missing	-	missing	-	missing	-	missing	-	missing	-	missing	-	missing	-	missing	-	-
lling-llang	core-library	correction-layers	rust	audit-required	unicode-scalar,vocabulary-id,not-unit-bearing	traits; IntoIterator/Iterator; Result; Drop	crates.io	deterministic-close-plus-leak-containment	audit-required	audit-required	audit-required	audit-required	-	audit-required	-	audit-required	-	audit-required	-	audit-required	-	audit-required	-	audit-required	-	audit-required	-	audit-required	-	audit-required	-	audit-required	-	audit-required	-	audit-required	-	audit-required	-	audit-required	-	audit-required	-	audit-required	-	audit-required	-	audit-required	-	audit-required	-	audit-required	-	lling-llang/src/lib.rs
lling-llang	core-library	correction-layers	c	audit-required	unicode-scalar,vocabulary-id,not-unit-bearing	opaque handles; status codes; bounded buffers; vtables	CMake/pkg-config/GitHub Releases	deterministic-close-plus-leak-containment	audit-required	audit-required	audit-required	audit-required	-	audit-required	-	audit-required	-	audit-required	-	audit-required	-	audit-required	-	audit-required	-	audit-required	-	audit-required	-	audit-required	-	audit-required	-	audit-required	-	audit-required	-	audit-required	-	audit-required	-	audit-required	-	audit-required	-	audit-required	-	audit-required	-	audit-required	-	audit-required	-	lling-llang/bindings/c
lling-llang	core-library	correction-layers	cpp	audit-required	unicode-scalar,vocabulary-id,not-unit-bearing	RAII; ranges/iterators; move-only handles; typed errors	CMake/pkg-config/GitHub Releases	deterministic-close-plus-leak-containment	audit-required	audit-required	audit-required	audit-required	-	audit-required	-	audit-required	-	audit-required	-	audit-required	-	audit-required	-	audit-required	-	audit-required	-	audit-required	-	audit-required	-	audit-required	-	audit-required	-	audit-required	-	audit-required	-	audit-required	-	audit-required	-	audit-required	-	audit-required	-	audit-required	-	audit-required	-	audit-required	-	lling-llang/bindings/cpp
lling-llang	core-library	correction-layers	python	missing	unicode-scalar,vocabulary-id,not-unit-bearing	context managers; iterators/collections; exceptions; protocols	PyPI	deterministic-close-plus-leak-containment	missing	missing	missing	missing	-	missing	-	missing	-	missing	-	missing	-	missing	-	missing	-	missing	-	missing	-	missing	-	missing	-	missing	-	missing	-	missing	-	missing	-	missing	-	missing	-	missing	-	missing	-	missing	-	missing	-	-
lling-llang	core-library	correction-layers	java	missing	unicode-scalar,vocabulary-id,not-unit-bearing	AutoCloseable/try-with-resources; Collection/Map; Stream/Spliterator; interfaces	Maven Central	deterministic-close-plus-leak-containment	missing	missing	missing	missing	-	missing	-	missing	-	missing	-	missing	-	missing	-	missing	-	missing	-	missing	-	missing	-	missing	-	missing	-	missing	-	missing	-	missing	-	missing	-	missing	-	missing	-	missing	-	missing	-	missing	-	-
lling-llang	core-library	correction-layers	kotlin	missing	unicode-scalar,vocabulary-id,not-unit-bearing	use; Iterable/Map; Sequence; SAM interfaces	Maven Central	deterministic-close-plus-leak-containment	missing	missing	missing	missing	-	missing	-	missing	-	missing	-	missing	-	missing	-	missing	-	missing	-	missing	-	missing	-	missing	-	missing	-	missing	-	missing	-	missing	-	missing	-	missing	-	missing	-	missing	-	missing	-	missing	-	-
lling-llang	core-library	correction-layers	scala	missing	unicode-scalar,vocabulary-id,not-unit-bearing	Using/AutoCloseable; Iterable; Iterator; type classes	Maven Central	deterministic-close-plus-leak-containment	missing	missing	missing	missing	-	missing	-	missing	-	missing	-	missing	-	missing	-	missing	-	missing	-	missing	-	missing	-	missing	-	missing	-	missing	-	missing	-	missing	-	missing	-	missing	-	missing	-	missing	-	missing	-	missing	-	-
lling-llang	core-library	correction-layers	clojure	missing	unicode-scalar,vocabulary-id,not-unit-bearing	Seqable; IReduceInit; Closeable; persistent values	Clojars	deterministic-close-plus-leak-containment	missing	missing	missing	missing	-	missing	-	missing	-	missing	-	missing	-	missing	-	missing	-	missing	-	missing	-	missing	-	missing	-	missing	-	missing	-	missing	-	missing	-	missing	-	missing	-	missing	-	missing	-	missing	-	missing	-	-
lling-llang	core-library	correction-layers	csharp	missing	unicode-scalar,vocabulary-id,not-unit-bearing	IDisposable/using; IEnumerable/IDictionary; exceptions; interfaces	NuGet	deterministic-close-plus-leak-containment	missing	missing	missing	missing	-	missing	-	missing	-	missing	-	missing	-	missing	-	missing	-	missing	-	missing	-	missing	-	missing	-	missing	-	missing	-	missing	-	missing	-	missing	-	missing	-	missing	-	missing	-	missing	-	missing	-	-
lling-llang	core-library	correction-layers	fsharp	missing	unicode-scalar,vocabulary-id,not-unit-bearing	use/use!; seq; Result; object expressions; interfaces	NuGet	deterministic-close-plus-leak-containment	missing	missing	missing	missing	-	missing	-	missing	-	missing	-	missing	-	missing	-	missing	-	missing	-	missing	-	missing	-	missing	-	missing	-	missing	-	missing	-	missing	-	missing	-	missing	-	missing	-	missing	-	missing	-	missing	-	-
lling-llang	core-library	correction-layers	go	missing	unicode-scalar,vocabulary-id,not-unit-bearing	interfaces; iter.Seq; io.Closer; errors	Go module proxy	deterministic-close-plus-leak-containment	missing	missing	missing	missing	-	missing	-	missing	-	missing	-	missing	-	missing	-	missing	-	missing	-	missing	-	missing	-	missing	-	missing	-	missing	-	missing	-	missing	-	missing	-	missing	-	missing	-	missing	-	missing	-	missing	-	-
lling-llang	core-library	correction-layers	javascript	audit-required	unicode-scalar,vocabulary-id,not-unit-bearing	Symbol.iterator; Symbol.dispose; Error; native/WASM/WASI runtime identity	npm	deterministic-close-plus-leak-containment	audit-required	audit-required	audit-required	audit-required	-	audit-required	-	audit-required	-	audit-required	-	audit-required	-	audit-required	-	audit-required	-	audit-required	-	audit-required	-	audit-required	-	audit-required	-	audit-required	-	audit-required	-	audit-required	-	audit-required	-	audit-required	-	audit-required	-	audit-required	-	audit-required	-	audit-required	-	audit-required	-	lling-llang/bindings/javascript
lling-llang	core-library	correction-layers	typescript	audit-required	unicode-scalar,vocabulary-id,not-unit-bearing	structural interfaces; Iterable; Disposable; discriminated errors	npm	deterministic-close-plus-leak-containment	audit-required	audit-required	audit-required	audit-required	-	audit-required	-	audit-required	-	audit-required	-	audit-required	-	audit-required	-	audit-required	-	audit-required	-	audit-required	-	audit-required	-	audit-required	-	audit-required	-	audit-required	-	audit-required	-	audit-required	-	audit-required	-	audit-required	-	audit-required	-	audit-required	-	audit-required	-	audit-required	-	lling-llang/bindings/javascript
lling-llang	core-library	correction-layers	clojurescript	audit-required	unicode-scalar,vocabulary-id,not-unit-bearing	ISeqable; IReduce; protocol dispatch; close!	npm	deterministic-close-plus-leak-containment	audit-required	audit-required	audit-required	audit-required	-	audit-required	-	audit-required	-	audit-required	-	audit-required	-	audit-required	-	audit-required	-	audit-required	-	audit-required	-	audit-required	-	audit-required	-	audit-required	-	audit-required	-	audit-required	-	audit-required	-	audit-required	-	audit-required	-	audit-required	-	audit-required	-	audit-required	-	audit-required	-	lling-llang/bindings/javascript/cljs
lling-llang	core-library	correction-layers	swift	missing	unicode-scalar,vocabulary-id,not-unit-bearing	Sequence/Collection; protocols; throws; deterministic scoped ownership	Swift Package Index	deterministic-close-plus-leak-containment	missing	missing	missing	missing	-	missing	-	missing	-	missing	-	missing	-	missing	-	missing	-	missing	-	missing	-	missing	-	missing	-	missing	-	missing	-	missing	-	missing	-	missing	-	missing	-	missing	-	missing	-	missing	-	missing	-	-
lling-llang	core-library	correction-layers	ruby	missing	unicode-scalar,vocabulary-id,not-unit-bearing	Enumerable; blocks/ensure; exceptions; explicit close	RubyGems	deterministic-close-plus-leak-containment	missing	missing	missing	missing	-	missing	-	missing	-	missing	-	missing	-	missing	-	missing	-	missing	-	missing	-	missing	-	missing	-	missing	-	missing	-	missing	-	missing	-	missing	-	missing	-	missing	-	missing	-	missing	-	missing	-	-
lling-llang	core-library	correction-layers	fortran	missing	unicode-scalar,vocabulary-id,not-unit-bearing	modules; derived types; type-bound procedures; finalizers	fpm	deterministic-close-plus-leak-containment	missing	missing	missing	missing	-	missing	-	missing	-	missing	-	missing	-	missing	-	missing	-	missing	-	missing	-	missing	-	missing	-	missing	-	missing	-	missing	-	missing	-	missing	-	missing	-	missing	-	missing	-	missing	-	missing	-	-
lling-llang	core-library	correction-layers	ocaml	missing	unicode-scalar,vocabulary-id,not-unit-bearing	abstract types; Seq; result; Fun.protect	opam	deterministic-close-plus-leak-containment	missing	missing	missing	missing	-	missing	-	missing	-	missing	-	missing	-	missing	-	missing	-	missing	-	missing	-	missing	-	missing	-	missing	-	missing	-	missing	-	missing	-	missing	-	missing	-	missing	-	missing	-	missing	-	missing	-	-
lling-llang	core-library	correction-layers	haskell	missing	unicode-scalar,vocabulary-id,not-unit-bearing	type classes; Foldable; bracket; Either	Hackage	deterministic-close-plus-leak-containment	missing	missing	missing	missing	-	missing	-	missing	-	missing	-	missing	-	missing	-	missing	-	missing	-	missing	-	missing	-	missing	-	missing	-	missing	-	missing	-	missing	-	missing	-	missing	-	missing	-	missing	-	missing	-	missing	-	-
lling-llang	core-library	correction-layers	lua	missing	unicode-scalar,vocabulary-id,not-unit-bearing	generic-for iterators; __close; tables; error values	LuaRocks	deterministic-close-plus-leak-containment	missing	missing	missing	missing	-	missing	-	missing	-	missing	-	missing	-	missing	-	missing	-	missing	-	missing	-	missing	-	missing	-	missing	-	missing	-	missing	-	missing	-	missing	-	missing	-	missing	-	missing	-	missing	-	missing	-	-
lling-llang	core-library	correction-layers	raku	missing	unicode-scalar,vocabulary-id,not-unit-bearing	NativeCall; Iterable/Positional/Associative; LEAVE; exceptions	zef/fez	deterministic-close-plus-leak-containment	missing	missing	missing	missing	-	missing	-	missing	-	missing	-	missing	-	missing	-	missing	-	missing	-	missing	-	missing	-	missing	-	missing	-	missing	-	missing	-	missing	-	missing	-	missing	-	missing	-	missing	-	missing	-	missing	-	-
lling-llang	core-library	llm-decoder	rust	audit-required	unicode-scalar,vocabulary-id,not-unit-bearing	traits; IntoIterator/Iterator; Result; Drop	crates.io	deterministic-close-plus-leak-containment	audit-required	audit-required	audit-required	audit-required	-	audit-required	-	audit-required	-	audit-required	-	audit-required	-	audit-required	-	audit-required	-	audit-required	-	audit-required	-	audit-required	-	audit-required	-	audit-required	-	audit-required	-	audit-required	-	audit-required	-	audit-required	-	audit-required	-	audit-required	-	audit-required	-	audit-required	-	audit-required	-	lling-llang/src/lib.rs
lling-llang	core-library	llm-decoder	c	audit-required	unicode-scalar,vocabulary-id,not-unit-bearing	opaque handles; status codes; bounded buffers; vtables	CMake/pkg-config/GitHub Releases	deterministic-close-plus-leak-containment	audit-required	audit-required	audit-required	audit-required	-	audit-required	-	audit-required	-	audit-required	-	audit-required	-	audit-required	-	audit-required	-	audit-required	-	audit-required	-	audit-required	-	audit-required	-	audit-required	-	audit-required	-	audit-required	-	audit-required	-	audit-required	-	audit-required	-	audit-required	-	audit-required	-	audit-required	-	audit-required	-	lling-llang/bindings/c
lling-llang	core-library	llm-decoder	cpp	audit-required	unicode-scalar,vocabulary-id,not-unit-bearing	RAII; ranges/iterators; move-only handles; typed errors	CMake/pkg-config/GitHub Releases	deterministic-close-plus-leak-containment	audit-required	audit-required	audit-required	audit-required	-	audit-required	-	audit-required	-	audit-required	-	audit-required	-	audit-required	-	audit-required	-	audit-required	-	audit-required	-	audit-required	-	audit-required	-	audit-required	-	audit-required	-	audit-required	-	audit-required	-	audit-required	-	audit-required	-	audit-required	-	audit-required	-	audit-required	-	audit-required	-	lling-llang/bindings/cpp
lling-llang	core-library	llm-decoder	python	missing	unicode-scalar,vocabulary-id,not-unit-bearing	context managers; iterators/collections; exceptions; protocols	PyPI	deterministic-close-plus-leak-containment	missing	missing	missing	missing	-	missing	-	missing	-	missing	-	missing	-	missing	-	missing	-	missing	-	missing	-	missing	-	missing	-	missing	-	missing	-	missing	-	missing	-	missing	-	missing	-	missing	-	missing	-	missing	-	missing	-	-
lling-llang	core-library	llm-decoder	java	missing	unicode-scalar,vocabulary-id,not-unit-bearing	AutoCloseable/try-with-resources; Collection/Map; Stream/Spliterator; interfaces	Maven Central	deterministic-close-plus-leak-containment	missing	missing	missing	missing	-	missing	-	missing	-	missing	-	missing	-	missing	-	missing	-	missing	-	missing	-	missing	-	missing	-	missing	-	missing	-	missing	-	missing	-	missing	-	missing	-	missing	-	missing	-	missing	-	missing	-	-
lling-llang	core-library	llm-decoder	kotlin	missing	unicode-scalar,vocabulary-id,not-unit-bearing	use; Iterable/Map; Sequence; SAM interfaces	Maven Central	deterministic-close-plus-leak-containment	missing	missing	missing	missing	-	missing	-	missing	-	missing	-	missing	-	missing	-	missing	-	missing	-	missing	-	missing	-	missing	-	missing	-	missing	-	missing	-	missing	-	missing	-	missing	-	missing	-	missing	-	missing	-	missing	-	-
lling-llang	core-library	llm-decoder	scala	missing	unicode-scalar,vocabulary-id,not-unit-bearing	Using/AutoCloseable; Iterable; Iterator; type classes	Maven Central	deterministic-close-plus-leak-containment	missing	missing	missing	missing	-	missing	-	missing	-	missing	-	missing	-	missing	-	missing	-	missing	-	missing	-	missing	-	missing	-	missing	-	missing	-	missing	-	missing	-	missing	-	missing	-	missing	-	missing	-	missing	-	missing	-	-
lling-llang	core-library	llm-decoder	clojure	missing	unicode-scalar,vocabulary-id,not-unit-bearing	Seqable; IReduceInit; Closeable; persistent values	Clojars	deterministic-close-plus-leak-containment	missing	missing	missing	missing	-	missing	-	missing	-	missing	-	missing	-	missing	-	missing	-	missing	-	missing	-	missing	-	missing	-	missing	-	missing	-	missing	-	missing	-	missing	-	missing	-	missing	-	missing	-	missing	-	missing	-	-
lling-llang	core-library	llm-decoder	csharp	missing	unicode-scalar,vocabulary-id,not-unit-bearing	IDisposable/using; IEnumerable/IDictionary; exceptions; interfaces	NuGet	deterministic-close-plus-leak-containment	missing	missing	missing	missing	-	missing	-	missing	-	missing	-	missing	-	missing	-	missing	-	missing	-	missing	-	missing	-	missing	-	missing	-	missing	-	missing	-	missing	-	missing	-	missing	-	missing	-	missing	-	missing	-	missing	-	-
lling-llang	core-library	llm-decoder	fsharp	missing	unicode-scalar,vocabulary-id,not-unit-bearing	use/use!; seq; Result; object expressions; interfaces	NuGet	deterministic-close-plus-leak-containment	missing	missing	missing	missing	-	missing	-	missing	-	missing	-	missing	-	missing	-	missing	-	missing	-	missing	-	missing	-	missing	-	missing	-	missing	-	missing	-	missing	-	missing	-	missing	-	missing	-	missing	-	missing	-	missing	-	-
lling-llang	core-library	llm-decoder	go	missing	unicode-scalar,vocabulary-id,not-unit-bearing	interfaces; iter.Seq; io.Closer; errors	Go module proxy	deterministic-close-plus-leak-containment	missing	missing	missing	missing	-	missing	-	missing	-	missing	-	missing	-	missing	-	missing	-	missing	-	missing	-	missing	-	missing	-	missing	-	missing	-	missing	-	missing	-	missing	-	missing	-	missing	-	missing	-	missing	-	missing	-	-
lling-llang	core-library	llm-decoder	javascript	audit-required	unicode-scalar,vocabulary-id,not-unit-bearing	Symbol.iterator; Symbol.dispose; Error; native/WASM/WASI runtime identity	npm	deterministic-close-plus-leak-containment	audit-required	audit-required	audit-required	audit-required	-	audit-required	-	audit-required	-	audit-required	-	audit-required	-	audit-required	-	audit-required	-	audit-required	-	audit-required	-	audit-required	-	audit-required	-	audit-required	-	audit-required	-	audit-required	-	audit-required	-	audit-required	-	audit-required	-	audit-required	-	audit-required	-	audit-required	-	audit-required	-	lling-llang/bindings/javascript
lling-llang	core-library	llm-decoder	typescript	audit-required	unicode-scalar,vocabulary-id,not-unit-bearing	structural interfaces; Iterable; Disposable; discriminated errors	npm	deterministic-close-plus-leak-containment	audit-required	audit-required	audit-required	audit-required	-	audit-required	-	audit-required	-	audit-required	-	audit-required	-	audit-required	-	audit-required	-	audit-required	-	audit-required	-	audit-required	-	audit-required	-	audit-required	-	audit-required	-	audit-required	-	audit-required	-	audit-required	-	audit-required	-	audit-required	-	audit-required	-	audit-required	-	audit-required	-	lling-llang/bindings/javascript
lling-llang	core-library	llm-decoder	clojurescript	audit-required	unicode-scalar,vocabulary-id,not-unit-bearing	ISeqable; IReduce; protocol dispatch; close!	npm	deterministic-close-plus-leak-containment	audit-required	audit-required	audit-required	audit-required	-	audit-required	-	audit-required	-	audit-required	-	audit-required	-	audit-required	-	audit-required	-	audit-required	-	audit-required	-	audit-required	-	audit-required	-	audit-required	-	audit-required	-	audit-required	-	audit-required	-	audit-required	-	audit-required	-	audit-required	-	audit-required	-	audit-required	-	audit-required	-	lling-llang/bindings/javascript/cljs
lling-llang	core-library	llm-decoder	swift	missing	unicode-scalar,vocabulary-id,not-unit-bearing	Sequence/Collection; protocols; throws; deterministic scoped ownership	Swift Package Index	deterministic-close-plus-leak-containment	missing	missing	missing	missing	-	missing	-	missing	-	missing	-	missing	-	missing	-	missing	-	missing	-	missing	-	missing	-	missing	-	missing	-	missing	-	missing	-	missing	-	missing	-	missing	-	missing	-	missing	-	missing	-	missing	-	-
lling-llang	core-library	llm-decoder	ruby	missing	unicode-scalar,vocabulary-id,not-unit-bearing	Enumerable; blocks/ensure; exceptions; explicit close	RubyGems	deterministic-close-plus-leak-containment	missing	missing	missing	missing	-	missing	-	missing	-	missing	-	missing	-	missing	-	missing	-	missing	-	missing	-	missing	-	missing	-	missing	-	missing	-	missing	-	missing	-	missing	-	missing	-	missing	-	missing	-	missing	-	missing	-	-
lling-llang	core-library	llm-decoder	fortran	missing	unicode-scalar,vocabulary-id,not-unit-bearing	modules; derived types; type-bound procedures; finalizers	fpm	deterministic-close-plus-leak-containment	missing	missing	missing	missing	-	missing	-	missing	-	missing	-	missing	-	missing	-	missing	-	missing	-	missing	-	missing	-	missing	-	missing	-	missing	-	missing	-	missing	-	missing	-	missing	-	missing	-	missing	-	missing	-	missing	-	-
lling-llang	core-library	llm-decoder	ocaml	missing	unicode-scalar,vocabulary-id,not-unit-bearing	abstract types; Seq; result; Fun.protect	opam	deterministic-close-plus-leak-containment	missing	missing	missing	missing	-	missing	-	missing	-	missing	-	missing	-	missing	-	missing	-	missing	-	missing	-	missing	-	missing	-	missing	-	missing	-	missing	-	missing	-	missing	-	missing	-	missing	-	missing	-	missing	-	missing	-	-
lling-llang	core-library	llm-decoder	haskell	missing	unicode-scalar,vocabulary-id,not-unit-bearing	type classes; Foldable; bracket; Either	Hackage	deterministic-close-plus-leak-containment	missing	missing	missing	missing	-	missing	-	missing	-	missing	-	missing	-	missing	-	missing	-	missing	-	missing	-	missing	-	missing	-	missing	-	missing	-	missing	-	missing	-	missing	-	missing	-	missing	-	missing	-	missing	-	missing	-	-
lling-llang	core-library	llm-decoder	lua	missing	unicode-scalar,vocabulary-id,not-unit-bearing	generic-for iterators; __close; tables; error values	LuaRocks	deterministic-close-plus-leak-containment	missing	missing	missing	missing	-	missing	-	missing	-	missing	-	missing	-	missing	-	missing	-	missing	-	missing	-	missing	-	missing	-	missing	-	missing	-	missing	-	missing	-	missing	-	missing	-	missing	-	missing	-	missing	-	missing	-	-
lling-llang	core-library	llm-decoder	raku	missing	unicode-scalar,vocabulary-id,not-unit-bearing	NativeCall; Iterable/Positional/Associative; LEAVE; exceptions	zef/fez	deterministic-close-plus-leak-containment	missing	missing	missing	missing	-	missing	-	missing	-	missing	-	missing	-	missing	-	missing	-	missing	-	missing	-	missing	-	missing	-	missing	-	missing	-	missing	-	missing	-	missing	-	missing	-	missing	-	missing	-	missing	-	missing	-	-
lling-llang	core-library	custom-provider	rust	audit-required	unicode-scalar,vocabulary-id,not-unit-bearing	traits; IntoIterator/Iterator; Result; Drop	crates.io	deterministic-close-plus-leak-containment	audit-required	audit-required	audit-required	audit-required	-	audit-required	-	audit-required	-	audit-required	-	audit-required	-	audit-required	-	audit-required	-	audit-required	-	audit-required	-	audit-required	-	audit-required	-	audit-required	-	audit-required	-	audit-required	-	audit-required	-	audit-required	-	audit-required	-	audit-required	-	audit-required	-	audit-required	-	audit-required	-	lling-llang/src/lib.rs
lling-llang	core-library	custom-provider	c	audit-required	unicode-scalar,vocabulary-id,not-unit-bearing	opaque handles; status codes; bounded buffers; vtables	CMake/pkg-config/GitHub Releases	deterministic-close-plus-leak-containment	audit-required	audit-required	audit-required	audit-required	-	audit-required	-	audit-required	-	audit-required	-	audit-required	-	audit-required	-	audit-required	-	audit-required	-	audit-required	-	audit-required	-	audit-required	-	audit-required	-	audit-required	-	audit-required	-	audit-required	-	audit-required	-	audit-required	-	audit-required	-	audit-required	-	audit-required	-	audit-required	-	lling-llang/bindings/c
lling-llang	core-library	custom-provider	cpp	audit-required	unicode-scalar,vocabulary-id,not-unit-bearing	RAII; ranges/iterators; move-only handles; typed errors	CMake/pkg-config/GitHub Releases	deterministic-close-plus-leak-containment	audit-required	audit-required	audit-required	audit-required	-	audit-required	-	audit-required	-	audit-required	-	audit-required	-	audit-required	-	audit-required	-	audit-required	-	audit-required	-	audit-required	-	audit-required	-	audit-required	-	audit-required	-	audit-required	-	audit-required	-	audit-required	-	audit-required	-	audit-required	-	audit-required	-	audit-required	-	audit-required	-	lling-llang/bindings/cpp
lling-llang	core-library	custom-provider	python	missing	unicode-scalar,vocabulary-id,not-unit-bearing	context managers; iterators/collections; exceptions; protocols	PyPI	deterministic-close-plus-leak-containment	missing	missing	missing	missing	-	missing	-	missing	-	missing	-	missing	-	missing	-	missing	-	missing	-	missing	-	missing	-	missing	-	missing	-	missing	-	missing	-	missing	-	missing	-	missing	-	missing	-	missing	-	missing	-	missing	-	-
lling-llang	core-library	custom-provider	java	missing	unicode-scalar,vocabulary-id,not-unit-bearing	AutoCloseable/try-with-resources; Collection/Map; Stream/Spliterator; interfaces	Maven Central	deterministic-close-plus-leak-containment	missing	missing	missing	missing	-	missing	-	missing	-	missing	-	missing	-	missing	-	missing	-	missing	-	missing	-	missing	-	missing	-	missing	-	missing	-	missing	-	missing	-	missing	-	missing	-	missing	-	missing	-	missing	-	missing	-	-
lling-llang	core-library	custom-provider	kotlin	missing	unicode-scalar,vocabulary-id,not-unit-bearing	use; Iterable/Map; Sequence; SAM interfaces	Maven Central	deterministic-close-plus-leak-containment	missing	missing	missing	missing	-	missing	-	missing	-	missing	-	missing	-	missing	-	missing	-	missing	-	missing	-	missing	-	missing	-	missing	-	missing	-	missing	-	missing	-	missing	-	missing	-	missing	-	missing	-	missing	-	missing	-	-
lling-llang	core-library	custom-provider	scala	missing	unicode-scalar,vocabulary-id,not-unit-bearing	Using/AutoCloseable; Iterable; Iterator; type classes	Maven Central	deterministic-close-plus-leak-containment	missing	missing	missing	missing	-	missing	-	missing	-	missing	-	missing	-	missing	-	missing	-	missing	-	missing	-	missing	-	missing	-	missing	-	missing	-	missing	-	missing	-	missing	-	missing	-	missing	-	missing	-	missing	-	missing	-	-
lling-llang	core-library	custom-provider	clojure	missing	unicode-scalar,vocabulary-id,not-unit-bearing	Seqable; IReduceInit; Closeable; persistent values	Clojars	deterministic-close-plus-leak-containment	missing	missing	missing	missing	-	missing	-	missing	-	missing	-	missing	-	missing	-	missing	-	missing	-	missing	-	missing	-	missing	-	missing	-	missing	-	missing	-	missing	-	missing	-	missing	-	missing	-	missing	-	missing	-	missing	-	-
lling-llang	core-library	custom-provider	csharp	missing	unicode-scalar,vocabulary-id,not-unit-bearing	IDisposable/using; IEnumerable/IDictionary; exceptions; interfaces	NuGet	deterministic-close-plus-leak-containment	missing	missing	missing	missing	-	missing	-	missing	-	missing	-	missing	-	missing	-	missing	-	missing	-	missing	-	missing	-	missing	-	missing	-	missing	-	missing	-	missing	-	missing	-	missing	-	missing	-	missing	-	missing	-	missing	-	-
lling-llang	core-library	custom-provider	fsharp	missing	unicode-scalar,vocabulary-id,not-unit-bearing	use/use!; seq; Result; object expressions; interfaces	NuGet	deterministic-close-plus-leak-containment	missing	missing	missing	missing	-	missing	-	missing	-	missing	-	missing	-	missing	-	missing	-	missing	-	missing	-	missing	-	missing	-	missing	-	missing	-	missing	-	missing	-	missing	-	missing	-	missing	-	missing	-	missing	-	missing	-	-
lling-llang	core-library	custom-provider	go	missing	unicode-scalar,vocabulary-id,not-unit-bearing	interfaces; iter.Seq; io.Closer; errors	Go module proxy	deterministic-close-plus-leak-containment	missing	missing	missing	missing	-	missing	-	missing	-	missing	-	missing	-	missing	-	missing	-	missing	-	missing	-	missing	-	missing	-	missing	-	missing	-	missing	-	missing	-	missing	-	missing	-	missing	-	missing	-	missing	-	missing	-	-
lling-llang	core-library	custom-provider	javascript	audit-required	unicode-scalar,vocabulary-id,not-unit-bearing	Symbol.iterator; Symbol.dispose; Error; native/WASM/WASI runtime identity	npm	deterministic-close-plus-leak-containment	audit-required	audit-required	audit-required	audit-required	-	audit-required	-	audit-required	-	audit-required	-	audit-required	-	audit-required	-	audit-required	-	audit-required	-	audit-required	-	audit-required	-	audit-required	-	audit-required	-	audit-required	-	audit-required	-	audit-required	-	audit-required	-	audit-required	-	audit-required	-	audit-required	-	audit-required	-	audit-required	-	lling-llang/bindings/javascript
lling-llang	core-library	custom-provider	typescript	audit-required	unicode-scalar,vocabulary-id,not-unit-bearing	structural interfaces; Iterable; Disposable; discriminated errors	npm	deterministic-close-plus-leak-containment	audit-required	audit-required	audit-required	audit-required	-	audit-required	-	audit-required	-	audit-required	-	audit-required	-	audit-required	-	audit-required	-	audit-required	-	audit-required	-	audit-required	-	audit-required	-	audit-required	-	audit-required	-	audit-required	-	audit-required	-	audit-required	-	audit-required	-	audit-required	-	audit-required	-	audit-required	-	audit-required	-	lling-llang/bindings/javascript
lling-llang	core-library	custom-provider	clojurescript	audit-required	unicode-scalar,vocabulary-id,not-unit-bearing	ISeqable; IReduce; protocol dispatch; close!	npm	deterministic-close-plus-leak-containment	audit-required	audit-required	audit-required	audit-required	-	audit-required	-	audit-required	-	audit-required	-	audit-required	-	audit-required	-	audit-required	-	audit-required	-	audit-required	-	audit-required	-	audit-required	-	audit-required	-	audit-required	-	audit-required	-	audit-required	-	audit-required	-	audit-required	-	audit-required	-	audit-required	-	audit-required	-	audit-required	-	lling-llang/bindings/javascript/cljs
lling-llang	core-library	custom-provider	swift	missing	unicode-scalar,vocabulary-id,not-unit-bearing	Sequence/Collection; protocols; throws; deterministic scoped ownership	Swift Package Index	deterministic-close-plus-leak-containment	missing	missing	missing	missing	-	missing	-	missing	-	missing	-	missing	-	missing	-	missing	-	missing	-	missing	-	missing	-	missing	-	missing	-	missing	-	missing	-	missing	-	missing	-	missing	-	missing	-	missing	-	missing	-	missing	-	-
lling-llang	core-library	custom-provider	ruby	missing	unicode-scalar,vocabulary-id,not-unit-bearing	Enumerable; blocks/ensure; exceptions; explicit close	RubyGems	deterministic-close-plus-leak-containment	missing	missing	missing	missing	-	missing	-	missing	-	missing	-	missing	-	missing	-	missing	-	missing	-	missing	-	missing	-	missing	-	missing	-	missing	-	missing	-	missing	-	missing	-	missing	-	missing	-	missing	-	missing	-	missing	-	-
lling-llang	core-library	custom-provider	fortran	missing	unicode-scalar,vocabulary-id,not-unit-bearing	modules; derived types; type-bound procedures; finalizers	fpm	deterministic-close-plus-leak-containment	missing	missing	missing	missing	-	missing	-	missing	-	missing	-	missing	-	missing	-	missing	-	missing	-	missing	-	missing	-	missing	-	missing	-	missing	-	missing	-	missing	-	missing	-	missing	-	missing	-	missing	-	missing	-	missing	-	-
lling-llang	core-library	custom-provider	ocaml	missing	unicode-scalar,vocabulary-id,not-unit-bearing	abstract types; Seq; result; Fun.protect	opam	deterministic-close-plus-leak-containment	missing	missing	missing	missing	-	missing	-	missing	-	missing	-	missing	-	missing	-	missing	-	missing	-	missing	-	missing	-	missing	-	missing	-	missing	-	missing	-	missing	-	missing	-	missing	-	missing	-	missing	-	missing	-	missing	-	-
lling-llang	core-library	custom-provider	haskell	missing	unicode-scalar,vocabulary-id,not-unit-bearing	type classes; Foldable; bracket; Either	Hackage	deterministic-close-plus-leak-containment	missing	missing	missing	missing	-	missing	-	missing	-	missing	-	missing	-	missing	-	missing	-	missing	-	missing	-	missing	-	missing	-	missing	-	missing	-	missing	-	missing	-	missing	-	missing	-	missing	-	missing	-	missing	-	missing	-	-
lling-llang	core-library	custom-provider	lua	missing	unicode-scalar,vocabulary-id,not-unit-bearing	generic-for iterators; __close; tables; error values	LuaRocks	deterministic-close-plus-leak-containment	missing	missing	missing	missing	-	missing	-	missing	-	missing	-	missing	-	missing	-	missing	-	missing	-	missing	-	missing	-	missing	-	missing	-	missing	-	missing	-	missing	-	missing	-	missing	-	missing	-	missing	-	missing	-	missing	-	-
lling-llang	core-library	custom-provider	raku	missing	unicode-scalar,vocabulary-id,not-unit-bearing	NativeCall; Iterable/Positional/Associative; LEAVE; exceptions	zef/fez	deterministic-close-plus-leak-containment	missing	missing	missing	missing	-	missing	-	missing	-	missing	-	missing	-	missing	-	missing	-	missing	-	missing	-	missing	-	missing	-	missing	-	missing	-	missing	-	missing	-	missing	-	missing	-	missing	-	missing	-	missing	-	missing	-	-
duallity	core-library	dictionary-backend	rust	audit-required	unicode-scalar	traits; IntoIterator/Iterator; Result; Drop	crates.io	deterministic-close-plus-leak-containment	audit-required	audit-required	audit-required	audit-required	-	audit-required	-	audit-required	-	audit-required	-	audit-required	-	audit-required	-	audit-required	-	audit-required	-	audit-required	-	audit-required	-	audit-required	-	audit-required	-	audit-required	-	audit-required	-	audit-required	-	audit-required	-	audit-required	-	audit-required	-	audit-required	-	audit-required	-	audit-required	-	duallity/src/lib.rs
duallity	core-library	dictionary-backend	c	audit-required	unicode-scalar	opaque handles; status codes; bounded buffers; vtables	CMake/pkg-config/GitHub Releases	deterministic-close-plus-leak-containment	audit-required	audit-required	audit-required	audit-required	-	audit-required	-	audit-required	-	audit-required	-	audit-required	-	audit-required	-	audit-required	-	audit-required	-	audit-required	-	audit-required	-	audit-required	-	audit-required	-	audit-required	-	audit-required	-	audit-required	-	audit-required	-	audit-required	-	audit-required	-	audit-required	-	audit-required	-	audit-required	-	duallity/bindings/c
duallity	core-library	dictionary-backend	cpp	audit-required	unicode-scalar	RAII; ranges/iterators; move-only handles; typed errors	CMake/pkg-config/GitHub Releases	deterministic-close-plus-leak-containment	audit-required	audit-required	audit-required	audit-required	-	audit-required	-	audit-required	-	audit-required	-	audit-required	-	audit-required	-	audit-required	-	audit-required	-	audit-required	-	audit-required	-	audit-required	-	audit-required	-	audit-required	-	audit-required	-	audit-required	-	audit-required	-	audit-required	-	audit-required	-	audit-required	-	audit-required	-	audit-required	-	duallity/bindings/cpp
duallity	core-library	dictionary-backend	python	missing	unicode-scalar	context managers; iterators/collections; exceptions; protocols	PyPI	deterministic-close-plus-leak-containment	missing	missing	missing	missing	-	missing	-	missing	-	missing	-	missing	-	missing	-	missing	-	missing	-	missing	-	missing	-	missing	-	missing	-	missing	-	missing	-	missing	-	missing	-	missing	-	missing	-	missing	-	missing	-	missing	-	-
duallity	core-library	dictionary-backend	java	missing	unicode-scalar	AutoCloseable/try-with-resources; Collection/Map; Stream/Spliterator; interfaces	Maven Central	deterministic-close-plus-leak-containment	missing	missing	missing	missing	-	missing	-	missing	-	missing	-	missing	-	missing	-	missing	-	missing	-	missing	-	missing	-	missing	-	missing	-	missing	-	missing	-	missing	-	missing	-	missing	-	missing	-	missing	-	missing	-	missing	-	-
duallity	core-library	dictionary-backend	kotlin	missing	unicode-scalar	use; Iterable/Map; Sequence; SAM interfaces	Maven Central	deterministic-close-plus-leak-containment	missing	missing	missing	missing	-	missing	-	missing	-	missing	-	missing	-	missing	-	missing	-	missing	-	missing	-	missing	-	missing	-	missing	-	missing	-	missing	-	missing	-	missing	-	missing	-	missing	-	missing	-	missing	-	missing	-	-
duallity	core-library	dictionary-backend	scala	missing	unicode-scalar	Using/AutoCloseable; Iterable; Iterator; type classes	Maven Central	deterministic-close-plus-leak-containment	missing	missing	missing	missing	-	missing	-	missing	-	missing	-	missing	-	missing	-	missing	-	missing	-	missing	-	missing	-	missing	-	missing	-	missing	-	missing	-	missing	-	missing	-	missing	-	missing	-	missing	-	missing	-	missing	-	-
duallity	core-library	dictionary-backend	clojure	missing	unicode-scalar	Seqable; IReduceInit; Closeable; persistent values	Clojars	deterministic-close-plus-leak-containment	missing	missing	missing	missing	-	missing	-	missing	-	missing	-	missing	-	missing	-	missing	-	missing	-	missing	-	missing	-	missing	-	missing	-	missing	-	missing	-	missing	-	missing	-	missing	-	missing	-	missing	-	missing	-	missing	-	-
duallity	core-library	dictionary-backend	csharp	missing	unicode-scalar	IDisposable/using; IEnumerable/IDictionary; exceptions; interfaces	NuGet	deterministic-close-plus-leak-containment	missing	missing	missing	missing	-	missing	-	missing	-	missing	-	missing	-	missing	-	missing	-	missing	-	missing	-	missing	-	missing	-	missing	-	missing	-	missing	-	missing	-	missing	-	missing	-	missing	-	missing	-	missing	-	missing	-	-
duallity	core-library	dictionary-backend	fsharp	missing	unicode-scalar	use/use!; seq; Result; object expressions; interfaces	NuGet	deterministic-close-plus-leak-containment	missing	missing	missing	missing	-	missing	-	missing	-	missing	-	missing	-	missing	-	missing	-	missing	-	missing	-	missing	-	missing	-	missing	-	missing	-	missing	-	missing	-	missing	-	missing	-	missing	-	missing	-	missing	-	missing	-	-
duallity	core-library	dictionary-backend	go	missing	unicode-scalar	interfaces; iter.Seq; io.Closer; errors	Go module proxy	deterministic-close-plus-leak-containment	missing	missing	missing	missing	-	missing	-	missing	-	missing	-	missing	-	missing	-	missing	-	missing	-	missing	-	missing	-	missing	-	missing	-	missing	-	missing	-	missing	-	missing	-	missing	-	missing	-	missing	-	missing	-	missing	-	-
duallity	core-library	dictionary-backend	javascript	audit-required	unicode-scalar	Symbol.iterator; Symbol.dispose; Error; native/WASM/WASI runtime identity	npm	deterministic-close-plus-leak-containment	audit-required	audit-required	audit-required	audit-required	-	audit-required	-	audit-required	-	audit-required	-	audit-required	-	audit-required	-	audit-required	-	audit-required	-	audit-required	-	audit-required	-	audit-required	-	audit-required	-	audit-required	-	audit-required	-	audit-required	-	audit-required	-	audit-required	-	audit-required	-	audit-required	-	audit-required	-	audit-required	-	duallity/bindings/javascript
duallity	core-library	dictionary-backend	typescript	audit-required	unicode-scalar	structural interfaces; Iterable; Disposable; discriminated errors	npm	deterministic-close-plus-leak-containment	audit-required	audit-required	audit-required	audit-required	-	audit-required	-	audit-required	-	audit-required	-	audit-required	-	audit-required	-	audit-required	-	audit-required	-	audit-required	-	audit-required	-	audit-required	-	audit-required	-	audit-required	-	audit-required	-	audit-required	-	audit-required	-	audit-required	-	audit-required	-	audit-required	-	audit-required	-	audit-required	-	duallity/bindings/javascript
duallity	core-library	dictionary-backend	clojurescript	audit-required	unicode-scalar	ISeqable; IReduce; protocol dispatch; close!	npm	deterministic-close-plus-leak-containment	audit-required	audit-required	audit-required	audit-required	-	audit-required	-	audit-required	-	audit-required	-	audit-required	-	audit-required	-	audit-required	-	audit-required	-	audit-required	-	audit-required	-	audit-required	-	audit-required	-	audit-required	-	audit-required	-	audit-required	-	audit-required	-	audit-required	-	audit-required	-	audit-required	-	audit-required	-	audit-required	-	duallity/bindings/javascript/cljs
duallity	core-library	dictionary-backend	swift	missing	unicode-scalar	Sequence/Collection; protocols; throws; deterministic scoped ownership	Swift Package Index	deterministic-close-plus-leak-containment	missing	missing	missing	missing	-	missing	-	missing	-	missing	-	missing	-	missing	-	missing	-	missing	-	missing	-	missing	-	missing	-	missing	-	missing	-	missing	-	missing	-	missing	-	missing	-	missing	-	missing	-	missing	-	missing	-	-
duallity	core-library	dictionary-backend	ruby	missing	unicode-scalar	Enumerable; blocks/ensure; exceptions; explicit close	RubyGems	deterministic-close-plus-leak-containment	missing	missing	missing	missing	-	missing	-	missing	-	missing	-	missing	-	missing	-	missing	-	missing	-	missing	-	missing	-	missing	-	missing	-	missing	-	missing	-	missing	-	missing	-	missing	-	missing	-	missing	-	missing	-	missing	-	-
duallity	core-library	dictionary-backend	fortran	missing	unicode-scalar	modules; derived types; type-bound procedures; finalizers	fpm	deterministic-close-plus-leak-containment	missing	missing	missing	missing	-	missing	-	missing	-	missing	-	missing	-	missing	-	missing	-	missing	-	missing	-	missing	-	missing	-	missing	-	missing	-	missing	-	missing	-	missing	-	missing	-	missing	-	missing	-	missing	-	missing	-	-
duallity	core-library	dictionary-backend	ocaml	missing	unicode-scalar	abstract types; Seq; result; Fun.protect	opam	deterministic-close-plus-leak-containment	missing	missing	missing	missing	-	missing	-	missing	-	missing	-	missing	-	missing	-	missing	-	missing	-	missing	-	missing	-	missing	-	missing	-	missing	-	missing	-	missing	-	missing	-	missing	-	missing	-	missing	-	missing	-	missing	-	-
duallity	core-library	dictionary-backend	haskell	missing	unicode-scalar	type classes; Foldable; bracket; Either	Hackage	deterministic-close-plus-leak-containment	missing	missing	missing	missing	-	missing	-	missing	-	missing	-	missing	-	missing	-	missing	-	missing	-	missing	-	missing	-	missing	-	missing	-	missing	-	missing	-	missing	-	missing	-	missing	-	missing	-	missing	-	missing	-	missing	-	-
duallity	core-library	dictionary-backend	lua	missing	unicode-scalar	generic-for iterators; __close; tables; error values	LuaRocks	deterministic-close-plus-leak-containment	missing	missing	missing	missing	-	missing	-	missing	-	missing	-	missing	-	missing	-	missing	-	missing	-	missing	-	missing	-	missing	-	missing	-	missing	-	missing	-	missing	-	missing	-	missing	-	missing	-	missing	-	missing	-	missing	-	-
duallity	core-library	dictionary-backend	raku	missing	unicode-scalar	NativeCall; Iterable/Positional/Associative; LEAVE; exceptions	zef/fez	deterministic-close-plus-leak-containment	missing	missing	missing	missing	-	missing	-	missing	-	missing	-	missing	-	missing	-	missing	-	missing	-	missing	-	missing	-	missing	-	missing	-	missing	-	missing	-	missing	-	missing	-	missing	-	missing	-	missing	-	missing	-	missing	-	-
duallity	core-library	levenshtein-wfst	rust	audit-required	unicode-scalar	traits; IntoIterator/Iterator; Result; Drop	crates.io	deterministic-close-plus-leak-containment	audit-required	audit-required	audit-required	audit-required	-	audit-required	-	audit-required	-	audit-required	-	audit-required	-	audit-required	-	audit-required	-	audit-required	-	audit-required	-	audit-required	-	audit-required	-	audit-required	-	audit-required	-	audit-required	-	audit-required	-	audit-required	-	audit-required	-	audit-required	-	audit-required	-	audit-required	-	audit-required	-	duallity/src/lib.rs
duallity	core-library	levenshtein-wfst	c	audit-required	unicode-scalar	opaque handles; status codes; bounded buffers; vtables	CMake/pkg-config/GitHub Releases	deterministic-close-plus-leak-containment	audit-required	audit-required	audit-required	audit-required	-	audit-required	-	audit-required	-	audit-required	-	audit-required	-	audit-required	-	audit-required	-	audit-required	-	audit-required	-	audit-required	-	audit-required	-	audit-required	-	audit-required	-	audit-required	-	audit-required	-	audit-required	-	audit-required	-	audit-required	-	audit-required	-	audit-required	-	audit-required	-	duallity/bindings/c
duallity	core-library	levenshtein-wfst	cpp	audit-required	unicode-scalar	RAII; ranges/iterators; move-only handles; typed errors	CMake/pkg-config/GitHub Releases	deterministic-close-plus-leak-containment	audit-required	audit-required	audit-required	audit-required	-	audit-required	-	audit-required	-	audit-required	-	audit-required	-	audit-required	-	audit-required	-	audit-required	-	audit-required	-	audit-required	-	audit-required	-	audit-required	-	audit-required	-	audit-required	-	audit-required	-	audit-required	-	audit-required	-	audit-required	-	audit-required	-	audit-required	-	audit-required	-	duallity/bindings/cpp
duallity	core-library	levenshtein-wfst	python	missing	unicode-scalar	context managers; iterators/collections; exceptions; protocols	PyPI	deterministic-close-plus-leak-containment	missing	missing	missing	missing	-	missing	-	missing	-	missing	-	missing	-	missing	-	missing	-	missing	-	missing	-	missing	-	missing	-	missing	-	missing	-	missing	-	missing	-	missing	-	missing	-	missing	-	missing	-	missing	-	missing	-	-
duallity	core-library	levenshtein-wfst	java	missing	unicode-scalar	AutoCloseable/try-with-resources; Collection/Map; Stream/Spliterator; interfaces	Maven Central	deterministic-close-plus-leak-containment	missing	missing	missing	missing	-	missing	-	missing	-	missing	-	missing	-	missing	-	missing	-	missing	-	missing	-	missing	-	missing	-	missing	-	missing	-	missing	-	missing	-	missing	-	missing	-	missing	-	missing	-	missing	-	missing	-	-
duallity	core-library	levenshtein-wfst	kotlin	missing	unicode-scalar	use; Iterable/Map; Sequence; SAM interfaces	Maven Central	deterministic-close-plus-leak-containment	missing	missing	missing	missing	-	missing	-	missing	-	missing	-	missing	-	missing	-	missing	-	missing	-	missing	-	missing	-	missing	-	missing	-	missing	-	missing	-	missing	-	missing	-	missing	-	missing	-	missing	-	missing	-	missing	-	-
duallity	core-library	levenshtein-wfst	scala	missing	unicode-scalar	Using/AutoCloseable; Iterable; Iterator; type classes	Maven Central	deterministic-close-plus-leak-containment	missing	missing	missing	missing	-	missing	-	missing	-	missing	-	missing	-	missing	-	missing	-	missing	-	missing	-	missing	-	missing	-	missing	-	missing	-	missing	-	missing	-	missing	-	missing	-	missing	-	missing	-	missing	-	missing	-	-
duallity	core-library	levenshtein-wfst	clojure	missing	unicode-scalar	Seqable; IReduceInit; Closeable; persistent values	Clojars	deterministic-close-plus-leak-containment	missing	missing	missing	missing	-	missing	-	missing	-	missing	-	missing	-	missing	-	missing	-	missing	-	missing	-	missing	-	missing	-	missing	-	missing	-	missing	-	missing	-	missing	-	missing	-	missing	-	missing	-	missing	-	missing	-	-
duallity	core-library	levenshtein-wfst	csharp	missing	unicode-scalar	IDisposable/using; IEnumerable/IDictionary; exceptions; interfaces	NuGet	deterministic-close-plus-leak-containment	missing	missing	missing	missing	-	missing	-	missing	-	missing	-	missing	-	missing	-	missing	-	missing	-	missing	-	missing	-	missing	-	missing	-	missing	-	missing	-	missing	-	missing	-	missing	-	missing	-	missing	-	missing	-	missing	-	-
duallity	core-library	levenshtein-wfst	fsharp	missing	unicode-scalar	use/use!; seq; Result; object expressions; interfaces	NuGet	deterministic-close-plus-leak-containment	missing	missing	missing	missing	-	missing	-	missing	-	missing	-	missing	-	missing	-	missing	-	missing	-	missing	-	missing	-	missing	-	missing	-	missing	-	missing	-	missing	-	missing	-	missing	-	missing	-	missing	-	missing	-	missing	-	-
duallity	core-library	levenshtein-wfst	go	missing	unicode-scalar	interfaces; iter.Seq; io.Closer; errors	Go module proxy	deterministic-close-plus-leak-containment	missing	missing	missing	missing	-	missing	-	missing	-	missing	-	missing	-	missing	-	missing	-	missing	-	missing	-	missing	-	missing	-	missing	-	missing	-	missing	-	missing	-	missing	-	missing	-	missing	-	missing	-	missing	-	missing	-	-
duallity	core-library	levenshtein-wfst	javascript	audit-required	unicode-scalar	Symbol.iterator; Symbol.dispose; Error; native/WASM/WASI runtime identity	npm	deterministic-close-plus-leak-containment	audit-required	audit-required	audit-required	audit-required	-	audit-required	-	audit-required	-	audit-required	-	audit-required	-	audit-required	-	audit-required	-	audit-required	-	audit-required	-	audit-required	-	audit-required	-	audit-required	-	audit-required	-	audit-required	-	audit-required	-	audit-required	-	audit-required	-	audit-required	-	audit-required	-	audit-required	-	audit-required	-	duallity/bindings/javascript
duallity	core-library	levenshtein-wfst	typescript	audit-required	unicode-scalar	structural interfaces; Iterable; Disposable; discriminated errors	npm	deterministic-close-plus-leak-containment	audit-required	audit-required	audit-required	audit-required	-	audit-required	-	audit-required	-	audit-required	-	audit-required	-	audit-required	-	audit-required	-	audit-required	-	audit-required	-	audit-required	-	audit-required	-	audit-required	-	audit-required	-	audit-required	-	audit-required	-	audit-required	-	audit-required	-	audit-required	-	audit-required	-	audit-required	-	audit-required	-	duallity/bindings/javascript
duallity	core-library	levenshtein-wfst	clojurescript	audit-required	unicode-scalar	ISeqable; IReduce; protocol dispatch; close!	npm	deterministic-close-plus-leak-containment	audit-required	audit-required	audit-required	audit-required	-	audit-required	-	audit-required	-	audit-required	-	audit-required	-	audit-required	-	audit-required	-	audit-required	-	audit-required	-	audit-required	-	audit-required	-	audit-required	-	audit-required	-	audit-required	-	audit-required	-	audit-required	-	audit-required	-	audit-required	-	audit-required	-	audit-required	-	audit-required	-	duallity/bindings/javascript/cljs
duallity	core-library	levenshtein-wfst	swift	missing	unicode-scalar	Sequence/Collection; protocols; throws; deterministic scoped ownership	Swift Package Index	deterministic-close-plus-leak-containment	missing	missing	missing	missing	-	missing	-	missing	-	missing	-	missing	-	missing	-	missing	-	missing	-	missing	-	missing	-	missing	-	missing	-	missing	-	missing	-	missing	-	missing	-	missing	-	missing	-	missing	-	missing	-	missing	-	-
duallity	core-library	levenshtein-wfst	ruby	missing	unicode-scalar	Enumerable; blocks/ensure; exceptions; explicit close	RubyGems	deterministic-close-plus-leak-containment	missing	missing	missing	missing	-	missing	-	missing	-	missing	-	missing	-	missing	-	missing	-	missing	-	missing	-	missing	-	missing	-	missing	-	missing	-	missing	-	missing	-	missing	-	missing	-	missing	-	missing	-	missing	-	missing	-	-
duallity	core-library	levenshtein-wfst	fortran	missing	unicode-scalar	modules; derived types; type-bound procedures; finalizers	fpm	deterministic-close-plus-leak-containment	missing	missing	missing	missing	-	missing	-	missing	-	missing	-	missing	-	missing	-	missing	-	missing	-	missing	-	missing	-	missing	-	missing	-	missing	-	missing	-	missing	-	missing	-	missing	-	missing	-	missing	-	missing	-	missing	-	-
duallity	core-library	levenshtein-wfst	ocaml	missing	unicode-scalar	abstract types; Seq; result; Fun.protect	opam	deterministic-close-plus-leak-containment	missing	missing	missing	missing	-	missing	-	missing	-	missing	-	missing	-	missing	-	missing	-	missing	-	missing	-	missing	-	missing	-	missing	-	missing	-	missing	-	missing	-	missing	-	missing	-	missing	-	missing	-	missing	-	missing	-	-
duallity	core-library	levenshtein-wfst	haskell	missing	unicode-scalar	type classes; Foldable; bracket; Either	Hackage	deterministic-close-plus-leak-containment	missing	missing	missing	missing	-	missing	-	missing	-	missing	-	missing	-	missing	-	missing	-	missing	-	missing	-	missing	-	missing	-	missing	-	missing	-	missing	-	missing	-	missing	-	missing	-	missing	-	missing	-	missing	-	missing	-	-
duallity	core-library	levenshtein-wfst	lua	missing	unicode-scalar	generic-for iterators; __close; tables; error values	LuaRocks	deterministic-close-plus-leak-containment	missing	missing	missing	missing	-	missing	-	missing	-	missing	-	missing	-	missing	-	missing	-	missing	-	missing	-	missing	-	missing	-	missing	-	missing	-	missing	-	missing	-	missing	-	missing	-	missing	-	missing	-	missing	-	missing	-	-
duallity	core-library	levenshtein-wfst	raku	missing	unicode-scalar	NativeCall; Iterable/Positional/Associative; LEAVE; exceptions	zef/fez	deterministic-close-plus-leak-containment	missing	missing	missing	missing	-	missing	-	missing	-	missing	-	missing	-	missing	-	missing	-	missing	-	missing	-	missing	-	missing	-	missing	-	missing	-	missing	-	missing	-	missing	-	missing	-	missing	-	missing	-	missing	-	missing	-	-
duallity	core-library	universal-wfst	rust	audit-required	unicode-scalar	traits; IntoIterator/Iterator; Result; Drop	crates.io	deterministic-close-plus-leak-containment	audit-required	audit-required	audit-required	audit-required	-	audit-required	-	audit-required	-	audit-required	-	audit-required	-	audit-required	-	audit-required	-	audit-required	-	audit-required	-	audit-required	-	audit-required	-	audit-required	-	audit-required	-	audit-required	-	audit-required	-	audit-required	-	audit-required	-	audit-required	-	audit-required	-	audit-required	-	audit-required	-	duallity/src/lib.rs
duallity	core-library	universal-wfst	c	audit-required	unicode-scalar	opaque handles; status codes; bounded buffers; vtables	CMake/pkg-config/GitHub Releases	deterministic-close-plus-leak-containment	audit-required	audit-required	audit-required	audit-required	-	audit-required	-	audit-required	-	audit-required	-	audit-required	-	audit-required	-	audit-required	-	audit-required	-	audit-required	-	audit-required	-	audit-required	-	audit-required	-	audit-required	-	audit-required	-	audit-required	-	audit-required	-	audit-required	-	audit-required	-	audit-required	-	audit-required	-	audit-required	-	duallity/bindings/c
duallity	core-library	universal-wfst	cpp	audit-required	unicode-scalar	RAII; ranges/iterators; move-only handles; typed errors	CMake/pkg-config/GitHub Releases	deterministic-close-plus-leak-containment	audit-required	audit-required	audit-required	audit-required	-	audit-required	-	audit-required	-	audit-required	-	audit-required	-	audit-required	-	audit-required	-	audit-required	-	audit-required	-	audit-required	-	audit-required	-	audit-required	-	audit-required	-	audit-required	-	audit-required	-	audit-required	-	audit-required	-	audit-required	-	audit-required	-	audit-required	-	audit-required	-	duallity/bindings/cpp
duallity	core-library	universal-wfst	python	missing	unicode-scalar	context managers; iterators/collections; exceptions; protocols	PyPI	deterministic-close-plus-leak-containment	missing	missing	missing	missing	-	missing	-	missing	-	missing	-	missing	-	missing	-	missing	-	missing	-	missing	-	missing	-	missing	-	missing	-	missing	-	missing	-	missing	-	missing	-	missing	-	missing	-	missing	-	missing	-	missing	-	-
duallity	core-library	universal-wfst	java	missing	unicode-scalar	AutoCloseable/try-with-resources; Collection/Map; Stream/Spliterator; interfaces	Maven Central	deterministic-close-plus-leak-containment	missing	missing	missing	missing	-	missing	-	missing	-	missing	-	missing	-	missing	-	missing	-	missing	-	missing	-	missing	-	missing	-	missing	-	missing	-	missing	-	missing	-	missing	-	missing	-	missing	-	missing	-	missing	-	missing	-	-
duallity	core-library	universal-wfst	kotlin	missing	unicode-scalar	use; Iterable/Map; Sequence; SAM interfaces	Maven Central	deterministic-close-plus-leak-containment	missing	missing	missing	missing	-	missing	-	missing	-	missing	-	missing	-	missing	-	missing	-	missing	-	missing	-	missing	-	missing	-	missing	-	missing	-	missing	-	missing	-	missing	-	missing	-	missing	-	missing	-	missing	-	missing	-	-
duallity	core-library	universal-wfst	scala	missing	unicode-scalar	Using/AutoCloseable; Iterable; Iterator; type classes	Maven Central	deterministic-close-plus-leak-containment	missing	missing	missing	missing	-	missing	-	missing	-	missing	-	missing	-	missing	-	missing	-	missing	-	missing	-	missing	-	missing	-	missing	-	missing	-	missing	-	missing	-	missing	-	missing	-	missing	-	missing	-	missing	-	missing	-	-
duallity	core-library	universal-wfst	clojure	missing	unicode-scalar	Seqable; IReduceInit; Closeable; persistent values	Clojars	deterministic-close-plus-leak-containment	missing	missing	missing	missing	-	missing	-	missing	-	missing	-	missing	-	missing	-	missing	-	missing	-	missing	-	missing	-	missing	-	missing	-	missing	-	missing	-	missing	-	missing	-	missing	-	missing	-	missing	-	missing	-	missing	-	-
duallity	core-library	universal-wfst	csharp	missing	unicode-scalar	IDisposable/using; IEnumerable/IDictionary; exceptions; interfaces	NuGet	deterministic-close-plus-leak-containment	missing	missing	missing	missing	-	missing	-	missing	-	missing	-	missing	-	missing	-	missing	-	missing	-	missing	-	missing	-	missing	-	missing	-	missing	-	missing	-	missing	-	missing	-	missing	-	missing	-	missing	-	missing	-	missing	-	-
duallity	core-library	universal-wfst	fsharp	missing	unicode-scalar	use/use!; seq; Result; object expressions; interfaces	NuGet	deterministic-close-plus-leak-containment	missing	missing	missing	missing	-	missing	-	missing	-	missing	-	missing	-	missing	-	missing	-	missing	-	missing	-	missing	-	missing	-	missing	-	missing	-	missing	-	missing	-	missing	-	missing	-	missing	-	missing	-	missing	-	missing	-	-
duallity	core-library	universal-wfst	go	missing	unicode-scalar	interfaces; iter.Seq; io.Closer; errors	Go module proxy	deterministic-close-plus-leak-containment	missing	missing	missing	missing	-	missing	-	missing	-	missing	-	missing	-	missing	-	missing	-	missing	-	missing	-	missing	-	missing	-	missing	-	missing	-	missing	-	missing	-	missing	-	missing	-	missing	-	missing	-	missing	-	missing	-	-
duallity	core-library	universal-wfst	javascript	audit-required	unicode-scalar	Symbol.iterator; Symbol.dispose; Error; native/WASM/WASI runtime identity	npm	deterministic-close-plus-leak-containment	audit-required	audit-required	audit-required	audit-required	-	audit-required	-	audit-required	-	audit-required	-	audit-required	-	audit-required	-	audit-required	-	audit-required	-	audit-required	-	audit-required	-	audit-required	-	audit-required	-	audit-required	-	audit-required	-	audit-required	-	audit-required	-	audit-required	-	audit-required	-	audit-required	-	audit-required	-	audit-required	-	duallity/bindings/javascript
duallity	core-library	universal-wfst	typescript	audit-required	unicode-scalar	structural interfaces; Iterable; Disposable; discriminated errors	npm	deterministic-close-plus-leak-containment	audit-required	audit-required	audit-required	audit-required	-	audit-required	-	audit-required	-	audit-required	-	audit-required	-	audit-required	-	audit-required	-	audit-required	-	audit-required	-	audit-required	-	audit-required	-	audit-required	-	audit-required	-	audit-required	-	audit-required	-	audit-required	-	audit-required	-	audit-required	-	audit-required	-	audit-required	-	audit-required	-	duallity/bindings/javascript
duallity	core-library	universal-wfst	clojurescript	audit-required	unicode-scalar	ISeqable; IReduce; protocol dispatch; close!	npm	deterministic-close-plus-leak-containment	audit-required	audit-required	audit-required	audit-required	-	audit-required	-	audit-required	-	audit-required	-	audit-required	-	audit-required	-	audit-required	-	audit-required	-	audit-required	-	audit-required	-	audit-required	-	audit-required	-	audit-required	-	audit-required	-	audit-required	-	audit-required	-	audit-required	-	audit-required	-	audit-required	-	audit-required	-	audit-required	-	duallity/bindings/javascript/cljs
duallity	core-library	universal-wfst	swift	missing	unicode-scalar	Sequence/Collection; protocols; throws; deterministic scoped ownership	Swift Package Index	deterministic-close-plus-leak-containment	missing	missing	missing	missing	-	missing	-	missing	-	missing	-	missing	-	missing	-	missing	-	missing	-	missing	-	missing	-	missing	-	missing	-	missing	-	missing	-	missing	-	missing	-	missing	-	missing	-	missing	-	missing	-	missing	-	-
duallity	core-library	universal-wfst	ruby	missing	unicode-scalar	Enumerable; blocks/ensure; exceptions; explicit close	RubyGems	deterministic-close-plus-leak-containment	missing	missing	missing	missing	-	missing	-	missing	-	missing	-	missing	-	missing	-	missing	-	missing	-	missing	-	missing	-	missing	-	missing	-	missing	-	missing	-	missing	-	missing	-	missing	-	missing	-	missing	-	missing	-	missing	-	-
duallity	core-library	universal-wfst	fortran	missing	unicode-scalar	modules; derived types; type-bound procedures; finalizers	fpm	deterministic-close-plus-leak-containment	missing	missing	missing	missing	-	missing	-	missing	-	missing	-	missing	-	missing	-	missing	-	missing	-	missing	-	missing	-	missing	-	missing	-	missing	-	missing	-	missing	-	missing	-	missing	-	missing	-	missing	-	missing	-	missing	-	-
duallity	core-library	universal-wfst	ocaml	missing	unicode-scalar	abstract types; Seq; result; Fun.protect	opam	deterministic-close-plus-leak-containment	missing	missing	missing	missing	-	missing	-	missing	-	missing	-	missing	-	missing	-	missing	-	missing	-	missing	-	missing	-	missing	-	missing	-	missing	-	missing	-	missing	-	missing	-	missing	-	missing	-	missing	-	missing	-	missing	-	-
duallity	core-library	universal-wfst	haskell	missing	unicode-scalar	type classes; Foldable; bracket; Either	Hackage	deterministic-close-plus-leak-containment	missing	missing	missing	missing	-	missing	-	missing	-	missing	-	missing	-	missing	-	missing	-	missing	-	missing	-	missing	-	missing	-	missing	-	missing	-	missing	-	missing	-	missing	-	missing	-	missing	-	missing	-	missing	-	missing	-	-
duallity	core-library	universal-wfst	lua	missing	unicode-scalar	generic-for iterators; __close; tables; error values	LuaRocks	deterministic-close-plus-leak-containment	missing	missing	missing	missing	-	missing	-	missing	-	missing	-	missing	-	missing	-	missing	-	missing	-	missing	-	missing	-	missing	-	missing	-	missing	-	missing	-	missing	-	missing	-	missing	-	missing	-	missing	-	missing	-	missing	-	-
duallity	core-library	universal-wfst	raku	missing	unicode-scalar	NativeCall; Iterable/Positional/Associative; LEAVE; exceptions	zef/fez	deterministic-close-plus-leak-containment	missing	missing	missing	missing	-	missing	-	missing	-	missing	-	missing	-	missing	-	missing	-	missing	-	missing	-	missing	-	missing	-	missing	-	missing	-	missing	-	missing	-	missing	-	missing	-	missing	-	missing	-	missing	-	missing	-	-
duallity	core-library	generalized-wfst	rust	audit-required	unicode-scalar	traits; IntoIterator/Iterator; Result; Drop	crates.io	deterministic-close-plus-leak-containment	audit-required	audit-required	audit-required	audit-required	-	audit-required	-	audit-required	-	audit-required	-	audit-required	-	audit-required	-	audit-required	-	audit-required	-	audit-required	-	audit-required	-	audit-required	-	audit-required	-	audit-required	-	audit-required	-	audit-required	-	audit-required	-	audit-required	-	audit-required	-	audit-required	-	audit-required	-	audit-required	-	duallity/src/lib.rs
duallity	core-library	generalized-wfst	c	audit-required	unicode-scalar	opaque handles; status codes; bounded buffers; vtables	CMake/pkg-config/GitHub Releases	deterministic-close-plus-leak-containment	audit-required	audit-required	audit-required	audit-required	-	audit-required	-	audit-required	-	audit-required	-	audit-required	-	audit-required	-	audit-required	-	audit-required	-	audit-required	-	audit-required	-	audit-required	-	audit-required	-	audit-required	-	audit-required	-	audit-required	-	audit-required	-	audit-required	-	audit-required	-	audit-required	-	audit-required	-	audit-required	-	duallity/bindings/c
duallity	core-library	generalized-wfst	cpp	audit-required	unicode-scalar	RAII; ranges/iterators; move-only handles; typed errors	CMake/pkg-config/GitHub Releases	deterministic-close-plus-leak-containment	audit-required	audit-required	audit-required	audit-required	-	audit-required	-	audit-required	-	audit-required	-	audit-required	-	audit-required	-	audit-required	-	audit-required	-	audit-required	-	audit-required	-	audit-required	-	audit-required	-	audit-required	-	audit-required	-	audit-required	-	audit-required	-	audit-required	-	audit-required	-	audit-required	-	audit-required	-	audit-required	-	duallity/bindings/cpp
duallity	core-library	generalized-wfst	python	missing	unicode-scalar	context managers; iterators/collections; exceptions; protocols	PyPI	deterministic-close-plus-leak-containment	missing	missing	missing	missing	-	missing	-	missing	-	missing	-	missing	-	missing	-	missing	-	missing	-	missing	-	missing	-	missing	-	missing	-	missing	-	missing	-	missing	-	missing	-	missing	-	missing	-	missing	-	missing	-	missing	-	-
duallity	core-library	generalized-wfst	java	missing	unicode-scalar	AutoCloseable/try-with-resources; Collection/Map; Stream/Spliterator; interfaces	Maven Central	deterministic-close-plus-leak-containment	missing	missing	missing	missing	-	missing	-	missing	-	missing	-	missing	-	missing	-	missing	-	missing	-	missing	-	missing	-	missing	-	missing	-	missing	-	missing	-	missing	-	missing	-	missing	-	missing	-	missing	-	missing	-	missing	-	-
duallity	core-library	generalized-wfst	kotlin	missing	unicode-scalar	use; Iterable/Map; Sequence; SAM interfaces	Maven Central	deterministic-close-plus-leak-containment	missing	missing	missing	missing	-	missing	-	missing	-	missing	-	missing	-	missing	-	missing	-	missing	-	missing	-	missing	-	missing	-	missing	-	missing	-	missing	-	missing	-	missing	-	missing	-	missing	-	missing	-	missing	-	missing	-	-
duallity	core-library	generalized-wfst	scala	missing	unicode-scalar	Using/AutoCloseable; Iterable; Iterator; type classes	Maven Central	deterministic-close-plus-leak-containment	missing	missing	missing	missing	-	missing	-	missing	-	missing	-	missing	-	missing	-	missing	-	missing	-	missing	-	missing	-	missing	-	missing	-	missing	-	missing	-	missing	-	missing	-	missing	-	missing	-	missing	-	missing	-	missing	-	-
duallity	core-library	generalized-wfst	clojure	missing	unicode-scalar	Seqable; IReduceInit; Closeable; persistent values	Clojars	deterministic-close-plus-leak-containment	missing	missing	missing	missing	-	missing	-	missing	-	missing	-	missing	-	missing	-	missing	-	missing	-	missing	-	missing	-	missing	-	missing	-	missing	-	missing	-	missing	-	missing	-	missing	-	missing	-	missing	-	missing	-	missing	-	-
duallity	core-library	generalized-wfst	csharp	missing	unicode-scalar	IDisposable/using; IEnumerable/IDictionary; exceptions; interfaces	NuGet	deterministic-close-plus-leak-containment	missing	missing	missing	missing	-	missing	-	missing	-	missing	-	missing	-	missing	-	missing	-	missing	-	missing	-	missing	-	missing	-	missing	-	missing	-	missing	-	missing	-	missing	-	missing	-	missing	-	missing	-	missing	-	missing	-	-
duallity	core-library	generalized-wfst	fsharp	missing	unicode-scalar	use/use!; seq; Result; object expressions; interfaces	NuGet	deterministic-close-plus-leak-containment	missing	missing	missing	missing	-	missing	-	missing	-	missing	-	missing	-	missing	-	missing	-	missing	-	missing	-	missing	-	missing	-	missing	-	missing	-	missing	-	missing	-	missing	-	missing	-	missing	-	missing	-	missing	-	missing	-	-
duallity	core-library	generalized-wfst	go	missing	unicode-scalar	interfaces; iter.Seq; io.Closer; errors	Go module proxy	deterministic-close-plus-leak-containment	missing	missing	missing	missing	-	missing	-	missing	-	missing	-	missing	-	missing	-	missing	-	missing	-	missing	-	missing	-	missing	-	missing	-	missing	-	missing	-	missing	-	missing	-	missing	-	missing	-	missing	-	missing	-	missing	-	-
duallity	core-library	generalized-wfst	javascript	audit-required	unicode-scalar	Symbol.iterator; Symbol.dispose; Error; native/WASM/WASI runtime identity	npm	deterministic-close-plus-leak-containment	audit-required	audit-required	audit-required	audit-required	-	audit-required	-	audit-required	-	audit-required	-	audit-required	-	audit-required	-	audit-required	-	audit-required	-	audit-required	-	audit-required	-	audit-required	-	audit-required	-	audit-required	-	audit-required	-	audit-required	-	audit-required	-	audit-required	-	audit-required	-	audit-required	-	audit-required	-	audit-required	-	duallity/bindings/javascript
duallity	core-library	generalized-wfst	typescript	audit-required	unicode-scalar	structural interfaces; Iterable; Disposable; discriminated errors	npm	deterministic-close-plus-leak-containment	audit-required	audit-required	audit-required	audit-required	-	audit-required	-	audit-required	-	audit-required	-	audit-required	-	audit-required	-	audit-required	-	audit-required	-	audit-required	-	audit-required	-	audit-required	-	audit-required	-	audit-required	-	audit-required	-	audit-required	-	audit-required	-	audit-required	-	audit-required	-	audit-required	-	audit-required	-	audit-required	-	duallity/bindings/javascript
duallity	core-library	generalized-wfst	clojurescript	audit-required	unicode-scalar	ISeqable; IReduce; protocol dispatch; close!	npm	deterministic-close-plus-leak-containment	audit-required	audit-required	audit-required	audit-required	-	audit-required	-	audit-required	-	audit-required	-	audit-required	-	audit-required	-	audit-required	-	audit-required	-	audit-required	-	audit-required	-	audit-required	-	audit-required	-	audit-required	-	audit-required	-	audit-required	-	audit-required	-	audit-required	-	audit-required	-	audit-required	-	audit-required	-	audit-required	-	duallity/bindings/javascript/cljs
duallity	core-library	generalized-wfst	swift	missing	unicode-scalar	Sequence/Collection; protocols; throws; deterministic scoped ownership	Swift Package Index	deterministic-close-plus-leak-containment	missing	missing	missing	missing	-	missing	-	missing	-	missing	-	missing	-	missing	-	missing	-	missing	-	missing	-	missing	-	missing	-	missing	-	missing	-	missing	-	missing	-	missing	-	missing	-	missing	-	missing	-	missing	-	missing	-	-
duallity	core-library	generalized-wfst	ruby	missing	unicode-scalar	Enumerable; blocks/ensure; exceptions; explicit close	RubyGems	deterministic-close-plus-leak-containment	missing	missing	missing	missing	-	missing	-	missing	-	missing	-	missing	-	missing	-	missing	-	missing	-	missing	-	missing	-	missing	-	missing	-	missing	-	missing	-	missing	-	missing	-	missing	-	missing	-	missing	-	missing	-	missing	-	-
duallity	core-library	generalized-wfst	fortran	missing	unicode-scalar	modules; derived types; type-bound procedures; finalizers	fpm	deterministic-close-plus-leak-containment	missing	missing	missing	missing	-	missing	-	missing	-	missing	-	missing	-	missing	-	missing	-	missing	-	missing	-	missing	-	missing	-	missing	-	missing	-	missing	-	missing	-	missing	-	missing	-	missing	-	missing	-	missing	-	missing	-	-
duallity	core-library	generalized-wfst	ocaml	missing	unicode-scalar	abstract types; Seq; result; Fun.protect	opam	deterministic-close-plus-leak-containment	missing	missing	missing	missing	-	missing	-	missing	-	missing	-	missing	-	missing	-	missing	-	missing	-	missing	-	missing	-	missing	-	missing	-	missing	-	missing	-	missing	-	missing	-	missing	-	missing	-	missing	-	missing	-	missing	-	-
duallity	core-library	generalized-wfst	haskell	missing	unicode-scalar	type classes; Foldable; bracket; Either	Hackage	deterministic-close-plus-leak-containment	missing	missing	missing	missing	-	missing	-	missing	-	missing	-	missing	-	missing	-	missing	-	missing	-	missing	-	missing	-	missing	-	missing	-	missing	-	missing	-	missing	-	missing	-	missing	-	missing	-	missing	-	missing	-	missing	-	-
duallity	core-library	generalized-wfst	lua	missing	unicode-scalar	generic-for iterators; __close; tables; error values	LuaRocks	deterministic-close-plus-leak-containment	missing	missing	missing	missing	-	missing	-	missing	-	missing	-	missing	-	missing	-	missing	-	missing	-	missing	-	missing	-	missing	-	missing	-	missing	-	missing	-	missing	-	missing	-	missing	-	missing	-	missing	-	missing	-	missing	-	-
duallity	core-library	generalized-wfst	raku	missing	unicode-scalar	NativeCall; Iterable/Positional/Associative; LEAVE; exceptions	zef/fez	deterministic-close-plus-leak-containment	missing	missing	missing	missing	-	missing	-	missing	-	missing	-	missing	-	missing	-	missing	-	missing	-	missing	-	missing	-	missing	-	missing	-	missing	-	missing	-	missing	-	missing	-	missing	-	missing	-	missing	-	missing	-	missing	-	-
duallity	core-library	phonetic-wfst	rust	audit-required	unicode-scalar	traits; IntoIterator/Iterator; Result; Drop	crates.io	deterministic-close-plus-leak-containment	audit-required	audit-required	audit-required	audit-required	-	audit-required	-	audit-required	-	audit-required	-	audit-required	-	audit-required	-	audit-required	-	audit-required	-	audit-required	-	audit-required	-	audit-required	-	audit-required	-	audit-required	-	audit-required	-	audit-required	-	audit-required	-	audit-required	-	audit-required	-	audit-required	-	audit-required	-	audit-required	-	duallity/src/lib.rs
duallity	core-library	phonetic-wfst	c	audit-required	unicode-scalar	opaque handles; status codes; bounded buffers; vtables	CMake/pkg-config/GitHub Releases	deterministic-close-plus-leak-containment	audit-required	audit-required	audit-required	audit-required	-	audit-required	-	audit-required	-	audit-required	-	audit-required	-	audit-required	-	audit-required	-	audit-required	-	audit-required	-	audit-required	-	audit-required	-	audit-required	-	audit-required	-	audit-required	-	audit-required	-	audit-required	-	audit-required	-	audit-required	-	audit-required	-	audit-required	-	audit-required	-	duallity/bindings/c
duallity	core-library	phonetic-wfst	cpp	audit-required	unicode-scalar	RAII; ranges/iterators; move-only handles; typed errors	CMake/pkg-config/GitHub Releases	deterministic-close-plus-leak-containment	audit-required	audit-required	audit-required	audit-required	-	audit-required	-	audit-required	-	audit-required	-	audit-required	-	audit-required	-	audit-required	-	audit-required	-	audit-required	-	audit-required	-	audit-required	-	audit-required	-	audit-required	-	audit-required	-	audit-required	-	audit-required	-	audit-required	-	audit-required	-	audit-required	-	audit-required	-	audit-required	-	duallity/bindings/cpp
duallity	core-library	phonetic-wfst	python	missing	unicode-scalar	context managers; iterators/collections; exceptions; protocols	PyPI	deterministic-close-plus-leak-containment	missing	missing	missing	missing	-	missing	-	missing	-	missing	-	missing	-	missing	-	missing	-	missing	-	missing	-	missing	-	missing	-	missing	-	missing	-	missing	-	missing	-	missing	-	missing	-	missing	-	missing	-	missing	-	missing	-	-
duallity	core-library	phonetic-wfst	java	missing	unicode-scalar	AutoCloseable/try-with-resources; Collection/Map; Stream/Spliterator; interfaces	Maven Central	deterministic-close-plus-leak-containment	missing	missing	missing	missing	-	missing	-	missing	-	missing	-	missing	-	missing	-	missing	-	missing	-	missing	-	missing	-	missing	-	missing	-	missing	-	missing	-	missing	-	missing	-	missing	-	missing	-	missing	-	missing	-	missing	-	-
duallity	core-library	phonetic-wfst	kotlin	missing	unicode-scalar	use; Iterable/Map; Sequence; SAM interfaces	Maven Central	deterministic-close-plus-leak-containment	missing	missing	missing	missing	-	missing	-	missing	-	missing	-	missing	-	missing	-	missing	-	missing	-	missing	-	missing	-	missing	-	missing	-	missing	-	missing	-	missing	-	missing	-	missing	-	missing	-	missing	-	missing	-	missing	-	-
duallity	core-library	phonetic-wfst	scala	missing	unicode-scalar	Using/AutoCloseable; Iterable; Iterator; type classes	Maven Central	deterministic-close-plus-leak-containment	missing	missing	missing	missing	-	missing	-	missing	-	missing	-	missing	-	missing	-	missing	-	missing	-	missing	-	missing	-	missing	-	missing	-	missing	-	missing	-	missing	-	missing	-	missing	-	missing	-	missing	-	missing	-	missing	-	-
duallity	core-library	phonetic-wfst	clojure	missing	unicode-scalar	Seqable; IReduceInit; Closeable; persistent values	Clojars	deterministic-close-plus-leak-containment	missing	missing	missing	missing	-	missing	-	missing	-	missing	-	missing	-	missing	-	missing	-	missing	-	missing	-	missing	-	missing	-	missing	-	missing	-	missing	-	missing	-	missing	-	missing	-	missing	-	missing	-	missing	-	missing	-	-
duallity	core-library	phonetic-wfst	csharp	missing	unicode-scalar	IDisposable/using; IEnumerable/IDictionary; exceptions; interfaces	NuGet	deterministic-close-plus-leak-containment	missing	missing	missing	missing	-	missing	-	missing	-	missing	-	missing	-	missing	-	missing	-	missing	-	missing	-	missing	-	missing	-	missing	-	missing	-	missing	-	missing	-	missing	-	missing	-	missing	-	missing	-	missing	-	missing	-	-
duallity	core-library	phonetic-wfst	fsharp	missing	unicode-scalar	use/use!; seq; Result; object expressions; interfaces	NuGet	deterministic-close-plus-leak-containment	missing	missing	missing	missing	-	missing	-	missing	-	missing	-	missing	-	missing	-	missing	-	missing	-	missing	-	missing	-	missing	-	missing	-	missing	-	missing	-	missing	-	missing	-	missing	-	missing	-	missing	-	missing	-	missing	-	-
duallity	core-library	phonetic-wfst	go	missing	unicode-scalar	interfaces; iter.Seq; io.Closer; errors	Go module proxy	deterministic-close-plus-leak-containment	missing	missing	missing	missing	-	missing	-	missing	-	missing	-	missing	-	missing	-	missing	-	missing	-	missing	-	missing	-	missing	-	missing	-	missing	-	missing	-	missing	-	missing	-	missing	-	missing	-	missing	-	missing	-	missing	-	-
duallity	core-library	phonetic-wfst	javascript	audit-required	unicode-scalar	Symbol.iterator; Symbol.dispose; Error; native/WASM/WASI runtime identity	npm	deterministic-close-plus-leak-containment	audit-required	audit-required	audit-required	audit-required	-	audit-required	-	audit-required	-	audit-required	-	audit-required	-	audit-required	-	audit-required	-	audit-required	-	audit-required	-	audit-required	-	audit-required	-	audit-required	-	audit-required	-	audit-required	-	audit-required	-	audit-required	-	audit-required	-	audit-required	-	audit-required	-	audit-required	-	audit-required	-	duallity/bindings/javascript
duallity	core-library	phonetic-wfst	typescript	audit-required	unicode-scalar	structural interfaces; Iterable; Disposable; discriminated errors	npm	deterministic-close-plus-leak-containment	audit-required	audit-required	audit-required	audit-required	-	audit-required	-	audit-required	-	audit-required	-	audit-required	-	audit-required	-	audit-required	-	audit-required	-	audit-required	-	audit-required	-	audit-required	-	audit-required	-	audit-required	-	audit-required	-	audit-required	-	audit-required	-	audit-required	-	audit-required	-	audit-required	-	audit-required	-	audit-required	-	duallity/bindings/javascript
duallity	core-library	phonetic-wfst	clojurescript	audit-required	unicode-scalar	ISeqable; IReduce; protocol dispatch; close!	npm	deterministic-close-plus-leak-containment	audit-required	audit-required	audit-required	audit-required	-	audit-required	-	audit-required	-	audit-required	-	audit-required	-	audit-required	-	audit-required	-	audit-required	-	audit-required	-	audit-required	-	audit-required	-	audit-required	-	audit-required	-	audit-required	-	audit-required	-	audit-required	-	audit-required	-	audit-required	-	audit-required	-	audit-required	-	audit-required	-	duallity/bindings/javascript/cljs
duallity	core-library	phonetic-wfst	swift	missing	unicode-scalar	Sequence/Collection; protocols; throws; deterministic scoped ownership	Swift Package Index	deterministic-close-plus-leak-containment	missing	missing	missing	missing	-	missing	-	missing	-	missing	-	missing	-	missing	-	missing	-	missing	-	missing	-	missing	-	missing	-	missing	-	missing	-	missing	-	missing	-	missing	-	missing	-	missing	-	missing	-	missing	-	missing	-	-
duallity	core-library	phonetic-wfst	ruby	missing	unicode-scalar	Enumerable; blocks/ensure; exceptions; explicit close	RubyGems	deterministic-close-plus-leak-containment	missing	missing	missing	missing	-	missing	-	missing	-	missing	-	missing	-	missing	-	missing	-	missing	-	missing	-	missing	-	missing	-	missing	-	missing	-	missing	-	missing	-	missing	-	missing	-	missing	-	missing	-	missing	-	missing	-	-
duallity	core-library	phonetic-wfst	fortran	missing	unicode-scalar	modules; derived types; type-bound procedures; finalizers	fpm	deterministic-close-plus-leak-containment	missing	missing	missing	missing	-	missing	-	missing	-	missing	-	missing	-	missing	-	missing	-	missing	-	missing	-	missing	-	missing	-	missing	-	missing	-	missing	-	missing	-	missing	-	missing	-	missing	-	missing	-	missing	-	missing	-	-
duallity	core-library	phonetic-wfst	ocaml	missing	unicode-scalar	abstract types; Seq; result; Fun.protect	opam	deterministic-close-plus-leak-containment	missing	missing	missing	missing	-	missing	-	missing	-	missing	-	missing	-	missing	-	missing	-	missing	-	missing	-	missing	-	missing	-	missing	-	missing	-	missing	-	missing	-	missing	-	missing	-	missing	-	missing	-	missing	-	missing	-	-
duallity	core-library	phonetic-wfst	haskell	missing	unicode-scalar	type classes; Foldable; bracket; Either	Hackage	deterministic-close-plus-leak-containment	missing	missing	missing	missing	-	missing	-	missing	-	missing	-	missing	-	missing	-	missing	-	missing	-	missing	-	missing	-	missing	-	missing	-	missing	-	missing	-	missing	-	missing	-	missing	-	missing	-	missing	-	missing	-	missing	-	-
duallity	core-library	phonetic-wfst	lua	missing	unicode-scalar	generic-for iterators; __close; tables; error values	LuaRocks	deterministic-close-plus-leak-containment	missing	missing	missing	missing	-	missing	-	missing	-	missing	-	missing	-	missing	-	missing	-	missing	-	missing	-	missing	-	missing	-	missing	-	missing	-	missing	-	missing	-	missing	-	missing	-	missing	-	missing	-	missing	-	missing	-	-
duallity	core-library	phonetic-wfst	raku	missing	unicode-scalar	NativeCall; Iterable/Positional/Associative; LEAVE; exceptions	zef/fez	deterministic-close-plus-leak-containment	missing	missing	missing	missing	-	missing	-	missing	-	missing	-	missing	-	missing	-	missing	-	missing	-	missing	-	missing	-	missing	-	missing	-	missing	-	missing	-	missing	-	missing	-	missing	-	missing	-	missing	-	missing	-	missing	-	-
duallity	core-library	wallbreaker-wfst	rust	audit-required	unicode-scalar	traits; IntoIterator/Iterator; Result; Drop	crates.io	deterministic-close-plus-leak-containment	audit-required	audit-required	audit-required	audit-required	-	audit-required	-	audit-required	-	audit-required	-	audit-required	-	audit-required	-	audit-required	-	audit-required	-	audit-required	-	audit-required	-	audit-required	-	audit-required	-	audit-required	-	audit-required	-	audit-required	-	audit-required	-	audit-required	-	audit-required	-	audit-required	-	audit-required	-	audit-required	-	duallity/src/lib.rs
duallity	core-library	wallbreaker-wfst	c	audit-required	unicode-scalar	opaque handles; status codes; bounded buffers; vtables	CMake/pkg-config/GitHub Releases	deterministic-close-plus-leak-containment	audit-required	audit-required	audit-required	audit-required	-	audit-required	-	audit-required	-	audit-required	-	audit-required	-	audit-required	-	audit-required	-	audit-required	-	audit-required	-	audit-required	-	audit-required	-	audit-required	-	audit-required	-	audit-required	-	audit-required	-	audit-required	-	audit-required	-	audit-required	-	audit-required	-	audit-required	-	audit-required	-	duallity/bindings/c
duallity	core-library	wallbreaker-wfst	cpp	audit-required	unicode-scalar	RAII; ranges/iterators; move-only handles; typed errors	CMake/pkg-config/GitHub Releases	deterministic-close-plus-leak-containment	audit-required	audit-required	audit-required	audit-required	-	audit-required	-	audit-required	-	audit-required	-	audit-required	-	audit-required	-	audit-required	-	audit-required	-	audit-required	-	audit-required	-	audit-required	-	audit-required	-	audit-required	-	audit-required	-	audit-required	-	audit-required	-	audit-required	-	audit-required	-	audit-required	-	audit-required	-	audit-required	-	duallity/bindings/cpp
duallity	core-library	wallbreaker-wfst	python	missing	unicode-scalar	context managers; iterators/collections; exceptions; protocols	PyPI	deterministic-close-plus-leak-containment	missing	missing	missing	missing	-	missing	-	missing	-	missing	-	missing	-	missing	-	missing	-	missing	-	missing	-	missing	-	missing	-	missing	-	missing	-	missing	-	missing	-	missing	-	missing	-	missing	-	missing	-	missing	-	missing	-	-
duallity	core-library	wallbreaker-wfst	java	missing	unicode-scalar	AutoCloseable/try-with-resources; Collection/Map; Stream/Spliterator; interfaces	Maven Central	deterministic-close-plus-leak-containment	missing	missing	missing	missing	-	missing	-	missing	-	missing	-	missing	-	missing	-	missing	-	missing	-	missing	-	missing	-	missing	-	missing	-	missing	-	missing	-	missing	-	missing	-	missing	-	missing	-	missing	-	missing	-	missing	-	-
duallity	core-library	wallbreaker-wfst	kotlin	missing	unicode-scalar	use; Iterable/Map; Sequence; SAM interfaces	Maven Central	deterministic-close-plus-leak-containment	missing	missing	missing	missing	-	missing	-	missing	-	missing	-	missing	-	missing	-	missing	-	missing	-	missing	-	missing	-	missing	-	missing	-	missing	-	missing	-	missing	-	missing	-	missing	-	missing	-	missing	-	missing	-	missing	-	-
duallity	core-library	wallbreaker-wfst	scala	missing	unicode-scalar	Using/AutoCloseable; Iterable; Iterator; type classes	Maven Central	deterministic-close-plus-leak-containment	missing	missing	missing	missing	-	missing	-	missing	-	missing	-	missing	-	missing	-	missing	-	missing	-	missing	-	missing	-	missing	-	missing	-	missing	-	missing	-	missing	-	missing	-	missing	-	missing	-	missing	-	missing	-	missing	-	-
duallity	core-library	wallbreaker-wfst	clojure	missing	unicode-scalar	Seqable; IReduceInit; Closeable; persistent values	Clojars	deterministic-close-plus-leak-containment	missing	missing	missing	missing	-	missing	-	missing	-	missing	-	missing	-	missing	-	missing	-	missing	-	missing	-	missing	-	missing	-	missing	-	missing	-	missing	-	missing	-	missing	-	missing	-	missing	-	missing	-	missing	-	missing	-	-
duallity	core-library	wallbreaker-wfst	csharp	missing	unicode-scalar	IDisposable/using; IEnumerable/IDictionary; exceptions; interfaces	NuGet	deterministic-close-plus-leak-containment	missing	missing	missing	missing	-	missing	-	missing	-	missing	-	missing	-	missing	-	missing	-	missing	-	missing	-	missing	-	missing	-	missing	-	missing	-	missing	-	missing	-	missing	-	missing	-	missing	-	missing	-	missing	-	missing	-	-
duallity	core-library	wallbreaker-wfst	fsharp	missing	unicode-scalar	use/use!; seq; Result; object expressions; interfaces	NuGet	deterministic-close-plus-leak-containment	missing	missing	missing	missing	-	missing	-	missing	-	missing	-	missing	-	missing	-	missing	-	missing	-	missing	-	missing	-	missing	-	missing	-	missing	-	missing	-	missing	-	missing	-	missing	-	missing	-	missing	-	missing	-	missing	-	-
duallity	core-library	wallbreaker-wfst	go	missing	unicode-scalar	interfaces; iter.Seq; io.Closer; errors	Go module proxy	deterministic-close-plus-leak-containment	missing	missing	missing	missing	-	missing	-	missing	-	missing	-	missing	-	missing	-	missing	-	missing	-	missing	-	missing	-	missing	-	missing	-	missing	-	missing	-	missing	-	missing	-	missing	-	missing	-	missing	-	missing	-	missing	-	-
duallity	core-library	wallbreaker-wfst	javascript	audit-required	unicode-scalar	Symbol.iterator; Symbol.dispose; Error; native/WASM/WASI runtime identity	npm	deterministic-close-plus-leak-containment	audit-required	audit-required	audit-required	audit-required	-	audit-required	-	audit-required	-	audit-required	-	audit-required	-	audit-required	-	audit-required	-	audit-required	-	audit-required	-	audit-required	-	audit-required	-	audit-required	-	audit-required	-	audit-required	-	audit-required	-	audit-required	-	audit-required	-	audit-required	-	audit-required	-	audit-required	-	audit-required	-	duallity/bindings/javascript
duallity	core-library	wallbreaker-wfst	typescript	audit-required	unicode-scalar	structural interfaces; Iterable; Disposable; discriminated errors	npm	deterministic-close-plus-leak-containment	audit-required	audit-required	audit-required	audit-required	-	audit-required	-	audit-required	-	audit-required	-	audit-required	-	audit-required	-	audit-required	-	audit-required	-	audit-required	-	audit-required	-	audit-required	-	audit-required	-	audit-required	-	audit-required	-	audit-required	-	audit-required	-	audit-required	-	audit-required	-	audit-required	-	audit-required	-	audit-required	-	duallity/bindings/javascript
duallity	core-library	wallbreaker-wfst	clojurescript	audit-required	unicode-scalar	ISeqable; IReduce; protocol dispatch; close!	npm	deterministic-close-plus-leak-containment	audit-required	audit-required	audit-required	audit-required	-	audit-required	-	audit-required	-	audit-required	-	audit-required	-	audit-required	-	audit-required	-	audit-required	-	audit-required	-	audit-required	-	audit-required	-	audit-required	-	audit-required	-	audit-required	-	audit-required	-	audit-required	-	audit-required	-	audit-required	-	audit-required	-	audit-required	-	audit-required	-	duallity/bindings/javascript/cljs
duallity	core-library	wallbreaker-wfst	swift	missing	unicode-scalar	Sequence/Collection; protocols; throws; deterministic scoped ownership	Swift Package Index	deterministic-close-plus-leak-containment	missing	missing	missing	missing	-	missing	-	missing	-	missing	-	missing	-	missing	-	missing	-	missing	-	missing	-	missing	-	missing	-	missing	-	missing	-	missing	-	missing	-	missing	-	missing	-	missing	-	missing	-	missing	-	missing	-	-
duallity	core-library	wallbreaker-wfst	ruby	missing	unicode-scalar	Enumerable; blocks/ensure; exceptions; explicit close	RubyGems	deterministic-close-plus-leak-containment	missing	missing	missing	missing	-	missing	-	missing	-	missing	-	missing	-	missing	-	missing	-	missing	-	missing	-	missing	-	missing	-	missing	-	missing	-	missing	-	missing	-	missing	-	missing	-	missing	-	missing	-	missing	-	missing	-	-
duallity	core-library	wallbreaker-wfst	fortran	missing	unicode-scalar	modules; derived types; type-bound procedures; finalizers	fpm	deterministic-close-plus-leak-containment	missing	missing	missing	missing	-	missing	-	missing	-	missing	-	missing	-	missing	-	missing	-	missing	-	missing	-	missing	-	missing	-	missing	-	missing	-	missing	-	missing	-	missing	-	missing	-	missing	-	missing	-	missing	-	missing	-	-
duallity	core-library	wallbreaker-wfst	ocaml	missing	unicode-scalar	abstract types; Seq; result; Fun.protect	opam	deterministic-close-plus-leak-containment	missing	missing	missing	missing	-	missing	-	missing	-	missing	-	missing	-	missing	-	missing	-	missing	-	missing	-	missing	-	missing	-	missing	-	missing	-	missing	-	missing	-	missing	-	missing	-	missing	-	missing	-	missing	-	missing	-	-
duallity	core-library	wallbreaker-wfst	haskell	missing	unicode-scalar	type classes; Foldable; bracket; Either	Hackage	deterministic-close-plus-leak-containment	missing	missing	missing	missing	-	missing	-	missing	-	missing	-	missing	-	missing	-	missing	-	missing	-	missing	-	missing	-	missing	-	missing	-	missing	-	missing	-	missing	-	missing	-	missing	-	missing	-	missing	-	missing	-	missing	-	-
duallity	core-library	wallbreaker-wfst	lua	missing	unicode-scalar	generic-for iterators; __close; tables; error values	LuaRocks	deterministic-close-plus-leak-containment	missing	missing	missing	missing	-	missing	-	missing	-	missing	-	missing	-	missing	-	missing	-	missing	-	missing	-	missing	-	missing	-	missing	-	missing	-	missing	-	missing	-	missing	-	missing	-	missing	-	missing	-	missing	-	missing	-	-
duallity	core-library	wallbreaker-wfst	raku	missing	unicode-scalar	NativeCall; Iterable/Positional/Associative; LEAVE; exceptions	zef/fez	deterministic-close-plus-leak-containment	missing	missing	missing	missing	-	missing	-	missing	-	missing	-	missing	-	missing	-	missing	-	missing	-	missing	-	missing	-	missing	-	missing	-	missing	-	missing	-	missing	-	missing	-	missing	-	missing	-	missing	-	missing	-	missing	-	-
duallity	core-library	fzf-wfst	rust	audit-required	unicode-scalar	traits; IntoIterator/Iterator; Result; Drop	crates.io	deterministic-close-plus-leak-containment	audit-required	audit-required	audit-required	audit-required	-	audit-required	-	audit-required	-	audit-required	-	audit-required	-	audit-required	-	audit-required	-	audit-required	-	audit-required	-	audit-required	-	audit-required	-	audit-required	-	audit-required	-	audit-required	-	audit-required	-	audit-required	-	audit-required	-	audit-required	-	audit-required	-	audit-required	-	audit-required	-	duallity/src/lib.rs
duallity	core-library	fzf-wfst	c	audit-required	unicode-scalar	opaque handles; status codes; bounded buffers; vtables	CMake/pkg-config/GitHub Releases	deterministic-close-plus-leak-containment	audit-required	audit-required	audit-required	audit-required	-	audit-required	-	audit-required	-	audit-required	-	audit-required	-	audit-required	-	audit-required	-	audit-required	-	audit-required	-	audit-required	-	audit-required	-	audit-required	-	audit-required	-	audit-required	-	audit-required	-	audit-required	-	audit-required	-	audit-required	-	audit-required	-	audit-required	-	audit-required	-	duallity/bindings/c
duallity	core-library	fzf-wfst	cpp	audit-required	unicode-scalar	RAII; ranges/iterators; move-only handles; typed errors	CMake/pkg-config/GitHub Releases	deterministic-close-plus-leak-containment	audit-required	audit-required	audit-required	audit-required	-	audit-required	-	audit-required	-	audit-required	-	audit-required	-	audit-required	-	audit-required	-	audit-required	-	audit-required	-	audit-required	-	audit-required	-	audit-required	-	audit-required	-	audit-required	-	audit-required	-	audit-required	-	audit-required	-	audit-required	-	audit-required	-	audit-required	-	audit-required	-	duallity/bindings/cpp
duallity	core-library	fzf-wfst	python	missing	unicode-scalar	context managers; iterators/collections; exceptions; protocols	PyPI	deterministic-close-plus-leak-containment	missing	missing	missing	missing	-	missing	-	missing	-	missing	-	missing	-	missing	-	missing	-	missing	-	missing	-	missing	-	missing	-	missing	-	missing	-	missing	-	missing	-	missing	-	missing	-	missing	-	missing	-	missing	-	missing	-	-
duallity	core-library	fzf-wfst	java	missing	unicode-scalar	AutoCloseable/try-with-resources; Collection/Map; Stream/Spliterator; interfaces	Maven Central	deterministic-close-plus-leak-containment	missing	missing	missing	missing	-	missing	-	missing	-	missing	-	missing	-	missing	-	missing	-	missing	-	missing	-	missing	-	missing	-	missing	-	missing	-	missing	-	missing	-	missing	-	missing	-	missing	-	missing	-	missing	-	missing	-	-
duallity	core-library	fzf-wfst	kotlin	missing	unicode-scalar	use; Iterable/Map; Sequence; SAM interfaces	Maven Central	deterministic-close-plus-leak-containment	missing	missing	missing	missing	-	missing	-	missing	-	missing	-	missing	-	missing	-	missing	-	missing	-	missing	-	missing	-	missing	-	missing	-	missing	-	missing	-	missing	-	missing	-	missing	-	missing	-	missing	-	missing	-	missing	-	-
duallity	core-library	fzf-wfst	scala	missing	unicode-scalar	Using/AutoCloseable; Iterable; Iterator; type classes	Maven Central	deterministic-close-plus-leak-containment	missing	missing	missing	missing	-	missing	-	missing	-	missing	-	missing	-	missing	-	missing	-	missing	-	missing	-	missing	-	missing	-	missing	-	missing	-	missing	-	missing	-	missing	-	missing	-	missing	-	missing	-	missing	-	missing	-	-
duallity	core-library	fzf-wfst	clojure	missing	unicode-scalar	Seqable; IReduceInit; Closeable; persistent values	Clojars	deterministic-close-plus-leak-containment	missing	missing	missing	missing	-	missing	-	missing	-	missing	-	missing	-	missing	-	missing	-	missing	-	missing	-	missing	-	missing	-	missing	-	missing	-	missing	-	missing	-	missing	-	missing	-	missing	-	missing	-	missing	-	missing	-	-
duallity	core-library	fzf-wfst	csharp	missing	unicode-scalar	IDisposable/using; IEnumerable/IDictionary; exceptions; interfaces	NuGet	deterministic-close-plus-leak-containment	missing	missing	missing	missing	-	missing	-	missing	-	missing	-	missing	-	missing	-	missing	-	missing	-	missing	-	missing	-	missing	-	missing	-	missing	-	missing	-	missing	-	missing	-	missing	-	missing	-	missing	-	missing	-	missing	-	-
duallity	core-library	fzf-wfst	fsharp	missing	unicode-scalar	use/use!; seq; Result; object expressions; interfaces	NuGet	deterministic-close-plus-leak-containment	missing	missing	missing	missing	-	missing	-	missing	-	missing	-	missing	-	missing	-	missing	-	missing	-	missing	-	missing	-	missing	-	missing	-	missing	-	missing	-	missing	-	missing	-	missing	-	missing	-	missing	-	missing	-	missing	-	-
duallity	core-library	fzf-wfst	go	missing	unicode-scalar	interfaces; iter.Seq; io.Closer; errors	Go module proxy	deterministic-close-plus-leak-containment	missing	missing	missing	missing	-	missing	-	missing	-	missing	-	missing	-	missing	-	missing	-	missing	-	missing	-	missing	-	missing	-	missing	-	missing	-	missing	-	missing	-	missing	-	missing	-	missing	-	missing	-	missing	-	missing	-	-
duallity	core-library	fzf-wfst	javascript	audit-required	unicode-scalar	Symbol.iterator; Symbol.dispose; Error; native/WASM/WASI runtime identity	npm	deterministic-close-plus-leak-containment	audit-required	audit-required	audit-required	audit-required	-	audit-required	-	audit-required	-	audit-required	-	audit-required	-	audit-required	-	audit-required	-	audit-required	-	audit-required	-	audit-required	-	audit-required	-	audit-required	-	audit-required	-	audit-required	-	audit-required	-	audit-required	-	audit-required	-	audit-required	-	audit-required	-	audit-required	-	audit-required	-	duallity/bindings/javascript
duallity	core-library	fzf-wfst	typescript	audit-required	unicode-scalar	structural interfaces; Iterable; Disposable; discriminated errors	npm	deterministic-close-plus-leak-containment	audit-required	audit-required	audit-required	audit-required	-	audit-required	-	audit-required	-	audit-required	-	audit-required	-	audit-required	-	audit-required	-	audit-required	-	audit-required	-	audit-required	-	audit-required	-	audit-required	-	audit-required	-	audit-required	-	audit-required	-	audit-required	-	audit-required	-	audit-required	-	audit-required	-	audit-required	-	audit-required	-	duallity/bindings/javascript
duallity	core-library	fzf-wfst	clojurescript	audit-required	unicode-scalar	ISeqable; IReduce; protocol dispatch; close!	npm	deterministic-close-plus-leak-containment	audit-required	audit-required	audit-required	audit-required	-	audit-required	-	audit-required	-	audit-required	-	audit-required	-	audit-required	-	audit-required	-	audit-required	-	audit-required	-	audit-required	-	audit-required	-	audit-required	-	audit-required	-	audit-required	-	audit-required	-	audit-required	-	audit-required	-	audit-required	-	audit-required	-	audit-required	-	audit-required	-	duallity/bindings/javascript/cljs
duallity	core-library	fzf-wfst	swift	missing	unicode-scalar	Sequence/Collection; protocols; throws; deterministic scoped ownership	Swift Package Index	deterministic-close-plus-leak-containment	missing	missing	missing	missing	-	missing	-	missing	-	missing	-	missing	-	missing	-	missing	-	missing	-	missing	-	missing	-	missing	-	missing	-	missing	-	missing	-	missing	-	missing	-	missing	-	missing	-	missing	-	missing	-	missing	-	-
duallity	core-library	fzf-wfst	ruby	missing	unicode-scalar	Enumerable; blocks/ensure; exceptions; explicit close	RubyGems	deterministic-close-plus-leak-containment	missing	missing	missing	missing	-	missing	-	missing	-	missing	-	missing	-	missing	-	missing	-	missing	-	missing	-	missing	-	missing	-	missing	-	missing	-	missing	-	missing	-	missing	-	missing	-	missing	-	missing	-	missing	-	missing	-	-
duallity	core-library	fzf-wfst	fortran	missing	unicode-scalar	modules; derived types; type-bound procedures; finalizers	fpm	deterministic-close-plus-leak-containment	missing	missing	missing	missing	-	missing	-	missing	-	missing	-	missing	-	missing	-	missing	-	missing	-	missing	-	missing	-	missing	-	missing	-	missing	-	missing	-	missing	-	missing	-	missing	-	missing	-	missing	-	missing	-	missing	-	-
duallity	core-library	fzf-wfst	ocaml	missing	unicode-scalar	abstract types; Seq; result; Fun.protect	opam	deterministic-close-plus-leak-containment	missing	missing	missing	missing	-	missing	-	missing	-	missing	-	missing	-	missing	-	missing	-	missing	-	missing	-	missing	-	missing	-	missing	-	missing	-	missing	-	missing	-	missing	-	missing	-	missing	-	missing	-	missing	-	missing	-	-
duallity	core-library	fzf-wfst	haskell	missing	unicode-scalar	type classes; Foldable; bracket; Either	Hackage	deterministic-close-plus-leak-containment	missing	missing	missing	missing	-	missing	-	missing	-	missing	-	missing	-	missing	-	missing	-	missing	-	missing	-	missing	-	missing	-	missing	-	missing	-	missing	-	missing	-	missing	-	missing	-	missing	-	missing	-	missing	-	missing	-	-
duallity	core-library	fzf-wfst	lua	missing	unicode-scalar	generic-for iterators; __close; tables; error values	LuaRocks	deterministic-close-plus-leak-containment	missing	missing	missing	missing	-	missing	-	missing	-	missing	-	missing	-	missing	-	missing	-	missing	-	missing	-	missing	-	missing	-	missing	-	missing	-	missing	-	missing	-	missing	-	missing	-	missing	-	missing	-	missing	-	missing	-	-
duallity	core-library	fzf-wfst	raku	missing	unicode-scalar	NativeCall; Iterable/Positional/Associative; LEAVE; exceptions	zef/fez	deterministic-close-plus-leak-containment	missing	missing	missing	missing	-	missing	-	missing	-	missing	-	missing	-	missing	-	missing	-	missing	-	missing	-	missing	-	missing	-	missing	-	missing	-	missing	-	missing	-	missing	-	missing	-	missing	-	missing	-	missing	-	missing	-	-
duallity	core-library	resource-bridge	rust	audit-required	unicode-scalar	traits; IntoIterator/Iterator; Result; Drop	crates.io	deterministic-close-plus-leak-containment	audit-required	audit-required	audit-required	audit-required	-	audit-required	-	audit-required	-	audit-required	-	audit-required	-	audit-required	-	audit-required	-	audit-required	-	audit-required	-	audit-required	-	audit-required	-	audit-required	-	audit-required	-	audit-required	-	audit-required	-	audit-required	-	audit-required	-	audit-required	-	audit-required	-	audit-required	-	audit-required	-	duallity/src/lib.rs
duallity	core-library	resource-bridge	c	audit-required	unicode-scalar	opaque handles; status codes; bounded buffers; vtables	CMake/pkg-config/GitHub Releases	deterministic-close-plus-leak-containment	audit-required	audit-required	audit-required	audit-required	-	audit-required	-	audit-required	-	audit-required	-	audit-required	-	audit-required	-	audit-required	-	audit-required	-	audit-required	-	audit-required	-	audit-required	-	audit-required	-	audit-required	-	audit-required	-	audit-required	-	audit-required	-	audit-required	-	audit-required	-	audit-required	-	audit-required	-	audit-required	-	duallity/bindings/c
duallity	core-library	resource-bridge	cpp	audit-required	unicode-scalar	RAII; ranges/iterators; move-only handles; typed errors	CMake/pkg-config/GitHub Releases	deterministic-close-plus-leak-containment	audit-required	audit-required	audit-required	audit-required	-	audit-required	-	audit-required	-	audit-required	-	audit-required	-	audit-required	-	audit-required	-	audit-required	-	audit-required	-	audit-required	-	audit-required	-	audit-required	-	audit-required	-	audit-required	-	audit-required	-	audit-required	-	audit-required	-	audit-required	-	audit-required	-	audit-required	-	audit-required	-	duallity/bindings/cpp
duallity	core-library	resource-bridge	python	missing	unicode-scalar	context managers; iterators/collections; exceptions; protocols	PyPI	deterministic-close-plus-leak-containment	missing	missing	missing	missing	-	missing	-	missing	-	missing	-	missing	-	missing	-	missing	-	missing	-	missing	-	missing	-	missing	-	missing	-	missing	-	missing	-	missing	-	missing	-	missing	-	missing	-	missing	-	missing	-	missing	-	-
duallity	core-library	resource-bridge	java	missing	unicode-scalar	AutoCloseable/try-with-resources; Collection/Map; Stream/Spliterator; interfaces	Maven Central	deterministic-close-plus-leak-containment	missing	missing	missing	missing	-	missing	-	missing	-	missing	-	missing	-	missing	-	missing	-	missing	-	missing	-	missing	-	missing	-	missing	-	missing	-	missing	-	missing	-	missing	-	missing	-	missing	-	missing	-	missing	-	missing	-	-
duallity	core-library	resource-bridge	kotlin	missing	unicode-scalar	use; Iterable/Map; Sequence; SAM interfaces	Maven Central	deterministic-close-plus-leak-containment	missing	missing	missing	missing	-	missing	-	missing	-	missing	-	missing	-	missing	-	missing	-	missing	-	missing	-	missing	-	missing	-	missing	-	missing	-	missing	-	missing	-	missing	-	missing	-	missing	-	missing	-	missing	-	missing	-	-
duallity	core-library	resource-bridge	scala	missing	unicode-scalar	Using/AutoCloseable; Iterable; Iterator; type classes	Maven Central	deterministic-close-plus-leak-containment	missing	missing	missing	missing	-	missing	-	missing	-	missing	-	missing	-	missing	-	missing	-	missing	-	missing	-	missing	-	missing	-	missing	-	missing	-	missing	-	missing	-	missing	-	missing	-	missing	-	missing	-	missing	-	missing	-	-
duallity	core-library	resource-bridge	clojure	missing	unicode-scalar	Seqable; IReduceInit; Closeable; persistent values	Clojars	deterministic-close-plus-leak-containment	missing	missing	missing	missing	-	missing	-	missing	-	missing	-	missing	-	missing	-	missing	-	missing	-	missing	-	missing	-	missing	-	missing	-	missing	-	missing	-	missing	-	missing	-	missing	-	missing	-	missing	-	missing	-	missing	-	-
duallity	core-library	resource-bridge	csharp	missing	unicode-scalar	IDisposable/using; IEnumerable/IDictionary; exceptions; interfaces	NuGet	deterministic-close-plus-leak-containment	missing	missing	missing	missing	-	missing	-	missing	-	missing	-	missing	-	missing	-	missing	-	missing	-	missing	-	missing	-	missing	-	missing	-	missing	-	missing	-	missing	-	missing	-	missing	-	missing	-	missing	-	missing	-	missing	-	-
duallity	core-library	resource-bridge	fsharp	missing	unicode-scalar	use/use!; seq; Result; object expressions; interfaces	NuGet	deterministic-close-plus-leak-containment	missing	missing	missing	missing	-	missing	-	missing	-	missing	-	missing	-	missing	-	missing	-	missing	-	missing	-	missing	-	missing	-	missing	-	missing	-	missing	-	missing	-	missing	-	missing	-	missing	-	missing	-	missing	-	missing	-	-
duallity	core-library	resource-bridge	go	missing	unicode-scalar	interfaces; iter.Seq; io.Closer; errors	Go module proxy	deterministic-close-plus-leak-containment	missing	missing	missing	missing	-	missing	-	missing	-	missing	-	missing	-	missing	-	missing	-	missing	-	missing	-	missing	-	missing	-	missing	-	missing	-	missing	-	missing	-	missing	-	missing	-	missing	-	missing	-	missing	-	missing	-	-
duallity	core-library	resource-bridge	javascript	audit-required	unicode-scalar	Symbol.iterator; Symbol.dispose; Error; native/WASM/WASI runtime identity	npm	deterministic-close-plus-leak-containment	audit-required	audit-required	audit-required	audit-required	-	audit-required	-	audit-required	-	audit-required	-	audit-required	-	audit-required	-	audit-required	-	audit-required	-	audit-required	-	audit-required	-	audit-required	-	audit-required	-	audit-required	-	audit-required	-	audit-required	-	audit-required	-	audit-required	-	audit-required	-	audit-required	-	audit-required	-	audit-required	-	duallity/bindings/javascript
duallity	core-library	resource-bridge	typescript	audit-required	unicode-scalar	structural interfaces; Iterable; Disposable; discriminated errors	npm	deterministic-close-plus-leak-containment	audit-required	audit-required	audit-required	audit-required	-	audit-required	-	audit-required	-	audit-required	-	audit-required	-	audit-required	-	audit-required	-	audit-required	-	audit-required	-	audit-required	-	audit-required	-	audit-required	-	audit-required	-	audit-required	-	audit-required	-	audit-required	-	audit-required	-	audit-required	-	audit-required	-	audit-required	-	audit-required	-	duallity/bindings/javascript
duallity	core-library	resource-bridge	clojurescript	audit-required	unicode-scalar	ISeqable; IReduce; protocol dispatch; close!	npm	deterministic-close-plus-leak-containment	audit-required	audit-required	audit-required	audit-required	-	audit-required	-	audit-required	-	audit-required	-	audit-required	-	audit-required	-	audit-required	-	audit-required	-	audit-required	-	audit-required	-	audit-required	-	audit-required	-	audit-required	-	audit-required	-	audit-required	-	audit-required	-	audit-required	-	audit-required	-	audit-required	-	audit-required	-	audit-required	-	duallity/bindings/javascript/cljs
duallity	core-library	resource-bridge	swift	missing	unicode-scalar	Sequence/Collection; protocols; throws; deterministic scoped ownership	Swift Package Index	deterministic-close-plus-leak-containment	missing	missing	missing	missing	-	missing	-	missing	-	missing	-	missing	-	missing	-	missing	-	missing	-	missing	-	missing	-	missing	-	missing	-	missing	-	missing	-	missing	-	missing	-	missing	-	missing	-	missing	-	missing	-	missing	-	-
duallity	core-library	resource-bridge	ruby	missing	unicode-scalar	Enumerable; blocks/ensure; exceptions; explicit close	RubyGems	deterministic-close-plus-leak-containment	missing	missing	missing	missing	-	missing	-	missing	-	missing	-	missing	-	missing	-	missing	-	missing	-	missing	-	missing	-	missing	-	missing	-	missing	-	missing	-	missing	-	missing	-	missing	-	missing	-	missing	-	missing	-	missing	-	-
duallity	core-library	resource-bridge	fortran	missing	unicode-scalar	modules; derived types; type-bound procedures; finalizers	fpm	deterministic-close-plus-leak-containment	missing	missing	missing	missing	-	missing	-	missing	-	missing	-	missing	-	missing	-	missing	-	missing	-	missing	-	missing	-	missing	-	missing	-	missing	-	missing	-	missing	-	missing	-	missing	-	missing	-	missing	-	missing	-	missing	-	-
duallity	core-library	resource-bridge	ocaml	missing	unicode-scalar	abstract types; Seq; result; Fun.protect	opam	deterministic-close-plus-leak-containment	missing	missing	missing	missing	-	missing	-	missing	-	missing	-	missing	-	missing	-	missing	-	missing	-	missing	-	missing	-	missing	-	missing	-	missing	-	missing	-	missing	-	missing	-	missing	-	missing	-	missing	-	missing	-	missing	-	-
duallity	core-library	resource-bridge	haskell	missing	unicode-scalar	type classes; Foldable; bracket; Either	Hackage	deterministic-close-plus-leak-containment	missing	missing	missing	missing	-	missing	-	missing	-	missing	-	missing	-	missing	-	missing	-	missing	-	missing	-	missing	-	missing	-	missing	-	missing	-	missing	-	missing	-	missing	-	missing	-	missing	-	missing	-	missing	-	missing	-	-
duallity	core-library	resource-bridge	lua	missing	unicode-scalar	generic-for iterators; __close; tables; error values	LuaRocks	deterministic-close-plus-leak-containment	missing	missing	missing	missing	-	missing	-	missing	-	missing	-	missing	-	missing	-	missing	-	missing	-	missing	-	missing	-	missing	-	missing	-	missing	-	missing	-	missing	-	missing	-	missing	-	missing	-	missing	-	missing	-	missing	-	-
duallity	core-library	resource-bridge	raku	missing	unicode-scalar	NativeCall; Iterable/Positional/Associative; LEAVE; exceptions	zef/fez	deterministic-close-plus-leak-containment	missing	missing	missing	missing	-	missing	-	missing	-	missing	-	missing	-	missing	-	missing	-	missing	-	missing	-	missing	-	missing	-	missing	-	missing	-	missing	-	missing	-	missing	-	missing	-	missing	-	missing	-	missing	-	missing	-	-
javascript-runtime	distribution-owner	native-napi-runtime	rust	review-required	not-unit-bearing	traits; IntoIterator/Iterator; Result; Drop	crates.io	deterministic-close-plus-leak-containment	review-required	review-required	review-required	review-required	-	review-required	-	review-required	-	review-required	-	review-required	-	review-required	-	review-required	-	review-required	-	review-required	-	review-required	-	review-required	-	review-required	-	review-required	-	review-required	-	review-required	-	review-required	-	review-required	-	review-required	-	review-required	-	review-required	-	review-required	-	-
javascript-runtime	distribution-owner	native-napi-runtime	c	review-required	not-unit-bearing	opaque handles; status codes; bounded buffers; vtables	CMake/pkg-config/GitHub Releases	deterministic-close-plus-leak-containment	review-required	review-required	review-required	review-required	-	review-required	-	review-required	-	review-required	-	review-required	-	review-required	-	review-required	-	review-required	-	review-required	-	review-required	-	review-required	-	review-required	-	review-required	-	review-required	-	review-required	-	review-required	-	review-required	-	review-required	-	review-required	-	review-required	-	review-required	-	-
javascript-runtime	distribution-owner	native-napi-runtime	cpp	review-required	not-unit-bearing	RAII; ranges/iterators; move-only handles; typed errors	CMake/pkg-config/GitHub Releases	deterministic-close-plus-leak-containment	review-required	review-required	review-required	review-required	-	review-required	-	review-required	-	review-required	-	review-required	-	review-required	-	review-required	-	review-required	-	review-required	-	review-required	-	review-required	-	review-required	-	review-required	-	review-required	-	review-required	-	review-required	-	review-required	-	review-required	-	review-required	-	review-required	-	review-required	-	-
javascript-runtime	distribution-owner	native-napi-runtime	python	review-required	not-unit-bearing	context managers; iterators/collections; exceptions; protocols	PyPI	deterministic-close-plus-leak-containment	review-required	review-required	review-required	review-required	-	review-required	-	review-required	-	review-required	-	review-required	-	review-required	-	review-required	-	review-required	-	review-required	-	review-required	-	review-required	-	review-required	-	review-required	-	review-required	-	review-required	-	review-required	-	review-required	-	review-required	-	review-required	-	review-required	-	review-required	-	-
javascript-runtime	distribution-owner	native-napi-runtime	java	review-required	not-unit-bearing	AutoCloseable/try-with-resources; Collection/Map; Stream/Spliterator; interfaces	Maven Central	deterministic-close-plus-leak-containment	review-required	review-required	review-required	review-required	-	review-required	-	review-required	-	review-required	-	review-required	-	review-required	-	review-required	-	review-required	-	review-required	-	review-required	-	review-required	-	review-required	-	review-required	-	review-required	-	review-required	-	review-required	-	review-required	-	review-required	-	review-required	-	review-required	-	review-required	-	-
javascript-runtime	distribution-owner	native-napi-runtime	kotlin	review-required	not-unit-bearing	use; Iterable/Map; Sequence; SAM interfaces	Maven Central	deterministic-close-plus-leak-containment	review-required	review-required	review-required	review-required	-	review-required	-	review-required	-	review-required	-	review-required	-	review-required	-	review-required	-	review-required	-	review-required	-	review-required	-	review-required	-	review-required	-	review-required	-	review-required	-	review-required	-	review-required	-	review-required	-	review-required	-	review-required	-	review-required	-	review-required	-	-
javascript-runtime	distribution-owner	native-napi-runtime	scala	review-required	not-unit-bearing	Using/AutoCloseable; Iterable; Iterator; type classes	Maven Central	deterministic-close-plus-leak-containment	review-required	review-required	review-required	review-required	-	review-required	-	review-required	-	review-required	-	review-required	-	review-required	-	review-required	-	review-required	-	review-required	-	review-required	-	review-required	-	review-required	-	review-required	-	review-required	-	review-required	-	review-required	-	review-required	-	review-required	-	review-required	-	review-required	-	review-required	-	-
javascript-runtime	distribution-owner	native-napi-runtime	clojure	review-required	not-unit-bearing	Seqable; IReduceInit; Closeable; persistent values	Clojars	deterministic-close-plus-leak-containment	review-required	review-required	review-required	review-required	-	review-required	-	review-required	-	review-required	-	review-required	-	review-required	-	review-required	-	review-required	-	review-required	-	review-required	-	review-required	-	review-required	-	review-required	-	review-required	-	review-required	-	review-required	-	review-required	-	review-required	-	review-required	-	review-required	-	review-required	-	-
javascript-runtime	distribution-owner	native-napi-runtime	csharp	review-required	not-unit-bearing	IDisposable/using; IEnumerable/IDictionary; exceptions; interfaces	NuGet	deterministic-close-plus-leak-containment	review-required	review-required	review-required	review-required	-	review-required	-	review-required	-	review-required	-	review-required	-	review-required	-	review-required	-	review-required	-	review-required	-	review-required	-	review-required	-	review-required	-	review-required	-	review-required	-	review-required	-	review-required	-	review-required	-	review-required	-	review-required	-	review-required	-	review-required	-	-
javascript-runtime	distribution-owner	native-napi-runtime	fsharp	review-required	not-unit-bearing	use/use!; seq; Result; object expressions; interfaces	NuGet	deterministic-close-plus-leak-containment	review-required	review-required	review-required	review-required	-	review-required	-	review-required	-	review-required	-	review-required	-	review-required	-	review-required	-	review-required	-	review-required	-	review-required	-	review-required	-	review-required	-	review-required	-	review-required	-	review-required	-	review-required	-	review-required	-	review-required	-	review-required	-	review-required	-	review-required	-	-
javascript-runtime	distribution-owner	native-napi-runtime	go	review-required	not-unit-bearing	interfaces; iter.Seq; io.Closer; errors	Go module proxy	deterministic-close-plus-leak-containment	review-required	review-required	review-required	review-required	-	review-required	-	review-required	-	review-required	-	review-required	-	review-required	-	review-required	-	review-required	-	review-required	-	review-required	-	review-required	-	review-required	-	review-required	-	review-required	-	review-required	-	review-required	-	review-required	-	review-required	-	review-required	-	review-required	-	review-required	-	-
javascript-runtime	distribution-owner	native-napi-runtime	javascript	audit-required	not-unit-bearing	Symbol.iterator; Symbol.dispose; Error; native/WASM/WASI runtime identity	npm	deterministic-close-plus-leak-containment	audit-required	audit-required	audit-required	audit-required	-	audit-required	-	audit-required	-	audit-required	-	audit-required	-	audit-required	-	audit-required	-	audit-required	-	audit-required	-	audit-required	-	audit-required	-	audit-required	-	audit-required	-	audit-required	-	audit-required	-	audit-required	-	audit-required	-	audit-required	-	audit-required	-	audit-required	-	audit-required	-	javascript-runtime/package.json
javascript-runtime	distribution-owner	native-napi-runtime	typescript	audit-required	not-unit-bearing	structural interfaces; Iterable; Disposable; discriminated errors	npm	deterministic-close-plus-leak-containment	audit-required	audit-required	audit-required	audit-required	-	audit-required	-	audit-required	-	audit-required	-	audit-required	-	audit-required	-	audit-required	-	audit-required	-	audit-required	-	audit-required	-	audit-required	-	audit-required	-	audit-required	-	audit-required	-	audit-required	-	audit-required	-	audit-required	-	audit-required	-	audit-required	-	audit-required	-	audit-required	-	javascript-runtime/index.d.ts
javascript-runtime	distribution-owner	native-napi-runtime	clojurescript	review-required	not-unit-bearing	ISeqable; IReduce; protocol dispatch; close!	npm	deterministic-close-plus-leak-containment	review-required	review-required	review-required	review-required	-	review-required	-	review-required	-	review-required	-	review-required	-	review-required	-	review-required	-	review-required	-	review-required	-	review-required	-	review-required	-	review-required	-	review-required	-	review-required	-	review-required	-	review-required	-	review-required	-	review-required	-	review-required	-	review-required	-	review-required	-	-
javascript-runtime	distribution-owner	native-napi-runtime	swift	review-required	not-unit-bearing	Sequence/Collection; protocols; throws; deterministic scoped ownership	Swift Package Index	deterministic-close-plus-leak-containment	review-required	review-required	review-required	review-required	-	review-required	-	review-required	-	review-required	-	review-required	-	review-required	-	review-required	-	review-required	-	review-required	-	review-required	-	review-required	-	review-required	-	review-required	-	review-required	-	review-required	-	review-required	-	review-required	-	review-required	-	review-required	-	review-required	-	review-required	-	-
javascript-runtime	distribution-owner	native-napi-runtime	ruby	review-required	not-unit-bearing	Enumerable; blocks/ensure; exceptions; explicit close	RubyGems	deterministic-close-plus-leak-containment	review-required	review-required	review-required	review-required	-	review-required	-	review-required	-	review-required	-	review-required	-	review-required	-	review-required	-	review-required	-	review-required	-	review-required	-	review-required	-	review-required	-	review-required	-	review-required	-	review-required	-	review-required	-	review-required	-	review-required	-	review-required	-	review-required	-	review-required	-	-
javascript-runtime	distribution-owner	native-napi-runtime	fortran	review-required	not-unit-bearing	modules; derived types; type-bound procedures; finalizers	fpm	deterministic-close-plus-leak-containment	review-required	review-required	review-required	review-required	-	review-required	-	review-required	-	review-required	-	review-required	-	review-required	-	review-required	-	review-required	-	review-required	-	review-required	-	review-required	-	review-required	-	review-required	-	review-required	-	review-required	-	review-required	-	review-required	-	review-required	-	review-required	-	review-required	-	review-required	-	-
javascript-runtime	distribution-owner	native-napi-runtime	ocaml	review-required	not-unit-bearing	abstract types; Seq; result; Fun.protect	opam	deterministic-close-plus-leak-containment	review-required	review-required	review-required	review-required	-	review-required	-	review-required	-	review-required	-	review-required	-	review-required	-	review-required	-	review-required	-	review-required	-	review-required	-	review-required	-	review-required	-	review-required	-	review-required	-	review-required	-	review-required	-	review-required	-	review-required	-	review-required	-	review-required	-	review-required	-	-
javascript-runtime	distribution-owner	native-napi-runtime	haskell	review-required	not-unit-bearing	type classes; Foldable; bracket; Either	Hackage	deterministic-close-plus-leak-containment	review-required	review-required	review-required	review-required	-	review-required	-	review-required	-	review-required	-	review-required	-	review-required	-	review-required	-	review-required	-	review-required	-	review-required	-	review-required	-	review-required	-	review-required	-	review-required	-	review-required	-	review-required	-	review-required	-	review-required	-	review-required	-	review-required	-	review-required	-	-
javascript-runtime	distribution-owner	native-napi-runtime	lua	review-required	not-unit-bearing	generic-for iterators; __close; tables; error values	LuaRocks	deterministic-close-plus-leak-containment	review-required	review-required	review-required	review-required	-	review-required	-	review-required	-	review-required	-	review-required	-	review-required	-	review-required	-	review-required	-	review-required	-	review-required	-	review-required	-	review-required	-	review-required	-	review-required	-	review-required	-	review-required	-	review-required	-	review-required	-	review-required	-	review-required	-	review-required	-	-
javascript-runtime	distribution-owner	native-napi-runtime	raku	review-required	not-unit-bearing	NativeCall; Iterable/Positional/Associative; LEAVE; exceptions	zef/fez	deterministic-close-plus-leak-containment	review-required	review-required	review-required	review-required	-	review-required	-	review-required	-	review-required	-	review-required	-	review-required	-	review-required	-	review-required	-	review-required	-	review-required	-	review-required	-	review-required	-	review-required	-	review-required	-	review-required	-	review-required	-	review-required	-	review-required	-	review-required	-	review-required	-	review-required	-	-
javascript-runtime	distribution-owner	browser-wasm-runtime	rust	review-required	not-unit-bearing	traits; IntoIterator/Iterator; Result; Drop	crates.io	deterministic-close-plus-leak-containment	review-required	review-required	review-required	review-required	-	review-required	-	review-required	-	review-required	-	review-required	-	review-required	-	review-required	-	review-required	-	review-required	-	review-required	-	review-required	-	review-required	-	review-required	-	review-required	-	review-required	-	review-required	-	review-required	-	review-required	-	review-required	-	review-required	-	review-required	-	-
javascript-runtime	distribution-owner	browser-wasm-runtime	c	review-required	not-unit-bearing	opaque handles; status codes; bounded buffers; vtables	CMake/pkg-config/GitHub Releases	deterministic-close-plus-leak-containment	review-required	review-required	review-required	review-required	-	review-required	-	review-required	-	review-required	-	review-required	-	review-required	-	review-required	-	review-required	-	review-required	-	review-required	-	review-required	-	review-required	-	review-required	-	review-required	-	review-required	-	review-required	-	review-required	-	review-required	-	review-required	-	review-required	-	review-required	-	-
javascript-runtime	distribution-owner	browser-wasm-runtime	cpp	review-required	not-unit-bearing	RAII; ranges/iterators; move-only handles; typed errors	CMake/pkg-config/GitHub Releases	deterministic-close-plus-leak-containment	review-required	review-required	review-required	review-required	-	review-required	-	review-required	-	review-required	-	review-required	-	review-required	-	review-required	-	review-required	-	review-required	-	review-required	-	review-required	-	review-required	-	review-required	-	review-required	-	review-required	-	review-required	-	review-required	-	review-required	-	review-required	-	review-required	-	review-required	-	-
javascript-runtime	distribution-owner	browser-wasm-runtime	python	review-required	not-unit-bearing	context managers; iterators/collections; exceptions; protocols	PyPI	deterministic-close-plus-leak-containment	review-required	review-required	review-required	review-required	-	review-required	-	review-required	-	review-required	-	review-required	-	review-required	-	review-required	-	review-required	-	review-required	-	review-required	-	review-required	-	review-required	-	review-required	-	review-required	-	review-required	-	review-required	-	review-required	-	review-required	-	review-required	-	review-required	-	review-required	-	-
javascript-runtime	distribution-owner	browser-wasm-runtime	java	review-required	not-unit-bearing	AutoCloseable/try-with-resources; Collection/Map; Stream/Spliterator; interfaces	Maven Central	deterministic-close-plus-leak-containment	review-required	review-required	review-required	review-required	-	review-required	-	review-required	-	review-required	-	review-required	-	review-required	-	review-required	-	review-required	-	review-required	-	review-required	-	review-required	-	review-required	-	review-required	-	review-required	-	review-required	-	review-required	-	review-required	-	review-required	-	review-required	-	review-required	-	review-required	-	-
javascript-runtime	distribution-owner	browser-wasm-runtime	kotlin	review-required	not-unit-bearing	use; Iterable/Map; Sequence; SAM interfaces	Maven Central	deterministic-close-plus-leak-containment	review-required	review-required	review-required	review-required	-	review-required	-	review-required	-	review-required	-	review-required	-	review-required	-	review-required	-	review-required	-	review-required	-	review-required	-	review-required	-	review-required	-	review-required	-	review-required	-	review-required	-	review-required	-	review-required	-	review-required	-	review-required	-	review-required	-	review-required	-	-
javascript-runtime	distribution-owner	browser-wasm-runtime	scala	review-required	not-unit-bearing	Using/AutoCloseable; Iterable; Iterator; type classes	Maven Central	deterministic-close-plus-leak-containment	review-required	review-required	review-required	review-required	-	review-required	-	review-required	-	review-required	-	review-required	-	review-required	-	review-required	-	review-required	-	review-required	-	review-required	-	review-required	-	review-required	-	review-required	-	review-required	-	review-required	-	review-required	-	review-required	-	review-required	-	review-required	-	review-required	-	review-required	-	-
javascript-runtime	distribution-owner	browser-wasm-runtime	clojure	review-required	not-unit-bearing	Seqable; IReduceInit; Closeable; persistent values	Clojars	deterministic-close-plus-leak-containment	review-required	review-required	review-required	review-required	-	review-required	-	review-required	-	review-required	-	review-required	-	review-required	-	review-required	-	review-required	-	review-required	-	review-required	-	review-required	-	review-required	-	review-required	-	review-required	-	review-required	-	review-required	-	review-required	-	review-required	-	review-required	-	review-required	-	review-required	-	-
javascript-runtime	distribution-owner	browser-wasm-runtime	csharp	review-required	not-unit-bearing	IDisposable/using; IEnumerable/IDictionary; exceptions; interfaces	NuGet	deterministic-close-plus-leak-containment	review-required	review-required	review-required	review-required	-	review-required	-	review-required	-	review-required	-	review-required	-	review-required	-	review-required	-	review-required	-	review-required	-	review-required	-	review-required	-	review-required	-	review-required	-	review-required	-	review-required	-	review-required	-	review-required	-	review-required	-	review-required	-	review-required	-	review-required	-	-
javascript-runtime	distribution-owner	browser-wasm-runtime	fsharp	review-required	not-unit-bearing	use/use!; seq; Result; object expressions; interfaces	NuGet	deterministic-close-plus-leak-containment	review-required	review-required	review-required	review-required	-	review-required	-	review-required	-	review-required	-	review-required	-	review-required	-	review-required	-	review-required	-	review-required	-	review-required	-	review-required	-	review-required	-	review-required	-	review-required	-	review-required	-	review-required	-	review-required	-	review-required	-	review-required	-	review-required	-	review-required	-	-
javascript-runtime	distribution-owner	browser-wasm-runtime	go	review-required	not-unit-bearing	interfaces; iter.Seq; io.Closer; errors	Go module proxy	deterministic-close-plus-leak-containment	review-required	review-required	review-required	review-required	-	review-required	-	review-required	-	review-required	-	review-required	-	review-required	-	review-required	-	review-required	-	review-required	-	review-required	-	review-required	-	review-required	-	review-required	-	review-required	-	review-required	-	review-required	-	review-required	-	review-required	-	review-required	-	review-required	-	review-required	-	-
javascript-runtime	distribution-owner	browser-wasm-runtime	javascript	audit-required	not-unit-bearing	Symbol.iterator; Symbol.dispose; Error; native/WASM/WASI runtime identity	npm	deterministic-close-plus-leak-containment	audit-required	audit-required	audit-required	audit-required	-	audit-required	-	audit-required	-	audit-required	-	audit-required	-	audit-required	-	audit-required	-	audit-required	-	audit-required	-	audit-required	-	audit-required	-	audit-required	-	audit-required	-	audit-required	-	audit-required	-	audit-required	-	audit-required	-	audit-required	-	audit-required	-	audit-required	-	audit-required	-	javascript-runtime/package.json
javascript-runtime	distribution-owner	browser-wasm-runtime	typescript	audit-required	not-unit-bearing	structural interfaces; Iterable; Disposable; discriminated errors	npm	deterministic-close-plus-leak-containment	audit-required	audit-required	audit-required	audit-required	-	audit-required	-	audit-required	-	audit-required	-	audit-required	-	audit-required	-	audit-required	-	audit-required	-	audit-required	-	audit-required	-	audit-required	-	audit-required	-	audit-required	-	audit-required	-	audit-required	-	audit-required	-	audit-required	-	audit-required	-	audit-required	-	audit-required	-	audit-required	-	javascript-runtime/index.d.ts
javascript-runtime	distribution-owner	browser-wasm-runtime	clojurescript	review-required	not-unit-bearing	ISeqable; IReduce; protocol dispatch; close!	npm	deterministic-close-plus-leak-containment	review-required	review-required	review-required	review-required	-	review-required	-	review-required	-	review-required	-	review-required	-	review-required	-	review-required	-	review-required	-	review-required	-	review-required	-	review-required	-	review-required	-	review-required	-	review-required	-	review-required	-	review-required	-	review-required	-	review-required	-	review-required	-	review-required	-	review-required	-	-
javascript-runtime	distribution-owner	browser-wasm-runtime	swift	review-required	not-unit-bearing	Sequence/Collection; protocols; throws; deterministic scoped ownership	Swift Package Index	deterministic-close-plus-leak-containment	review-required	review-required	review-required	review-required	-	review-required	-	review-required	-	review-required	-	review-required	-	review-required	-	review-required	-	review-required	-	review-required	-	review-required	-	review-required	-	review-required	-	review-required	-	review-required	-	review-required	-	review-required	-	review-required	-	review-required	-	review-required	-	review-required	-	review-required	-	-
javascript-runtime	distribution-owner	browser-wasm-runtime	ruby	review-required	not-unit-bearing	Enumerable; blocks/ensure; exceptions; explicit close	RubyGems	deterministic-close-plus-leak-containment	review-required	review-required	review-required	review-required	-	review-required	-	review-required	-	review-required	-	review-required	-	review-required	-	review-required	-	review-required	-	review-required	-	review-required	-	review-required	-	review-required	-	review-required	-	review-required	-	review-required	-	review-required	-	review-required	-	review-required	-	review-required	-	review-required	-	review-required	-	-
javascript-runtime	distribution-owner	browser-wasm-runtime	fortran	review-required	not-unit-bearing	modules; derived types; type-bound procedures; finalizers	fpm	deterministic-close-plus-leak-containment	review-required	review-required	review-required	review-required	-	review-required	-	review-required	-	review-required	-	review-required	-	review-required	-	review-required	-	review-required	-	review-required	-	review-required	-	review-required	-	review-required	-	review-required	-	review-required	-	review-required	-	review-required	-	review-required	-	review-required	-	review-required	-	review-required	-	review-required	-	-
javascript-runtime	distribution-owner	browser-wasm-runtime	ocaml	review-required	not-unit-bearing	abstract types; Seq; result; Fun.protect	opam	deterministic-close-plus-leak-containment	review-required	review-required	review-required	review-required	-	review-required	-	review-required	-	review-required	-	review-required	-	review-required	-	review-required	-	review-required	-	review-required	-	review-required	-	review-required	-	review-required	-	review-required	-	review-required	-	review-required	-	review-required	-	review-required	-	review-required	-	review-required	-	review-required	-	review-required	-	-
javascript-runtime	distribution-owner	browser-wasm-runtime	haskell	review-required	not-unit-bearing	type classes; Foldable; bracket; Either	Hackage	deterministic-close-plus-leak-containment	review-required	review-required	review-required	review-required	-	review-required	-	review-required	-	review-required	-	review-required	-	review-required	-	review-required	-	review-required	-	review-required	-	review-required	-	review-required	-	review-required	-	review-required	-	review-required	-	review-required	-	review-required	-	review-required	-	review-required	-	review-required	-	review-required	-	review-required	-	-
javascript-runtime	distribution-owner	browser-wasm-runtime	lua	review-required	not-unit-bearing	generic-for iterators; __close; tables; error values	LuaRocks	deterministic-close-plus-leak-containment	review-required	review-required	review-required	review-required	-	review-required	-	review-required	-	review-required	-	review-required	-	review-required	-	review-required	-	review-required	-	review-required	-	review-required	-	review-required	-	review-required	-	review-required	-	review-required	-	review-required	-	review-required	-	review-required	-	review-required	-	review-required	-	review-required	-	review-required	-	-
javascript-runtime	distribution-owner	browser-wasm-runtime	raku	review-required	not-unit-bearing	NativeCall; Iterable/Positional/Associative; LEAVE; exceptions	zef/fez	deterministic-close-plus-leak-containment	review-required	review-required	review-required	review-required	-	review-required	-	review-required	-	review-required	-	review-required	-	review-required	-	review-required	-	review-required	-	review-required	-	review-required	-	review-required	-	review-required	-	review-required	-	review-required	-	review-required	-	review-required	-	review-required	-	review-required	-	review-required	-	review-required	-	review-required	-	-
javascript-runtime	distribution-owner	wasi-runtime	rust	review-required	not-unit-bearing	traits; IntoIterator/Iterator; Result; Drop	crates.io	deterministic-close-plus-leak-containment	review-required	review-required	review-required	review-required	-	review-required	-	review-required	-	review-required	-	review-required	-	review-required	-	review-required	-	review-required	-	review-required	-	review-required	-	review-required	-	review-required	-	review-required	-	review-required	-	review-required	-	review-required	-	review-required	-	review-required	-	review-required	-	review-required	-	review-required	-	-
javascript-runtime	distribution-owner	wasi-runtime	c	review-required	not-unit-bearing	opaque handles; status codes; bounded buffers; vtables	CMake/pkg-config/GitHub Releases	deterministic-close-plus-leak-containment	review-required	review-required	review-required	review-required	-	review-required	-	review-required	-	review-required	-	review-required	-	review-required	-	review-required	-	review-required	-	review-required	-	review-required	-	review-required	-	review-required	-	review-required	-	review-required	-	review-required	-	review-required	-	review-required	-	review-required	-	review-required	-	review-required	-	review-required	-	-
javascript-runtime	distribution-owner	wasi-runtime	cpp	review-required	not-unit-bearing	RAII; ranges/iterators; move-only handles; typed errors	CMake/pkg-config/GitHub Releases	deterministic-close-plus-leak-containment	review-required	review-required	review-required	review-required	-	review-required	-	review-required	-	review-required	-	review-required	-	review-required	-	review-required	-	review-required	-	review-required	-	review-required	-	review-required	-	review-required	-	review-required	-	review-required	-	review-required	-	review-required	-	review-required	-	review-required	-	review-required	-	review-required	-	review-required	-	-
javascript-runtime	distribution-owner	wasi-runtime	python	review-required	not-unit-bearing	context managers; iterators/collections; exceptions; protocols	PyPI	deterministic-close-plus-leak-containment	review-required	review-required	review-required	review-required	-	review-required	-	review-required	-	review-required	-	review-required	-	review-required	-	review-required	-	review-required	-	review-required	-	review-required	-	review-required	-	review-required	-	review-required	-	review-required	-	review-required	-	review-required	-	review-required	-	review-required	-	review-required	-	review-required	-	review-required	-	-
javascript-runtime	distribution-owner	wasi-runtime	java	review-required	not-unit-bearing	AutoCloseable/try-with-resources; Collection/Map; Stream/Spliterator; interfaces	Maven Central	deterministic-close-plus-leak-containment	review-required	review-required	review-required	review-required	-	review-required	-	review-required	-	review-required	-	review-required	-	review-required	-	review-required	-	review-required	-	review-required	-	review-required	-	review-required	-	review-required	-	review-required	-	review-required	-	review-required	-	review-required	-	review-required	-	review-required	-	review-required	-	review-required	-	review-required	-	-
javascript-runtime	distribution-owner	wasi-runtime	kotlin	review-required	not-unit-bearing	use; Iterable/Map; Sequence; SAM interfaces	Maven Central	deterministic-close-plus-leak-containment	review-required	review-required	review-required	review-required	-	review-required	-	review-required	-	review-required	-	review-required	-	review-required	-	review-required	-	review-required	-	review-required	-	review-required	-	review-required	-	review-required	-	review-required	-	review-required	-	review-required	-	review-required	-	review-required	-	review-required	-	review-required	-	review-required	-	review-required	-	-
javascript-runtime	distribution-owner	wasi-runtime	scala	review-required	not-unit-bearing	Using/AutoCloseable; Iterable; Iterator; type classes	Maven Central	deterministic-close-plus-leak-containment	review-required	review-required	review-required	review-required	-	review-required	-	review-required	-	review-required	-	review-required	-	review-required	-	review-required	-	review-required	-	review-required	-	review-required	-	review-required	-	review-required	-	review-required	-	review-required	-	review-required	-	review-required	-	review-required	-	review-required	-	review-required	-	review-required	-	review-required	-	-
javascript-runtime	distribution-owner	wasi-runtime	clojure	review-required	not-unit-bearing	Seqable; IReduceInit; Closeable; persistent values	Clojars	deterministic-close-plus-leak-containment	review-required	review-required	review-required	review-required	-	review-required	-	review-required	-	review-required	-	review-required	-	review-required	-	review-required	-	review-required	-	review-required	-	review-required	-	review-required	-	review-required	-	review-required	-	review-required	-	review-required	-	review-required	-	review-required	-	review-required	-	review-required	-	review-required	-	review-required	-	-
javascript-runtime	distribution-owner	wasi-runtime	csharp	review-required	not-unit-bearing	IDisposable/using; IEnumerable/IDictionary; exceptions; interfaces	NuGet	deterministic-close-plus-leak-containment	review-required	review-required	review-required	review-required	-	review-required	-	review-required	-	review-required	-	review-required	-	review-required	-	review-required	-	review-required	-	review-required	-	review-required	-	review-required	-	review-required	-	review-required	-	review-required	-	review-required	-	review-required	-	review-required	-	review-required	-	review-required	-	review-required	-	review-required	-	-
javascript-runtime	distribution-owner	wasi-runtime	fsharp	review-required	not-unit-bearing	use/use!; seq; Result; object expressions; interfaces	NuGet	deterministic-close-plus-leak-containment	review-required	review-required	review-required	review-required	-	review-required	-	review-required	-	review-required	-	review-required	-	review-required	-	review-required	-	review-required	-	review-required	-	review-required	-	review-required	-	review-required	-	review-required	-	review-required	-	review-required	-	review-required	-	review-required	-	review-required	-	review-required	-	review-required	-	review-required	-	-
javascript-runtime	distribution-owner	wasi-runtime	go	review-required	not-unit-bearing	interfaces; iter.Seq; io.Closer; errors	Go module proxy	deterministic-close-plus-leak-containment	review-required	review-required	review-required	review-required	-	review-required	-	review-required	-	review-required	-	review-required	-	review-required	-	review-required	-	review-required	-	review-required	-	review-required	-	review-required	-	review-required	-	review-required	-	review-required	-	review-required	-	review-required	-	review-required	-	review-required	-	review-required	-	review-required	-	review-required	-	-
javascript-runtime	distribution-owner	wasi-runtime	javascript	audit-required	not-unit-bearing	Symbol.iterator; Symbol.dispose; Error; native/WASM/WASI runtime identity	npm	deterministic-close-plus-leak-containment	audit-required	audit-required	audit-required	audit-required	-	audit-required	-	audit-required	-	audit-required	-	audit-required	-	audit-required	-	audit-required	-	audit-required	-	audit-required	-	audit-required	-	audit-required	-	audit-required	-	audit-required	-	audit-required	-	audit-required	-	audit-required	-	audit-required	-	audit-required	-	audit-required	-	audit-required	-	audit-required	-	javascript-runtime/package.json
javascript-runtime	distribution-owner	wasi-runtime	typescript	audit-required	not-unit-bearing	structural interfaces; Iterable; Disposable; discriminated errors	npm	deterministic-close-plus-leak-containment	audit-required	audit-required	audit-required	audit-required	-	audit-required	-	audit-required	-	audit-required	-	audit-required	-	audit-required	-	audit-required	-	audit-required	-	audit-required	-	audit-required	-	audit-required	-	audit-required	-	audit-required	-	audit-required	-	audit-required	-	audit-required	-	audit-required	-	audit-required	-	audit-required	-	audit-required	-	audit-required	-	javascript-runtime/index.d.ts
javascript-runtime	distribution-owner	wasi-runtime	clojurescript	review-required	not-unit-bearing	ISeqable; IReduce; protocol dispatch; close!	npm	deterministic-close-plus-leak-containment	review-required	review-required	review-required	review-required	-	review-required	-	review-required	-	review-required	-	review-required	-	review-required	-	review-required	-	review-required	-	review-required	-	review-required	-	review-required	-	review-required	-	review-required	-	review-required	-	review-required	-	review-required	-	review-required	-	review-required	-	review-required	-	review-required	-	review-required	-	-
javascript-runtime	distribution-owner	wasi-runtime	swift	review-required	not-unit-bearing	Sequence/Collection; protocols; throws; deterministic scoped ownership	Swift Package Index	deterministic-close-plus-leak-containment	review-required	review-required	review-required	review-required	-	review-required	-	review-required	-	review-required	-	review-required	-	review-required	-	review-required	-	review-required	-	review-required	-	review-required	-	review-required	-	review-required	-	review-required	-	review-required	-	review-required	-	review-required	-	review-required	-	review-required	-	review-required	-	review-required	-	review-required	-	-
javascript-runtime	distribution-owner	wasi-runtime	ruby	review-required	not-unit-bearing	Enumerable; blocks/ensure; exceptions; explicit close	RubyGems	deterministic-close-plus-leak-containment	review-required	review-required	review-required	review-required	-	review-required	-	review-required	-	review-required	-	review-required	-	review-required	-	review-required	-	review-required	-	review-required	-	review-required	-	review-required	-	review-required	-	review-required	-	review-required	-	review-required	-	review-required	-	review-required	-	review-required	-	review-required	-	review-required	-	review-required	-	-
javascript-runtime	distribution-owner	wasi-runtime	fortran	review-required	not-unit-bearing	modules; derived types; type-bound procedures; finalizers	fpm	deterministic-close-plus-leak-containment	review-required	review-required	review-required	review-required	-	review-required	-	review-required	-	review-required	-	review-required	-	review-required	-	review-required	-	review-required	-	review-required	-	review-required	-	review-required	-	review-required	-	review-required	-	review-required	-	review-required	-	review-required	-	review-required	-	review-required	-	review-required	-	review-required	-	review-required	-	-
javascript-runtime	distribution-owner	wasi-runtime	ocaml	review-required	not-unit-bearing	abstract types; Seq; result; Fun.protect	opam	deterministic-close-plus-leak-containment	review-required	review-required	review-required	review-required	-	review-required	-	review-required	-	review-required	-	review-required	-	review-required	-	review-required	-	review-required	-	review-required	-	review-required	-	review-required	-	review-required	-	review-required	-	review-required	-	review-required	-	review-required	-	review-required	-	review-required	-	review-required	-	review-required	-	review-required	-	-
javascript-runtime	distribution-owner	wasi-runtime	haskell	review-required	not-unit-bearing	type classes; Foldable; bracket; Either	Hackage	deterministic-close-plus-leak-containment	review-required	review-required	review-required	review-required	-	review-required	-	review-required	-	review-required	-	review-required	-	review-required	-	review-required	-	review-required	-	review-required	-	review-required	-	review-required	-	review-required	-	review-required	-	review-required	-	review-required	-	review-required	-	review-required	-	review-required	-	review-required	-	review-required	-	review-required	-	-
javascript-runtime	distribution-owner	wasi-runtime	lua	review-required	not-unit-bearing	generic-for iterators; __close; tables; error values	LuaRocks	deterministic-close-plus-leak-containment	review-required	review-required	review-required	review-required	-	review-required	-	review-required	-	review-required	-	review-required	-	review-required	-	review-required	-	review-required	-	review-required	-	review-required	-	review-required	-	review-required	-	review-required	-	review-required	-	review-required	-	review-required	-	review-required	-	review-required	-	review-required	-	review-required	-	review-required	-	-
javascript-runtime	distribution-owner	wasi-runtime	raku	review-required	not-unit-bearing	NativeCall; Iterable/Positional/Associative; LEAVE; exceptions	zef/fez	deterministic-close-plus-leak-containment	review-required	review-required	review-required	review-required	-	review-required	-	review-required	-	review-required	-	review-required	-	review-required	-	review-required	-	review-required	-	review-required	-	review-required	-	review-required	-	review-required	-	review-required	-	review-required	-	review-required	-	review-required	-	review-required	-	review-required	-	review-required	-	review-required	-	review-required	-	-
javascript-runtime	distribution-owner	resource-table	rust	review-required	not-unit-bearing	traits; IntoIterator/Iterator; Result; Drop	crates.io	deterministic-close-plus-leak-containment	review-required	review-required	review-required	review-required	-	review-required	-	review-required	-	review-required	-	review-required	-	review-required	-	review-required	-	review-required	-	review-required	-	review-required	-	review-required	-	review-required	-	review-required	-	review-required	-	review-required	-	review-required	-	review-required	-	review-required	-	review-required	-	review-required	-	review-required	-	-
javascript-runtime	distribution-owner	resource-table	c	review-required	not-unit-bearing	opaque handles; status codes; bounded buffers; vtables	CMake/pkg-config/GitHub Releases	deterministic-close-plus-leak-containment	review-required	review-required	review-required	review-required	-	review-required	-	review-required	-	review-required	-	review-required	-	review-required	-	review-required	-	review-required	-	review-required	-	review-required	-	review-required	-	review-required	-	review-required	-	review-required	-	review-required	-	review-required	-	review-required	-	review-required	-	review-required	-	review-required	-	review-required	-	-
javascript-runtime	distribution-owner	resource-table	cpp	review-required	not-unit-bearing	RAII; ranges/iterators; move-only handles; typed errors	CMake/pkg-config/GitHub Releases	deterministic-close-plus-leak-containment	review-required	review-required	review-required	review-required	-	review-required	-	review-required	-	review-required	-	review-required	-	review-required	-	review-required	-	review-required	-	review-required	-	review-required	-	review-required	-	review-required	-	review-required	-	review-required	-	review-required	-	review-required	-	review-required	-	review-required	-	review-required	-	review-required	-	review-required	-	-
javascript-runtime	distribution-owner	resource-table	python	review-required	not-unit-bearing	context managers; iterators/collections; exceptions; protocols	PyPI	deterministic-close-plus-leak-containment	review-required	review-required	review-required	review-required	-	review-required	-	review-required	-	review-required	-	review-required	-	review-required	-	review-required	-	review-required	-	review-required	-	review-required	-	review-required	-	review-required	-	review-required	-	review-required	-	review-required	-	review-required	-	review-required	-	review-required	-	review-required	-	review-required	-	review-required	-	-
javascript-runtime	distribution-owner	resource-table	java	review-required	not-unit-bearing	AutoCloseable/try-with-resources; Collection/Map; Stream/Spliterator; interfaces	Maven Central	deterministic-close-plus-leak-containment	review-required	review-required	review-required	review-required	-	review-required	-	review-required	-	review-required	-	review-required	-	review-required	-	review-required	-	review-required	-	review-required	-	review-required	-	review-required	-	review-required	-	review-required	-	review-required	-	review-required	-	review-required	-	review-required	-	review-required	-	review-required	-	review-required	-	review-required	-	-
javascript-runtime	distribution-owner	resource-table	kotlin	review-required	not-unit-bearing	use; Iterable/Map; Sequence; SAM interfaces	Maven Central	deterministic-close-plus-leak-containment	review-required	review-required	review-required	review-required	-	review-required	-	review-required	-	review-required	-	review-required	-	review-required	-	review-required	-	review-required	-	review-required	-	review-required	-	review-required	-	review-required	-	review-required	-	review-required	-	review-required	-	review-required	-	review-required	-	review-required	-	review-required	-	review-required	-	review-required	-	-
javascript-runtime	distribution-owner	resource-table	scala	review-required	not-unit-bearing	Using/AutoCloseable; Iterable; Iterator; type classes	Maven Central	deterministic-close-plus-leak-containment	review-required	review-required	review-required	review-required	-	review-required	-	review-required	-	review-required	-	review-required	-	review-required	-	review-required	-	review-required	-	review-required	-	review-required	-	review-required	-	review-required	-	review-required	-	review-required	-	review-required	-	review-required	-	review-required	-	review-required	-	review-required	-	review-required	-	review-required	-	-
javascript-runtime	distribution-owner	resource-table	clojure	review-required	not-unit-bearing	Seqable; IReduceInit; Closeable; persistent values	Clojars	deterministic-close-plus-leak-containment	review-required	review-required	review-required	review-required	-	review-required	-	review-required	-	review-required	-	review-required	-	review-required	-	review-required	-	review-required	-	review-required	-	review-required	-	review-required	-	review-required	-	review-required	-	review-required	-	review-required	-	review-required	-	review-required	-	review-required	-	review-required	-	review-required	-	review-required	-	-
javascript-runtime	distribution-owner	resource-table	csharp	review-required	not-unit-bearing	IDisposable/using; IEnumerable/IDictionary; exceptions; interfaces	NuGet	deterministic-close-plus-leak-containment	review-required	review-required	review-required	review-required	-	review-required	-	review-required	-	review-required	-	review-required	-	review-required	-	review-required	-	review-required	-	review-required	-	review-required	-	review-required	-	review-required	-	review-required	-	review-required	-	review-required	-	review-required	-	review-required	-	review-required	-	review-required	-	review-required	-	review-required	-	-
javascript-runtime	distribution-owner	resource-table	fsharp	review-required	not-unit-bearing	use/use!; seq; Result; object expressions; interfaces	NuGet	deterministic-close-plus-leak-containment	review-required	review-required	review-required	review-required	-	review-required	-	review-required	-	review-required	-	review-required	-	review-required	-	review-required	-	review-required	-	review-required	-	review-required	-	review-required	-	review-required	-	review-required	-	review-required	-	review-required	-	review-required	-	review-required	-	review-required	-	review-required	-	review-required	-	review-required	-	-
javascript-runtime	distribution-owner	resource-table	go	review-required	not-unit-bearing	interfaces; iter.Seq; io.Closer; errors	Go module proxy	deterministic-close-plus-leak-containment	review-required	review-required	review-required	review-required	-	review-required	-	review-required	-	review-required	-	review-required	-	review-required	-	review-required	-	review-required	-	review-required	-	review-required	-	review-required	-	review-required	-	review-required	-	review-required	-	review-required	-	review-required	-	review-required	-	review-required	-	review-required	-	review-required	-	review-required	-	-
javascript-runtime	distribution-owner	resource-table	javascript	audit-required	not-unit-bearing	Symbol.iterator; Symbol.dispose; Error; native/WASM/WASI runtime identity	npm	deterministic-close-plus-leak-containment	audit-required	audit-required	audit-required	audit-required	-	audit-required	-	audit-required	-	audit-required	-	audit-required	-	audit-required	-	audit-required	-	audit-required	-	audit-required	-	audit-required	-	audit-required	-	audit-required	-	audit-required	-	audit-required	-	audit-required	-	audit-required	-	audit-required	-	audit-required	-	audit-required	-	audit-required	-	audit-required	-	javascript-runtime/package.json
javascript-runtime	distribution-owner	resource-table	typescript	audit-required	not-unit-bearing	structural interfaces; Iterable; Disposable; discriminated errors	npm	deterministic-close-plus-leak-containment	audit-required	audit-required	audit-required	audit-required	-	audit-required	-	audit-required	-	audit-required	-	audit-required	-	audit-required	-	audit-required	-	audit-required	-	audit-required	-	audit-required	-	audit-required	-	audit-required	-	audit-required	-	audit-required	-	audit-required	-	audit-required	-	audit-required	-	audit-required	-	audit-required	-	audit-required	-	audit-required	-	javascript-runtime/index.d.ts
javascript-runtime	distribution-owner	resource-table	clojurescript	review-required	not-unit-bearing	ISeqable; IReduce; protocol dispatch; close!	npm	deterministic-close-plus-leak-containment	review-required	review-required	review-required	review-required	-	review-required	-	review-required	-	review-required	-	review-required	-	review-required	-	review-required	-	review-required	-	review-required	-	review-required	-	review-required	-	review-required	-	review-required	-	review-required	-	review-required	-	review-required	-	review-required	-	review-required	-	review-required	-	review-required	-	review-required	-	-
javascript-runtime	distribution-owner	resource-table	swift	review-required	not-unit-bearing	Sequence/Collection; protocols; throws; deterministic scoped ownership	Swift Package Index	deterministic-close-plus-leak-containment	review-required	review-required	review-required	review-required	-	review-required	-	review-required	-	review-required	-	review-required	-	review-required	-	review-required	-	review-required	-	review-required	-	review-required	-	review-required	-	review-required	-	review-required	-	review-required	-	review-required	-	review-required	-	review-required	-	review-required	-	review-required	-	review-required	-	review-required	-	-
javascript-runtime	distribution-owner	resource-table	ruby	review-required	not-unit-bearing	Enumerable; blocks/ensure; exceptions; explicit close	RubyGems	deterministic-close-plus-leak-containment	review-required	review-required	review-required	review-required	-	review-required	-	review-required	-	review-required	-	review-required	-	review-required	-	review-required	-	review-required	-	review-required	-	review-required	-	review-required	-	review-required	-	review-required	-	review-required	-	review-required	-	review-required	-	review-required	-	review-required	-	review-required	-	review-required	-	review-required	-	-
javascript-runtime	distribution-owner	resource-table	fortran	review-required	not-unit-bearing	modules; derived types; type-bound procedures; finalizers	fpm	deterministic-close-plus-leak-containment	review-required	review-required	review-required	review-required	-	review-required	-	review-required	-	review-required	-	review-required	-	review-required	-	review-required	-	review-required	-	review-required	-	review-required	-	review-required	-	review-required	-	review-required	-	review-required	-	review-required	-	review-required	-	review-required	-	review-required	-	review-required	-	review-required	-	review-required	-	-
javascript-runtime	distribution-owner	resource-table	ocaml	review-required	not-unit-bearing	abstract types; Seq; result; Fun.protect	opam	deterministic-close-plus-leak-containment	review-required	review-required	review-required	review-required	-	review-required	-	review-required	-	review-required	-	review-required	-	review-required	-	review-required	-	review-required	-	review-required	-	review-required	-	review-required	-	review-required	-	review-required	-	review-required	-	review-required	-	review-required	-	review-required	-	review-required	-	review-required	-	review-required	-	review-required	-	-
javascript-runtime	distribution-owner	resource-table	haskell	review-required	not-unit-bearing	type classes; Foldable; bracket; Either	Hackage	deterministic-close-plus-leak-containment	review-required	review-required	review-required	review-required	-	review-required	-	review-required	-	review-required	-	review-required	-	review-required	-	review-required	-	review-required	-	review-required	-	review-required	-	review-required	-	review-required	-	review-required	-	review-required	-	review-required	-	review-required	-	review-required	-	review-required	-	review-required	-	review-required	-	review-required	-	-
javascript-runtime	distribution-owner	resource-table	lua	review-required	not-unit-bearing	generic-for iterators; __close; tables; error values	LuaRocks	deterministic-close-plus-leak-containment	review-required	review-required	review-required	review-required	-	review-required	-	review-required	-	review-required	-	review-required	-	review-required	-	review-required	-	review-required	-	review-required	-	review-required	-	review-required	-	review-required	-	review-required	-	review-required	-	review-required	-	review-required	-	review-required	-	review-required	-	review-required	-	review-required	-	review-required	-	-
javascript-runtime	distribution-owner	resource-table	raku	review-required	not-unit-bearing	NativeCall; Iterable/Positional/Associative; LEAVE; exceptions	zef/fez	deterministic-close-plus-leak-containment	review-required	review-required	review-required	review-required	-	review-required	-	review-required	-	review-required	-	review-required	-	review-required	-	review-required	-	review-required	-	review-required	-	review-required	-	review-required	-	review-required	-	review-required	-	review-required	-	review-required	-	review-required	-	review-required	-	review-required	-	review-required	-	review-required	-	review-required	-	-
javascript-runtime	distribution-owner	runtime-identity	rust	review-required	not-unit-bearing	traits; IntoIterator/Iterator; Result; Drop	crates.io	deterministic-close-plus-leak-containment	review-required	review-required	review-required	review-required	-	review-required	-	review-required	-	review-required	-	review-required	-	review-required	-	review-required	-	review-required	-	review-required	-	review-required	-	review-required	-	review-required	-	review-required	-	review-required	-	review-required	-	review-required	-	review-required	-	review-required	-	review-required	-	review-required	-	review-required	-	-
javascript-runtime	distribution-owner	runtime-identity	c	review-required	not-unit-bearing	opaque handles; status codes; bounded buffers; vtables	CMake/pkg-config/GitHub Releases	deterministic-close-plus-leak-containment	review-required	review-required	review-required	review-required	-	review-required	-	review-required	-	review-required	-	review-required	-	review-required	-	review-required	-	review-required	-	review-required	-	review-required	-	review-required	-	review-required	-	review-required	-	review-required	-	review-required	-	review-required	-	review-required	-	review-required	-	review-required	-	review-required	-	review-required	-	-
javascript-runtime	distribution-owner	runtime-identity	cpp	review-required	not-unit-bearing	RAII; ranges/iterators; move-only handles; typed errors	CMake/pkg-config/GitHub Releases	deterministic-close-plus-leak-containment	review-required	review-required	review-required	review-required	-	review-required	-	review-required	-	review-required	-	review-required	-	review-required	-	review-required	-	review-required	-	review-required	-	review-required	-	review-required	-	review-required	-	review-required	-	review-required	-	review-required	-	review-required	-	review-required	-	review-required	-	review-required	-	review-required	-	review-required	-	-
javascript-runtime	distribution-owner	runtime-identity	python	review-required	not-unit-bearing	context managers; iterators/collections; exceptions; protocols	PyPI	deterministic-close-plus-leak-containment	review-required	review-required	review-required	review-required	-	review-required	-	review-required	-	review-required	-	review-required	-	review-required	-	review-required	-	review-required	-	review-required	-	review-required	-	review-required	-	review-required	-	review-required	-	review-required	-	review-required	-	review-required	-	review-required	-	review-required	-	review-required	-	review-required	-	review-required	-	-
javascript-runtime	distribution-owner	runtime-identity	java	review-required	not-unit-bearing	AutoCloseable/try-with-resources; Collection/Map; Stream/Spliterator; interfaces	Maven Central	deterministic-close-plus-leak-containment	review-required	review-required	review-required	review-required	-	review-required	-	review-required	-	review-required	-	review-required	-	review-required	-	review-required	-	review-required	-	review-required	-	review-required	-	review-required	-	review-required	-	review-required	-	review-required	-	review-required	-	review-required	-	review-required	-	review-required	-	review-required	-	review-required	-	review-required	-	-
javascript-runtime	distribution-owner	runtime-identity	kotlin	review-required	not-unit-bearing	use; Iterable/Map; Sequence; SAM interfaces	Maven Central	deterministic-close-plus-leak-containment	review-required	review-required	review-required	review-required	-	review-required	-	review-required	-	review-required	-	review-required	-	review-required	-	review-required	-	review-required	-	review-required	-	review-required	-	review-required	-	review-required	-	review-required	-	review-required	-	review-required	-	review-required	-	review-required	-	review-required	-	review-required	-	review-required	-	review-required	-	-
javascript-runtime	distribution-owner	runtime-identity	scala	review-required	not-unit-bearing	Using/AutoCloseable; Iterable; Iterator; type classes	Maven Central	deterministic-close-plus-leak-containment	review-required	review-required	review-required	review-required	-	review-required	-	review-required	-	review-required	-	review-required	-	review-required	-	review-required	-	review-required	-	review-required	-	review-required	-	review-required	-	review-required	-	review-required	-	review-required	-	review-required	-	review-required	-	review-required	-	review-required	-	review-required	-	review-required	-	review-required	-	-
javascript-runtime	distribution-owner	runtime-identity	clojure	review-required	not-unit-bearing	Seqable; IReduceInit; Closeable; persistent values	Clojars	deterministic-close-plus-leak-containment	review-required	review-required	review-required	review-required	-	review-required	-	review-required	-	review-required	-	review-required	-	review-required	-	review-required	-	review-required	-	review-required	-	review-required	-	review-required	-	review-required	-	review-required	-	review-required	-	review-required	-	review-required	-	review-required	-	review-required	-	review-required	-	review-required	-	review-required	-	-
javascript-runtime	distribution-owner	runtime-identity	csharp	review-required	not-unit-bearing	IDisposable/using; IEnumerable/IDictionary; exceptions; interfaces	NuGet	deterministic-close-plus-leak-containment	review-required	review-required	review-required	review-required	-	review-required	-	review-required	-	review-required	-	review-required	-	review-required	-	review-required	-	review-required	-	review-required	-	review-required	-	review-required	-	review-required	-	review-required	-	review-required	-	review-required	-	review-required	-	review-required	-	review-required	-	review-required	-	review-required	-	review-required	-	-
javascript-runtime	distribution-owner	runtime-identity	fsharp	review-required	not-unit-bearing	use/use!; seq; Result; object expressions; interfaces	NuGet	deterministic-close-plus-leak-containment	review-required	review-required	review-required	review-required	-	review-required	-	review-required	-	review-required	-	review-required	-	review-required	-	review-required	-	review-required	-	review-required	-	review-required	-	review-required	-	review-required	-	review-required	-	review-required	-	review-required	-	review-required	-	review-required	-	review-required	-	review-required	-	review-required	-	review-required	-	-
javascript-runtime	distribution-owner	runtime-identity	go	review-required	not-unit-bearing	interfaces; iter.Seq; io.Closer; errors	Go module proxy	deterministic-close-plus-leak-containment	review-required	review-required	review-required	review-required	-	review-required	-	review-required	-	review-required	-	review-required	-	review-required	-	review-required	-	review-required	-	review-required	-	review-required	-	review-required	-	review-required	-	review-required	-	review-required	-	review-required	-	review-required	-	review-required	-	review-required	-	review-required	-	review-required	-	review-required	-	-
javascript-runtime	distribution-owner	runtime-identity	javascript	audit-required	not-unit-bearing	Symbol.iterator; Symbol.dispose; Error; native/WASM/WASI runtime identity	npm	deterministic-close-plus-leak-containment	audit-required	audit-required	audit-required	audit-required	-	audit-required	-	audit-required	-	audit-required	-	audit-required	-	audit-required	-	audit-required	-	audit-required	-	audit-required	-	audit-required	-	audit-required	-	audit-required	-	audit-required	-	audit-required	-	audit-required	-	audit-required	-	audit-required	-	audit-required	-	audit-required	-	audit-required	-	audit-required	-	javascript-runtime/package.json
javascript-runtime	distribution-owner	runtime-identity	typescript	audit-required	not-unit-bearing	structural interfaces; Iterable; Disposable; discriminated errors	npm	deterministic-close-plus-leak-containment	audit-required	audit-required	audit-required	audit-required	-	audit-required	-	audit-required	-	audit-required	-	audit-required	-	audit-required	-	audit-required	-	audit-required	-	audit-required	-	audit-required	-	audit-required	-	audit-required	-	audit-required	-	audit-required	-	audit-required	-	audit-required	-	audit-required	-	audit-required	-	audit-required	-	audit-required	-	audit-required	-	javascript-runtime/index.d.ts
javascript-runtime	distribution-owner	runtime-identity	clojurescript	review-required	not-unit-bearing	ISeqable; IReduce; protocol dispatch; close!	npm	deterministic-close-plus-leak-containment	review-required	review-required	review-required	review-required	-	review-required	-	review-required	-	review-required	-	review-required	-	review-required	-	review-required	-	review-required	-	review-required	-	review-required	-	review-required	-	review-required	-	review-required	-	review-required	-	review-required	-	review-required	-	review-required	-	review-required	-	review-required	-	review-required	-	review-required	-	-
javascript-runtime	distribution-owner	runtime-identity	swift	review-required	not-unit-bearing	Sequence/Collection; protocols; throws; deterministic scoped ownership	Swift Package Index	deterministic-close-plus-leak-containment	review-required	review-required	review-required	review-required	-	review-required	-	review-required	-	review-required	-	review-required	-	review-required	-	review-required	-	review-required	-	review-required	-	review-required	-	review-required	-	review-required	-	review-required	-	review-required	-	review-required	-	review-required	-	review-required	-	review-required	-	review-required	-	review-required	-	review-required	-	-
javascript-runtime	distribution-owner	runtime-identity	ruby	review-required	not-unit-bearing	Enumerable; blocks/ensure; exceptions; explicit close	RubyGems	deterministic-close-plus-leak-containment	review-required	review-required	review-required	review-required	-	review-required	-	review-required	-	review-required	-	review-required	-	review-required	-	review-required	-	review-required	-	review-required	-	review-required	-	review-required	-	review-required	-	review-required	-	review-required	-	review-required	-	review-required	-	review-required	-	review-required	-	review-required	-	review-required	-	review-required	-	-
javascript-runtime	distribution-owner	runtime-identity	fortran	review-required	not-unit-bearing	modules; derived types; type-bound procedures; finalizers	fpm	deterministic-close-plus-leak-containment	review-required	review-required	review-required	review-required	-	review-required	-	review-required	-	review-required	-	review-required	-	review-required	-	review-required	-	review-required	-	review-required	-	review-required	-	review-required	-	review-required	-	review-required	-	review-required	-	review-required	-	review-required	-	review-required	-	review-required	-	review-required	-	review-required	-	review-required	-	-
javascript-runtime	distribution-owner	runtime-identity	ocaml	review-required	not-unit-bearing	abstract types; Seq; result; Fun.protect	opam	deterministic-close-plus-leak-containment	review-required	review-required	review-required	review-required	-	review-required	-	review-required	-	review-required	-	review-required	-	review-required	-	review-required	-	review-required	-	review-required	-	review-required	-	review-required	-	review-required	-	review-required	-	review-required	-	review-required	-	review-required	-	review-required	-	review-required	-	review-required	-	review-required	-	review-required	-	-
javascript-runtime	distribution-owner	runtime-identity	haskell	review-required	not-unit-bearing	type classes; Foldable; bracket; Either	Hackage	deterministic-close-plus-leak-containment	review-required	review-required	review-required	review-required	-	review-required	-	review-required	-	review-required	-	review-required	-	review-required	-	review-required	-	review-required	-	review-required	-	review-required	-	review-required	-	review-required	-	review-required	-	review-required	-	review-required	-	review-required	-	review-required	-	review-required	-	review-required	-	review-required	-	review-required	-	-
javascript-runtime	distribution-owner	runtime-identity	lua	review-required	not-unit-bearing	generic-for iterators; __close; tables; error values	LuaRocks	deterministic-close-plus-leak-containment	review-required	review-required	review-required	review-required	-	review-required	-	review-required	-	review-required	-	review-required	-	review-required	-	review-required	-	review-required	-	review-required	-	review-required	-	review-required	-	review-required	-	review-required	-	review-required	-	review-required	-	review-required	-	review-required	-	review-required	-	review-required	-	review-required	-	review-required	-	-
javascript-runtime	distribution-owner	runtime-identity	raku	review-required	not-unit-bearing	NativeCall; Iterable/Positional/Associative; LEAVE; exceptions	zef/fez	deterministic-close-plus-leak-containment	review-required	review-required	review-required	review-required	-	review-required	-	review-required	-	review-required	-	review-required	-	review-required	-	review-required	-	review-required	-	review-required	-	review-required	-	review-required	-	review-required	-	review-required	-	review-required	-	review-required	-	review-required	-	review-required	-	review-required	-	review-required	-	review-required	-	review-required	-	-
liblevenshtein-npm	distribution-owner	unscoped-package-bridge	rust	review-required	byte,unicode-scalar,u64	traits; IntoIterator/Iterator; Result; Drop	crates.io	deterministic-close-plus-leak-containment	review-required	review-required	review-required	review-required	-	review-required	-	review-required	-	review-required	-	review-required	-	review-required	-	review-required	-	review-required	-	review-required	-	review-required	-	review-required	-	review-required	-	review-required	-	review-required	-	review-required	-	review-required	-	review-required	-	review-required	-	review-required	-	review-required	-	review-required	-	-
liblevenshtein-npm	distribution-owner	unscoped-package-bridge	c	review-required	byte,unicode-scalar,u64	opaque handles; status codes; bounded buffers; vtables	CMake/pkg-config/GitHub Releases	deterministic-close-plus-leak-containment	review-required	review-required	review-required	review-required	-	review-required	-	review-required	-	review-required	-	review-required	-	review-required	-	review-required	-	review-required	-	review-required	-	review-required	-	review-required	-	review-required	-	review-required	-	review-required	-	review-required	-	review-required	-	review-required	-	review-required	-	review-required	-	review-required	-	review-required	-	-
liblevenshtein-npm	distribution-owner	unscoped-package-bridge	cpp	review-required	byte,unicode-scalar,u64	RAII; ranges/iterators; move-only handles; typed errors	CMake/pkg-config/GitHub Releases	deterministic-close-plus-leak-containment	review-required	review-required	review-required	review-required	-	review-required	-	review-required	-	review-required	-	review-required	-	review-required	-	review-required	-	review-required	-	review-required	-	review-required	-	review-required	-	review-required	-	review-required	-	review-required	-	review-required	-	review-required	-	review-required	-	review-required	-	review-required	-	review-required	-	review-required	-	-
liblevenshtein-npm	distribution-owner	unscoped-package-bridge	python	review-required	byte,unicode-scalar,u64	context managers; iterators/collections; exceptions; protocols	PyPI	deterministic-close-plus-leak-containment	review-required	review-required	review-required	review-required	-	review-required	-	review-required	-	review-required	-	review-required	-	review-required	-	review-required	-	review-required	-	review-required	-	review-required	-	review-required	-	review-required	-	review-required	-	review-required	-	review-required	-	review-required	-	review-required	-	review-required	-	review-required	-	review-required	-	review-required	-	-
liblevenshtein-npm	distribution-owner	unscoped-package-bridge	java	review-required	byte,unicode-scalar,u64	AutoCloseable/try-with-resources; Collection/Map; Stream/Spliterator; interfaces	Maven Central	deterministic-close-plus-leak-containment	review-required	review-required	review-required	review-required	-	review-required	-	review-required	-	review-required	-	review-required	-	review-required	-	review-required	-	review-required	-	review-required	-	review-required	-	review-required	-	review-required	-	review-required	-	review-required	-	review-required	-	review-required	-	review-required	-	review-required	-	review-required	-	review-required	-	review-required	-	-
liblevenshtein-npm	distribution-owner	unscoped-package-bridge	kotlin	review-required	byte,unicode-scalar,u64	use; Iterable/Map; Sequence; SAM interfaces	Maven Central	deterministic-close-plus-leak-containment	review-required	review-required	review-required	review-required	-	review-required	-	review-required	-	review-required	-	review-required	-	review-required	-	review-required	-	review-required	-	review-required	-	review-required	-	review-required	-	review-required	-	review-required	-	review-required	-	review-required	-	review-required	-	review-required	-	review-required	-	review-required	-	review-required	-	review-required	-	-
liblevenshtein-npm	distribution-owner	unscoped-package-bridge	scala	review-required	byte,unicode-scalar,u64	Using/AutoCloseable; Iterable; Iterator; type classes	Maven Central	deterministic-close-plus-leak-containment	review-required	review-required	review-required	review-required	-	review-required	-	review-required	-	review-required	-	review-required	-	review-required	-	review-required	-	review-required	-	review-required	-	review-required	-	review-required	-	review-required	-	review-required	-	review-required	-	review-required	-	review-required	-	review-required	-	review-required	-	review-required	-	review-required	-	review-required	-	-
liblevenshtein-npm	distribution-owner	unscoped-package-bridge	clojure	review-required	byte,unicode-scalar,u64	Seqable; IReduceInit; Closeable; persistent values	Clojars	deterministic-close-plus-leak-containment	review-required	review-required	review-required	review-required	-	review-required	-	review-required	-	review-required	-	review-required	-	review-required	-	review-required	-	review-required	-	review-required	-	review-required	-	review-required	-	review-required	-	review-required	-	review-required	-	review-required	-	review-required	-	review-required	-	review-required	-	review-required	-	review-required	-	review-required	-	-
liblevenshtein-npm	distribution-owner	unscoped-package-bridge	csharp	review-required	byte,unicode-scalar,u64	IDisposable/using; IEnumerable/IDictionary; exceptions; interfaces	NuGet	deterministic-close-plus-leak-containment	review-required	review-required	review-required	review-required	-	review-required	-	review-required	-	review-required	-	review-required	-	review-required	-	review-required	-	review-required	-	review-required	-	review-required	-	review-required	-	review-required	-	review-required	-	review-required	-	review-required	-	review-required	-	review-required	-	review-required	-	review-required	-	review-required	-	review-required	-	-
liblevenshtein-npm	distribution-owner	unscoped-package-bridge	fsharp	review-required	byte,unicode-scalar,u64	use/use!; seq; Result; object expressions; interfaces	NuGet	deterministic-close-plus-leak-containment	review-required	review-required	review-required	review-required	-	review-required	-	review-required	-	review-required	-	review-required	-	review-required	-	review-required	-	review-required	-	review-required	-	review-required	-	review-required	-	review-required	-	review-required	-	review-required	-	review-required	-	review-required	-	review-required	-	review-required	-	review-required	-	review-required	-	review-required	-	-
liblevenshtein-npm	distribution-owner	unscoped-package-bridge	go	review-required	byte,unicode-scalar,u64	interfaces; iter.Seq; io.Closer; errors	Go module proxy	deterministic-close-plus-leak-containment	review-required	review-required	review-required	review-required	-	review-required	-	review-required	-	review-required	-	review-required	-	review-required	-	review-required	-	review-required	-	review-required	-	review-required	-	review-required	-	review-required	-	review-required	-	review-required	-	review-required	-	review-required	-	review-required	-	review-required	-	review-required	-	review-required	-	review-required	-	-
liblevenshtein-npm	distribution-owner	unscoped-package-bridge	javascript	audit-required	byte,unicode-scalar,u64	Symbol.iterator; Symbol.dispose; Error; native/WASM/WASI runtime identity	npm	deterministic-close-plus-leak-containment	audit-required	audit-required	audit-required	audit-required	-	audit-required	-	audit-required	-	audit-required	-	audit-required	-	audit-required	-	audit-required	-	audit-required	-	audit-required	-	audit-required	-	audit-required	-	audit-required	-	audit-required	-	audit-required	-	audit-required	-	audit-required	-	audit-required	-	audit-required	-	audit-required	-	audit-required	-	audit-required	-	liblevenshtein-npm/package.json
liblevenshtein-npm	distribution-owner	unscoped-package-bridge	typescript	audit-required	byte,unicode-scalar,u64	structural interfaces; Iterable; Disposable; discriminated errors	npm	deterministic-close-plus-leak-containment	audit-required	audit-required	audit-required	audit-required	-	audit-required	-	audit-required	-	audit-required	-	audit-required	-	audit-required	-	audit-required	-	audit-required	-	audit-required	-	audit-required	-	audit-required	-	audit-required	-	audit-required	-	audit-required	-	audit-required	-	audit-required	-	audit-required	-	audit-required	-	audit-required	-	audit-required	-	audit-required	-	liblevenshtein-npm/index.d.ts
liblevenshtein-npm	distribution-owner	unscoped-package-bridge	clojurescript	audit-required	byte,unicode-scalar,u64	ISeqable; IReduce; protocol dispatch; close!	npm	deterministic-close-plus-leak-containment	audit-required	audit-required	audit-required	audit-required	-	audit-required	-	audit-required	-	audit-required	-	audit-required	-	audit-required	-	audit-required	-	audit-required	-	audit-required	-	audit-required	-	audit-required	-	audit-required	-	audit-required	-	audit-required	-	audit-required	-	audit-required	-	audit-required	-	audit-required	-	audit-required	-	audit-required	-	audit-required	-	liblevenshtein-npm/clojurescript.mjs
liblevenshtein-npm	distribution-owner	unscoped-package-bridge	swift	review-required	byte,unicode-scalar,u64	Sequence/Collection; protocols; throws; deterministic scoped ownership	Swift Package Index	deterministic-close-plus-leak-containment	review-required	review-required	review-required	review-required	-	review-required	-	review-required	-	review-required	-	review-required	-	review-required	-	review-required	-	review-required	-	review-required	-	review-required	-	review-required	-	review-required	-	review-required	-	review-required	-	review-required	-	review-required	-	review-required	-	review-required	-	review-required	-	review-required	-	review-required	-	-
liblevenshtein-npm	distribution-owner	unscoped-package-bridge	ruby	review-required	byte,unicode-scalar,u64	Enumerable; blocks/ensure; exceptions; explicit close	RubyGems	deterministic-close-plus-leak-containment	review-required	review-required	review-required	review-required	-	review-required	-	review-required	-	review-required	-	review-required	-	review-required	-	review-required	-	review-required	-	review-required	-	review-required	-	review-required	-	review-required	-	review-required	-	review-required	-	review-required	-	review-required	-	review-required	-	review-required	-	review-required	-	review-required	-	review-required	-	-
liblevenshtein-npm	distribution-owner	unscoped-package-bridge	fortran	review-required	byte,unicode-scalar,u64	modules; derived types; type-bound procedures; finalizers	fpm	deterministic-close-plus-leak-containment	review-required	review-required	review-required	review-required	-	review-required	-	review-required	-	review-required	-	review-required	-	review-required	-	review-required	-	review-required	-	review-required	-	review-required	-	review-required	-	review-required	-	review-required	-	review-required	-	review-required	-	review-required	-	review-required	-	review-required	-	review-required	-	review-required	-	review-required	-	-
liblevenshtein-npm	distribution-owner	unscoped-package-bridge	ocaml	review-required	byte,unicode-scalar,u64	abstract types; Seq; result; Fun.protect	opam	deterministic-close-plus-leak-containment	review-required	review-required	review-required	review-required	-	review-required	-	review-required	-	review-required	-	review-required	-	review-required	-	review-required	-	review-required	-	review-required	-	review-required	-	review-required	-	review-required	-	review-required	-	review-required	-	review-required	-	review-required	-	review-required	-	review-required	-	review-required	-	review-required	-	review-required	-	-
liblevenshtein-npm	distribution-owner	unscoped-package-bridge	haskell	review-required	byte,unicode-scalar,u64	type classes; Foldable; bracket; Either	Hackage	deterministic-close-plus-leak-containment	review-required	review-required	review-required	review-required	-	review-required	-	review-required	-	review-required	-	review-required	-	review-required	-	review-required	-	review-required	-	review-required	-	review-required	-	review-required	-	review-required	-	review-required	-	review-required	-	review-required	-	review-required	-	review-required	-	review-required	-	review-required	-	review-required	-	review-required	-	-
liblevenshtein-npm	distribution-owner	unscoped-package-bridge	lua	review-required	byte,unicode-scalar,u64	generic-for iterators; __close; tables; error values	LuaRocks	deterministic-close-plus-leak-containment	review-required	review-required	review-required	review-required	-	review-required	-	review-required	-	review-required	-	review-required	-	review-required	-	review-required	-	review-required	-	review-required	-	review-required	-	review-required	-	review-required	-	review-required	-	review-required	-	review-required	-	review-required	-	review-required	-	review-required	-	review-required	-	review-required	-	review-required	-	-
liblevenshtein-npm	distribution-owner	unscoped-package-bridge	raku	review-required	byte,unicode-scalar,u64	NativeCall; Iterable/Positional/Associative; LEAVE; exceptions	zef/fez	deterministic-close-plus-leak-containment	review-required	review-required	review-required	review-required	-	review-required	-	review-required	-	review-required	-	review-required	-	review-required	-	review-required	-	review-required	-	review-required	-	review-required	-	review-required	-	review-required	-	review-required	-	review-required	-	review-required	-	review-required	-	review-required	-	review-required	-	review-required	-	review-required	-	review-required	-	-
