facade	kind	native_item	public_symbol	surface_status	source_evidence	source_status	guide	documentation_status	test_evidence	test_status	canonical_example	example_status	reason
c	function	llev_abi_version	llev_abi_version	exposed	["include/liblevenshtein.h","include/liblevenshtein_abi.h"]	complete	bindings/c/README.md	complete	["bindings/c/tests/cross_project_snapshot.c"]	complete	bindings/c/tests/cross_project_snapshot.c	complete	-
c	function	llev_api_revision	llev_api_revision	exposed	["include/liblevenshtein.h","include/liblevenshtein_abi.h"]	complete	bindings/c/README.md	complete	["bindings/c/tests/cross_project_snapshot.c"]	complete	bindings/c/tests/cross_project_snapshot.c	complete	-
c	function	llev_build_features	llev_build_features	exposed	["include/liblevenshtein.h","include/liblevenshtein_abi.h"]	complete	bindings/c/README.md	complete	["bindings/c/tests/cross_project_snapshot.c"]	complete	bindings/c/tests/cross_project_snapshot.c	complete	-
c	function	llev_last_error_message	llev_last_error_message	exposed	["include/liblevenshtein.h","include/liblevenshtein_abi.h"]	complete	bindings/c/README.md	complete	["bindings/c/tests/cross_project_snapshot.c"]	audit-required	bindings/c/tests/cross_project_snapshot.c	audit-required	-
c	function	llev_string_free	llev_string_free	exposed	["include/liblevenshtein.h","include/liblevenshtein_abi.h"]	complete	bindings/c/README.md	complete	["bindings/c/tests/cross_project_snapshot.c"]	audit-required	bindings/c/tests/cross_project_snapshot.c	audit-required	-
c	function	llev_string_array_free	llev_string_array_free	exposed	["include/liblevenshtein.h","include/liblevenshtein_abi.h"]	complete	bindings/c/README.md	complete	["bindings/c/tests/cross_project_snapshot.c"]	audit-required	bindings/c/tests/cross_project_snapshot.c	audit-required	-
c	function	llev_string_dup	llev_string_dup	exposed	["include/liblevenshtein.h","include/liblevenshtein_abi.h"]	complete	bindings/c/README.md	complete	["bindings/c/tests/cross_project_snapshot.c"]	audit-required	bindings/c/tests/cross_project_snapshot.c	audit-required	-
c	function	llev_distance	llev_distance	exposed	["include/liblevenshtein.h","include/liblevenshtein_abi.h"]	complete	bindings/c/README.md	complete	["bindings/c/tests/cross_project_snapshot.c"]	audit-required	bindings/c/tests/cross_project_snapshot.c	audit-required	-
c	function	llev_distance_threshold	llev_distance_threshold	exposed	["include/liblevenshtein.h","include/liblevenshtein_abi.h"]	complete	bindings/c/README.md	complete	["bindings/c/tests/cross_project_snapshot.c"]	audit-required	bindings/c/tests/cross_project_snapshot.c	audit-required	-
c	function	llev_damerau_distance	llev_damerau_distance	exposed	["include/liblevenshtein.h","include/liblevenshtein_abi.h"]	complete	bindings/c/README.md	complete	["bindings/c/tests/cross_project_snapshot.c"]	audit-required	bindings/c/tests/cross_project_snapshot.c	audit-required	-
c	function	llev_damerau_distance_threshold	llev_damerau_distance_threshold	exposed	["include/liblevenshtein.h","include/liblevenshtein_abi.h"]	complete	bindings/c/README.md	complete	["bindings/c/tests/cross_project_snapshot.c"]	audit-required	bindings/c/tests/cross_project_snapshot.c	audit-required	-
c	function	llev_true_damerau_distance	llev_true_damerau_distance	exposed	["include/liblevenshtein.h","include/liblevenshtein_abi.h"]	complete	bindings/c/README.md	complete	["bindings/c/tests/cross_project_snapshot.c"]	audit-required	bindings/c/tests/cross_project_snapshot.c	audit-required	-
c	function	llev_true_damerau_distance_threshold	llev_true_damerau_distance_threshold	exposed	["include/liblevenshtein.h","include/liblevenshtein_abi.h"]	complete	bindings/c/README.md	complete	["bindings/c/tests/cross_project_snapshot.c"]	audit-required	bindings/c/tests/cross_project_snapshot.c	audit-required	-
c	function	llev_transducer_new	llev_transducer_new	exposed	["include/liblevenshtein.h","include/liblevenshtein_abi.h"]	complete	bindings/c/README.md	complete	["bindings/c/tests/cross_project_snapshot.c"]	complete	bindings/c/tests/cross_project_snapshot.c	complete	-
c	function	llev_transducer_snapshot	llev_transducer_snapshot	exposed	["include/liblevenshtein.h","include/liblevenshtein_abi.h"]	complete	bindings/c/README.md	complete	["bindings/c/tests/cross_project_snapshot.c"]	audit-required	bindings/c/tests/cross_project_snapshot.c	audit-required	-
c	function	llev_transducer_free	llev_transducer_free	exposed	["include/liblevenshtein.h","include/liblevenshtein_abi.h"]	complete	bindings/c/README.md	complete	["bindings/c/tests/cross_project_snapshot.c"]	complete	bindings/c/tests/cross_project_snapshot.c	complete	-
c	function	llev_transducer_unit_domain	llev_transducer_unit_domain	exposed	["include/liblevenshtein.h","include/liblevenshtein_abi.h"]	complete	bindings/c/README.md	complete	["bindings/c/tests/cross_project_snapshot.c"]	complete	bindings/c/tests/cross_project_snapshot.c	complete	-
c	function	llev_transducer_query_utf8	llev_transducer_query_utf8	exposed	["include/liblevenshtein.h","include/liblevenshtein_abi.h"]	complete	bindings/c/README.md	complete	["bindings/c/tests/cross_project_snapshot.c"]	complete	bindings/c/tests/cross_project_snapshot.c	complete	-
c	function	llev_transducer_query_bytes	llev_transducer_query_bytes	exposed	["include/liblevenshtein.h","include/liblevenshtein_abi.h"]	complete	bindings/c/README.md	complete	["bindings/c/tests/cross_project_snapshot.c"]	audit-required	bindings/c/tests/cross_project_snapshot.c	audit-required	-
c	function	llev_transducer_query_u64	llev_transducer_query_u64	exposed	["include/liblevenshtein.h","include/liblevenshtein_abi.h"]	complete	bindings/c/README.md	complete	["bindings/c/tests/cross_project_snapshot.c"]	audit-required	bindings/c/tests/cross_project_snapshot.c	audit-required	-
c	function	llev_query_cursor_next_batch	llev_query_cursor_next_batch	exposed	["include/liblevenshtein.h","include/liblevenshtein_abi.h"]	complete	bindings/c/README.md	complete	["bindings/c/tests/cross_project_snapshot.c"]	complete	bindings/c/tests/cross_project_snapshot.c	complete	-
c	function	llev_query_cursor_release_batch	llev_query_cursor_release_batch	exposed	["include/liblevenshtein.h","include/liblevenshtein_abi.h"]	complete	bindings/c/README.md	complete	["bindings/c/tests/cross_project_snapshot.c"]	complete	bindings/c/tests/cross_project_snapshot.c	complete	-
c	function	llev_query_cursor_reduce	llev_query_cursor_reduce	exposed	["include/liblevenshtein.h","include/liblevenshtein_abi.h"]	complete	bindings/c/README.md	complete	["bindings/c/tests/cross_project_snapshot.c"]	audit-required	bindings/c/tests/cross_project_snapshot.c	audit-required	-
c	function	llev_query_cursor_free	llev_query_cursor_free	exposed	["include/liblevenshtein.h","include/liblevenshtein_abi.h"]	complete	bindings/c/README.md	complete	["bindings/c/tests/cross_project_snapshot.c"]	complete	bindings/c/tests/cross_project_snapshot.c	complete	-
c	function	llev_owned_string_free	llev_owned_string_free	exposed	["include/liblevenshtein.h","include/liblevenshtein_abi.h"]	complete	bindings/c/README.md	complete	["bindings/c/tests/cross_project_snapshot.c"]	audit-required	bindings/c/tests/cross_project_snapshot.c	audit-required	-
c	function	llev_phonetic_pattern_compile_regex	llev_phonetic_pattern_compile_regex	exposed	["include/liblevenshtein.h","include/liblevenshtein_abi.h"]	complete	bindings/c/README.md	complete	["bindings/c/tests/cross_project_snapshot.c"]	audit-required	bindings/c/tests/cross_project_snapshot.c	audit-required	-
c	function	llev_phonetic_pattern_compile_llre	llev_phonetic_pattern_compile_llre	exposed	["include/liblevenshtein.h","include/liblevenshtein_abi.h"]	complete	bindings/c/README.md	complete	["bindings/c/tests/cross_project_snapshot.c"]	audit-required	bindings/c/tests/cross_project_snapshot.c	audit-required	-
c	function	llev_phonetic_pattern_free	llev_phonetic_pattern_free	exposed	["include/liblevenshtein.h","include/liblevenshtein_abi.h"]	complete	bindings/c/README.md	complete	["bindings/c/tests/cross_project_snapshot.c"]	audit-required	bindings/c/tests/cross_project_snapshot.c	audit-required	-
c	function	llev_phonetic_pattern_size	llev_phonetic_pattern_size	exposed	["include/liblevenshtein.h","include/liblevenshtein_abi.h"]	complete	bindings/c/README.md	complete	["bindings/c/tests/cross_project_snapshot.c"]	audit-required	bindings/c/tests/cross_project_snapshot.c	audit-required	-
c	function	llev_phonetic_pattern_matches	llev_phonetic_pattern_matches	exposed	["include/liblevenshtein.h","include/liblevenshtein_abi.h"]	complete	bindings/c/README.md	complete	["bindings/c/tests/cross_project_snapshot.c"]	audit-required	bindings/c/tests/cross_project_snapshot.c	audit-required	-
c	function	llev_transducer_query_pattern	llev_transducer_query_pattern	exposed	["include/liblevenshtein.h","include/liblevenshtein_abi.h"]	complete	bindings/c/README.md	complete	["bindings/c/tests/cross_project_snapshot.c"]	audit-required	bindings/c/tests/cross_project_snapshot.c	audit-required	-
c	function	llev_phonetic_rules_parse	llev_phonetic_rules_parse	exposed	["include/liblevenshtein.h","include/liblevenshtein_abi.h"]	complete	bindings/c/README.md	complete	["bindings/c/tests/cross_project_snapshot.c"]	audit-required	bindings/c/tests/cross_project_snapshot.c	audit-required	-
c	function	llev_phonetic_rules_builtin	llev_phonetic_rules_builtin	exposed	["include/liblevenshtein.h","include/liblevenshtein_abi.h"]	complete	bindings/c/README.md	complete	["bindings/c/tests/cross_project_snapshot.c"]	audit-required	bindings/c/tests/cross_project_snapshot.c	audit-required	-
c	function	llev_phonetic_rules_free	llev_phonetic_rules_free	exposed	["include/liblevenshtein.h","include/liblevenshtein_abi.h"]	complete	bindings/c/README.md	complete	["bindings/c/tests/cross_project_snapshot.c"]	audit-required	bindings/c/tests/cross_project_snapshot.c	audit-required	-
c	function	llev_phonetic_rules_len	llev_phonetic_rules_len	exposed	["include/liblevenshtein.h","include/liblevenshtein_abi.h"]	complete	bindings/c/README.md	complete	["bindings/c/tests/cross_project_snapshot.c"]	audit-required	bindings/c/tests/cross_project_snapshot.c	audit-required	-
c	function	llev_phonetic_rules_apply	llev_phonetic_rules_apply	exposed	["include/liblevenshtein.h","include/liblevenshtein_abi.h"]	complete	bindings/c/README.md	complete	["bindings/c/tests/cross_project_snapshot.c"]	audit-required	bindings/c/tests/cross_project_snapshot.c	audit-required	-
c	enum	enum:status	LlevStatus	exposed	["include/liblevenshtein.h","include/liblevenshtein_abi.h"]	complete	bindings/c/README.md	complete	["bindings/c/tests/cross_project_snapshot.c"]	complete	bindings/c/tests/cross_project_snapshot.c	complete	-
c	enum	enum:algorithm	LlevAlgorithm	exposed	["include/liblevenshtein.h","include/liblevenshtein_abi.h"]	complete	bindings/c/README.md	complete	["bindings/c/tests/cross_project_snapshot.c"]	complete	bindings/c/tests/cross_project_snapshot.c	complete	-
c	enum	enum:queryOrder	LlevQueryOrder	exposed	["include/liblevenshtein.h","include/liblevenshtein_abi.h"]	complete	bindings/c/README.md	complete	["bindings/c/tests/cross_project_snapshot.c"]	complete	bindings/c/tests/cross_project_snapshot.c	complete	-
c	enum	enum:phoneticRuleSetKind	LlevPhoneticRuleSetKind	exposed	["include/liblevenshtein.h","include/liblevenshtein_abi.h"]	complete	bindings/c/README.md	complete	["bindings/c/tests/cross_project_snapshot.c"]	audit-required	bindings/c/tests/cross_project_snapshot.c	audit-required	-
c	protocol	protocol:iterator	llev_query_cursor_next_batch	exposed	["include/liblevenshtein.h","include/liblevenshtein_abi.h"]	complete	bindings/c/README.md	complete	["bindings/c/tests/cross_project_snapshot.c"]	complete	bindings/c/tests/cross_project_snapshot.c	complete	-
c	protocol	protocol:reducer	llev_query_cursor_reduce	exposed	["include/liblevenshtein.h","include/liblevenshtein_abi.h"]	complete	bindings/c/README.md	complete	["bindings/c/tests/cross_project_snapshot.c"]	audit-required	bindings/c/tests/cross_project_snapshot.c	audit-required	-
clojure	function	llev_abi_version	-	reasoned-absence	["bindings/clojure/src/vinary_tree/liblevenshtein.clj"]	inapplicable	bindings/clojure/README.md	inapplicable	["bindings/clojure/test/vinary_tree/liblevenshtein_test.clj"]	inapplicable	bindings/clojure/test/vinary_tree/liblevenshtein_test.clj	inapplicable	not wrapped; delegated to the JVM facade, which mirrors ABI constants via GeneratedAbi.java
clojure	function	llev_api_revision	-	reasoned-absence	["bindings/clojure/src/vinary_tree/liblevenshtein.clj"]	inapplicable	bindings/clojure/README.md	inapplicable	["bindings/clojure/test/vinary_tree/liblevenshtein_test.clj"]	inapplicable	bindings/clojure/test/vinary_tree/liblevenshtein_test.clj	inapplicable	not wrapped; delegated to the JVM facade, which mirrors ABI constants via GeneratedAbi.java
clojure	function	llev_build_features	-	reasoned-absence	["bindings/clojure/src/vinary_tree/liblevenshtein.clj"]	inapplicable	bindings/clojure/README.md	inapplicable	["bindings/clojure/test/vinary_tree/liblevenshtein_test.clj"]	inapplicable	bindings/clojure/test/vinary_tree/liblevenshtein_test.clj	inapplicable	not wrapped; phonetic availability surfaces at call time as the delegated NativeException with the UNSUPPORTED status
clojure	function	llev_last_error_message	-	reasoned-absence	["bindings/clojure/src/vinary_tree/liblevenshtein.clj"]	inapplicable	bindings/clojure/README.md	inapplicable	["bindings/clojure/test/vinary_tree/liblevenshtein_test.clj"]	inapplicable	bindings/clojure/test/vinary_tree/liblevenshtein_test.clj	inapplicable	the delegated JVM NativeException (message + status) propagates unchanged; no Clojure-specific wrapper symbol
clojure	function	llev_string_free	-	reasoned-absence	["bindings/clojure/src/vinary_tree/liblevenshtein.clj"]	inapplicable	bindings/clojure/README.md	inapplicable	["bindings/clojure/test/vinary_tree/liblevenshtein_test.clj"]	inapplicable	bindings/clojure/test/vinary_tree/liblevenshtein_test.clj	inapplicable	legacy independent C string ABI; this facade never receives llev-owned C strings (owned text crosses as LlevOwnedString and is released with llev_owned_string_free)
clojure	function	llev_string_array_free	-	reasoned-absence	["bindings/clojure/src/vinary_tree/liblevenshtein.clj"]	inapplicable	bindings/clojure/README.md	inapplicable	["bindings/clojure/test/vinary_tree/liblevenshtein_test.clj"]	inapplicable	bindings/clojure/test/vinary_tree/liblevenshtein_test.clj	inapplicable	legacy independent C string ABI; this facade never receives llev-owned C strings (owned text crosses as LlevOwnedString and is released with llev_owned_string_free)
clojure	function	llev_string_dup	-	reasoned-absence	["bindings/clojure/src/vinary_tree/liblevenshtein.clj"]	inapplicable	bindings/clojure/README.md	inapplicable	["bindings/clojure/test/vinary_tree/liblevenshtein_test.clj"]	inapplicable	bindings/clojure/test/vinary_tree/liblevenshtein_test.clj	inapplicable	legacy independent C string ABI; this facade never receives llev-owned C strings (owned text crosses as LlevOwnedString and is released with llev_owned_string_free)
clojure	function	llev_distance	-	reasoned-absence	["bindings/clojure/src/vinary_tree/liblevenshtein.clj"]	inapplicable	bindings/clojure/README.md	inapplicable	["bindings/clojure/test/vinary_tree/liblevenshtein_test.clj"]	inapplicable	bindings/clojure/test/vinary_tree/liblevenshtein_test.clj	inapplicable	not part of the Tier-1 managed facade surface; python, jvm, clojure, and the typed javascript facade uniformly omit standalone distance helpers (the JavaScript shared JavaScript runtime carries them for JS callers)
clojure	function	llev_distance_threshold	-	reasoned-absence	["bindings/clojure/src/vinary_tree/liblevenshtein.clj"]	inapplicable	bindings/clojure/README.md	inapplicable	["bindings/clojure/test/vinary_tree/liblevenshtein_test.clj"]	inapplicable	bindings/clojure/test/vinary_tree/liblevenshtein_test.clj	inapplicable	not part of the Tier-1 managed facade surface; python, jvm, clojure, and the typed javascript facade uniformly omit standalone distance helpers (the JavaScript shared JavaScript runtime carries them for JS callers)
clojure	function	llev_damerau_distance	-	reasoned-absence	["bindings/clojure/src/vinary_tree/liblevenshtein.clj"]	inapplicable	bindings/clojure/README.md	inapplicable	["bindings/clojure/test/vinary_tree/liblevenshtein_test.clj"]	inapplicable	bindings/clojure/test/vinary_tree/liblevenshtein_test.clj	inapplicable	not part of the Tier-1 managed facade surface; python, jvm, clojure, and the typed javascript facade uniformly omit standalone distance helpers (the JavaScript shared JavaScript runtime carries them for JS callers)
clojure	function	llev_damerau_distance_threshold	-	reasoned-absence	["bindings/clojure/src/vinary_tree/liblevenshtein.clj"]	inapplicable	bindings/clojure/README.md	inapplicable	["bindings/clojure/test/vinary_tree/liblevenshtein_test.clj"]	inapplicable	bindings/clojure/test/vinary_tree/liblevenshtein_test.clj	inapplicable	not part of the Tier-1 managed facade surface; python, jvm, clojure, and the typed javascript facade uniformly omit standalone distance helpers (the JavaScript shared JavaScript runtime carries them for JS callers)
clojure	function	llev_true_damerau_distance	-	reasoned-absence	["bindings/clojure/src/vinary_tree/liblevenshtein.clj"]	inapplicable	bindings/clojure/README.md	inapplicable	["bindings/clojure/test/vinary_tree/liblevenshtein_test.clj"]	inapplicable	bindings/clojure/test/vinary_tree/liblevenshtein_test.clj	inapplicable	not part of the Tier-1 managed facade surface; python, jvm, clojure, and the typed javascript facade uniformly omit standalone distance helpers (the JavaScript shared JavaScript runtime carries them for JS callers)
clojure	function	llev_true_damerau_distance_threshold	-	reasoned-absence	["bindings/clojure/src/vinary_tree/liblevenshtein.clj"]	inapplicable	bindings/clojure/README.md	inapplicable	["bindings/clojure/test/vinary_tree/liblevenshtein_test.clj"]	inapplicable	bindings/clojure/test/vinary_tree/liblevenshtein_test.clj	inapplicable	not part of the Tier-1 managed facade surface; python, jvm, clojure, and the typed javascript facade uniformly omit standalone distance helpers (the JavaScript shared JavaScript runtime carries them for JS callers)
clojure	function	llev_transducer_new	transducer	exposed	["bindings/clojure/src/vinary_tree/liblevenshtein.clj"]	complete	bindings/clojure/README.md	complete	["bindings/clojure/test/vinary_tree/liblevenshtein_test.clj"]	complete	bindings/clojure/test/vinary_tree/liblevenshtein_test.clj	complete	-
clojure	function	llev_transducer_snapshot	-	reasoned-absence	["bindings/clojure/src/vinary_tree/liblevenshtein.clj"]	inapplicable	bindings/clojure/README.md	inapplicable	["bindings/clojure/test/vinary_tree/liblevenshtein_test.clj"]	inapplicable	bindings/clojure/test/vinary_tree/liblevenshtein_test.clj	inapplicable	not exposed as a separate facade operation; ordinary query construction already captures a query-start snapshot and this facade has no explicit reusable snapshot object
clojure	function	llev_transducer_free	close!	exposed	["bindings/clojure/src/vinary_tree/liblevenshtein.clj"]	complete	bindings/clojure/README.md	complete	["bindings/clojure/test/vinary_tree/liblevenshtein_test.clj"]	complete	bindings/clojure/test/vinary_tree/liblevenshtein_test.clj	complete	-
clojure	function	llev_transducer_unit_domain	-	reasoned-absence	["bindings/clojure/src/vinary_tree/liblevenshtein.clj"]	inapplicable	bindings/clojure/README.md	inapplicable	["bindings/clojure/test/vinary_tree/liblevenshtein_test.clj"]	inapplicable	bindings/clojure/test/vinary_tree/liblevenshtein_test.clj	inapplicable	not bound; every match descriptor carries its own unit domain, so the transducer-level accessor is redundant for this facade
clojure	function	llev_transducer_query_utf8	query	exposed	["bindings/clojure/src/vinary_tree/liblevenshtein.clj"]	complete	bindings/clojure/README.md	complete	["bindings/clojure/test/vinary_tree/liblevenshtein_test.clj"]	complete	bindings/clojure/test/vinary_tree/liblevenshtein_test.clj	complete	-
clojure	function	llev_transducer_query_bytes	query	exposed	["bindings/clojure/src/vinary_tree/liblevenshtein.clj"]	complete	bindings/clojure/README.md	complete	["bindings/clojure/test/vinary_tree/liblevenshtein_test.clj"]	complete	bindings/clojure/test/vinary_tree/liblevenshtein_test.clj	complete	-
clojure	function	llev_transducer_query_u64	query	exposed	["bindings/clojure/src/vinary_tree/liblevenshtein.clj"]	complete	bindings/clojure/README.md	complete	["bindings/clojure/test/vinary_tree/liblevenshtein_test.clj"]	complete	bindings/clojure/test/vinary_tree/liblevenshtein_test.clj	complete	-
clojure	function	llev_query_cursor_next_batch	ResultCursor	exposed	["bindings/clojure/src/vinary_tree/liblevenshtein.clj"]	complete	bindings/clojure/README.md	complete	["bindings/clojure/test/vinary_tree/liblevenshtein_test.clj"]	audit-required	bindings/clojure/test/vinary_tree/liblevenshtein_test.clj	audit-required	-
clojure	function	llev_query_cursor_next_batch	reduce-batches	exposed	["bindings/clojure/src/vinary_tree/liblevenshtein.clj"]	complete	bindings/clojure/README.md	complete	["bindings/clojure/test/vinary_tree/liblevenshtein_test.clj"]	complete	bindings/clojure/test/vinary_tree/liblevenshtein_test.clj	complete	-
clojure	function	llev_query_cursor_release_batch	ResultCursor	exposed	["bindings/clojure/src/vinary_tree/liblevenshtein.clj"]	complete	bindings/clojure/README.md	complete	["bindings/clojure/test/vinary_tree/liblevenshtein_test.clj"]	audit-required	bindings/clojure/test/vinary_tree/liblevenshtein_test.clj	audit-required	-
clojure	function	llev_query_cursor_release_batch	reduce-batches	exposed	["bindings/clojure/src/vinary_tree/liblevenshtein.clj"]	complete	bindings/clojure/README.md	complete	["bindings/clojure/test/vinary_tree/liblevenshtein_test.clj"]	complete	bindings/clojure/test/vinary_tree/liblevenshtein_test.clj	complete	-
clojure	function	llev_query_cursor_reduce	-	reasoned-absence	["bindings/clojure/src/vinary_tree/liblevenshtein.clj"]	inapplicable	bindings/clojure/README.md	inapplicable	["bindings/clojure/test/vinary_tree/liblevenshtein_test.clj"]	inapplicable	bindings/clojure/test/vinary_tree/liblevenshtein_test.clj	inapplicable	batch reduction is provided by reduce-batches (delegating to QueryCursor.forEachBatch) over next_batch/release_batch leases; the native callback reducer is not bound
clojure	function	llev_query_cursor_free	close!	exposed	["bindings/clojure/src/vinary_tree/liblevenshtein.clj"]	complete	bindings/clojure/README.md	complete	["bindings/clojure/test/vinary_tree/liblevenshtein_test.clj"]	complete	bindings/clojure/test/vinary_tree/liblevenshtein_test.clj	complete	-
clojure	function	llev_owned_string_free	rewrite	exposed	["bindings/clojure/src/vinary_tree/liblevenshtein.clj"]	complete	bindings/clojure/README.md	complete	["bindings/clojure/test/vinary_tree/liblevenshtein_test.clj"]	audit-required	bindings/clojure/test/vinary_tree/liblevenshtein_test.clj	audit-required	-
clojure	function	llev_phonetic_pattern_compile_regex	phonetic-pattern	exposed	["bindings/clojure/src/vinary_tree/liblevenshtein.clj"]	complete	bindings/clojure/README.md	complete	["bindings/clojure/test/vinary_tree/liblevenshtein_test.clj"]	complete	bindings/clojure/test/vinary_tree/liblevenshtein_test.clj	complete	-
clojure	function	llev_phonetic_pattern_compile_llre	llre-pattern	exposed	["bindings/clojure/src/vinary_tree/liblevenshtein.clj"]	complete	bindings/clojure/README.md	complete	["bindings/clojure/test/vinary_tree/liblevenshtein_test.clj"]	audit-required	bindings/clojure/test/vinary_tree/liblevenshtein_test.clj	audit-required	-
clojure	function	llev_phonetic_pattern_free	close!	exposed	["bindings/clojure/src/vinary_tree/liblevenshtein.clj"]	complete	bindings/clojure/README.md	complete	["bindings/clojure/test/vinary_tree/liblevenshtein_test.clj"]	complete	bindings/clojure/test/vinary_tree/liblevenshtein_test.clj	complete	-
clojure	function	llev_phonetic_pattern_size	-	reasoned-absence	["bindings/clojure/src/vinary_tree/liblevenshtein.clj"]	inapplicable	bindings/clojure/README.md	inapplicable	["bindings/clojure/test/vinary_tree/liblevenshtein_test.clj"]	inapplicable	bindings/clojure/test/vinary_tree/liblevenshtein_test.clj	inapplicable	available through Java interop on the returned PhoneticPattern (.size) object; the deliberately thin Clojure def surface is pinned by scripts/check-clojure-facades.clj
clojure	function	llev_phonetic_pattern_matches	-	reasoned-absence	["bindings/clojure/src/vinary_tree/liblevenshtein.clj"]	inapplicable	bindings/clojure/README.md	inapplicable	["bindings/clojure/test/vinary_tree/liblevenshtein_test.clj"]	inapplicable	bindings/clojure/test/vinary_tree/liblevenshtein_test.clj	inapplicable	available through Java interop on the returned PhoneticPattern (.matches) object; the deliberately thin Clojure def surface is pinned by scripts/check-clojure-facades.clj
clojure	function	llev_transducer_query_pattern	-	reasoned-absence	["bindings/clojure/src/vinary_tree/liblevenshtein.clj"]	inapplicable	bindings/clojure/README.md	inapplicable	["bindings/clojure/test/vinary_tree/liblevenshtein_test.clj"]	inapplicable	bindings/clojure/test/vinary_tree/liblevenshtein_test.clj	inapplicable	available through Java interop on the returned Transducer (.query transducer pattern distance) object; the deliberately thin Clojure def surface is pinned by scripts/check-clojure-facades.clj
clojure	function	llev_phonetic_rules_parse	phonetic-rules	exposed	["bindings/clojure/src/vinary_tree/liblevenshtein.clj"]	complete	bindings/clojure/README.md	complete	["bindings/clojure/test/vinary_tree/liblevenshtein_test.clj"]	audit-required	bindings/clojure/test/vinary_tree/liblevenshtein_test.clj	audit-required	-
clojure	function	llev_phonetic_rules_builtin	phonetic-rules	exposed	["bindings/clojure/src/vinary_tree/liblevenshtein.clj"]	complete	bindings/clojure/README.md	complete	["bindings/clojure/test/vinary_tree/liblevenshtein_test.clj"]	audit-required	bindings/clojure/test/vinary_tree/liblevenshtein_test.clj	audit-required	-
clojure	function	llev_phonetic_rules_free	close!	exposed	["bindings/clojure/src/vinary_tree/liblevenshtein.clj"]	complete	bindings/clojure/README.md	complete	["bindings/clojure/test/vinary_tree/liblevenshtein_test.clj"]	complete	bindings/clojure/test/vinary_tree/liblevenshtein_test.clj	complete	-
clojure	function	llev_phonetic_rules_len	-	reasoned-absence	["bindings/clojure/src/vinary_tree/liblevenshtein.clj"]	inapplicable	bindings/clojure/README.md	inapplicable	["bindings/clojure/test/vinary_tree/liblevenshtein_test.clj"]	inapplicable	bindings/clojure/test/vinary_tree/liblevenshtein_test.clj	inapplicable	available through Java interop on the returned PhoneticRuleSet (.size) object; the deliberately thin Clojure def surface is pinned by scripts/check-clojure-facades.clj
clojure	function	llev_phonetic_rules_apply	rewrite	exposed	["bindings/clojure/src/vinary_tree/liblevenshtein.clj"]	complete	bindings/clojure/README.md	complete	["bindings/clojure/test/vinary_tree/liblevenshtein_test.clj"]	audit-required	bindings/clojure/test/vinary_tree/liblevenshtein_test.clj	audit-required	-
clojure	enum	enum:status	-	reasoned-absence	["bindings/clojure/src/vinary_tree/liblevenshtein.clj"]	inapplicable	bindings/clojure/README.md	inapplicable	["bindings/clojure/test/vinary_tree/liblevenshtein_test.clj"]	inapplicable	bindings/clojure/test/vinary_tree/liblevenshtein_test.clj	inapplicable	the delegated NativeException carries the numeric status; no Clojure re-exposure
clojure	enum	enum:algorithm	algorithms	exposed	["bindings/clojure/src/vinary_tree/liblevenshtein.clj"]	complete	bindings/clojure/README.md	complete	["bindings/clojure/test/vinary_tree/liblevenshtein_test.clj"]	audit-required	bindings/clojure/test/vinary_tree/liblevenshtein_test.clj	audit-required	-
clojure	enum	enum:queryOrder	orders	exposed	["bindings/clojure/src/vinary_tree/liblevenshtein.clj"]	complete	bindings/clojure/README.md	complete	["bindings/clojure/test/vinary_tree/liblevenshtein_test.clj"]	audit-required	bindings/clojure/test/vinary_tree/liblevenshtein_test.clj	audit-required	-
clojure	enum	enum:phoneticRuleSetKind	phonetic-rules	exposed	["bindings/clojure/src/vinary_tree/liblevenshtein.clj"]	complete	bindings/clojure/README.md	complete	["bindings/clojure/test/vinary_tree/liblevenshtein_test.clj"]	audit-required	bindings/clojure/test/vinary_tree/liblevenshtein_test.clj	audit-required	-
clojure	protocol	protocol:iterator	ResultCursor	exposed	["bindings/clojure/src/vinary_tree/liblevenshtein.clj"]	complete	bindings/clojure/README.md	complete	["bindings/clojure/test/vinary_tree/liblevenshtein_test.clj"]	audit-required	bindings/clojure/test/vinary_tree/liblevenshtein_test.clj	audit-required	-
clojure	protocol	protocol:reducer	reduce-batches	exposed	["bindings/clojure/src/vinary_tree/liblevenshtein.clj"]	complete	bindings/clojure/README.md	complete	["bindings/clojure/test/vinary_tree/liblevenshtein_test.clj"]	complete	bindings/clojure/test/vinary_tree/liblevenshtein_test.clj	complete	-
cpp	function	llev_abi_version	llev_abi_version	exposed	["include/liblevenshtein.hpp","include/liblevenshtein.h","include/liblevenshtein_abi.h"]	complete	bindings/cpp/README.md	complete	["bindings/cpp/tests/snapshot.cpp"]	complete	bindings/cpp/tests/snapshot.cpp	complete	-
cpp	function	llev_api_revision	llev_api_revision	exposed	["include/liblevenshtein.hpp","include/liblevenshtein.h","include/liblevenshtein_abi.h"]	complete	bindings/cpp/README.md	complete	["bindings/cpp/tests/snapshot.cpp"]	complete	bindings/cpp/tests/snapshot.cpp	complete	-
cpp	function	llev_build_features	llev_build_features	exposed	["include/liblevenshtein.hpp","include/liblevenshtein.h","include/liblevenshtein_abi.h"]	complete	bindings/cpp/README.md	complete	["bindings/cpp/tests/snapshot.cpp"]	audit-required	bindings/cpp/tests/snapshot.cpp	audit-required	-
cpp	function	llev_last_error_message	vinary_tree::liblevenshtein::error	exposed	["include/liblevenshtein.hpp","include/liblevenshtein.h","include/liblevenshtein_abi.h"]	complete	bindings/cpp/README.md	complete	["bindings/cpp/tests/snapshot.cpp"]	audit-required	bindings/cpp/tests/snapshot.cpp	audit-required	-
cpp	function	llev_string_free	llev_string_free	exposed	["include/liblevenshtein.hpp","include/liblevenshtein.h","include/liblevenshtein_abi.h"]	complete	bindings/cpp/README.md	complete	["bindings/cpp/tests/snapshot.cpp"]	audit-required	bindings/cpp/tests/snapshot.cpp	audit-required	-
cpp	function	llev_string_array_free	llev_string_array_free	exposed	["include/liblevenshtein.hpp","include/liblevenshtein.h","include/liblevenshtein_abi.h"]	complete	bindings/cpp/README.md	complete	["bindings/cpp/tests/snapshot.cpp"]	audit-required	bindings/cpp/tests/snapshot.cpp	audit-required	-
cpp	function	llev_string_dup	llev_string_dup	exposed	["include/liblevenshtein.hpp","include/liblevenshtein.h","include/liblevenshtein_abi.h"]	complete	bindings/cpp/README.md	complete	["bindings/cpp/tests/snapshot.cpp"]	audit-required	bindings/cpp/tests/snapshot.cpp	audit-required	-
cpp	function	llev_distance	llev_distance	exposed	["include/liblevenshtein.hpp","include/liblevenshtein.h","include/liblevenshtein_abi.h"]	complete	bindings/cpp/README.md	complete	["bindings/cpp/tests/snapshot.cpp"]	complete	bindings/cpp/tests/snapshot.cpp	complete	-
cpp	function	llev_distance_threshold	llev_distance_threshold	exposed	["include/liblevenshtein.hpp","include/liblevenshtein.h","include/liblevenshtein_abi.h"]	complete	bindings/cpp/README.md	complete	["bindings/cpp/tests/snapshot.cpp"]	complete	bindings/cpp/tests/snapshot.cpp	complete	-
cpp	function	llev_damerau_distance	llev_damerau_distance	exposed	["include/liblevenshtein.hpp","include/liblevenshtein.h","include/liblevenshtein_abi.h"]	complete	bindings/cpp/README.md	complete	["bindings/cpp/tests/snapshot.cpp"]	audit-required	bindings/cpp/tests/snapshot.cpp	audit-required	-
cpp	function	llev_damerau_distance_threshold	llev_damerau_distance_threshold	exposed	["include/liblevenshtein.hpp","include/liblevenshtein.h","include/liblevenshtein_abi.h"]	complete	bindings/cpp/README.md	complete	["bindings/cpp/tests/snapshot.cpp"]	complete	bindings/cpp/tests/snapshot.cpp	complete	-
cpp	function	llev_true_damerau_distance	llev_true_damerau_distance	exposed	["include/liblevenshtein.hpp","include/liblevenshtein.h","include/liblevenshtein_abi.h"]	complete	bindings/cpp/README.md	complete	["bindings/cpp/tests/snapshot.cpp"]	audit-required	bindings/cpp/tests/snapshot.cpp	audit-required	-
cpp	function	llev_true_damerau_distance_threshold	llev_true_damerau_distance_threshold	exposed	["include/liblevenshtein.hpp","include/liblevenshtein.h","include/liblevenshtein_abi.h"]	complete	bindings/cpp/README.md	complete	["bindings/cpp/tests/snapshot.cpp"]	audit-required	bindings/cpp/tests/snapshot.cpp	audit-required	-
cpp	function	llev_transducer_new	vinary_tree::liblevenshtein::transducer	exposed	["include/liblevenshtein.hpp","include/liblevenshtein.h","include/liblevenshtein_abi.h"]	complete	bindings/cpp/README.md	complete	["bindings/cpp/tests/snapshot.cpp"]	complete	bindings/cpp/tests/snapshot.cpp	complete	-
cpp	function	llev_transducer_snapshot	-	reasoned-absence	["include/liblevenshtein.hpp","include/liblevenshtein.h","include/liblevenshtein_abi.h"]	inapplicable	bindings/cpp/README.md	inapplicable	["bindings/cpp/tests/snapshot.cpp"]	inapplicable	bindings/cpp/tests/snapshot.cpp	inapplicable	not exposed as a separate facade operation; ordinary query construction already captures a query-start snapshot and this facade has no explicit reusable snapshot object
cpp	function	llev_transducer_free	vinary_tree::liblevenshtein::transducer::~transducer	exposed	["include/liblevenshtein.hpp","include/liblevenshtein.h","include/liblevenshtein_abi.h"]	complete	bindings/cpp/README.md	complete	["bindings/cpp/tests/snapshot.cpp"]	audit-required	bindings/cpp/tests/snapshot.cpp	audit-required	-
cpp	function	llev_transducer_unit_domain	llev_transducer_unit_domain	exposed	["include/liblevenshtein.hpp","include/liblevenshtein.h","include/liblevenshtein_abi.h"]	complete	bindings/cpp/README.md	complete	["bindings/cpp/tests/snapshot.cpp"]	audit-required	bindings/cpp/tests/snapshot.cpp	audit-required	-
cpp	function	llev_transducer_query_utf8	vinary_tree::liblevenshtein::transducer::query	exposed	["include/liblevenshtein.hpp","include/liblevenshtein.h","include/liblevenshtein_abi.h"]	complete	bindings/cpp/README.md	complete	["bindings/cpp/tests/snapshot.cpp"]	complete	bindings/cpp/tests/snapshot.cpp	complete	-
cpp	function	llev_transducer_query_bytes	vinary_tree::liblevenshtein::transducer::query	exposed	["include/liblevenshtein.hpp","include/liblevenshtein.h","include/liblevenshtein_abi.h"]	complete	bindings/cpp/README.md	complete	["bindings/cpp/tests/snapshot.cpp"]	complete	bindings/cpp/tests/snapshot.cpp	complete	-
cpp	function	llev_transducer_query_u64	vinary_tree::liblevenshtein::transducer::query	exposed	["include/liblevenshtein.hpp","include/liblevenshtein.h","include/liblevenshtein_abi.h"]	complete	bindings/cpp/README.md	complete	["bindings/cpp/tests/snapshot.cpp"]	complete	bindings/cpp/tests/snapshot.cpp	complete	-
cpp	function	llev_query_cursor_next_batch	vinary_tree::liblevenshtein::query_cursor::next_batch	exposed	["include/liblevenshtein.hpp","include/liblevenshtein.h","include/liblevenshtein_abi.h"]	complete	bindings/cpp/README.md	complete	["bindings/cpp/tests/snapshot.cpp"]	complete	bindings/cpp/tests/snapshot.cpp	complete	-
cpp	function	llev_query_cursor_release_batch	vinary_tree::liblevenshtein::batch::~batch	exposed	["include/liblevenshtein.hpp","include/liblevenshtein.h","include/liblevenshtein_abi.h"]	complete	bindings/cpp/README.md	complete	["bindings/cpp/tests/snapshot.cpp"]	audit-required	bindings/cpp/tests/snapshot.cpp	audit-required	-
cpp	function	llev_query_cursor_reduce	llev_query_cursor_reduce	exposed	["include/liblevenshtein.hpp","include/liblevenshtein.h","include/liblevenshtein_abi.h"]	complete	bindings/cpp/README.md	complete	["bindings/cpp/tests/snapshot.cpp"]	audit-required	bindings/cpp/tests/snapshot.cpp	audit-required	-
cpp	function	llev_query_cursor_free	vinary_tree::liblevenshtein::detail::cursor_state::~cursor_state	exposed	["include/liblevenshtein.hpp","include/liblevenshtein.h","include/liblevenshtein_abi.h"]	complete	bindings/cpp/README.md	complete	["bindings/cpp/tests/snapshot.cpp"]	audit-required	bindings/cpp/tests/snapshot.cpp	audit-required	-
cpp	function	llev_owned_string_free	llev_owned_string_free	exposed	["include/liblevenshtein.hpp","include/liblevenshtein.h","include/liblevenshtein_abi.h"]	complete	bindings/cpp/README.md	complete	["bindings/cpp/tests/snapshot.cpp"]	audit-required	bindings/cpp/tests/snapshot.cpp	audit-required	-
cpp	function	llev_phonetic_pattern_compile_regex	llev_phonetic_pattern_compile_regex	exposed	["include/liblevenshtein.hpp","include/liblevenshtein.h","include/liblevenshtein_abi.h"]	complete	bindings/cpp/README.md	complete	["bindings/cpp/tests/snapshot.cpp"]	audit-required	bindings/cpp/tests/snapshot.cpp	audit-required	-
cpp	function	llev_phonetic_pattern_compile_llre	llev_phonetic_pattern_compile_llre	exposed	["include/liblevenshtein.hpp","include/liblevenshtein.h","include/liblevenshtein_abi.h"]	complete	bindings/cpp/README.md	complete	["bindings/cpp/tests/snapshot.cpp"]	audit-required	bindings/cpp/tests/snapshot.cpp	audit-required	-
cpp	function	llev_phonetic_pattern_free	llev_phonetic_pattern_free	exposed	["include/liblevenshtein.hpp","include/liblevenshtein.h","include/liblevenshtein_abi.h"]	complete	bindings/cpp/README.md	complete	["bindings/cpp/tests/snapshot.cpp"]	audit-required	bindings/cpp/tests/snapshot.cpp	audit-required	-
cpp	function	llev_phonetic_pattern_size	llev_phonetic_pattern_size	exposed	["include/liblevenshtein.hpp","include/liblevenshtein.h","include/liblevenshtein_abi.h"]	complete	bindings/cpp/README.md	complete	["bindings/cpp/tests/snapshot.cpp"]	audit-required	bindings/cpp/tests/snapshot.cpp	audit-required	-
cpp	function	llev_phonetic_pattern_matches	llev_phonetic_pattern_matches	exposed	["include/liblevenshtein.hpp","include/liblevenshtein.h","include/liblevenshtein_abi.h"]	complete	bindings/cpp/README.md	complete	["bindings/cpp/tests/snapshot.cpp"]	audit-required	bindings/cpp/tests/snapshot.cpp	audit-required	-
cpp	function	llev_transducer_query_pattern	llev_transducer_query_pattern	exposed	["include/liblevenshtein.hpp","include/liblevenshtein.h","include/liblevenshtein_abi.h"]	complete	bindings/cpp/README.md	complete	["bindings/cpp/tests/snapshot.cpp"]	audit-required	bindings/cpp/tests/snapshot.cpp	audit-required	-
cpp	function	llev_phonetic_rules_parse	llev_phonetic_rules_parse	exposed	["include/liblevenshtein.hpp","include/liblevenshtein.h","include/liblevenshtein_abi.h"]	complete	bindings/cpp/README.md	complete	["bindings/cpp/tests/snapshot.cpp"]	audit-required	bindings/cpp/tests/snapshot.cpp	audit-required	-
cpp	function	llev_phonetic_rules_builtin	llev_phonetic_rules_builtin	exposed	["include/liblevenshtein.hpp","include/liblevenshtein.h","include/liblevenshtein_abi.h"]	complete	bindings/cpp/README.md	complete	["bindings/cpp/tests/snapshot.cpp"]	audit-required	bindings/cpp/tests/snapshot.cpp	audit-required	-
cpp	function	llev_phonetic_rules_free	llev_phonetic_rules_free	exposed	["include/liblevenshtein.hpp","include/liblevenshtein.h","include/liblevenshtein_abi.h"]	complete	bindings/cpp/README.md	complete	["bindings/cpp/tests/snapshot.cpp"]	audit-required	bindings/cpp/tests/snapshot.cpp	audit-required	-
cpp	function	llev_phonetic_rules_len	llev_phonetic_rules_len	exposed	["include/liblevenshtein.hpp","include/liblevenshtein.h","include/liblevenshtein_abi.h"]	complete	bindings/cpp/README.md	complete	["bindings/cpp/tests/snapshot.cpp"]	audit-required	bindings/cpp/tests/snapshot.cpp	audit-required	-
cpp	function	llev_phonetic_rules_apply	llev_phonetic_rules_apply	exposed	["include/liblevenshtein.hpp","include/liblevenshtein.h","include/liblevenshtein_abi.h"]	complete	bindings/cpp/README.md	complete	["bindings/cpp/tests/snapshot.cpp"]	audit-required	bindings/cpp/tests/snapshot.cpp	audit-required	-
cpp	enum	enum:status	vinary_tree::liblevenshtein::error::status	exposed	["include/liblevenshtein.hpp","include/liblevenshtein.h","include/liblevenshtein_abi.h"]	complete	bindings/cpp/README.md	complete	["bindings/cpp/tests/snapshot.cpp"]	audit-required	bindings/cpp/tests/snapshot.cpp	audit-required	-
cpp	enum	enum:algorithm	vinary_tree::liblevenshtein::algorithm	exposed	["include/liblevenshtein.hpp","include/liblevenshtein.h","include/liblevenshtein_abi.h"]	complete	bindings/cpp/README.md	complete	["bindings/cpp/tests/snapshot.cpp"]	complete	bindings/cpp/tests/snapshot.cpp	complete	-
cpp	enum	enum:queryOrder	vinary_tree::liblevenshtein::query_order	exposed	["include/liblevenshtein.hpp","include/liblevenshtein.h","include/liblevenshtein_abi.h"]	complete	bindings/cpp/README.md	complete	["bindings/cpp/tests/snapshot.cpp"]	audit-required	bindings/cpp/tests/snapshot.cpp	audit-required	-
cpp	enum	enum:phoneticRuleSetKind	LlevPhoneticRuleSetKind	exposed	["include/liblevenshtein.hpp","include/liblevenshtein.h","include/liblevenshtein_abi.h"]	complete	bindings/cpp/README.md	complete	["bindings/cpp/tests/snapshot.cpp"]	audit-required	bindings/cpp/tests/snapshot.cpp	audit-required	-
cpp	protocol	protocol:iterator	vinary_tree::liblevenshtein::query_cursor::next_batch	exposed	["include/liblevenshtein.hpp","include/liblevenshtein.h","include/liblevenshtein_abi.h"]	complete	bindings/cpp/README.md	complete	["bindings/cpp/tests/snapshot.cpp"]	complete	bindings/cpp/tests/snapshot.cpp	complete	-
cpp	protocol	protocol:reducer	llev_query_cursor_reduce	exposed	["include/liblevenshtein.hpp","include/liblevenshtein.h","include/liblevenshtein_abi.h"]	complete	bindings/cpp/README.md	complete	["bindings/cpp/tests/snapshot.cpp"]	audit-required	bindings/cpp/tests/snapshot.cpp	audit-required	-
dotnet	function	llev_abi_version	-	reasoned-absence	["bindings/dotnet/src/VinaryTree.Liblevenshtein/Native.cs","bindings/dotnet/src/VinaryTree.Liblevenshtein/Transducer.cs","bindings/dotnet/src/VinaryTree.Liblevenshtein/Phonetic.cs","bindings/dotnet/src/VinaryTree.Liblevenshtein/Distance.cs"]	inapplicable	bindings/dotnet/README.md	inapplicable	["bindings/dotnet/tests/VinaryTree.Liblevenshtein.Tests/Program.cs"]	inapplicable	bindings/dotnet/tests/VinaryTree.Liblevenshtein.Tests/Program.cs	inapplicable	not bound; ABI constants are mirrored from bindings/api.json
dotnet	function	llev_api_revision	-	reasoned-absence	["bindings/dotnet/src/VinaryTree.Liblevenshtein/Native.cs","bindings/dotnet/src/VinaryTree.Liblevenshtein/Transducer.cs","bindings/dotnet/src/VinaryTree.Liblevenshtein/Phonetic.cs","bindings/dotnet/src/VinaryTree.Liblevenshtein/Distance.cs"]	inapplicable	bindings/dotnet/README.md	inapplicable	["bindings/dotnet/tests/VinaryTree.Liblevenshtein.Tests/Program.cs"]	inapplicable	bindings/dotnet/tests/VinaryTree.Liblevenshtein.Tests/Program.cs	inapplicable	not bound; ABI constants are mirrored from bindings/api.json
dotnet	function	llev_build_features	-	reasoned-absence	["bindings/dotnet/src/VinaryTree.Liblevenshtein/Native.cs","bindings/dotnet/src/VinaryTree.Liblevenshtein/Transducer.cs","bindings/dotnet/src/VinaryTree.Liblevenshtein/Phonetic.cs","bindings/dotnet/src/VinaryTree.Liblevenshtein/Distance.cs"]	inapplicable	bindings/dotnet/README.md	inapplicable	["bindings/dotnet/tests/VinaryTree.Liblevenshtein.Tests/Program.cs"]	inapplicable	bindings/dotnet/tests/VinaryTree.Liblevenshtein.Tests/Program.cs	inapplicable	not bound; phonetic availability surfaces at call time as LiblevenshteinException with the UNSUPPORTED status
dotnet	function	llev_last_error_message	LiblevenshteinException	exposed	["bindings/dotnet/src/VinaryTree.Liblevenshtein/Native.cs","bindings/dotnet/src/VinaryTree.Liblevenshtein/Transducer.cs","bindings/dotnet/src/VinaryTree.Liblevenshtein/Phonetic.cs","bindings/dotnet/src/VinaryTree.Liblevenshtein/Distance.cs"]	complete	bindings/dotnet/README.md	complete	["bindings/dotnet/tests/VinaryTree.Liblevenshtein.Tests/Program.cs"]	audit-required	bindings/dotnet/tests/VinaryTree.Liblevenshtein.Tests/Program.cs	audit-required	-
dotnet	function	llev_string_free	-	reasoned-absence	["bindings/dotnet/src/VinaryTree.Liblevenshtein/Native.cs","bindings/dotnet/src/VinaryTree.Liblevenshtein/Transducer.cs","bindings/dotnet/src/VinaryTree.Liblevenshtein/Phonetic.cs","bindings/dotnet/src/VinaryTree.Liblevenshtein/Distance.cs"]	inapplicable	bindings/dotnet/README.md	inapplicable	["bindings/dotnet/tests/VinaryTree.Liblevenshtein.Tests/Program.cs"]	inapplicable	bindings/dotnet/tests/VinaryTree.Liblevenshtein.Tests/Program.cs	inapplicable	legacy independent C string ABI; this facade never receives llev-owned C strings (owned text crosses as LlevOwnedString and is released with llev_owned_string_free)
dotnet	function	llev_string_array_free	-	reasoned-absence	["bindings/dotnet/src/VinaryTree.Liblevenshtein/Native.cs","bindings/dotnet/src/VinaryTree.Liblevenshtein/Transducer.cs","bindings/dotnet/src/VinaryTree.Liblevenshtein/Phonetic.cs","bindings/dotnet/src/VinaryTree.Liblevenshtein/Distance.cs"]	inapplicable	bindings/dotnet/README.md	inapplicable	["bindings/dotnet/tests/VinaryTree.Liblevenshtein.Tests/Program.cs"]	inapplicable	bindings/dotnet/tests/VinaryTree.Liblevenshtein.Tests/Program.cs	inapplicable	legacy independent C string ABI; this facade never receives llev-owned C strings (owned text crosses as LlevOwnedString and is released with llev_owned_string_free)
dotnet	function	llev_string_dup	-	reasoned-absence	["bindings/dotnet/src/VinaryTree.Liblevenshtein/Native.cs","bindings/dotnet/src/VinaryTree.Liblevenshtein/Transducer.cs","bindings/dotnet/src/VinaryTree.Liblevenshtein/Phonetic.cs","bindings/dotnet/src/VinaryTree.Liblevenshtein/Distance.cs"]	inapplicable	bindings/dotnet/README.md	inapplicable	["bindings/dotnet/tests/VinaryTree.Liblevenshtein.Tests/Program.cs"]	inapplicable	bindings/dotnet/tests/VinaryTree.Liblevenshtein.Tests/Program.cs	inapplicable	legacy independent C string ABI; this facade never receives llev-owned C strings (owned text crosses as LlevOwnedString and is released with llev_owned_string_free)
dotnet	function	llev_distance	Distance.Levenshtein	exposed	["bindings/dotnet/src/VinaryTree.Liblevenshtein/Native.cs","bindings/dotnet/src/VinaryTree.Liblevenshtein/Transducer.cs","bindings/dotnet/src/VinaryTree.Liblevenshtein/Phonetic.cs","bindings/dotnet/src/VinaryTree.Liblevenshtein/Distance.cs"]	complete	bindings/dotnet/README.md	complete	["bindings/dotnet/tests/VinaryTree.Liblevenshtein.Tests/Program.cs"]	complete	bindings/dotnet/tests/VinaryTree.Liblevenshtein.Tests/Program.cs	complete	-
dotnet	function	llev_distance_threshold	Distance.Levenshtein	exposed	["bindings/dotnet/src/VinaryTree.Liblevenshtein/Native.cs","bindings/dotnet/src/VinaryTree.Liblevenshtein/Transducer.cs","bindings/dotnet/src/VinaryTree.Liblevenshtein/Phonetic.cs","bindings/dotnet/src/VinaryTree.Liblevenshtein/Distance.cs"]	complete	bindings/dotnet/README.md	complete	["bindings/dotnet/tests/VinaryTree.Liblevenshtein.Tests/Program.cs"]	complete	bindings/dotnet/tests/VinaryTree.Liblevenshtein.Tests/Program.cs	complete	-
dotnet	function	llev_damerau_distance	Distance.Damerau	exposed	["bindings/dotnet/src/VinaryTree.Liblevenshtein/Native.cs","bindings/dotnet/src/VinaryTree.Liblevenshtein/Transducer.cs","bindings/dotnet/src/VinaryTree.Liblevenshtein/Phonetic.cs","bindings/dotnet/src/VinaryTree.Liblevenshtein/Distance.cs"]	complete	bindings/dotnet/README.md	complete	["bindings/dotnet/tests/VinaryTree.Liblevenshtein.Tests/Program.cs"]	complete	bindings/dotnet/tests/VinaryTree.Liblevenshtein.Tests/Program.cs	complete	-
dotnet	function	llev_damerau_distance_threshold	Distance.Damerau	exposed	["bindings/dotnet/src/VinaryTree.Liblevenshtein/Native.cs","bindings/dotnet/src/VinaryTree.Liblevenshtein/Transducer.cs","bindings/dotnet/src/VinaryTree.Liblevenshtein/Phonetic.cs","bindings/dotnet/src/VinaryTree.Liblevenshtein/Distance.cs"]	complete	bindings/dotnet/README.md	complete	["bindings/dotnet/tests/VinaryTree.Liblevenshtein.Tests/Program.cs"]	complete	bindings/dotnet/tests/VinaryTree.Liblevenshtein.Tests/Program.cs	complete	-
dotnet	function	llev_true_damerau_distance	Distance.TrueDamerau	exposed	["bindings/dotnet/src/VinaryTree.Liblevenshtein/Native.cs","bindings/dotnet/src/VinaryTree.Liblevenshtein/Transducer.cs","bindings/dotnet/src/VinaryTree.Liblevenshtein/Phonetic.cs","bindings/dotnet/src/VinaryTree.Liblevenshtein/Distance.cs"]	complete	bindings/dotnet/README.md	complete	["bindings/dotnet/tests/VinaryTree.Liblevenshtein.Tests/Program.cs"]	complete	bindings/dotnet/tests/VinaryTree.Liblevenshtein.Tests/Program.cs	complete	-
dotnet	function	llev_true_damerau_distance_threshold	Distance.TrueDamerau	exposed	["bindings/dotnet/src/VinaryTree.Liblevenshtein/Native.cs","bindings/dotnet/src/VinaryTree.Liblevenshtein/Transducer.cs","bindings/dotnet/src/VinaryTree.Liblevenshtein/Phonetic.cs","bindings/dotnet/src/VinaryTree.Liblevenshtein/Distance.cs"]	complete	bindings/dotnet/README.md	complete	["bindings/dotnet/tests/VinaryTree.Liblevenshtein.Tests/Program.cs"]	complete	bindings/dotnet/tests/VinaryTree.Liblevenshtein.Tests/Program.cs	complete	-
dotnet	function	llev_transducer_new	Transducer	exposed	["bindings/dotnet/src/VinaryTree.Liblevenshtein/Native.cs","bindings/dotnet/src/VinaryTree.Liblevenshtein/Transducer.cs","bindings/dotnet/src/VinaryTree.Liblevenshtein/Phonetic.cs","bindings/dotnet/src/VinaryTree.Liblevenshtein/Distance.cs"]	complete	bindings/dotnet/README.md	complete	["bindings/dotnet/tests/VinaryTree.Liblevenshtein.Tests/Program.cs"]	audit-required	bindings/dotnet/tests/VinaryTree.Liblevenshtein.Tests/Program.cs	audit-required	-
dotnet	function	llev_transducer_snapshot	-	reasoned-absence	["bindings/dotnet/src/VinaryTree.Liblevenshtein/Native.cs","bindings/dotnet/src/VinaryTree.Liblevenshtein/Transducer.cs","bindings/dotnet/src/VinaryTree.Liblevenshtein/Phonetic.cs","bindings/dotnet/src/VinaryTree.Liblevenshtein/Distance.cs"]	inapplicable	bindings/dotnet/README.md	inapplicable	["bindings/dotnet/tests/VinaryTree.Liblevenshtein.Tests/Program.cs"]	inapplicable	bindings/dotnet/tests/VinaryTree.Liblevenshtein.Tests/Program.cs	inapplicable	not exposed as a separate facade operation; ordinary query construction already captures a query-start snapshot and this facade has no explicit reusable snapshot object
dotnet	function	llev_transducer_free	Transducer.Dispose	exposed	["bindings/dotnet/src/VinaryTree.Liblevenshtein/Native.cs","bindings/dotnet/src/VinaryTree.Liblevenshtein/Transducer.cs","bindings/dotnet/src/VinaryTree.Liblevenshtein/Phonetic.cs","bindings/dotnet/src/VinaryTree.Liblevenshtein/Distance.cs"]	complete	bindings/dotnet/README.md	complete	["bindings/dotnet/tests/VinaryTree.Liblevenshtein.Tests/Program.cs"]	complete	bindings/dotnet/tests/VinaryTree.Liblevenshtein.Tests/Program.cs	complete	-
dotnet	function	llev_transducer_unit_domain	-	reasoned-absence	["bindings/dotnet/src/VinaryTree.Liblevenshtein/Native.cs","bindings/dotnet/src/VinaryTree.Liblevenshtein/Transducer.cs","bindings/dotnet/src/VinaryTree.Liblevenshtein/Phonetic.cs","bindings/dotnet/src/VinaryTree.Liblevenshtein/Distance.cs"]	inapplicable	bindings/dotnet/README.md	inapplicable	["bindings/dotnet/tests/VinaryTree.Liblevenshtein.Tests/Program.cs"]	inapplicable	bindings/dotnet/tests/VinaryTree.Liblevenshtein.Tests/Program.cs	inapplicable	not bound; every match descriptor carries its own unit domain, so the transducer-level accessor is redundant for this facade
dotnet	function	llev_transducer_query_utf8	Transducer.Query	exposed	["bindings/dotnet/src/VinaryTree.Liblevenshtein/Native.cs","bindings/dotnet/src/VinaryTree.Liblevenshtein/Transducer.cs","bindings/dotnet/src/VinaryTree.Liblevenshtein/Phonetic.cs","bindings/dotnet/src/VinaryTree.Liblevenshtein/Distance.cs"]	complete	bindings/dotnet/README.md	complete	["bindings/dotnet/tests/VinaryTree.Liblevenshtein.Tests/Program.cs"]	audit-required	bindings/dotnet/tests/VinaryTree.Liblevenshtein.Tests/Program.cs	audit-required	-
dotnet	function	llev_transducer_query_bytes	Transducer.Query	exposed	["bindings/dotnet/src/VinaryTree.Liblevenshtein/Native.cs","bindings/dotnet/src/VinaryTree.Liblevenshtein/Transducer.cs","bindings/dotnet/src/VinaryTree.Liblevenshtein/Phonetic.cs","bindings/dotnet/src/VinaryTree.Liblevenshtein/Distance.cs"]	complete	bindings/dotnet/README.md	complete	["bindings/dotnet/tests/VinaryTree.Liblevenshtein.Tests/Program.cs"]	audit-required	bindings/dotnet/tests/VinaryTree.Liblevenshtein.Tests/Program.cs	audit-required	-
dotnet	function	llev_transducer_query_u64	Transducer.Query	exposed	["bindings/dotnet/src/VinaryTree.Liblevenshtein/Native.cs","bindings/dotnet/src/VinaryTree.Liblevenshtein/Transducer.cs","bindings/dotnet/src/VinaryTree.Liblevenshtein/Phonetic.cs","bindings/dotnet/src/VinaryTree.Liblevenshtein/Distance.cs"]	complete	bindings/dotnet/README.md	complete	["bindings/dotnet/tests/VinaryTree.Liblevenshtein.Tests/Program.cs"]	audit-required	bindings/dotnet/tests/VinaryTree.Liblevenshtein.Tests/Program.cs	audit-required	-
dotnet	function	llev_query_cursor_next_batch	Query.GetEnumerator	exposed	["bindings/dotnet/src/VinaryTree.Liblevenshtein/Native.cs","bindings/dotnet/src/VinaryTree.Liblevenshtein/Transducer.cs","bindings/dotnet/src/VinaryTree.Liblevenshtein/Phonetic.cs","bindings/dotnet/src/VinaryTree.Liblevenshtein/Distance.cs"]	complete	bindings/dotnet/README.md	complete	["bindings/dotnet/tests/VinaryTree.Liblevenshtein.Tests/Program.cs"]	audit-required	bindings/dotnet/tests/VinaryTree.Liblevenshtein.Tests/Program.cs	audit-required	-
dotnet	function	llev_query_cursor_release_batch	Query.GetEnumerator	exposed	["bindings/dotnet/src/VinaryTree.Liblevenshtein/Native.cs","bindings/dotnet/src/VinaryTree.Liblevenshtein/Transducer.cs","bindings/dotnet/src/VinaryTree.Liblevenshtein/Phonetic.cs","bindings/dotnet/src/VinaryTree.Liblevenshtein/Distance.cs"]	complete	bindings/dotnet/README.md	complete	["bindings/dotnet/tests/VinaryTree.Liblevenshtein.Tests/Program.cs"]	audit-required	bindings/dotnet/tests/VinaryTree.Liblevenshtein.Tests/Program.cs	audit-required	-
dotnet	function	llev_query_cursor_reduce	-	reasoned-absence	["bindings/dotnet/src/VinaryTree.Liblevenshtein/Native.cs","bindings/dotnet/src/VinaryTree.Liblevenshtein/Transducer.cs","bindings/dotnet/src/VinaryTree.Liblevenshtein/Phonetic.cs","bindings/dotnet/src/VinaryTree.Liblevenshtein/Distance.cs"]	inapplicable	bindings/dotnet/README.md	inapplicable	["bindings/dotnet/tests/VinaryTree.Liblevenshtein.Tests/Program.cs"]	inapplicable	bindings/dotnet/tests/VinaryTree.Liblevenshtein.Tests/Program.cs	inapplicable	no public batch-reduction entry point; the safe iterator leases and materializes one bounded native batch at a time internally
dotnet	function	llev_query_cursor_free	Query.Dispose	exposed	["bindings/dotnet/src/VinaryTree.Liblevenshtein/Native.cs","bindings/dotnet/src/VinaryTree.Liblevenshtein/Transducer.cs","bindings/dotnet/src/VinaryTree.Liblevenshtein/Phonetic.cs","bindings/dotnet/src/VinaryTree.Liblevenshtein/Distance.cs"]	complete	bindings/dotnet/README.md	complete	["bindings/dotnet/tests/VinaryTree.Liblevenshtein.Tests/Program.cs"]	complete	bindings/dotnet/tests/VinaryTree.Liblevenshtein.Tests/Program.cs	complete	-
dotnet	function	llev_owned_string_free	PhoneticRuleSet.Apply	exposed	["bindings/dotnet/src/VinaryTree.Liblevenshtein/Native.cs","bindings/dotnet/src/VinaryTree.Liblevenshtein/Transducer.cs","bindings/dotnet/src/VinaryTree.Liblevenshtein/Phonetic.cs","bindings/dotnet/src/VinaryTree.Liblevenshtein/Distance.cs"]	complete	bindings/dotnet/README.md	complete	["bindings/dotnet/tests/VinaryTree.Liblevenshtein.Tests/Program.cs"]	complete	bindings/dotnet/tests/VinaryTree.Liblevenshtein.Tests/Program.cs	complete	-
dotnet	function	llev_phonetic_pattern_compile_regex	PhoneticPattern.CompileRegex	exposed	["bindings/dotnet/src/VinaryTree.Liblevenshtein/Native.cs","bindings/dotnet/src/VinaryTree.Liblevenshtein/Transducer.cs","bindings/dotnet/src/VinaryTree.Liblevenshtein/Phonetic.cs","bindings/dotnet/src/VinaryTree.Liblevenshtein/Distance.cs"]	complete	bindings/dotnet/README.md	complete	["bindings/dotnet/tests/VinaryTree.Liblevenshtein.Tests/Program.cs"]	complete	bindings/dotnet/tests/VinaryTree.Liblevenshtein.Tests/Program.cs	complete	-
dotnet	function	llev_phonetic_pattern_compile_llre	PhoneticPattern.CompileLlre	exposed	["bindings/dotnet/src/VinaryTree.Liblevenshtein/Native.cs","bindings/dotnet/src/VinaryTree.Liblevenshtein/Transducer.cs","bindings/dotnet/src/VinaryTree.Liblevenshtein/Phonetic.cs","bindings/dotnet/src/VinaryTree.Liblevenshtein/Distance.cs"]	complete	bindings/dotnet/README.md	complete	["bindings/dotnet/tests/VinaryTree.Liblevenshtein.Tests/Program.cs"]	audit-required	bindings/dotnet/tests/VinaryTree.Liblevenshtein.Tests/Program.cs	audit-required	-
dotnet	function	llev_phonetic_pattern_free	PhoneticPattern.Dispose	exposed	["bindings/dotnet/src/VinaryTree.Liblevenshtein/Native.cs","bindings/dotnet/src/VinaryTree.Liblevenshtein/Transducer.cs","bindings/dotnet/src/VinaryTree.Liblevenshtein/Phonetic.cs","bindings/dotnet/src/VinaryTree.Liblevenshtein/Distance.cs"]	complete	bindings/dotnet/README.md	complete	["bindings/dotnet/tests/VinaryTree.Liblevenshtein.Tests/Program.cs"]	complete	bindings/dotnet/tests/VinaryTree.Liblevenshtein.Tests/Program.cs	complete	-
dotnet	function	llev_phonetic_pattern_size	PhoneticPattern.Size	exposed	["bindings/dotnet/src/VinaryTree.Liblevenshtein/Native.cs","bindings/dotnet/src/VinaryTree.Liblevenshtein/Transducer.cs","bindings/dotnet/src/VinaryTree.Liblevenshtein/Phonetic.cs","bindings/dotnet/src/VinaryTree.Liblevenshtein/Distance.cs"]	complete	bindings/dotnet/README.md	complete	["bindings/dotnet/tests/VinaryTree.Liblevenshtein.Tests/Program.cs"]	complete	bindings/dotnet/tests/VinaryTree.Liblevenshtein.Tests/Program.cs	complete	-
dotnet	function	llev_phonetic_pattern_matches	PhoneticPattern.Matches	exposed	["bindings/dotnet/src/VinaryTree.Liblevenshtein/Native.cs","bindings/dotnet/src/VinaryTree.Liblevenshtein/Transducer.cs","bindings/dotnet/src/VinaryTree.Liblevenshtein/Phonetic.cs","bindings/dotnet/src/VinaryTree.Liblevenshtein/Distance.cs"]	complete	bindings/dotnet/README.md	complete	["bindings/dotnet/tests/VinaryTree.Liblevenshtein.Tests/Program.cs"]	complete	bindings/dotnet/tests/VinaryTree.Liblevenshtein.Tests/Program.cs	complete	-
dotnet	function	llev_transducer_query_pattern	Transducer.Query	exposed	["bindings/dotnet/src/VinaryTree.Liblevenshtein/Native.cs","bindings/dotnet/src/VinaryTree.Liblevenshtein/Transducer.cs","bindings/dotnet/src/VinaryTree.Liblevenshtein/Phonetic.cs","bindings/dotnet/src/VinaryTree.Liblevenshtein/Distance.cs"]	complete	bindings/dotnet/README.md	complete	["bindings/dotnet/tests/VinaryTree.Liblevenshtein.Tests/Program.cs"]	audit-required	bindings/dotnet/tests/VinaryTree.Liblevenshtein.Tests/Program.cs	audit-required	-
dotnet	function	llev_phonetic_rules_parse	PhoneticRuleSet.Parse	exposed	["bindings/dotnet/src/VinaryTree.Liblevenshtein/Native.cs","bindings/dotnet/src/VinaryTree.Liblevenshtein/Transducer.cs","bindings/dotnet/src/VinaryTree.Liblevenshtein/Phonetic.cs","bindings/dotnet/src/VinaryTree.Liblevenshtein/Distance.cs"]	complete	bindings/dotnet/README.md	complete	["bindings/dotnet/tests/VinaryTree.Liblevenshtein.Tests/Program.cs"]	complete	bindings/dotnet/tests/VinaryTree.Liblevenshtein.Tests/Program.cs	complete	-
dotnet	function	llev_phonetic_rules_builtin	PhoneticRuleSet.Builtin	exposed	["bindings/dotnet/src/VinaryTree.Liblevenshtein/Native.cs","bindings/dotnet/src/VinaryTree.Liblevenshtein/Transducer.cs","bindings/dotnet/src/VinaryTree.Liblevenshtein/Phonetic.cs","bindings/dotnet/src/VinaryTree.Liblevenshtein/Distance.cs"]	complete	bindings/dotnet/README.md	complete	["bindings/dotnet/tests/VinaryTree.Liblevenshtein.Tests/Program.cs"]	complete	bindings/dotnet/tests/VinaryTree.Liblevenshtein.Tests/Program.cs	complete	-
dotnet	function	llev_phonetic_rules_free	PhoneticRuleSet.Dispose	exposed	["bindings/dotnet/src/VinaryTree.Liblevenshtein/Native.cs","bindings/dotnet/src/VinaryTree.Liblevenshtein/Transducer.cs","bindings/dotnet/src/VinaryTree.Liblevenshtein/Phonetic.cs","bindings/dotnet/src/VinaryTree.Liblevenshtein/Distance.cs"]	complete	bindings/dotnet/README.md	complete	["bindings/dotnet/tests/VinaryTree.Liblevenshtein.Tests/Program.cs"]	complete	bindings/dotnet/tests/VinaryTree.Liblevenshtein.Tests/Program.cs	complete	-
dotnet	function	llev_phonetic_rules_len	PhoneticRuleSet.Count	exposed	["bindings/dotnet/src/VinaryTree.Liblevenshtein/Native.cs","bindings/dotnet/src/VinaryTree.Liblevenshtein/Transducer.cs","bindings/dotnet/src/VinaryTree.Liblevenshtein/Phonetic.cs","bindings/dotnet/src/VinaryTree.Liblevenshtein/Distance.cs"]	complete	bindings/dotnet/README.md	complete	["bindings/dotnet/tests/VinaryTree.Liblevenshtein.Tests/Program.cs"]	complete	bindings/dotnet/tests/VinaryTree.Liblevenshtein.Tests/Program.cs	complete	-
dotnet	function	llev_phonetic_rules_apply	PhoneticRuleSet.Apply	exposed	["bindings/dotnet/src/VinaryTree.Liblevenshtein/Native.cs","bindings/dotnet/src/VinaryTree.Liblevenshtein/Transducer.cs","bindings/dotnet/src/VinaryTree.Liblevenshtein/Phonetic.cs","bindings/dotnet/src/VinaryTree.Liblevenshtein/Distance.cs"]	complete	bindings/dotnet/README.md	complete	["bindings/dotnet/tests/VinaryTree.Liblevenshtein.Tests/Program.cs"]	complete	bindings/dotnet/tests/VinaryTree.Liblevenshtein.Tests/Program.cs	complete	-
dotnet	enum	enum:status	LiblevenshteinException.StatusCode	exposed	["bindings/dotnet/src/VinaryTree.Liblevenshtein/Native.cs","bindings/dotnet/src/VinaryTree.Liblevenshtein/Transducer.cs","bindings/dotnet/src/VinaryTree.Liblevenshtein/Phonetic.cs","bindings/dotnet/src/VinaryTree.Liblevenshtein/Distance.cs"]	complete	bindings/dotnet/README.md	complete	["bindings/dotnet/tests/VinaryTree.Liblevenshtein.Tests/Program.cs"]	audit-required	bindings/dotnet/tests/VinaryTree.Liblevenshtein.Tests/Program.cs	audit-required	-
dotnet	enum	enum:algorithm	Algorithm	exposed	["bindings/dotnet/src/VinaryTree.Liblevenshtein/Native.cs","bindings/dotnet/src/VinaryTree.Liblevenshtein/Transducer.cs","bindings/dotnet/src/VinaryTree.Liblevenshtein/Phonetic.cs","bindings/dotnet/src/VinaryTree.Liblevenshtein/Distance.cs"]	complete	bindings/dotnet/README.md	complete	["bindings/dotnet/tests/VinaryTree.Liblevenshtein.Tests/Program.cs"]	audit-required	bindings/dotnet/tests/VinaryTree.Liblevenshtein.Tests/Program.cs	audit-required	-
dotnet	enum	enum:queryOrder	QueryOrder	exposed	["bindings/dotnet/src/VinaryTree.Liblevenshtein/Native.cs","bindings/dotnet/src/VinaryTree.Liblevenshtein/Transducer.cs","bindings/dotnet/src/VinaryTree.Liblevenshtein/Phonetic.cs","bindings/dotnet/src/VinaryTree.Liblevenshtein/Distance.cs"]	complete	bindings/dotnet/README.md	complete	["bindings/dotnet/tests/VinaryTree.Liblevenshtein.Tests/Program.cs"]	audit-required	bindings/dotnet/tests/VinaryTree.Liblevenshtein.Tests/Program.cs	audit-required	-
dotnet	enum	enum:phoneticRuleSetKind	PhoneticRuleSetKind	exposed	["bindings/dotnet/src/VinaryTree.Liblevenshtein/Native.cs","bindings/dotnet/src/VinaryTree.Liblevenshtein/Transducer.cs","bindings/dotnet/src/VinaryTree.Liblevenshtein/Phonetic.cs","bindings/dotnet/src/VinaryTree.Liblevenshtein/Distance.cs"]	complete	bindings/dotnet/README.md	complete	["bindings/dotnet/tests/VinaryTree.Liblevenshtein.Tests/Program.cs"]	complete	bindings/dotnet/tests/VinaryTree.Liblevenshtein.Tests/Program.cs	complete	-
dotnet	protocol	protocol:iterator	Query.GetEnumerator	exposed	["bindings/dotnet/src/VinaryTree.Liblevenshtein/Native.cs","bindings/dotnet/src/VinaryTree.Liblevenshtein/Transducer.cs","bindings/dotnet/src/VinaryTree.Liblevenshtein/Phonetic.cs","bindings/dotnet/src/VinaryTree.Liblevenshtein/Distance.cs"]	complete	bindings/dotnet/README.md	complete	["bindings/dotnet/tests/VinaryTree.Liblevenshtein.Tests/Program.cs"]	audit-required	bindings/dotnet/tests/VinaryTree.Liblevenshtein.Tests/Program.cs	audit-required	-
dotnet	protocol	protocol:reducer	-	reasoned-absence	["bindings/dotnet/src/VinaryTree.Liblevenshtein/Native.cs","bindings/dotnet/src/VinaryTree.Liblevenshtein/Transducer.cs","bindings/dotnet/src/VinaryTree.Liblevenshtein/Phonetic.cs","bindings/dotnet/src/VinaryTree.Liblevenshtein/Distance.cs"]	inapplicable	bindings/dotnet/README.md	inapplicable	["bindings/dotnet/tests/VinaryTree.Liblevenshtein.Tests/Program.cs"]	inapplicable	bindings/dotnet/tests/VinaryTree.Liblevenshtein.Tests/Program.cs	inapplicable	no public batch-reduction entry point; the safe iterator leases and materializes one bounded native batch at a time internally
fortran	function	llev_abi_version	-	reasoned-absence	["bindings/fortran/src/vinary_tree_liblevenshtein.f90"]	inapplicable	bindings/fortran/README.md	inapplicable	["bindings/fortran/test/test_distance.f90","bindings/fortran/integration/test/test_cross_project.f90"]	inapplicable	bindings/fortran/test/test_distance.f90	inapplicable	not bound; ABI constants are mirrored from bindings/api.json
fortran	function	llev_api_revision	-	reasoned-absence	["bindings/fortran/src/vinary_tree_liblevenshtein.f90"]	inapplicable	bindings/fortran/README.md	inapplicable	["bindings/fortran/test/test_distance.f90","bindings/fortran/integration/test/test_cross_project.f90"]	inapplicable	bindings/fortran/test/test_distance.f90	inapplicable	not bound; ABI constants are mirrored from bindings/api.json
fortran	function	llev_build_features	-	reasoned-absence	["bindings/fortran/src/vinary_tree_liblevenshtein.f90"]	inapplicable	bindings/fortran/README.md	inapplicable	["bindings/fortran/test/test_distance.f90","bindings/fortran/integration/test/test_cross_project.f90"]	inapplicable	bindings/fortran/test/test_distance.f90	inapplicable	not bound; phonetic availability surfaces at call time as integer status out-parameters with the UNSUPPORTED status
fortran	function	llev_last_error_message	-	reasoned-absence	["bindings/fortran/src/vinary_tree_liblevenshtein.f90"]	inapplicable	bindings/fortran/README.md	inapplicable	["bindings/fortran/test/test_distance.f90","bindings/fortran/integration/test/test_cross_project.f90"]	inapplicable	bindings/fortran/test/test_distance.f90	inapplicable	not bound; failures surface exclusively as integer status out-parameters, so no textual error channel exists in this facade
fortran	function	llev_string_free	-	reasoned-absence	["bindings/fortran/src/vinary_tree_liblevenshtein.f90"]	inapplicable	bindings/fortran/README.md	inapplicable	["bindings/fortran/test/test_distance.f90","bindings/fortran/integration/test/test_cross_project.f90"]	inapplicable	bindings/fortran/test/test_distance.f90	inapplicable	legacy independent C string ABI; this facade never receives llev-owned C strings (owned text crosses as LlevOwnedString and is released with llev_owned_string_free)
fortran	function	llev_string_array_free	-	reasoned-absence	["bindings/fortran/src/vinary_tree_liblevenshtein.f90"]	inapplicable	bindings/fortran/README.md	inapplicable	["bindings/fortran/test/test_distance.f90","bindings/fortran/integration/test/test_cross_project.f90"]	inapplicable	bindings/fortran/test/test_distance.f90	inapplicable	legacy independent C string ABI; this facade never receives llev-owned C strings (owned text crosses as LlevOwnedString and is released with llev_owned_string_free)
fortran	function	llev_string_dup	-	reasoned-absence	["bindings/fortran/src/vinary_tree_liblevenshtein.f90"]	inapplicable	bindings/fortran/README.md	inapplicable	["bindings/fortran/test/test_distance.f90","bindings/fortran/integration/test/test_cross_project.f90"]	inapplicable	bindings/fortran/test/test_distance.f90	inapplicable	legacy independent C string ABI; this facade never receives llev-owned C strings (owned text crosses as LlevOwnedString and is released with llev_owned_string_free)
fortran	function	llev_distance	levenshtein_distance	exposed	["bindings/fortran/src/vinary_tree_liblevenshtein.f90"]	complete	bindings/fortran/README.md	complete	["bindings/fortran/test/test_distance.f90","bindings/fortran/integration/test/test_cross_project.f90"]	complete	bindings/fortran/test/test_distance.f90	complete	-
fortran	function	llev_distance_threshold	levenshtein_distance_threshold	exposed	["bindings/fortran/src/vinary_tree_liblevenshtein.f90"]	complete	bindings/fortran/README.md	complete	["bindings/fortran/test/test_distance.f90","bindings/fortran/integration/test/test_cross_project.f90"]	complete	bindings/fortran/test/test_distance.f90	complete	-
fortran	function	llev_damerau_distance	damerau_distance	exposed	["bindings/fortran/src/vinary_tree_liblevenshtein.f90"]	complete	bindings/fortran/README.md	complete	["bindings/fortran/test/test_distance.f90","bindings/fortran/integration/test/test_cross_project.f90"]	complete	bindings/fortran/test/test_distance.f90	complete	-
fortran	function	llev_damerau_distance_threshold	damerau_distance_threshold	exposed	["bindings/fortran/src/vinary_tree_liblevenshtein.f90"]	complete	bindings/fortran/README.md	complete	["bindings/fortran/test/test_distance.f90","bindings/fortran/integration/test/test_cross_project.f90"]	complete	bindings/fortran/test/test_distance.f90	complete	-
fortran	function	llev_true_damerau_distance	true_damerau_distance	exposed	["bindings/fortran/src/vinary_tree_liblevenshtein.f90"]	complete	bindings/fortran/README.md	complete	["bindings/fortran/test/test_distance.f90","bindings/fortran/integration/test/test_cross_project.f90"]	complete	bindings/fortran/test/test_distance.f90	complete	-
fortran	function	llev_true_damerau_distance_threshold	true_damerau_distance_threshold	exposed	["bindings/fortran/src/vinary_tree_liblevenshtein.f90"]	complete	bindings/fortran/README.md	complete	["bindings/fortran/test/test_distance.f90","bindings/fortran/integration/test/test_cross_project.f90"]	complete	bindings/fortran/test/test_distance.f90	complete	-
fortran	function	llev_transducer_new	new_transducer	exposed	["bindings/fortran/src/vinary_tree_liblevenshtein.f90"]	complete	bindings/fortran/README.md	complete	["bindings/fortran/test/test_distance.f90","bindings/fortran/integration/test/test_cross_project.f90"]	complete	bindings/fortran/test/test_distance.f90	audit-required	-
fortran	function	llev_transducer_snapshot	-	reasoned-absence	["bindings/fortran/src/vinary_tree_liblevenshtein.f90"]	inapplicable	bindings/fortran/README.md	inapplicable	["bindings/fortran/test/test_distance.f90","bindings/fortran/integration/test/test_cross_project.f90"]	inapplicable	bindings/fortran/test/test_distance.f90	inapplicable	not exposed as a separate facade operation; ordinary query construction already captures a query-start snapshot and this facade has no explicit reusable snapshot object
fortran	function	llev_transducer_free	transducer%close	exposed	["bindings/fortran/src/vinary_tree_liblevenshtein.f90"]	complete	bindings/fortran/README.md	complete	["bindings/fortran/test/test_distance.f90","bindings/fortran/integration/test/test_cross_project.f90"]	complete	bindings/fortran/test/test_distance.f90	complete	-
fortran	function	llev_transducer_unit_domain	-	reasoned-absence	["bindings/fortran/src/vinary_tree_liblevenshtein.f90"]	inapplicable	bindings/fortran/README.md	inapplicable	["bindings/fortran/test/test_distance.f90","bindings/fortran/integration/test/test_cross_project.f90"]	inapplicable	bindings/fortran/test/test_distance.f90	inapplicable	not bound; every match descriptor carries its own unit domain, so the transducer-level accessor is redundant for this facade
fortran	function	llev_transducer_query_utf8	transducer%query_text	exposed	["bindings/fortran/src/vinary_tree_liblevenshtein.f90"]	complete	bindings/fortran/README.md	complete	["bindings/fortran/test/test_distance.f90","bindings/fortran/integration/test/test_cross_project.f90"]	complete	bindings/fortran/test/test_distance.f90	audit-required	-
fortran	function	llev_transducer_query_bytes	transducer%query_bytes	exposed	["bindings/fortran/src/vinary_tree_liblevenshtein.f90"]	complete	bindings/fortran/README.md	complete	["bindings/fortran/test/test_distance.f90","bindings/fortran/integration/test/test_cross_project.f90"]	audit-required	bindings/fortran/test/test_distance.f90	audit-required	-
fortran	function	llev_transducer_query_u64	transducer%query_u64	exposed	["bindings/fortran/src/vinary_tree_liblevenshtein.f90"]	complete	bindings/fortran/README.md	complete	["bindings/fortran/test/test_distance.f90","bindings/fortran/integration/test/test_cross_project.f90"]	audit-required	bindings/fortran/test/test_distance.f90	audit-required	-
fortran	function	llev_query_cursor_next_batch	query_iterator%next	exposed	["bindings/fortran/src/vinary_tree_liblevenshtein.f90"]	complete	bindings/fortran/README.md	complete	["bindings/fortran/test/test_distance.f90","bindings/fortran/integration/test/test_cross_project.f90"]	complete	bindings/fortran/test/test_distance.f90	audit-required	-
fortran	function	llev_query_cursor_release_batch	query_iterator%next	exposed	["bindings/fortran/src/vinary_tree_liblevenshtein.f90"]	complete	bindings/fortran/README.md	complete	["bindings/fortran/test/test_distance.f90","bindings/fortran/integration/test/test_cross_project.f90"]	complete	bindings/fortran/test/test_distance.f90	audit-required	-
fortran	function	llev_query_cursor_reduce	-	reasoned-absence	["bindings/fortran/src/vinary_tree_liblevenshtein.f90"]	inapplicable	bindings/fortran/README.md	inapplicable	["bindings/fortran/test/test_distance.f90","bindings/fortran/integration/test/test_cross_project.f90"]	inapplicable	bindings/fortran/test/test_distance.f90	inapplicable	no public batch-reduction entry point; the safe iterator leases and materializes one bounded native batch at a time internally
fortran	function	llev_query_cursor_free	query_iterator%close	exposed	["bindings/fortran/src/vinary_tree_liblevenshtein.f90"]	complete	bindings/fortran/README.md	complete	["bindings/fortran/test/test_distance.f90","bindings/fortran/integration/test/test_cross_project.f90"]	complete	bindings/fortran/test/test_distance.f90	complete	-
fortran	function	llev_owned_string_free	phonetic_rule_set%apply	exposed	["bindings/fortran/src/vinary_tree_liblevenshtein.f90"]	complete	bindings/fortran/README.md	complete	["bindings/fortran/test/test_distance.f90","bindings/fortran/integration/test/test_cross_project.f90"]	audit-required	bindings/fortran/test/test_distance.f90	audit-required	-
fortran	function	llev_phonetic_pattern_compile_regex	compile_phonetic_regex	exposed	["bindings/fortran/src/vinary_tree_liblevenshtein.f90"]	complete	bindings/fortran/README.md	complete	["bindings/fortran/test/test_distance.f90","bindings/fortran/integration/test/test_cross_project.f90"]	complete	bindings/fortran/test/test_distance.f90	complete	-
fortran	function	llev_phonetic_pattern_compile_llre	compile_phonetic_llre	exposed	["bindings/fortran/src/vinary_tree_liblevenshtein.f90"]	complete	bindings/fortran/README.md	complete	["bindings/fortran/test/test_distance.f90","bindings/fortran/integration/test/test_cross_project.f90"]	audit-required	bindings/fortran/test/test_distance.f90	audit-required	-
fortran	function	llev_phonetic_pattern_free	phonetic_pattern%close	exposed	["bindings/fortran/src/vinary_tree_liblevenshtein.f90"]	complete	bindings/fortran/README.md	complete	["bindings/fortran/test/test_distance.f90","bindings/fortran/integration/test/test_cross_project.f90"]	complete	bindings/fortran/test/test_distance.f90	complete	-
fortran	function	llev_phonetic_pattern_size	phonetic_pattern%size	exposed	["bindings/fortran/src/vinary_tree_liblevenshtein.f90"]	complete	bindings/fortran/README.md	complete	["bindings/fortran/test/test_distance.f90","bindings/fortran/integration/test/test_cross_project.f90"]	complete	bindings/fortran/test/test_distance.f90	audit-required	-
fortran	function	llev_phonetic_pattern_matches	phonetic_pattern%matches	exposed	["bindings/fortran/src/vinary_tree_liblevenshtein.f90"]	complete	bindings/fortran/README.md	complete	["bindings/fortran/test/test_distance.f90","bindings/fortran/integration/test/test_cross_project.f90"]	complete	bindings/fortran/test/test_distance.f90	complete	-
fortran	function	llev_transducer_query_pattern	transducer%query_pattern	exposed	["bindings/fortran/src/vinary_tree_liblevenshtein.f90"]	complete	bindings/fortran/README.md	complete	["bindings/fortran/test/test_distance.f90","bindings/fortran/integration/test/test_cross_project.f90"]	audit-required	bindings/fortran/test/test_distance.f90	audit-required	-
fortran	function	llev_phonetic_rules_parse	parse_phonetic_rules	exposed	["bindings/fortran/src/vinary_tree_liblevenshtein.f90"]	complete	bindings/fortran/README.md	complete	["bindings/fortran/test/test_distance.f90","bindings/fortran/integration/test/test_cross_project.f90"]	audit-required	bindings/fortran/test/test_distance.f90	audit-required	-
fortran	function	llev_phonetic_rules_builtin	builtin_phonetic_rules	exposed	["bindings/fortran/src/vinary_tree_liblevenshtein.f90"]	complete	bindings/fortran/README.md	complete	["bindings/fortran/test/test_distance.f90","bindings/fortran/integration/test/test_cross_project.f90"]	audit-required	bindings/fortran/test/test_distance.f90	audit-required	-
fortran	function	llev_phonetic_rules_free	phonetic_rule_set%close	exposed	["bindings/fortran/src/vinary_tree_liblevenshtein.f90"]	complete	bindings/fortran/README.md	complete	["bindings/fortran/test/test_distance.f90","bindings/fortran/integration/test/test_cross_project.f90"]	complete	bindings/fortran/test/test_distance.f90	complete	-
fortran	function	llev_phonetic_rules_len	phonetic_rule_set%length	exposed	["bindings/fortran/src/vinary_tree_liblevenshtein.f90"]	complete	bindings/fortran/README.md	complete	["bindings/fortran/test/test_distance.f90","bindings/fortran/integration/test/test_cross_project.f90"]	audit-required	bindings/fortran/test/test_distance.f90	audit-required	-
fortran	function	llev_phonetic_rules_apply	phonetic_rule_set%apply	exposed	["bindings/fortran/src/vinary_tree_liblevenshtein.f90"]	complete	bindings/fortran/README.md	complete	["bindings/fortran/test/test_distance.f90","bindings/fortran/integration/test/test_cross_project.f90"]	audit-required	bindings/fortran/test/test_distance.f90	audit-required	-
fortran	enum	enum:status	llev_ok	exposed	["bindings/fortran/src/vinary_tree_liblevenshtein.f90"]	complete	bindings/fortran/README.md	complete	["bindings/fortran/test/test_distance.f90","bindings/fortran/integration/test/test_cross_project.f90"]	complete	bindings/fortran/test/test_distance.f90	complete	-
fortran	enum	enum:algorithm	llev_standard	exposed	["bindings/fortran/src/vinary_tree_liblevenshtein.f90"]	complete	bindings/fortran/README.md	complete	["bindings/fortran/test/test_distance.f90","bindings/fortran/integration/test/test_cross_project.f90"]	audit-required	bindings/fortran/test/test_distance.f90	audit-required	-
fortran	enum	enum:queryOrder	llev_traversal	exposed	["bindings/fortran/src/vinary_tree_liblevenshtein.f90"]	complete	bindings/fortran/README.md	complete	["bindings/fortran/test/test_distance.f90","bindings/fortran/integration/test/test_cross_project.f90"]	audit-required	bindings/fortran/test/test_distance.f90	audit-required	-
fortran	enum	enum:phoneticRuleSetKind	-	reasoned-absence	["bindings/fortran/src/vinary_tree_liblevenshtein.f90"]	inapplicable	bindings/fortran/README.md	inapplicable	["bindings/fortran/test/test_distance.f90","bindings/fortran/integration/test/test_cross_project.f90"]	inapplicable	bindings/fortran/test/test_distance.f90	inapplicable	builtin_phonetic_rules takes a raw integer kind; named constants are not provided
fortran	protocol	protocol:iterator	query_iterator%next	exposed	["bindings/fortran/src/vinary_tree_liblevenshtein.f90"]	complete	bindings/fortran/README.md	complete	["bindings/fortran/test/test_distance.f90","bindings/fortran/integration/test/test_cross_project.f90"]	complete	bindings/fortran/test/test_distance.f90	audit-required	-
fortran	protocol	protocol:reducer	-	reasoned-absence	["bindings/fortran/src/vinary_tree_liblevenshtein.f90"]	inapplicable	bindings/fortran/README.md	inapplicable	["bindings/fortran/test/test_distance.f90","bindings/fortran/integration/test/test_cross_project.f90"]	inapplicable	bindings/fortran/test/test_distance.f90	inapplicable	no public batch-reduction entry point; the safe iterator leases and materializes one bounded native batch at a time internally
go	function	llev_abi_version	-	reasoned-absence	["bindings/go/liblevenshtein.go"]	inapplicable	bindings/go/README.md	inapplicable	["bindings/go/liblevenshtein_test.go"]	inapplicable	bindings/go/liblevenshtein_test.go	inapplicable	not bound; ABI constants are mirrored from bindings/api.json
go	function	llev_api_revision	-	reasoned-absence	["bindings/go/liblevenshtein.go"]	inapplicable	bindings/go/README.md	inapplicable	["bindings/go/liblevenshtein_test.go"]	inapplicable	bindings/go/liblevenshtein_test.go	inapplicable	not bound; ABI constants are mirrored from bindings/api.json
go	function	llev_build_features	-	reasoned-absence	["bindings/go/liblevenshtein.go"]	inapplicable	bindings/go/README.md	inapplicable	["bindings/go/liblevenshtein_test.go"]	inapplicable	bindings/go/liblevenshtein_test.go	inapplicable	not bound; phonetic availability surfaces at call time as Error with the UNSUPPORTED status
go	function	llev_last_error_message	Error	exposed	["bindings/go/liblevenshtein.go"]	complete	bindings/go/README.md	complete	["bindings/go/liblevenshtein_test.go"]	audit-required	bindings/go/liblevenshtein_test.go	audit-required	-
go	function	llev_string_free	-	reasoned-absence	["bindings/go/liblevenshtein.go"]	inapplicable	bindings/go/README.md	inapplicable	["bindings/go/liblevenshtein_test.go"]	inapplicable	bindings/go/liblevenshtein_test.go	inapplicable	legacy independent C string ABI; this facade never receives llev-owned C strings (owned text crosses as LlevOwnedString and is released with llev_owned_string_free)
go	function	llev_string_array_free	-	reasoned-absence	["bindings/go/liblevenshtein.go"]	inapplicable	bindings/go/README.md	inapplicable	["bindings/go/liblevenshtein_test.go"]	inapplicable	bindings/go/liblevenshtein_test.go	inapplicable	legacy independent C string ABI; this facade never receives llev-owned C strings (owned text crosses as LlevOwnedString and is released with llev_owned_string_free)
go	function	llev_string_dup	-	reasoned-absence	["bindings/go/liblevenshtein.go"]	inapplicable	bindings/go/README.md	inapplicable	["bindings/go/liblevenshtein_test.go"]	inapplicable	bindings/go/liblevenshtein_test.go	inapplicable	legacy independent C string ABI; this facade never receives llev-owned C strings (owned text crosses as LlevOwnedString and is released with llev_owned_string_free)
go	function	llev_distance	Distance	exposed	["bindings/go/liblevenshtein.go"]	complete	bindings/go/README.md	complete	["bindings/go/liblevenshtein_test.go"]	complete	bindings/go/liblevenshtein_test.go	complete	-
go	function	llev_distance_threshold	DistanceThreshold	exposed	["bindings/go/liblevenshtein.go"]	complete	bindings/go/README.md	complete	["bindings/go/liblevenshtein_test.go"]	complete	bindings/go/liblevenshtein_test.go	complete	-
go	function	llev_damerau_distance	DamerauDistance	exposed	["bindings/go/liblevenshtein.go"]	complete	bindings/go/README.md	complete	["bindings/go/liblevenshtein_test.go"]	complete	bindings/go/liblevenshtein_test.go	complete	-
go	function	llev_damerau_distance_threshold	DamerauDistanceThreshold	exposed	["bindings/go/liblevenshtein.go"]	complete	bindings/go/README.md	complete	["bindings/go/liblevenshtein_test.go"]	complete	bindings/go/liblevenshtein_test.go	complete	-
go	function	llev_true_damerau_distance	TrueDamerauDistance	exposed	["bindings/go/liblevenshtein.go"]	complete	bindings/go/README.md	complete	["bindings/go/liblevenshtein_test.go"]	complete	bindings/go/liblevenshtein_test.go	complete	-
go	function	llev_true_damerau_distance_threshold	TrueDamerauDistanceThreshold	exposed	["bindings/go/liblevenshtein.go"]	complete	bindings/go/README.md	complete	["bindings/go/liblevenshtein_test.go"]	complete	bindings/go/liblevenshtein_test.go	complete	-
go	function	llev_transducer_new	NewTransducer	exposed	["bindings/go/liblevenshtein.go"]	complete	bindings/go/README.md	complete	["bindings/go/liblevenshtein_test.go"]	audit-required	bindings/go/liblevenshtein_test.go	audit-required	-
go	function	llev_transducer_snapshot	-	reasoned-absence	["bindings/go/liblevenshtein.go"]	inapplicable	bindings/go/README.md	inapplicable	["bindings/go/liblevenshtein_test.go"]	inapplicable	bindings/go/liblevenshtein_test.go	inapplicable	not exposed as a separate facade operation; ordinary query construction already captures a query-start snapshot and this facade has no explicit reusable snapshot object
go	function	llev_transducer_free	Transducer.Close	exposed	["bindings/go/liblevenshtein.go"]	complete	bindings/go/README.md	complete	["bindings/go/liblevenshtein_test.go"]	complete	bindings/go/liblevenshtein_test.go	complete	-
go	function	llev_transducer_unit_domain	-	reasoned-absence	["bindings/go/liblevenshtein.go"]	inapplicable	bindings/go/README.md	inapplicable	["bindings/go/liblevenshtein_test.go"]	inapplicable	bindings/go/liblevenshtein_test.go	inapplicable	not bound; every match descriptor carries its own unit domain, so the transducer-level accessor is redundant for this facade
go	function	llev_transducer_query_utf8	Transducer.Query	exposed	["bindings/go/liblevenshtein.go"]	complete	bindings/go/README.md	complete	["bindings/go/liblevenshtein_test.go"]	audit-required	bindings/go/liblevenshtein_test.go	audit-required	-
go	function	llev_transducer_query_bytes	Transducer.QueryBytes	exposed	["bindings/go/liblevenshtein.go"]	complete	bindings/go/README.md	complete	["bindings/go/liblevenshtein_test.go"]	audit-required	bindings/go/liblevenshtein_test.go	audit-required	-
go	function	llev_transducer_query_u64	Transducer.QueryU64	exposed	["bindings/go/liblevenshtein.go"]	complete	bindings/go/README.md	complete	["bindings/go/liblevenshtein_test.go"]	audit-required	bindings/go/liblevenshtein_test.go	audit-required	-
go	function	llev_query_cursor_next_batch	Iterator.Next	exposed	["bindings/go/liblevenshtein.go"]	complete	bindings/go/README.md	complete	["bindings/go/liblevenshtein_test.go"]	audit-required	bindings/go/liblevenshtein_test.go	audit-required	-
go	function	llev_query_cursor_release_batch	Iterator.Next	exposed	["bindings/go/liblevenshtein.go"]	complete	bindings/go/README.md	complete	["bindings/go/liblevenshtein_test.go"]	audit-required	bindings/go/liblevenshtein_test.go	audit-required	-
go	function	llev_query_cursor_reduce	-	reasoned-absence	["bindings/go/liblevenshtein.go"]	inapplicable	bindings/go/README.md	inapplicable	["bindings/go/liblevenshtein_test.go"]	inapplicable	bindings/go/liblevenshtein_test.go	inapplicable	no public batch-reduction entry point; the safe iterator leases and materializes one bounded native batch at a time internally
go	function	llev_query_cursor_free	Iterator.Close	exposed	["bindings/go/liblevenshtein.go"]	complete	bindings/go/README.md	complete	["bindings/go/liblevenshtein_test.go"]	complete	bindings/go/liblevenshtein_test.go	complete	-
go	function	llev_owned_string_free	PhoneticRuleSet.Apply	exposed	["bindings/go/liblevenshtein.go"]	complete	bindings/go/README.md	complete	["bindings/go/liblevenshtein_test.go"]	audit-required	bindings/go/liblevenshtein_test.go	audit-required	-
go	function	llev_phonetic_pattern_compile_regex	CompilePhoneticRegex	exposed	["bindings/go/liblevenshtein.go"]	complete	bindings/go/README.md	complete	["bindings/go/liblevenshtein_test.go"]	complete	bindings/go/liblevenshtein_test.go	complete	-
go	function	llev_phonetic_pattern_compile_llre	CompilePhoneticLLRE	exposed	["bindings/go/liblevenshtein.go"]	complete	bindings/go/README.md	complete	["bindings/go/liblevenshtein_test.go"]	audit-required	bindings/go/liblevenshtein_test.go	audit-required	-
go	function	llev_phonetic_pattern_free	PhoneticPattern.Close	exposed	["bindings/go/liblevenshtein.go"]	complete	bindings/go/README.md	complete	["bindings/go/liblevenshtein_test.go"]	complete	bindings/go/liblevenshtein_test.go	complete	-
go	function	llev_phonetic_pattern_size	PhoneticPattern.Size	exposed	["bindings/go/liblevenshtein.go"]	complete	bindings/go/README.md	complete	["bindings/go/liblevenshtein_test.go"]	complete	bindings/go/liblevenshtein_test.go	complete	-
go	function	llev_phonetic_pattern_matches	PhoneticPattern.Matches	exposed	["bindings/go/liblevenshtein.go"]	complete	bindings/go/README.md	complete	["bindings/go/liblevenshtein_test.go"]	complete	bindings/go/liblevenshtein_test.go	complete	-
go	function	llev_transducer_query_pattern	Transducer.QueryPattern	exposed	["bindings/go/liblevenshtein.go"]	complete	bindings/go/README.md	complete	["bindings/go/liblevenshtein_test.go"]	audit-required	bindings/go/liblevenshtein_test.go	audit-required	-
go	function	llev_phonetic_rules_parse	ParsePhoneticRules	exposed	["bindings/go/liblevenshtein.go"]	complete	bindings/go/README.md	complete	["bindings/go/liblevenshtein_test.go"]	audit-required	bindings/go/liblevenshtein_test.go	audit-required	-
go	function	llev_phonetic_rules_builtin	BuiltinPhoneticRules	exposed	["bindings/go/liblevenshtein.go"]	complete	bindings/go/README.md	complete	["bindings/go/liblevenshtein_test.go"]	audit-required	bindings/go/liblevenshtein_test.go	audit-required	-
go	function	llev_phonetic_rules_free	PhoneticRuleSet.Close	exposed	["bindings/go/liblevenshtein.go"]	complete	bindings/go/README.md	complete	["bindings/go/liblevenshtein_test.go"]	complete	bindings/go/liblevenshtein_test.go	complete	-
go	function	llev_phonetic_rules_len	PhoneticRuleSet.Len	exposed	["bindings/go/liblevenshtein.go"]	complete	bindings/go/README.md	complete	["bindings/go/liblevenshtein_test.go"]	audit-required	bindings/go/liblevenshtein_test.go	audit-required	-
go	function	llev_phonetic_rules_apply	PhoneticRuleSet.Apply	exposed	["bindings/go/liblevenshtein.go"]	complete	bindings/go/README.md	complete	["bindings/go/liblevenshtein_test.go"]	audit-required	bindings/go/liblevenshtein_test.go	audit-required	-
go	enum	enum:status	Error.Status	exposed	["bindings/go/liblevenshtein.go"]	complete	bindings/go/README.md	complete	["bindings/go/liblevenshtein_test.go"]	audit-required	bindings/go/liblevenshtein_test.go	audit-required	-
go	enum	enum:algorithm	Algorithm	exposed	["bindings/go/liblevenshtein.go"]	complete	bindings/go/README.md	complete	["bindings/go/liblevenshtein_test.go"]	audit-required	bindings/go/liblevenshtein_test.go	audit-required	-
go	enum	enum:queryOrder	QueryOrder	exposed	["bindings/go/liblevenshtein.go"]	complete	bindings/go/README.md	complete	["bindings/go/liblevenshtein_test.go"]	audit-required	bindings/go/liblevenshtein_test.go	audit-required	-
go	enum	enum:phoneticRuleSetKind	PhoneticRuleSetKind	exposed	["bindings/go/liblevenshtein.go"]	complete	bindings/go/README.md	complete	["bindings/go/liblevenshtein_test.go"]	audit-required	bindings/go/liblevenshtein_test.go	audit-required	-
go	protocol	protocol:iterator	Iterator.Next	exposed	["bindings/go/liblevenshtein.go"]	complete	bindings/go/README.md	complete	["bindings/go/liblevenshtein_test.go"]	audit-required	bindings/go/liblevenshtein_test.go	audit-required	-
go	protocol	protocol:reducer	-	reasoned-absence	["bindings/go/liblevenshtein.go"]	inapplicable	bindings/go/README.md	inapplicable	["bindings/go/liblevenshtein_test.go"]	inapplicable	bindings/go/liblevenshtein_test.go	inapplicable	no public batch-reduction entry point; the safe iterator leases and materializes one bounded native batch at a time internally
haskell	function	llev_abi_version	-	reasoned-absence	["bindings/haskell/src/VinaryTree/Liblevenshtein.hsc"]	inapplicable	bindings/haskell/README.md	inapplicable	["bindings/haskell/test/Main.hs"]	inapplicable	bindings/haskell/test/Main.hs	inapplicable	not bound; ABI constants are mirrored from bindings/api.json
haskell	function	llev_api_revision	-	reasoned-absence	["bindings/haskell/src/VinaryTree/Liblevenshtein.hsc"]	inapplicable	bindings/haskell/README.md	inapplicable	["bindings/haskell/test/Main.hs"]	inapplicable	bindings/haskell/test/Main.hs	inapplicable	not bound; ABI constants are mirrored from bindings/api.json
haskell	function	llev_build_features	-	reasoned-absence	["bindings/haskell/src/VinaryTree/Liblevenshtein.hsc"]	inapplicable	bindings/haskell/README.md	inapplicable	["bindings/haskell/test/Main.hs"]	inapplicable	bindings/haskell/test/Main.hs	inapplicable	not bound; phonetic availability surfaces at call time as thrown IOError userError values with the UNSUPPORTED status
haskell	function	llev_last_error_message	-	reasoned-absence	["bindings/haskell/src/VinaryTree/Liblevenshtein.hsc"]	inapplicable	bindings/haskell/README.md	inapplicable	["bindings/haskell/test/Main.hs"]	inapplicable	bindings/haskell/test/Main.hs	inapplicable	the native message is folded into thrown IOError userError values; no dedicated exported error type
haskell	function	llev_string_free	-	reasoned-absence	["bindings/haskell/src/VinaryTree/Liblevenshtein.hsc"]	inapplicable	bindings/haskell/README.md	inapplicable	["bindings/haskell/test/Main.hs"]	inapplicable	bindings/haskell/test/Main.hs	inapplicable	legacy independent C string ABI; this facade never receives llev-owned C strings (owned text crosses as LlevOwnedString and is released with llev_owned_string_free)
haskell	function	llev_string_array_free	-	reasoned-absence	["bindings/haskell/src/VinaryTree/Liblevenshtein.hsc"]	inapplicable	bindings/haskell/README.md	inapplicable	["bindings/haskell/test/Main.hs"]	inapplicable	bindings/haskell/test/Main.hs	inapplicable	legacy independent C string ABI; this facade never receives llev-owned C strings (owned text crosses as LlevOwnedString and is released with llev_owned_string_free)
haskell	function	llev_string_dup	-	reasoned-absence	["bindings/haskell/src/VinaryTree/Liblevenshtein.hsc"]	inapplicable	bindings/haskell/README.md	inapplicable	["bindings/haskell/test/Main.hs"]	inapplicable	bindings/haskell/test/Main.hs	inapplicable	legacy independent C string ABI; this facade never receives llev-owned C strings (owned text crosses as LlevOwnedString and is released with llev_owned_string_free)
haskell	function	llev_distance	distance	exposed	["bindings/haskell/src/VinaryTree/Liblevenshtein.hsc"]	complete	bindings/haskell/README.md	complete	["bindings/haskell/test/Main.hs"]	complete	bindings/haskell/test/Main.hs	complete	-
haskell	function	llev_distance_threshold	distanceThreshold	exposed	["bindings/haskell/src/VinaryTree/Liblevenshtein.hsc"]	complete	bindings/haskell/README.md	complete	["bindings/haskell/test/Main.hs"]	complete	bindings/haskell/test/Main.hs	complete	-
haskell	function	llev_damerau_distance	damerauDistance	exposed	["bindings/haskell/src/VinaryTree/Liblevenshtein.hsc"]	complete	bindings/haskell/README.md	complete	["bindings/haskell/test/Main.hs"]	complete	bindings/haskell/test/Main.hs	complete	-
haskell	function	llev_damerau_distance_threshold	damerauDistanceThreshold	exposed	["bindings/haskell/src/VinaryTree/Liblevenshtein.hsc"]	complete	bindings/haskell/README.md	complete	["bindings/haskell/test/Main.hs"]	complete	bindings/haskell/test/Main.hs	complete	-
haskell	function	llev_true_damerau_distance	trueDamerauDistance	exposed	["bindings/haskell/src/VinaryTree/Liblevenshtein.hsc"]	complete	bindings/haskell/README.md	complete	["bindings/haskell/test/Main.hs"]	complete	bindings/haskell/test/Main.hs	complete	-
haskell	function	llev_true_damerau_distance_threshold	trueDamerauDistanceThreshold	exposed	["bindings/haskell/src/VinaryTree/Liblevenshtein.hsc"]	complete	bindings/haskell/README.md	complete	["bindings/haskell/test/Main.hs"]	complete	bindings/haskell/test/Main.hs	complete	-
haskell	function	llev_transducer_new	transducer	exposed	["bindings/haskell/src/VinaryTree/Liblevenshtein.hsc"]	complete	bindings/haskell/README.md	complete	["bindings/haskell/test/Main.hs"]	complete	bindings/haskell/test/Main.hs	complete	-
haskell	function	llev_transducer_snapshot	-	reasoned-absence	["bindings/haskell/src/VinaryTree/Liblevenshtein.hsc"]	inapplicable	bindings/haskell/README.md	inapplicable	["bindings/haskell/test/Main.hs"]	inapplicable	bindings/haskell/test/Main.hs	inapplicable	not exposed as a separate facade operation; ordinary query construction already captures a query-start snapshot and this facade has no explicit reusable snapshot object
haskell	function	llev_transducer_free	closeTransducer	exposed	["bindings/haskell/src/VinaryTree/Liblevenshtein.hsc"]	complete	bindings/haskell/README.md	complete	["bindings/haskell/test/Main.hs"]	complete	bindings/haskell/test/Main.hs	complete	-
haskell	function	llev_transducer_unit_domain	-	reasoned-absence	["bindings/haskell/src/VinaryTree/Liblevenshtein.hsc"]	inapplicable	bindings/haskell/README.md	inapplicable	["bindings/haskell/test/Main.hs"]	inapplicable	bindings/haskell/test/Main.hs	inapplicable	not bound; every match descriptor carries its own unit domain, so the transducer-level accessor is redundant for this facade
haskell	function	llev_transducer_query_utf8	queryText	exposed	["bindings/haskell/src/VinaryTree/Liblevenshtein.hsc"]	complete	bindings/haskell/README.md	complete	["bindings/haskell/test/Main.hs"]	complete	bindings/haskell/test/Main.hs	complete	-
haskell	function	llev_transducer_query_bytes	queryBytes	exposed	["bindings/haskell/src/VinaryTree/Liblevenshtein.hsc"]	complete	bindings/haskell/README.md	complete	["bindings/haskell/test/Main.hs"]	audit-required	bindings/haskell/test/Main.hs	audit-required	-
haskell	function	llev_transducer_query_u64	queryU64	exposed	["bindings/haskell/src/VinaryTree/Liblevenshtein.hsc"]	complete	bindings/haskell/README.md	complete	["bindings/haskell/test/Main.hs"]	complete	bindings/haskell/test/Main.hs	complete	-
haskell	function	llev_query_cursor_next_batch	next	exposed	["bindings/haskell/src/VinaryTree/Liblevenshtein.hsc"]	complete	bindings/haskell/README.md	complete	["bindings/haskell/test/Main.hs"]	complete	bindings/haskell/test/Main.hs	complete	-
haskell	function	llev_query_cursor_next_batch	nextBatch	exposed	["bindings/haskell/src/VinaryTree/Liblevenshtein.hsc"]	complete	bindings/haskell/README.md	complete	["bindings/haskell/test/Main.hs"]	audit-required	bindings/haskell/test/Main.hs	audit-required	-
haskell	function	llev_query_cursor_release_batch	nextBatch	exposed	["bindings/haskell/src/VinaryTree/Liblevenshtein.hsc"]	complete	bindings/haskell/README.md	complete	["bindings/haskell/test/Main.hs"]	audit-required	bindings/haskell/test/Main.hs	audit-required	-
haskell	function	llev_query_cursor_reduce	-	reasoned-absence	["bindings/haskell/src/VinaryTree/Liblevenshtein.hsc"]	inapplicable	bindings/haskell/README.md	inapplicable	["bindings/haskell/test/Main.hs"]	inapplicable	bindings/haskell/test/Main.hs	inapplicable	batch reduction is provided by foldBatches over next_batch/release_batch leases; the native callback reducer is not bound
haskell	function	llev_query_cursor_free	closeCursor	exposed	["bindings/haskell/src/VinaryTree/Liblevenshtein.hsc"]	complete	bindings/haskell/README.md	complete	["bindings/haskell/test/Main.hs"]	complete	bindings/haskell/test/Main.hs	complete	-
haskell	function	llev_owned_string_free	applyRules	exposed	["bindings/haskell/src/VinaryTree/Liblevenshtein.hsc"]	complete	bindings/haskell/README.md	complete	["bindings/haskell/test/Main.hs"]	complete	bindings/haskell/test/Main.hs	complete	-
haskell	function	llev_phonetic_pattern_compile_regex	regexPattern	exposed	["bindings/haskell/src/VinaryTree/Liblevenshtein.hsc"]	complete	bindings/haskell/README.md	complete	["bindings/haskell/test/Main.hs"]	complete	bindings/haskell/test/Main.hs	complete	-
haskell	function	llev_phonetic_pattern_compile_llre	llrePattern	exposed	["bindings/haskell/src/VinaryTree/Liblevenshtein.hsc"]	complete	bindings/haskell/README.md	complete	["bindings/haskell/test/Main.hs"]	audit-required	bindings/haskell/test/Main.hs	audit-required	-
haskell	function	llev_phonetic_pattern_free	closePattern	exposed	["bindings/haskell/src/VinaryTree/Liblevenshtein.hsc"]	complete	bindings/haskell/README.md	complete	["bindings/haskell/test/Main.hs"]	complete	bindings/haskell/test/Main.hs	complete	-
haskell	function	llev_phonetic_pattern_size	patternSize	exposed	["bindings/haskell/src/VinaryTree/Liblevenshtein.hsc"]	complete	bindings/haskell/README.md	complete	["bindings/haskell/test/Main.hs"]	complete	bindings/haskell/test/Main.hs	complete	-
haskell	function	llev_phonetic_pattern_matches	patternMatches	exposed	["bindings/haskell/src/VinaryTree/Liblevenshtein.hsc"]	complete	bindings/haskell/README.md	complete	["bindings/haskell/test/Main.hs"]	complete	bindings/haskell/test/Main.hs	complete	-
haskell	function	llev_transducer_query_pattern	queryPattern	exposed	["bindings/haskell/src/VinaryTree/Liblevenshtein.hsc"]	complete	bindings/haskell/README.md	complete	["bindings/haskell/test/Main.hs"]	audit-required	bindings/haskell/test/Main.hs	audit-required	-
haskell	function	llev_phonetic_rules_parse	phoneticRules	exposed	["bindings/haskell/src/VinaryTree/Liblevenshtein.hsc"]	complete	bindings/haskell/README.md	complete	["bindings/haskell/test/Main.hs"]	complete	bindings/haskell/test/Main.hs	complete	-
haskell	function	llev_phonetic_rules_builtin	phoneticRules	exposed	["bindings/haskell/src/VinaryTree/Liblevenshtein.hsc"]	complete	bindings/haskell/README.md	complete	["bindings/haskell/test/Main.hs"]	complete	bindings/haskell/test/Main.hs	complete	-
haskell	function	llev_phonetic_rules_free	closeRules	exposed	["bindings/haskell/src/VinaryTree/Liblevenshtein.hsc"]	complete	bindings/haskell/README.md	complete	["bindings/haskell/test/Main.hs"]	complete	bindings/haskell/test/Main.hs	complete	-
haskell	function	llev_phonetic_rules_len	rulesLength	exposed	["bindings/haskell/src/VinaryTree/Liblevenshtein.hsc"]	complete	bindings/haskell/README.md	complete	["bindings/haskell/test/Main.hs"]	complete	bindings/haskell/test/Main.hs	complete	-
haskell	function	llev_phonetic_rules_apply	applyRules	exposed	["bindings/haskell/src/VinaryTree/Liblevenshtein.hsc"]	complete	bindings/haskell/README.md	complete	["bindings/haskell/test/Main.hs"]	complete	bindings/haskell/test/Main.hs	complete	-
haskell	enum	enum:status	-	reasoned-absence	["bindings/haskell/src/VinaryTree/Liblevenshtein.hsc"]	inapplicable	bindings/haskell/README.md	inapplicable	["bindings/haskell/test/Main.hs"]	inapplicable	bindings/haskell/test/Main.hs	inapplicable	failures raise IOError userError with the native message; the numeric status is not re-exposed
haskell	enum	enum:algorithm	Algorithm	exposed	["bindings/haskell/src/VinaryTree/Liblevenshtein.hsc"]	complete	bindings/haskell/README.md	complete	["bindings/haskell/test/Main.hs"]	audit-required	bindings/haskell/test/Main.hs	audit-required	-
haskell	enum	enum:queryOrder	QueryOrder	exposed	["bindings/haskell/src/VinaryTree/Liblevenshtein.hsc"]	complete	bindings/haskell/README.md	complete	["bindings/haskell/test/Main.hs"]	audit-required	bindings/haskell/test/Main.hs	audit-required	-
haskell	enum	enum:phoneticRuleSetKind	phoneticRules	exposed	["bindings/haskell/src/VinaryTree/Liblevenshtein.hsc"]	complete	bindings/haskell/README.md	complete	["bindings/haskell/test/Main.hs"]	complete	bindings/haskell/test/Main.hs	complete	-
haskell	protocol	protocol:iterator	next	exposed	["bindings/haskell/src/VinaryTree/Liblevenshtein.hsc"]	complete	bindings/haskell/README.md	complete	["bindings/haskell/test/Main.hs"]	complete	bindings/haskell/test/Main.hs	complete	-
haskell	protocol	protocol:reducer	foldBatches	exposed	["bindings/haskell/src/VinaryTree/Liblevenshtein.hsc"]	complete	bindings/haskell/README.md	complete	["bindings/haskell/test/Main.hs"]	complete	bindings/haskell/test/Main.hs	complete	-
javascript	function	llev_abi_version	-	reasoned-absence	["bindings/javascript/facades/native.mjs","bindings/javascript/facades/native.cjs","bindings/javascript/index.d.ts","bindings/javascript/cljs/vinary_tree/liblevenshtein.cljs"]	inapplicable	bindings/javascript/README.md	inapplicable	["bindings/javascript/test/facades.test.mjs","bindings/javascript/test/cljs/vinary_tree/liblevenshtein_cljs_test.cljs"]	inapplicable	bindings/javascript/test/facades.test.mjs	inapplicable	not wrapped; ABI constants are mirrored from bindings/api.json into abi.d.ts
javascript	function	llev_api_revision	-	reasoned-absence	["bindings/javascript/facades/native.mjs","bindings/javascript/facades/native.cjs","bindings/javascript/index.d.ts","bindings/javascript/cljs/vinary_tree/liblevenshtein.cljs"]	inapplicable	bindings/javascript/README.md	inapplicable	["bindings/javascript/test/facades.test.mjs","bindings/javascript/test/cljs/vinary_tree/liblevenshtein_cljs_test.cljs"]	inapplicable	bindings/javascript/test/facades.test.mjs	inapplicable	not wrapped; ABI constants are mirrored from bindings/api.json into abi.d.ts
javascript	function	llev_build_features	-	reasoned-absence	["bindings/javascript/facades/native.mjs","bindings/javascript/facades/native.cjs","bindings/javascript/index.d.ts","bindings/javascript/cljs/vinary_tree/liblevenshtein.cljs"]	inapplicable	bindings/javascript/README.md	inapplicable	["bindings/javascript/test/facades.test.mjs","bindings/javascript/test/cljs/vinary_tree/liblevenshtein_cljs_test.cljs"]	inapplicable	bindings/javascript/test/facades.test.mjs	inapplicable	not wrapped; phonetic availability surfaces at call time as thrown runtime Error values with the UNSUPPORTED status
javascript	function	llev_last_error_message	-	reasoned-absence	["bindings/javascript/facades/native.mjs","bindings/javascript/facades/native.cjs","bindings/javascript/index.d.ts","bindings/javascript/cljs/vinary_tree/liblevenshtein.cljs"]	inapplicable	bindings/javascript/README.md	inapplicable	["bindings/javascript/test/facades.test.mjs","bindings/javascript/test/cljs/vinary_tree/liblevenshtein_cljs_test.cljs"]	inapplicable	bindings/javascript/test/facades.test.mjs	inapplicable	native failures surface as JavaScript Error values thrown by the delegate runtime; no project-facade wrapper symbol
javascript	function	llev_string_free	-	reasoned-absence	["bindings/javascript/facades/native.mjs","bindings/javascript/facades/native.cjs","bindings/javascript/index.d.ts","bindings/javascript/cljs/vinary_tree/liblevenshtein.cljs"]	inapplicable	bindings/javascript/README.md	inapplicable	["bindings/javascript/test/facades.test.mjs","bindings/javascript/test/cljs/vinary_tree/liblevenshtein_cljs_test.cljs"]	inapplicable	bindings/javascript/test/facades.test.mjs	inapplicable	legacy independent C string ABI; this facade never receives llev-owned C strings (owned text crosses as LlevOwnedString and is released with llev_owned_string_free)
javascript	function	llev_string_array_free	-	reasoned-absence	["bindings/javascript/facades/native.mjs","bindings/javascript/facades/native.cjs","bindings/javascript/index.d.ts","bindings/javascript/cljs/vinary_tree/liblevenshtein.cljs"]	inapplicable	bindings/javascript/README.md	inapplicable	["bindings/javascript/test/facades.test.mjs","bindings/javascript/test/cljs/vinary_tree/liblevenshtein_cljs_test.cljs"]	inapplicable	bindings/javascript/test/facades.test.mjs	inapplicable	legacy independent C string ABI; this facade never receives llev-owned C strings (owned text crosses as LlevOwnedString and is released with llev_owned_string_free)
javascript	function	llev_string_dup	-	reasoned-absence	["bindings/javascript/facades/native.mjs","bindings/javascript/facades/native.cjs","bindings/javascript/index.d.ts","bindings/javascript/cljs/vinary_tree/liblevenshtein.cljs"]	inapplicable	bindings/javascript/README.md	inapplicable	["bindings/javascript/test/facades.test.mjs","bindings/javascript/test/cljs/vinary_tree/liblevenshtein_cljs_test.cljs"]	inapplicable	bindings/javascript/test/facades.test.mjs	inapplicable	legacy independent C string ABI; this facade never receives llev-owned C strings (owned text crosses as LlevOwnedString and is released with llev_owned_string_free)
javascript	function	llev_distance	-	reasoned-absence	["bindings/javascript/facades/native.mjs","bindings/javascript/facades/native.cjs","bindings/javascript/index.d.ts","bindings/javascript/cljs/vinary_tree/liblevenshtein.cljs"]	inapplicable	bindings/javascript/README.md	inapplicable	["bindings/javascript/test/facades.test.mjs","bindings/javascript/test/cljs/vinary_tree/liblevenshtein_cljs_test.cljs"]	inapplicable	bindings/javascript/test/facades.test.mjs	inapplicable	delegated to the shared JavaScript runtime namespace and reachable through the untyped default-export spread (liblevenshtein.levenshteinDistance et al.); the typed project facade deliberately re-declares only the transducer/phonetic surface
javascript	function	llev_distance_threshold	-	reasoned-absence	["bindings/javascript/facades/native.mjs","bindings/javascript/facades/native.cjs","bindings/javascript/index.d.ts","bindings/javascript/cljs/vinary_tree/liblevenshtein.cljs"]	inapplicable	bindings/javascript/README.md	inapplicable	["bindings/javascript/test/facades.test.mjs","bindings/javascript/test/cljs/vinary_tree/liblevenshtein_cljs_test.cljs"]	inapplicable	bindings/javascript/test/facades.test.mjs	inapplicable	delegated to the shared JavaScript runtime namespace and reachable through the untyped default-export spread (liblevenshtein.levenshteinDistance et al.); the typed project facade deliberately re-declares only the transducer/phonetic surface
javascript	function	llev_damerau_distance	-	reasoned-absence	["bindings/javascript/facades/native.mjs","bindings/javascript/facades/native.cjs","bindings/javascript/index.d.ts","bindings/javascript/cljs/vinary_tree/liblevenshtein.cljs"]	inapplicable	bindings/javascript/README.md	inapplicable	["bindings/javascript/test/facades.test.mjs","bindings/javascript/test/cljs/vinary_tree/liblevenshtein_cljs_test.cljs"]	inapplicable	bindings/javascript/test/facades.test.mjs	inapplicable	delegated to the shared JavaScript runtime namespace and reachable through the untyped default-export spread (liblevenshtein.levenshteinDistance et al.); the typed project facade deliberately re-declares only the transducer/phonetic surface
javascript	function	llev_damerau_distance_threshold	-	reasoned-absence	["bindings/javascript/facades/native.mjs","bindings/javascript/facades/native.cjs","bindings/javascript/index.d.ts","bindings/javascript/cljs/vinary_tree/liblevenshtein.cljs"]	inapplicable	bindings/javascript/README.md	inapplicable	["bindings/javascript/test/facades.test.mjs","bindings/javascript/test/cljs/vinary_tree/liblevenshtein_cljs_test.cljs"]	inapplicable	bindings/javascript/test/facades.test.mjs	inapplicable	delegated to the shared JavaScript runtime namespace and reachable through the untyped default-export spread (liblevenshtein.levenshteinDistance et al.); the typed project facade deliberately re-declares only the transducer/phonetic surface
javascript	function	llev_true_damerau_distance	-	reasoned-absence	["bindings/javascript/facades/native.mjs","bindings/javascript/facades/native.cjs","bindings/javascript/index.d.ts","bindings/javascript/cljs/vinary_tree/liblevenshtein.cljs"]	inapplicable	bindings/javascript/README.md	inapplicable	["bindings/javascript/test/facades.test.mjs","bindings/javascript/test/cljs/vinary_tree/liblevenshtein_cljs_test.cljs"]	inapplicable	bindings/javascript/test/facades.test.mjs	inapplicable	delegated to the shared JavaScript runtime namespace and reachable through the untyped default-export spread (liblevenshtein.levenshteinDistance et al.); the typed project facade deliberately re-declares only the transducer/phonetic surface
javascript	function	llev_true_damerau_distance_threshold	-	reasoned-absence	["bindings/javascript/facades/native.mjs","bindings/javascript/facades/native.cjs","bindings/javascript/index.d.ts","bindings/javascript/cljs/vinary_tree/liblevenshtein.cljs"]	inapplicable	bindings/javascript/README.md	inapplicable	["bindings/javascript/test/facades.test.mjs","bindings/javascript/test/cljs/vinary_tree/liblevenshtein_cljs_test.cljs"]	inapplicable	bindings/javascript/test/facades.test.mjs	inapplicable	delegated to the shared JavaScript runtime namespace and reachable through the untyped default-export spread (liblevenshtein.levenshteinDistance et al.); the typed project facade deliberately re-declares only the transducer/phonetic surface
javascript	function	llev_transducer_new	transducer	exposed	["bindings/javascript/facades/native.mjs","bindings/javascript/facades/native.cjs","bindings/javascript/index.d.ts","bindings/javascript/cljs/vinary_tree/liblevenshtein.cljs"]	complete	bindings/javascript/README.md	complete	["bindings/javascript/test/facades.test.mjs","bindings/javascript/test/cljs/vinary_tree/liblevenshtein_cljs_test.cljs"]	complete	bindings/javascript/test/facades.test.mjs	complete	-
javascript	function	llev_transducer_snapshot	-	reasoned-absence	["bindings/javascript/facades/native.mjs","bindings/javascript/facades/native.cjs","bindings/javascript/index.d.ts","bindings/javascript/cljs/vinary_tree/liblevenshtein.cljs"]	inapplicable	bindings/javascript/README.md	inapplicable	["bindings/javascript/test/facades.test.mjs","bindings/javascript/test/cljs/vinary_tree/liblevenshtein_cljs_test.cljs"]	inapplicable	bindings/javascript/test/facades.test.mjs	inapplicable	not exposed as a separate facade operation; ordinary query construction already captures a query-start snapshot and this facade has no explicit reusable snapshot object
javascript	function	llev_transducer_free	Transducer.close	exposed	["bindings/javascript/facades/native.mjs","bindings/javascript/facades/native.cjs","bindings/javascript/index.d.ts","bindings/javascript/cljs/vinary_tree/liblevenshtein.cljs"]	complete	bindings/javascript/README.md	complete	["bindings/javascript/test/facades.test.mjs","bindings/javascript/test/cljs/vinary_tree/liblevenshtein_cljs_test.cljs"]	complete	bindings/javascript/test/facades.test.mjs	complete	-
javascript	function	llev_transducer_unit_domain	-	reasoned-absence	["bindings/javascript/facades/native.mjs","bindings/javascript/facades/native.cjs","bindings/javascript/index.d.ts","bindings/javascript/cljs/vinary_tree/liblevenshtein.cljs"]	inapplicable	bindings/javascript/README.md	inapplicable	["bindings/javascript/test/facades.test.mjs","bindings/javascript/test/cljs/vinary_tree/liblevenshtein_cljs_test.cljs"]	inapplicable	bindings/javascript/test/facades.test.mjs	inapplicable	not bound; every match descriptor carries its own unit domain, so the transducer-level accessor is redundant for this facade
javascript	function	llev_transducer_query_utf8	Transducer.query	exposed	["bindings/javascript/facades/native.mjs","bindings/javascript/facades/native.cjs","bindings/javascript/index.d.ts","bindings/javascript/cljs/vinary_tree/liblevenshtein.cljs"]	complete	bindings/javascript/README.md	complete	["bindings/javascript/test/facades.test.mjs","bindings/javascript/test/cljs/vinary_tree/liblevenshtein_cljs_test.cljs"]	complete	bindings/javascript/test/facades.test.mjs	complete	-
javascript	function	llev_transducer_query_bytes	Transducer.query	exposed	["bindings/javascript/facades/native.mjs","bindings/javascript/facades/native.cjs","bindings/javascript/index.d.ts","bindings/javascript/cljs/vinary_tree/liblevenshtein.cljs"]	complete	bindings/javascript/README.md	complete	["bindings/javascript/test/facades.test.mjs","bindings/javascript/test/cljs/vinary_tree/liblevenshtein_cljs_test.cljs"]	complete	bindings/javascript/test/facades.test.mjs	complete	-
javascript	function	llev_transducer_query_u64	Transducer.query	exposed	["bindings/javascript/facades/native.mjs","bindings/javascript/facades/native.cjs","bindings/javascript/index.d.ts","bindings/javascript/cljs/vinary_tree/liblevenshtein.cljs"]	complete	bindings/javascript/README.md	complete	["bindings/javascript/test/facades.test.mjs","bindings/javascript/test/cljs/vinary_tree/liblevenshtein_cljs_test.cljs"]	complete	bindings/javascript/test/facades.test.mjs	complete	-
javascript	function	llev_query_cursor_next_batch	QueryCursor.nextBatch	exposed	["bindings/javascript/facades/native.mjs","bindings/javascript/facades/native.cjs","bindings/javascript/index.d.ts","bindings/javascript/cljs/vinary_tree/liblevenshtein.cljs"]	complete	bindings/javascript/README.md	complete	["bindings/javascript/test/facades.test.mjs","bindings/javascript/test/cljs/vinary_tree/liblevenshtein_cljs_test.cljs"]	complete	bindings/javascript/test/facades.test.mjs	complete	-
javascript	function	llev_query_cursor_release_batch	QueryCursor.nextBatch	exposed	["bindings/javascript/facades/native.mjs","bindings/javascript/facades/native.cjs","bindings/javascript/index.d.ts","bindings/javascript/cljs/vinary_tree/liblevenshtein.cljs"]	complete	bindings/javascript/README.md	complete	["bindings/javascript/test/facades.test.mjs","bindings/javascript/test/cljs/vinary_tree/liblevenshtein_cljs_test.cljs"]	complete	bindings/javascript/test/facades.test.mjs	complete	-
javascript	function	llev_query_cursor_reduce	-	reasoned-absence	["bindings/javascript/facades/native.mjs","bindings/javascript/facades/native.cjs","bindings/javascript/index.d.ts","bindings/javascript/cljs/vinary_tree/liblevenshtein.cljs"]	inapplicable	bindings/javascript/README.md	inapplicable	["bindings/javascript/test/facades.test.mjs","bindings/javascript/test/cljs/vinary_tree/liblevenshtein_cljs_test.cljs"]	inapplicable	bindings/javascript/test/facades.test.mjs	inapplicable	batch reduction is provided by QueryCursor.reduceBatches over next_batch/release_batch leases; the native callback reducer is not bound
javascript	function	llev_query_cursor_free	QueryCursor.close	exposed	["bindings/javascript/facades/native.mjs","bindings/javascript/facades/native.cjs","bindings/javascript/index.d.ts","bindings/javascript/cljs/vinary_tree/liblevenshtein.cljs"]	complete	bindings/javascript/README.md	complete	["bindings/javascript/test/facades.test.mjs","bindings/javascript/test/cljs/vinary_tree/liblevenshtein_cljs_test.cljs"]	complete	bindings/javascript/test/facades.test.mjs	complete	-
javascript	function	llev_owned_string_free	PhoneticRuleSet.apply	exposed	["bindings/javascript/facades/native.mjs","bindings/javascript/facades/native.cjs","bindings/javascript/index.d.ts","bindings/javascript/cljs/vinary_tree/liblevenshtein.cljs"]	complete	bindings/javascript/README.md	complete	["bindings/javascript/test/facades.test.mjs","bindings/javascript/test/cljs/vinary_tree/liblevenshtein_cljs_test.cljs"]	complete	bindings/javascript/test/facades.test.mjs	complete	-
javascript	function	llev_phonetic_pattern_compile_regex	phoneticPattern	exposed	["bindings/javascript/facades/native.mjs","bindings/javascript/facades/native.cjs","bindings/javascript/index.d.ts","bindings/javascript/cljs/vinary_tree/liblevenshtein.cljs"]	complete	bindings/javascript/README.md	complete	["bindings/javascript/test/facades.test.mjs","bindings/javascript/test/cljs/vinary_tree/liblevenshtein_cljs_test.cljs"]	complete	bindings/javascript/test/facades.test.mjs	complete	-
javascript	function	llev_phonetic_pattern_compile_llre	llrePattern	exposed	["bindings/javascript/facades/native.mjs","bindings/javascript/facades/native.cjs","bindings/javascript/index.d.ts","bindings/javascript/cljs/vinary_tree/liblevenshtein.cljs"]	complete	bindings/javascript/README.md	complete	["bindings/javascript/test/facades.test.mjs","bindings/javascript/test/cljs/vinary_tree/liblevenshtein_cljs_test.cljs"]	complete	bindings/javascript/test/facades.test.mjs	complete	-
javascript	function	llev_phonetic_pattern_free	PhoneticPattern.close	exposed	["bindings/javascript/facades/native.mjs","bindings/javascript/facades/native.cjs","bindings/javascript/index.d.ts","bindings/javascript/cljs/vinary_tree/liblevenshtein.cljs"]	complete	bindings/javascript/README.md	complete	["bindings/javascript/test/facades.test.mjs","bindings/javascript/test/cljs/vinary_tree/liblevenshtein_cljs_test.cljs"]	complete	bindings/javascript/test/facades.test.mjs	complete	-
javascript	function	llev_phonetic_pattern_size	PhoneticPattern.size	exposed	["bindings/javascript/facades/native.mjs","bindings/javascript/facades/native.cjs","bindings/javascript/index.d.ts","bindings/javascript/cljs/vinary_tree/liblevenshtein.cljs"]	complete	bindings/javascript/README.md	complete	["bindings/javascript/test/facades.test.mjs","bindings/javascript/test/cljs/vinary_tree/liblevenshtein_cljs_test.cljs"]	complete	bindings/javascript/test/facades.test.mjs	complete	-
javascript	function	llev_phonetic_pattern_matches	PhoneticPattern.matches	exposed	["bindings/javascript/facades/native.mjs","bindings/javascript/facades/native.cjs","bindings/javascript/index.d.ts","bindings/javascript/cljs/vinary_tree/liblevenshtein.cljs"]	complete	bindings/javascript/README.md	complete	["bindings/javascript/test/facades.test.mjs","bindings/javascript/test/cljs/vinary_tree/liblevenshtein_cljs_test.cljs"]	complete	bindings/javascript/test/facades.test.mjs	complete	-
javascript	function	llev_transducer_query_pattern	Transducer.query	exposed	["bindings/javascript/facades/native.mjs","bindings/javascript/facades/native.cjs","bindings/javascript/index.d.ts","bindings/javascript/cljs/vinary_tree/liblevenshtein.cljs"]	complete	bindings/javascript/README.md	complete	["bindings/javascript/test/facades.test.mjs","bindings/javascript/test/cljs/vinary_tree/liblevenshtein_cljs_test.cljs"]	complete	bindings/javascript/test/facades.test.mjs	complete	-
javascript	function	llev_phonetic_rules_parse	phoneticRules	exposed	["bindings/javascript/facades/native.mjs","bindings/javascript/facades/native.cjs","bindings/javascript/index.d.ts","bindings/javascript/cljs/vinary_tree/liblevenshtein.cljs"]	complete	bindings/javascript/README.md	complete	["bindings/javascript/test/facades.test.mjs","bindings/javascript/test/cljs/vinary_tree/liblevenshtein_cljs_test.cljs"]	complete	bindings/javascript/test/facades.test.mjs	complete	-
javascript	function	llev_phonetic_rules_builtin	phoneticRules	exposed	["bindings/javascript/facades/native.mjs","bindings/javascript/facades/native.cjs","bindings/javascript/index.d.ts","bindings/javascript/cljs/vinary_tree/liblevenshtein.cljs"]	complete	bindings/javascript/README.md	complete	["bindings/javascript/test/facades.test.mjs","bindings/javascript/test/cljs/vinary_tree/liblevenshtein_cljs_test.cljs"]	complete	bindings/javascript/test/facades.test.mjs	complete	-
javascript	function	llev_phonetic_rules_free	PhoneticRuleSet.close	exposed	["bindings/javascript/facades/native.mjs","bindings/javascript/facades/native.cjs","bindings/javascript/index.d.ts","bindings/javascript/cljs/vinary_tree/liblevenshtein.cljs"]	complete	bindings/javascript/README.md	complete	["bindings/javascript/test/facades.test.mjs","bindings/javascript/test/cljs/vinary_tree/liblevenshtein_cljs_test.cljs"]	complete	bindings/javascript/test/facades.test.mjs	complete	-
javascript	function	llev_phonetic_rules_len	PhoneticRuleSet.size	exposed	["bindings/javascript/facades/native.mjs","bindings/javascript/facades/native.cjs","bindings/javascript/index.d.ts","bindings/javascript/cljs/vinary_tree/liblevenshtein.cljs"]	complete	bindings/javascript/README.md	complete	["bindings/javascript/test/facades.test.mjs","bindings/javascript/test/cljs/vinary_tree/liblevenshtein_cljs_test.cljs"]	complete	bindings/javascript/test/facades.test.mjs	complete	-
javascript	function	llev_phonetic_rules_apply	PhoneticRuleSet.apply	exposed	["bindings/javascript/facades/native.mjs","bindings/javascript/facades/native.cjs","bindings/javascript/index.d.ts","bindings/javascript/cljs/vinary_tree/liblevenshtein.cljs"]	complete	bindings/javascript/README.md	complete	["bindings/javascript/test/facades.test.mjs","bindings/javascript/test/cljs/vinary_tree/liblevenshtein_cljs_test.cljs"]	complete	bindings/javascript/test/facades.test.mjs	complete	-
javascript	enum	enum:status	-	reasoned-absence	["bindings/javascript/facades/native.mjs","bindings/javascript/facades/native.cjs","bindings/javascript/index.d.ts","bindings/javascript/cljs/vinary_tree/liblevenshtein.cljs"]	inapplicable	bindings/javascript/README.md	inapplicable	["bindings/javascript/test/facades.test.mjs","bindings/javascript/test/cljs/vinary_tree/liblevenshtein_cljs_test.cljs"]	inapplicable	bindings/javascript/test/facades.test.mjs	inapplicable	thrown runtime Error values carry the native message; the numeric status is not re-exposed
javascript	enum	enum:algorithm	Algorithm	exposed	["bindings/javascript/facades/native.mjs","bindings/javascript/facades/native.cjs","bindings/javascript/index.d.ts","bindings/javascript/cljs/vinary_tree/liblevenshtein.cljs"]	complete	bindings/javascript/README.md	complete	["bindings/javascript/test/facades.test.mjs","bindings/javascript/test/cljs/vinary_tree/liblevenshtein_cljs_test.cljs"]	complete	bindings/javascript/test/facades.test.mjs	complete	-
javascript	enum	enum:queryOrder	QueryOrder	exposed	["bindings/javascript/facades/native.mjs","bindings/javascript/facades/native.cjs","bindings/javascript/index.d.ts","bindings/javascript/cljs/vinary_tree/liblevenshtein.cljs"]	complete	bindings/javascript/README.md	complete	["bindings/javascript/test/facades.test.mjs","bindings/javascript/test/cljs/vinary_tree/liblevenshtein_cljs_test.cljs"]	complete	bindings/javascript/test/facades.test.mjs	complete	-
javascript	enum	enum:phoneticRuleSetKind	phoneticRules	exposed	["bindings/javascript/facades/native.mjs","bindings/javascript/facades/native.cjs","bindings/javascript/index.d.ts","bindings/javascript/cljs/vinary_tree/liblevenshtein.cljs"]	complete	bindings/javascript/README.md	complete	["bindings/javascript/test/facades.test.mjs","bindings/javascript/test/cljs/vinary_tree/liblevenshtein_cljs_test.cljs"]	complete	bindings/javascript/test/facades.test.mjs	complete	-
javascript	protocol	protocol:iterator	QueryCursor	exposed	["bindings/javascript/facades/native.mjs","bindings/javascript/facades/native.cjs","bindings/javascript/index.d.ts","bindings/javascript/cljs/vinary_tree/liblevenshtein.cljs"]	complete	bindings/javascript/README.md	complete	["bindings/javascript/test/facades.test.mjs","bindings/javascript/test/cljs/vinary_tree/liblevenshtein_cljs_test.cljs"]	complete	bindings/javascript/test/facades.test.mjs	complete	-
javascript	protocol	protocol:reducer	QueryCursor.reduceBatches	exposed	["bindings/javascript/facades/native.mjs","bindings/javascript/facades/native.cjs","bindings/javascript/index.d.ts","bindings/javascript/cljs/vinary_tree/liblevenshtein.cljs"]	complete	bindings/javascript/README.md	complete	["bindings/javascript/test/facades.test.mjs","bindings/javascript/test/cljs/vinary_tree/liblevenshtein_cljs_test.cljs"]	complete	bindings/javascript/test/facades.test.mjs	complete	-
javascript-runtime	function	llev_abi_version	-	reasoned-absence	["../javascript-runtime/native.mjs","../javascript-runtime/native.cjs","../javascript-runtime/index.d.ts","../javascript-runtime/native/src/addon.cc"]	inapplicable	../javascript-runtime/docs/api-reference.md	inapplicable	["../javascript-runtime/test/native.test.mjs","../javascript-runtime/test/wasi.test.mjs","../javascript-runtime/test/browser-wasm.test.mjs"]	inapplicable	../javascript-runtime/test/native.test.mjs	inapplicable	not re-exported; the addon is compiled and shipped against exactly one native library, and runtime identity is asserted structurally via runtimeIdentity
javascript-runtime	function	llev_api_revision	-	reasoned-absence	["../javascript-runtime/native.mjs","../javascript-runtime/native.cjs","../javascript-runtime/index.d.ts","../javascript-runtime/native/src/addon.cc"]	inapplicable	../javascript-runtime/docs/api-reference.md	inapplicable	["../javascript-runtime/test/native.test.mjs","../javascript-runtime/test/wasi.test.mjs","../javascript-runtime/test/browser-wasm.test.mjs"]	inapplicable	../javascript-runtime/test/native.test.mjs	inapplicable	not re-exported; the addon is compiled and shipped against exactly one native library, and runtime identity is asserted structurally via runtimeIdentity
javascript-runtime	function	llev_build_features	-	reasoned-absence	["../javascript-runtime/native.mjs","../javascript-runtime/native.cjs","../javascript-runtime/index.d.ts","../javascript-runtime/native/src/addon.cc"]	inapplicable	../javascript-runtime/docs/api-reference.md	inapplicable	["../javascript-runtime/test/native.test.mjs","../javascript-runtime/test/wasi.test.mjs","../javascript-runtime/test/browser-wasm.test.mjs"]	inapplicable	../javascript-runtime/test/native.test.mjs	inapplicable	not bound; phonetic availability surfaces at call time as thrown Error values with the UNSUPPORTED status
javascript-runtime	function	llev_last_error_message	-	reasoned-absence	["../javascript-runtime/native.mjs","../javascript-runtime/native.cjs","../javascript-runtime/index.d.ts","../javascript-runtime/native/src/addon.cc"]	inapplicable	../javascript-runtime/docs/api-reference.md	inapplicable	["../javascript-runtime/test/native.test.mjs","../javascript-runtime/test/wasi.test.mjs","../javascript-runtime/test/browser-wasm.test.mjs"]	inapplicable	../javascript-runtime/test/native.test.mjs	inapplicable	thrown Error values carry the llev_last_error_message text (addon llev_error helper); no exported error class
javascript-runtime	function	llev_string_free	-	reasoned-absence	["../javascript-runtime/native.mjs","../javascript-runtime/native.cjs","../javascript-runtime/index.d.ts","../javascript-runtime/native/src/addon.cc"]	inapplicable	../javascript-runtime/docs/api-reference.md	inapplicable	["../javascript-runtime/test/native.test.mjs","../javascript-runtime/test/wasi.test.mjs","../javascript-runtime/test/browser-wasm.test.mjs"]	inapplicable	../javascript-runtime/test/native.test.mjs	inapplicable	legacy independent C string ABI; this facade never receives llev-owned C strings (owned text crosses as LlevOwnedString and is released with llev_owned_string_free)
javascript-runtime	function	llev_string_array_free	-	reasoned-absence	["../javascript-runtime/native.mjs","../javascript-runtime/native.cjs","../javascript-runtime/index.d.ts","../javascript-runtime/native/src/addon.cc"]	inapplicable	../javascript-runtime/docs/api-reference.md	inapplicable	["../javascript-runtime/test/native.test.mjs","../javascript-runtime/test/wasi.test.mjs","../javascript-runtime/test/browser-wasm.test.mjs"]	inapplicable	../javascript-runtime/test/native.test.mjs	inapplicable	legacy independent C string ABI; this facade never receives llev-owned C strings (owned text crosses as LlevOwnedString and is released with llev_owned_string_free)
javascript-runtime	function	llev_string_dup	-	reasoned-absence	["../javascript-runtime/native.mjs","../javascript-runtime/native.cjs","../javascript-runtime/index.d.ts","../javascript-runtime/native/src/addon.cc"]	inapplicable	../javascript-runtime/docs/api-reference.md	inapplicable	["../javascript-runtime/test/native.test.mjs","../javascript-runtime/test/wasi.test.mjs","../javascript-runtime/test/browser-wasm.test.mjs"]	inapplicable	../javascript-runtime/test/native.test.mjs	inapplicable	legacy independent C string ABI; this facade never receives llev-owned C strings (owned text crosses as LlevOwnedString and is released with llev_owned_string_free)
javascript-runtime	function	llev_distance	liblevenshtein.levenshteinDistance	exposed	["../javascript-runtime/native.mjs","../javascript-runtime/native.cjs","../javascript-runtime/index.d.ts","../javascript-runtime/native/src/addon.cc"]	complete	../javascript-runtime/docs/api-reference.md	complete	["../javascript-runtime/test/native.test.mjs","../javascript-runtime/test/wasi.test.mjs","../javascript-runtime/test/browser-wasm.test.mjs"]	complete	../javascript-runtime/test/native.test.mjs	complete	-
javascript-runtime	function	llev_distance_threshold	liblevenshtein.levenshteinDistanceThreshold	exposed	["../javascript-runtime/native.mjs","../javascript-runtime/native.cjs","../javascript-runtime/index.d.ts","../javascript-runtime/native/src/addon.cc"]	complete	../javascript-runtime/docs/api-reference.md	complete	["../javascript-runtime/test/native.test.mjs","../javascript-runtime/test/wasi.test.mjs","../javascript-runtime/test/browser-wasm.test.mjs"]	complete	../javascript-runtime/test/native.test.mjs	complete	-
javascript-runtime	function	llev_damerau_distance	liblevenshtein.damerauDistance	exposed	["../javascript-runtime/native.mjs","../javascript-runtime/native.cjs","../javascript-runtime/index.d.ts","../javascript-runtime/native/src/addon.cc"]	complete	../javascript-runtime/docs/api-reference.md	complete	["../javascript-runtime/test/native.test.mjs","../javascript-runtime/test/wasi.test.mjs","../javascript-runtime/test/browser-wasm.test.mjs"]	complete	../javascript-runtime/test/native.test.mjs	complete	-
javascript-runtime	function	llev_damerau_distance_threshold	liblevenshtein.damerauDistanceThreshold	exposed	["../javascript-runtime/native.mjs","../javascript-runtime/native.cjs","../javascript-runtime/index.d.ts","../javascript-runtime/native/src/addon.cc"]	complete	../javascript-runtime/docs/api-reference.md	complete	["../javascript-runtime/test/native.test.mjs","../javascript-runtime/test/wasi.test.mjs","../javascript-runtime/test/browser-wasm.test.mjs"]	complete	../javascript-runtime/test/native.test.mjs	complete	-
javascript-runtime	function	llev_true_damerau_distance	liblevenshtein.trueDamerauDistance	exposed	["../javascript-runtime/native.mjs","../javascript-runtime/native.cjs","../javascript-runtime/index.d.ts","../javascript-runtime/native/src/addon.cc"]	complete	../javascript-runtime/docs/api-reference.md	complete	["../javascript-runtime/test/native.test.mjs","../javascript-runtime/test/wasi.test.mjs","../javascript-runtime/test/browser-wasm.test.mjs"]	complete	../javascript-runtime/test/native.test.mjs	complete	-
javascript-runtime	function	llev_true_damerau_distance_threshold	liblevenshtein.trueDamerauDistanceThreshold	exposed	["../javascript-runtime/native.mjs","../javascript-runtime/native.cjs","../javascript-runtime/index.d.ts","../javascript-runtime/native/src/addon.cc"]	complete	../javascript-runtime/docs/api-reference.md	complete	["../javascript-runtime/test/native.test.mjs","../javascript-runtime/test/wasi.test.mjs","../javascript-runtime/test/browser-wasm.test.mjs"]	complete	../javascript-runtime/test/native.test.mjs	complete	-
javascript-runtime	function	llev_transducer_new	liblevenshtein.transducer	exposed	["../javascript-runtime/native.mjs","../javascript-runtime/native.cjs","../javascript-runtime/index.d.ts","../javascript-runtime/native/src/addon.cc"]	complete	../javascript-runtime/docs/api-reference.md	complete	["../javascript-runtime/test/native.test.mjs","../javascript-runtime/test/wasi.test.mjs","../javascript-runtime/test/browser-wasm.test.mjs"]	complete	../javascript-runtime/test/native.test.mjs	complete	-
javascript-runtime	function	llev_transducer_snapshot	-	reasoned-absence	["../javascript-runtime/native.mjs","../javascript-runtime/native.cjs","../javascript-runtime/index.d.ts","../javascript-runtime/native/src/addon.cc"]	inapplicable	../javascript-runtime/docs/api-reference.md	inapplicable	["../javascript-runtime/test/native.test.mjs","../javascript-runtime/test/wasi.test.mjs","../javascript-runtime/test/browser-wasm.test.mjs"]	inapplicable	../javascript-runtime/test/native.test.mjs	inapplicable	not exposed as a separate facade operation; ordinary query construction already captures a query-start snapshot and this facade has no explicit reusable snapshot object
javascript-runtime	function	llev_transducer_free	Transducer.close	exposed	["../javascript-runtime/native.mjs","../javascript-runtime/native.cjs","../javascript-runtime/index.d.ts","../javascript-runtime/native/src/addon.cc"]	complete	../javascript-runtime/docs/api-reference.md	complete	["../javascript-runtime/test/native.test.mjs","../javascript-runtime/test/wasi.test.mjs","../javascript-runtime/test/browser-wasm.test.mjs"]	complete	../javascript-runtime/test/native.test.mjs	complete	-
javascript-runtime	function	llev_transducer_unit_domain	-	reasoned-absence	["../javascript-runtime/native.mjs","../javascript-runtime/native.cjs","../javascript-runtime/index.d.ts","../javascript-runtime/native/src/addon.cc"]	inapplicable	../javascript-runtime/docs/api-reference.md	inapplicable	["../javascript-runtime/test/native.test.mjs","../javascript-runtime/test/wasi.test.mjs","../javascript-runtime/test/browser-wasm.test.mjs"]	inapplicable	../javascript-runtime/test/native.test.mjs	inapplicable	not bound; every match descriptor carries its own unit domain, so the transducer-level accessor is redundant for this facade
javascript-runtime	function	llev_transducer_query_utf8	Transducer.query	exposed	["../javascript-runtime/native.mjs","../javascript-runtime/native.cjs","../javascript-runtime/index.d.ts","../javascript-runtime/native/src/addon.cc"]	complete	../javascript-runtime/docs/api-reference.md	complete	["../javascript-runtime/test/native.test.mjs","../javascript-runtime/test/wasi.test.mjs","../javascript-runtime/test/browser-wasm.test.mjs"]	complete	../javascript-runtime/test/native.test.mjs	complete	-
javascript-runtime	function	llev_transducer_query_bytes	Transducer.query	exposed	["../javascript-runtime/native.mjs","../javascript-runtime/native.cjs","../javascript-runtime/index.d.ts","../javascript-runtime/native/src/addon.cc"]	complete	../javascript-runtime/docs/api-reference.md	complete	["../javascript-runtime/test/native.test.mjs","../javascript-runtime/test/wasi.test.mjs","../javascript-runtime/test/browser-wasm.test.mjs"]	complete	../javascript-runtime/test/native.test.mjs	complete	-
javascript-runtime	function	llev_transducer_query_u64	Transducer.query	exposed	["../javascript-runtime/native.mjs","../javascript-runtime/native.cjs","../javascript-runtime/index.d.ts","../javascript-runtime/native/src/addon.cc"]	complete	../javascript-runtime/docs/api-reference.md	complete	["../javascript-runtime/test/native.test.mjs","../javascript-runtime/test/wasi.test.mjs","../javascript-runtime/test/browser-wasm.test.mjs"]	complete	../javascript-runtime/test/native.test.mjs	complete	-
javascript-runtime	function	llev_query_cursor_next_batch	QueryCursor.nextBatch	exposed	["../javascript-runtime/native.mjs","../javascript-runtime/native.cjs","../javascript-runtime/index.d.ts","../javascript-runtime/native/src/addon.cc"]	complete	../javascript-runtime/docs/api-reference.md	complete	["../javascript-runtime/test/native.test.mjs","../javascript-runtime/test/wasi.test.mjs","../javascript-runtime/test/browser-wasm.test.mjs"]	complete	../javascript-runtime/test/native.test.mjs	complete	-
javascript-runtime	function	llev_query_cursor_release_batch	QueryCursor.nextBatch	exposed	["../javascript-runtime/native.mjs","../javascript-runtime/native.cjs","../javascript-runtime/index.d.ts","../javascript-runtime/native/src/addon.cc"]	complete	../javascript-runtime/docs/api-reference.md	complete	["../javascript-runtime/test/native.test.mjs","../javascript-runtime/test/wasi.test.mjs","../javascript-runtime/test/browser-wasm.test.mjs"]	complete	../javascript-runtime/test/native.test.mjs	complete	-
javascript-runtime	function	llev_query_cursor_reduce	-	reasoned-absence	["../javascript-runtime/native.mjs","../javascript-runtime/native.cjs","../javascript-runtime/index.d.ts","../javascript-runtime/native/src/addon.cc"]	inapplicable	../javascript-runtime/docs/api-reference.md	inapplicable	["../javascript-runtime/test/native.test.mjs","../javascript-runtime/test/wasi.test.mjs","../javascript-runtime/test/browser-wasm.test.mjs"]	inapplicable	../javascript-runtime/test/native.test.mjs	inapplicable	batch reduction is provided by QueryCursor.reduceBatches over next_batch/release_batch leases; the native callback reducer is not bound
javascript-runtime	function	llev_query_cursor_free	QueryCursor.close	exposed	["../javascript-runtime/native.mjs","../javascript-runtime/native.cjs","../javascript-runtime/index.d.ts","../javascript-runtime/native/src/addon.cc"]	complete	../javascript-runtime/docs/api-reference.md	complete	["../javascript-runtime/test/native.test.mjs","../javascript-runtime/test/wasi.test.mjs","../javascript-runtime/test/browser-wasm.test.mjs"]	complete	../javascript-runtime/test/native.test.mjs	complete	-
javascript-runtime	function	llev_owned_string_free	PhoneticRuleSet.apply	exposed	["../javascript-runtime/native.mjs","../javascript-runtime/native.cjs","../javascript-runtime/index.d.ts","../javascript-runtime/native/src/addon.cc"]	complete	../javascript-runtime/docs/api-reference.md	complete	["../javascript-runtime/test/native.test.mjs","../javascript-runtime/test/wasi.test.mjs","../javascript-runtime/test/browser-wasm.test.mjs"]	complete	../javascript-runtime/test/native.test.mjs	complete	-
javascript-runtime	function	llev_phonetic_pattern_compile_regex	liblevenshtein.phoneticPattern	exposed	["../javascript-runtime/native.mjs","../javascript-runtime/native.cjs","../javascript-runtime/index.d.ts","../javascript-runtime/native/src/addon.cc"]	complete	../javascript-runtime/docs/api-reference.md	complete	["../javascript-runtime/test/native.test.mjs","../javascript-runtime/test/wasi.test.mjs","../javascript-runtime/test/browser-wasm.test.mjs"]	complete	../javascript-runtime/test/native.test.mjs	complete	-
javascript-runtime	function	llev_phonetic_pattern_compile_llre	liblevenshtein.llrePattern	exposed	["../javascript-runtime/native.mjs","../javascript-runtime/native.cjs","../javascript-runtime/index.d.ts","../javascript-runtime/native/src/addon.cc"]	complete	../javascript-runtime/docs/api-reference.md	complete	["../javascript-runtime/test/native.test.mjs","../javascript-runtime/test/wasi.test.mjs","../javascript-runtime/test/browser-wasm.test.mjs"]	complete	../javascript-runtime/test/native.test.mjs	complete	-
javascript-runtime	function	llev_phonetic_pattern_free	PhoneticPattern.close	exposed	["../javascript-runtime/native.mjs","../javascript-runtime/native.cjs","../javascript-runtime/index.d.ts","../javascript-runtime/native/src/addon.cc"]	complete	../javascript-runtime/docs/api-reference.md	complete	["../javascript-runtime/test/native.test.mjs","../javascript-runtime/test/wasi.test.mjs","../javascript-runtime/test/browser-wasm.test.mjs"]	complete	../javascript-runtime/test/native.test.mjs	complete	-
javascript-runtime	function	llev_phonetic_pattern_size	PhoneticPattern.size	exposed	["../javascript-runtime/native.mjs","../javascript-runtime/native.cjs","../javascript-runtime/index.d.ts","../javascript-runtime/native/src/addon.cc"]	complete	../javascript-runtime/docs/api-reference.md	complete	["../javascript-runtime/test/native.test.mjs","../javascript-runtime/test/wasi.test.mjs","../javascript-runtime/test/browser-wasm.test.mjs"]	complete	../javascript-runtime/test/native.test.mjs	complete	-
javascript-runtime	function	llev_phonetic_pattern_matches	PhoneticPattern.matches	exposed	["../javascript-runtime/native.mjs","../javascript-runtime/native.cjs","../javascript-runtime/index.d.ts","../javascript-runtime/native/src/addon.cc"]	complete	../javascript-runtime/docs/api-reference.md	complete	["../javascript-runtime/test/native.test.mjs","../javascript-runtime/test/wasi.test.mjs","../javascript-runtime/test/browser-wasm.test.mjs"]	complete	../javascript-runtime/test/native.test.mjs	complete	-
javascript-runtime	function	llev_transducer_query_pattern	Transducer.query	exposed	["../javascript-runtime/native.mjs","../javascript-runtime/native.cjs","../javascript-runtime/index.d.ts","../javascript-runtime/native/src/addon.cc"]	complete	../javascript-runtime/docs/api-reference.md	complete	["../javascript-runtime/test/native.test.mjs","../javascript-runtime/test/wasi.test.mjs","../javascript-runtime/test/browser-wasm.test.mjs"]	complete	../javascript-runtime/test/native.test.mjs	complete	-
javascript-runtime	function	llev_phonetic_rules_parse	liblevenshtein.phoneticRules	exposed	["../javascript-runtime/native.mjs","../javascript-runtime/native.cjs","../javascript-runtime/index.d.ts","../javascript-runtime/native/src/addon.cc"]	complete	../javascript-runtime/docs/api-reference.md	complete	["../javascript-runtime/test/native.test.mjs","../javascript-runtime/test/wasi.test.mjs","../javascript-runtime/test/browser-wasm.test.mjs"]	complete	../javascript-runtime/test/native.test.mjs	complete	-
javascript-runtime	function	llev_phonetic_rules_builtin	liblevenshtein.phoneticRules	exposed	["../javascript-runtime/native.mjs","../javascript-runtime/native.cjs","../javascript-runtime/index.d.ts","../javascript-runtime/native/src/addon.cc"]	complete	../javascript-runtime/docs/api-reference.md	complete	["../javascript-runtime/test/native.test.mjs","../javascript-runtime/test/wasi.test.mjs","../javascript-runtime/test/browser-wasm.test.mjs"]	complete	../javascript-runtime/test/native.test.mjs	complete	-
javascript-runtime	function	llev_phonetic_rules_free	PhoneticRuleSet.close	exposed	["../javascript-runtime/native.mjs","../javascript-runtime/native.cjs","../javascript-runtime/index.d.ts","../javascript-runtime/native/src/addon.cc"]	complete	../javascript-runtime/docs/api-reference.md	complete	["../javascript-runtime/test/native.test.mjs","../javascript-runtime/test/wasi.test.mjs","../javascript-runtime/test/browser-wasm.test.mjs"]	complete	../javascript-runtime/test/native.test.mjs	complete	-
javascript-runtime	function	llev_phonetic_rules_len	PhoneticRuleSet.size	exposed	["../javascript-runtime/native.mjs","../javascript-runtime/native.cjs","../javascript-runtime/index.d.ts","../javascript-runtime/native/src/addon.cc"]	complete	../javascript-runtime/docs/api-reference.md	complete	["../javascript-runtime/test/native.test.mjs","../javascript-runtime/test/wasi.test.mjs","../javascript-runtime/test/browser-wasm.test.mjs"]	complete	../javascript-runtime/test/native.test.mjs	complete	-
javascript-runtime	function	llev_phonetic_rules_apply	PhoneticRuleSet.apply	exposed	["../javascript-runtime/native.mjs","../javascript-runtime/native.cjs","../javascript-runtime/index.d.ts","../javascript-runtime/native/src/addon.cc"]	complete	../javascript-runtime/docs/api-reference.md	complete	["../javascript-runtime/test/native.test.mjs","../javascript-runtime/test/wasi.test.mjs","../javascript-runtime/test/browser-wasm.test.mjs"]	complete	../javascript-runtime/test/native.test.mjs	complete	-
javascript-runtime	enum	enum:status	-	reasoned-absence	["../javascript-runtime/native.mjs","../javascript-runtime/native.cjs","../javascript-runtime/index.d.ts","../javascript-runtime/native/src/addon.cc"]	inapplicable	../javascript-runtime/docs/api-reference.md	inapplicable	["../javascript-runtime/test/native.test.mjs","../javascript-runtime/test/wasi.test.mjs","../javascript-runtime/test/browser-wasm.test.mjs"]	inapplicable	../javascript-runtime/test/native.test.mjs	inapplicable	thrown Error values carry the native message; the numeric status is not re-exposed
javascript-runtime	enum	enum:algorithm	Algorithm	exposed	["../javascript-runtime/native.mjs","../javascript-runtime/native.cjs","../javascript-runtime/index.d.ts","../javascript-runtime/native/src/addon.cc"]	complete	../javascript-runtime/docs/api-reference.md	complete	["../javascript-runtime/test/native.test.mjs","../javascript-runtime/test/wasi.test.mjs","../javascript-runtime/test/browser-wasm.test.mjs"]	complete	../javascript-runtime/test/native.test.mjs	complete	-
javascript-runtime	enum	enum:queryOrder	QueryOrder	exposed	["../javascript-runtime/native.mjs","../javascript-runtime/native.cjs","../javascript-runtime/index.d.ts","../javascript-runtime/native/src/addon.cc"]	complete	../javascript-runtime/docs/api-reference.md	complete	["../javascript-runtime/test/native.test.mjs","../javascript-runtime/test/wasi.test.mjs","../javascript-runtime/test/browser-wasm.test.mjs"]	complete	../javascript-runtime/test/native.test.mjs	complete	-
javascript-runtime	enum	enum:phoneticRuleSetKind	liblevenshtein.phoneticRules	exposed	["../javascript-runtime/native.mjs","../javascript-runtime/native.cjs","../javascript-runtime/index.d.ts","../javascript-runtime/native/src/addon.cc"]	complete	../javascript-runtime/docs/api-reference.md	complete	["../javascript-runtime/test/native.test.mjs","../javascript-runtime/test/wasi.test.mjs","../javascript-runtime/test/browser-wasm.test.mjs"]	complete	../javascript-runtime/test/native.test.mjs	complete	-
javascript-runtime	protocol	protocol:iterator	QueryCursor.next	exposed	["../javascript-runtime/native.mjs","../javascript-runtime/native.cjs","../javascript-runtime/index.d.ts","../javascript-runtime/native/src/addon.cc"]	complete	../javascript-runtime/docs/api-reference.md	complete	["../javascript-runtime/test/native.test.mjs","../javascript-runtime/test/wasi.test.mjs","../javascript-runtime/test/browser-wasm.test.mjs"]	complete	../javascript-runtime/test/native.test.mjs	complete	-
javascript-runtime	protocol	protocol:reducer	QueryCursor.reduceBatches	exposed	["../javascript-runtime/native.mjs","../javascript-runtime/native.cjs","../javascript-runtime/index.d.ts","../javascript-runtime/native/src/addon.cc"]	complete	../javascript-runtime/docs/api-reference.md	complete	["../javascript-runtime/test/native.test.mjs","../javascript-runtime/test/wasi.test.mjs","../javascript-runtime/test/browser-wasm.test.mjs"]	complete	../javascript-runtime/test/native.test.mjs	complete	-
jvm	function	llev_abi_version	-	reasoned-absence	["bindings/jvm/src/main/java/io/vinarytree/liblevenshtein/Native.java","bindings/jvm/src/main/java/io/vinarytree/liblevenshtein/Transducer.java","bindings/jvm/src/main/java/io/vinarytree/liblevenshtein/QueryCursor.java","bindings/jvm/src/main/java/io/vinarytree/liblevenshtein/BorrowedMatchBatch.java","bindings/jvm/src/main/java/io/vinarytree/liblevenshtein/BorrowedBatchConsumer.java","bindings/jvm/src/main/java/io/vinarytree/liblevenshtein/PhoneticPattern.java","bindings/jvm/src/main/java/io/vinarytree/liblevenshtein/PhoneticRuleSet.java","bindings/jvm/src/main/java/io/vinarytree/liblevenshtein/PhoneticRuleSetKind.java","bindings/jvm/src/main/java/io/vinarytree/liblevenshtein/Algorithm.java","bindings/jvm/src/main/java/io/vinarytree/liblevenshtein/QueryOrder.java","bindings/jvm/src/main/java/io/vinarytree/liblevenshtein/Match.java","bindings/jvm/src/main/java/io/vinarytree/liblevenshtein/Term.java","bindings/jvm/src/main/java/io/vinarytree/liblevenshtein/AutomatonSize.java","bindings/jvm/src/main/java/io/vinarytree/liblevenshtein/Status.java","bindings/jvm/src/main/java/io/vinarytree/liblevenshtein/NativeException.java","bindings/jvm/src/main/java/io/vinarytree/liblevenshtein/NativeLibraryLoader.java","bindings/jvm/src/main/java/io/vinarytree/liblevenshtein/GeneratedAbi.java"]	inapplicable	bindings/jvm/README.md	inapplicable	["bindings/jvm/src/test/java/io/vinarytree/liblevenshtein/BindingArchitectureTest.java","bindings/jvm/src/test/java/io/vinarytree/liblevenshtein/ResourceSnapshotTest.java","bindings/jvm/src/smoke/java/io/vinarytree/liblevenshtein/ResourceSnapshotSmoke.java"]	inapplicable	bindings/jvm/src/smoke/java/io/vinarytree/liblevenshtein/ResourceSnapshotSmoke.java	inapplicable	not bound; ABI constants are mirrored from bindings/api.json into GeneratedAbi.java
jvm	function	llev_api_revision	-	reasoned-absence	["bindings/jvm/src/main/java/io/vinarytree/liblevenshtein/Native.java","bindings/jvm/src/main/java/io/vinarytree/liblevenshtein/Transducer.java","bindings/jvm/src/main/java/io/vinarytree/liblevenshtein/QueryCursor.java","bindings/jvm/src/main/java/io/vinarytree/liblevenshtein/BorrowedMatchBatch.java","bindings/jvm/src/main/java/io/vinarytree/liblevenshtein/BorrowedBatchConsumer.java","bindings/jvm/src/main/java/io/vinarytree/liblevenshtein/PhoneticPattern.java","bindings/jvm/src/main/java/io/vinarytree/liblevenshtein/PhoneticRuleSet.java","bindings/jvm/src/main/java/io/vinarytree/liblevenshtein/PhoneticRuleSetKind.java","bindings/jvm/src/main/java/io/vinarytree/liblevenshtein/Algorithm.java","bindings/jvm/src/main/java/io/vinarytree/liblevenshtein/QueryOrder.java","bindings/jvm/src/main/java/io/vinarytree/liblevenshtein/Match.java","bindings/jvm/src/main/java/io/vinarytree/liblevenshtein/Term.java","bindings/jvm/src/main/java/io/vinarytree/liblevenshtein/AutomatonSize.java","bindings/jvm/src/main/java/io/vinarytree/liblevenshtein/Status.java","bindings/jvm/src/main/java/io/vinarytree/liblevenshtein/NativeException.java","bindings/jvm/src/main/java/io/vinarytree/liblevenshtein/NativeLibraryLoader.java","bindings/jvm/src/main/java/io/vinarytree/liblevenshtein/GeneratedAbi.java"]	inapplicable	bindings/jvm/README.md	inapplicable	["bindings/jvm/src/test/java/io/vinarytree/liblevenshtein/BindingArchitectureTest.java","bindings/jvm/src/test/java/io/vinarytree/liblevenshtein/ResourceSnapshotTest.java","bindings/jvm/src/smoke/java/io/vinarytree/liblevenshtein/ResourceSnapshotSmoke.java"]	inapplicable	bindings/jvm/src/smoke/java/io/vinarytree/liblevenshtein/ResourceSnapshotSmoke.java	inapplicable	not bound; ABI constants are mirrored from bindings/api.json into GeneratedAbi.java
jvm	function	llev_build_features	-	reasoned-absence	["bindings/jvm/src/main/java/io/vinarytree/liblevenshtein/Native.java","bindings/jvm/src/main/java/io/vinarytree/liblevenshtein/Transducer.java","bindings/jvm/src/main/java/io/vinarytree/liblevenshtein/QueryCursor.java","bindings/jvm/src/main/java/io/vinarytree/liblevenshtein/BorrowedMatchBatch.java","bindings/jvm/src/main/java/io/vinarytree/liblevenshtein/BorrowedBatchConsumer.java","bindings/jvm/src/main/java/io/vinarytree/liblevenshtein/PhoneticPattern.java","bindings/jvm/src/main/java/io/vinarytree/liblevenshtein/PhoneticRuleSet.java","bindings/jvm/src/main/java/io/vinarytree/liblevenshtein/PhoneticRuleSetKind.java","bindings/jvm/src/main/java/io/vinarytree/liblevenshtein/Algorithm.java","bindings/jvm/src/main/java/io/vinarytree/liblevenshtein/QueryOrder.java","bindings/jvm/src/main/java/io/vinarytree/liblevenshtein/Match.java","bindings/jvm/src/main/java/io/vinarytree/liblevenshtein/Term.java","bindings/jvm/src/main/java/io/vinarytree/liblevenshtein/AutomatonSize.java","bindings/jvm/src/main/java/io/vinarytree/liblevenshtein/Status.java","bindings/jvm/src/main/java/io/vinarytree/liblevenshtein/NativeException.java","bindings/jvm/src/main/java/io/vinarytree/liblevenshtein/NativeLibraryLoader.java","bindings/jvm/src/main/java/io/vinarytree/liblevenshtein/GeneratedAbi.java"]	inapplicable	bindings/jvm/README.md	inapplicable	["bindings/jvm/src/test/java/io/vinarytree/liblevenshtein/BindingArchitectureTest.java","bindings/jvm/src/test/java/io/vinarytree/liblevenshtein/ResourceSnapshotTest.java","bindings/jvm/src/smoke/java/io/vinarytree/liblevenshtein/ResourceSnapshotSmoke.java"]	inapplicable	bindings/jvm/src/smoke/java/io/vinarytree/liblevenshtein/ResourceSnapshotSmoke.java	inapplicable	not bound; phonetic availability surfaces at call time as NativeException with the UNSUPPORTED status
jvm	function	llev_last_error_message	NativeException	exposed	["bindings/jvm/src/main/java/io/vinarytree/liblevenshtein/Native.java","bindings/jvm/src/main/java/io/vinarytree/liblevenshtein/Transducer.java","bindings/jvm/src/main/java/io/vinarytree/liblevenshtein/QueryCursor.java","bindings/jvm/src/main/java/io/vinarytree/liblevenshtein/BorrowedMatchBatch.java","bindings/jvm/src/main/java/io/vinarytree/liblevenshtein/BorrowedBatchConsumer.java","bindings/jvm/src/main/java/io/vinarytree/liblevenshtein/PhoneticPattern.java","bindings/jvm/src/main/java/io/vinarytree/liblevenshtein/PhoneticRuleSet.java","bindings/jvm/src/main/java/io/vinarytree/liblevenshtein/PhoneticRuleSetKind.java","bindings/jvm/src/main/java/io/vinarytree/liblevenshtein/Algorithm.java","bindings/jvm/src/main/java/io/vinarytree/liblevenshtein/QueryOrder.java","bindings/jvm/src/main/java/io/vinarytree/liblevenshtein/Match.java","bindings/jvm/src/main/java/io/vinarytree/liblevenshtein/Term.java","bindings/jvm/src/main/java/io/vinarytree/liblevenshtein/AutomatonSize.java","bindings/jvm/src/main/java/io/vinarytree/liblevenshtein/Status.java","bindings/jvm/src/main/java/io/vinarytree/liblevenshtein/NativeException.java","bindings/jvm/src/main/java/io/vinarytree/liblevenshtein/NativeLibraryLoader.java","bindings/jvm/src/main/java/io/vinarytree/liblevenshtein/GeneratedAbi.java"]	complete	bindings/jvm/README.md	complete	["bindings/jvm/src/test/java/io/vinarytree/liblevenshtein/BindingArchitectureTest.java","bindings/jvm/src/test/java/io/vinarytree/liblevenshtein/ResourceSnapshotTest.java","bindings/jvm/src/smoke/java/io/vinarytree/liblevenshtein/ResourceSnapshotSmoke.java"]	complete	bindings/jvm/src/smoke/java/io/vinarytree/liblevenshtein/ResourceSnapshotSmoke.java	complete	-
jvm	function	llev_last_error_message	NativeException.status	exposed	["bindings/jvm/src/main/java/io/vinarytree/liblevenshtein/Native.java","bindings/jvm/src/main/java/io/vinarytree/liblevenshtein/Transducer.java","bindings/jvm/src/main/java/io/vinarytree/liblevenshtein/QueryCursor.java","bindings/jvm/src/main/java/io/vinarytree/liblevenshtein/BorrowedMatchBatch.java","bindings/jvm/src/main/java/io/vinarytree/liblevenshtein/BorrowedBatchConsumer.java","bindings/jvm/src/main/java/io/vinarytree/liblevenshtein/PhoneticPattern.java","bindings/jvm/src/main/java/io/vinarytree/liblevenshtein/PhoneticRuleSet.java","bindings/jvm/src/main/java/io/vinarytree/liblevenshtein/PhoneticRuleSetKind.java","bindings/jvm/src/main/java/io/vinarytree/liblevenshtein/Algorithm.java","bindings/jvm/src/main/java/io/vinarytree/liblevenshtein/QueryOrder.java","bindings/jvm/src/main/java/io/vinarytree/liblevenshtein/Match.java","bindings/jvm/src/main/java/io/vinarytree/liblevenshtein/Term.java","bindings/jvm/src/main/java/io/vinarytree/liblevenshtein/AutomatonSize.java","bindings/jvm/src/main/java/io/vinarytree/liblevenshtein/Status.java","bindings/jvm/src/main/java/io/vinarytree/liblevenshtein/NativeException.java","bindings/jvm/src/main/java/io/vinarytree/liblevenshtein/NativeLibraryLoader.java","bindings/jvm/src/main/java/io/vinarytree/liblevenshtein/GeneratedAbi.java"]	complete	bindings/jvm/README.md	complete	["bindings/jvm/src/test/java/io/vinarytree/liblevenshtein/BindingArchitectureTest.java","bindings/jvm/src/test/java/io/vinarytree/liblevenshtein/ResourceSnapshotTest.java","bindings/jvm/src/smoke/java/io/vinarytree/liblevenshtein/ResourceSnapshotSmoke.java"]	complete	bindings/jvm/src/smoke/java/io/vinarytree/liblevenshtein/ResourceSnapshotSmoke.java	complete	-
jvm	function	llev_last_error_message	NativeException.statusCode	exposed	["bindings/jvm/src/main/java/io/vinarytree/liblevenshtein/Native.java","bindings/jvm/src/main/java/io/vinarytree/liblevenshtein/Transducer.java","bindings/jvm/src/main/java/io/vinarytree/liblevenshtein/QueryCursor.java","bindings/jvm/src/main/java/io/vinarytree/liblevenshtein/BorrowedMatchBatch.java","bindings/jvm/src/main/java/io/vinarytree/liblevenshtein/BorrowedBatchConsumer.java","bindings/jvm/src/main/java/io/vinarytree/liblevenshtein/PhoneticPattern.java","bindings/jvm/src/main/java/io/vinarytree/liblevenshtein/PhoneticRuleSet.java","bindings/jvm/src/main/java/io/vinarytree/liblevenshtein/PhoneticRuleSetKind.java","bindings/jvm/src/main/java/io/vinarytree/liblevenshtein/Algorithm.java","bindings/jvm/src/main/java/io/vinarytree/liblevenshtein/QueryOrder.java","bindings/jvm/src/main/java/io/vinarytree/liblevenshtein/Match.java","bindings/jvm/src/main/java/io/vinarytree/liblevenshtein/Term.java","bindings/jvm/src/main/java/io/vinarytree/liblevenshtein/AutomatonSize.java","bindings/jvm/src/main/java/io/vinarytree/liblevenshtein/Status.java","bindings/jvm/src/main/java/io/vinarytree/liblevenshtein/NativeException.java","bindings/jvm/src/main/java/io/vinarytree/liblevenshtein/NativeLibraryLoader.java","bindings/jvm/src/main/java/io/vinarytree/liblevenshtein/GeneratedAbi.java"]	complete	bindings/jvm/README.md	complete	["bindings/jvm/src/test/java/io/vinarytree/liblevenshtein/BindingArchitectureTest.java","bindings/jvm/src/test/java/io/vinarytree/liblevenshtein/ResourceSnapshotTest.java","bindings/jvm/src/smoke/java/io/vinarytree/liblevenshtein/ResourceSnapshotSmoke.java"]	complete	bindings/jvm/src/smoke/java/io/vinarytree/liblevenshtein/ResourceSnapshotSmoke.java	complete	-
jvm	function	llev_last_error_message	Status.code	exposed	["bindings/jvm/src/main/java/io/vinarytree/liblevenshtein/Native.java","bindings/jvm/src/main/java/io/vinarytree/liblevenshtein/Transducer.java","bindings/jvm/src/main/java/io/vinarytree/liblevenshtein/QueryCursor.java","bindings/jvm/src/main/java/io/vinarytree/liblevenshtein/BorrowedMatchBatch.java","bindings/jvm/src/main/java/io/vinarytree/liblevenshtein/BorrowedBatchConsumer.java","bindings/jvm/src/main/java/io/vinarytree/liblevenshtein/PhoneticPattern.java","bindings/jvm/src/main/java/io/vinarytree/liblevenshtein/PhoneticRuleSet.java","bindings/jvm/src/main/java/io/vinarytree/liblevenshtein/PhoneticRuleSetKind.java","bindings/jvm/src/main/java/io/vinarytree/liblevenshtein/Algorithm.java","bindings/jvm/src/main/java/io/vinarytree/liblevenshtein/QueryOrder.java","bindings/jvm/src/main/java/io/vinarytree/liblevenshtein/Match.java","bindings/jvm/src/main/java/io/vinarytree/liblevenshtein/Term.java","bindings/jvm/src/main/java/io/vinarytree/liblevenshtein/AutomatonSize.java","bindings/jvm/src/main/java/io/vinarytree/liblevenshtein/Status.java","bindings/jvm/src/main/java/io/vinarytree/liblevenshtein/NativeException.java","bindings/jvm/src/main/java/io/vinarytree/liblevenshtein/NativeLibraryLoader.java","bindings/jvm/src/main/java/io/vinarytree/liblevenshtein/GeneratedAbi.java"]	complete	bindings/jvm/README.md	complete	["bindings/jvm/src/test/java/io/vinarytree/liblevenshtein/BindingArchitectureTest.java","bindings/jvm/src/test/java/io/vinarytree/liblevenshtein/ResourceSnapshotTest.java","bindings/jvm/src/smoke/java/io/vinarytree/liblevenshtein/ResourceSnapshotSmoke.java"]	complete	bindings/jvm/src/smoke/java/io/vinarytree/liblevenshtein/ResourceSnapshotSmoke.java	complete	-
jvm	function	llev_string_free	-	reasoned-absence	["bindings/jvm/src/main/java/io/vinarytree/liblevenshtein/Native.java","bindings/jvm/src/main/java/io/vinarytree/liblevenshtein/Transducer.java","bindings/jvm/src/main/java/io/vinarytree/liblevenshtein/QueryCursor.java","bindings/jvm/src/main/java/io/vinarytree/liblevenshtein/BorrowedMatchBatch.java","bindings/jvm/src/main/java/io/vinarytree/liblevenshtein/BorrowedBatchConsumer.java","bindings/jvm/src/main/java/io/vinarytree/liblevenshtein/PhoneticPattern.java","bindings/jvm/src/main/java/io/vinarytree/liblevenshtein/PhoneticRuleSet.java","bindings/jvm/src/main/java/io/vinarytree/liblevenshtein/PhoneticRuleSetKind.java","bindings/jvm/src/main/java/io/vinarytree/liblevenshtein/Algorithm.java","bindings/jvm/src/main/java/io/vinarytree/liblevenshtein/QueryOrder.java","bindings/jvm/src/main/java/io/vinarytree/liblevenshtein/Match.java","bindings/jvm/src/main/java/io/vinarytree/liblevenshtein/Term.java","bindings/jvm/src/main/java/io/vinarytree/liblevenshtein/AutomatonSize.java","bindings/jvm/src/main/java/io/vinarytree/liblevenshtein/Status.java","bindings/jvm/src/main/java/io/vinarytree/liblevenshtein/NativeException.java","bindings/jvm/src/main/java/io/vinarytree/liblevenshtein/NativeLibraryLoader.java","bindings/jvm/src/main/java/io/vinarytree/liblevenshtein/GeneratedAbi.java"]	inapplicable	bindings/jvm/README.md	inapplicable	["bindings/jvm/src/test/java/io/vinarytree/liblevenshtein/BindingArchitectureTest.java","bindings/jvm/src/test/java/io/vinarytree/liblevenshtein/ResourceSnapshotTest.java","bindings/jvm/src/smoke/java/io/vinarytree/liblevenshtein/ResourceSnapshotSmoke.java"]	inapplicable	bindings/jvm/src/smoke/java/io/vinarytree/liblevenshtein/ResourceSnapshotSmoke.java	inapplicable	legacy independent C string ABI; this facade never receives llev-owned C strings (owned text crosses as LlevOwnedString and is released with llev_owned_string_free)
jvm	function	llev_string_array_free	-	reasoned-absence	["bindings/jvm/src/main/java/io/vinarytree/liblevenshtein/Native.java","bindings/jvm/src/main/java/io/vinarytree/liblevenshtein/Transducer.java","bindings/jvm/src/main/java/io/vinarytree/liblevenshtein/QueryCursor.java","bindings/jvm/src/main/java/io/vinarytree/liblevenshtein/BorrowedMatchBatch.java","bindings/jvm/src/main/java/io/vinarytree/liblevenshtein/BorrowedBatchConsumer.java","bindings/jvm/src/main/java/io/vinarytree/liblevenshtein/PhoneticPattern.java","bindings/jvm/src/main/java/io/vinarytree/liblevenshtein/PhoneticRuleSet.java","bindings/jvm/src/main/java/io/vinarytree/liblevenshtein/PhoneticRuleSetKind.java","bindings/jvm/src/main/java/io/vinarytree/liblevenshtein/Algorithm.java","bindings/jvm/src/main/java/io/vinarytree/liblevenshtein/QueryOrder.java","bindings/jvm/src/main/java/io/vinarytree/liblevenshtein/Match.java","bindings/jvm/src/main/java/io/vinarytree/liblevenshtein/Term.java","bindings/jvm/src/main/java/io/vinarytree/liblevenshtein/AutomatonSize.java","bindings/jvm/src/main/java/io/vinarytree/liblevenshtein/Status.java","bindings/jvm/src/main/java/io/vinarytree/liblevenshtein/NativeException.java","bindings/jvm/src/main/java/io/vinarytree/liblevenshtein/NativeLibraryLoader.java","bindings/jvm/src/main/java/io/vinarytree/liblevenshtein/GeneratedAbi.java"]	inapplicable	bindings/jvm/README.md	inapplicable	["bindings/jvm/src/test/java/io/vinarytree/liblevenshtein/BindingArchitectureTest.java","bindings/jvm/src/test/java/io/vinarytree/liblevenshtein/ResourceSnapshotTest.java","bindings/jvm/src/smoke/java/io/vinarytree/liblevenshtein/ResourceSnapshotSmoke.java"]	inapplicable	bindings/jvm/src/smoke/java/io/vinarytree/liblevenshtein/ResourceSnapshotSmoke.java	inapplicable	legacy independent C string ABI; this facade never receives llev-owned C strings (owned text crosses as LlevOwnedString and is released with llev_owned_string_free)
jvm	function	llev_string_dup	-	reasoned-absence	["bindings/jvm/src/main/java/io/vinarytree/liblevenshtein/Native.java","bindings/jvm/src/main/java/io/vinarytree/liblevenshtein/Transducer.java","bindings/jvm/src/main/java/io/vinarytree/liblevenshtein/QueryCursor.java","bindings/jvm/src/main/java/io/vinarytree/liblevenshtein/BorrowedMatchBatch.java","bindings/jvm/src/main/java/io/vinarytree/liblevenshtein/BorrowedBatchConsumer.java","bindings/jvm/src/main/java/io/vinarytree/liblevenshtein/PhoneticPattern.java","bindings/jvm/src/main/java/io/vinarytree/liblevenshtein/PhoneticRuleSet.java","bindings/jvm/src/main/java/io/vinarytree/liblevenshtein/PhoneticRuleSetKind.java","bindings/jvm/src/main/java/io/vinarytree/liblevenshtein/Algorithm.java","bindings/jvm/src/main/java/io/vinarytree/liblevenshtein/QueryOrder.java","bindings/jvm/src/main/java/io/vinarytree/liblevenshtein/Match.java","bindings/jvm/src/main/java/io/vinarytree/liblevenshtein/Term.java","bindings/jvm/src/main/java/io/vinarytree/liblevenshtein/AutomatonSize.java","bindings/jvm/src/main/java/io/vinarytree/liblevenshtein/Status.java","bindings/jvm/src/main/java/io/vinarytree/liblevenshtein/NativeException.java","bindings/jvm/src/main/java/io/vinarytree/liblevenshtein/NativeLibraryLoader.java","bindings/jvm/src/main/java/io/vinarytree/liblevenshtein/GeneratedAbi.java"]	inapplicable	bindings/jvm/README.md	inapplicable	["bindings/jvm/src/test/java/io/vinarytree/liblevenshtein/BindingArchitectureTest.java","bindings/jvm/src/test/java/io/vinarytree/liblevenshtein/ResourceSnapshotTest.java","bindings/jvm/src/smoke/java/io/vinarytree/liblevenshtein/ResourceSnapshotSmoke.java"]	inapplicable	bindings/jvm/src/smoke/java/io/vinarytree/liblevenshtein/ResourceSnapshotSmoke.java	inapplicable	legacy independent C string ABI; this facade never receives llev-owned C strings (owned text crosses as LlevOwnedString and is released with llev_owned_string_free)
jvm	function	llev_distance	-	reasoned-absence	["bindings/jvm/src/main/java/io/vinarytree/liblevenshtein/Native.java","bindings/jvm/src/main/java/io/vinarytree/liblevenshtein/Transducer.java","bindings/jvm/src/main/java/io/vinarytree/liblevenshtein/QueryCursor.java","bindings/jvm/src/main/java/io/vinarytree/liblevenshtein/BorrowedMatchBatch.java","bindings/jvm/src/main/java/io/vinarytree/liblevenshtein/BorrowedBatchConsumer.java","bindings/jvm/src/main/java/io/vinarytree/liblevenshtein/PhoneticPattern.java","bindings/jvm/src/main/java/io/vinarytree/liblevenshtein/PhoneticRuleSet.java","bindings/jvm/src/main/java/io/vinarytree/liblevenshtein/PhoneticRuleSetKind.java","bindings/jvm/src/main/java/io/vinarytree/liblevenshtein/Algorithm.java","bindings/jvm/src/main/java/io/vinarytree/liblevenshtein/QueryOrder.java","bindings/jvm/src/main/java/io/vinarytree/liblevenshtein/Match.java","bindings/jvm/src/main/java/io/vinarytree/liblevenshtein/Term.java","bindings/jvm/src/main/java/io/vinarytree/liblevenshtein/AutomatonSize.java","bindings/jvm/src/main/java/io/vinarytree/liblevenshtein/Status.java","bindings/jvm/src/main/java/io/vinarytree/liblevenshtein/NativeException.java","bindings/jvm/src/main/java/io/vinarytree/liblevenshtein/NativeLibraryLoader.java","bindings/jvm/src/main/java/io/vinarytree/liblevenshtein/GeneratedAbi.java"]	inapplicable	bindings/jvm/README.md	inapplicable	["bindings/jvm/src/test/java/io/vinarytree/liblevenshtein/BindingArchitectureTest.java","bindings/jvm/src/test/java/io/vinarytree/liblevenshtein/ResourceSnapshotTest.java","bindings/jvm/src/smoke/java/io/vinarytree/liblevenshtein/ResourceSnapshotSmoke.java"]	inapplicable	bindings/jvm/src/smoke/java/io/vinarytree/liblevenshtein/ResourceSnapshotSmoke.java	inapplicable	not part of the Tier-1 managed facade surface; python, jvm, clojure, and the typed javascript facade uniformly omit standalone distance helpers (the JavaScript shared JavaScript runtime carries them for JS callers)
jvm	function	llev_distance_threshold	-	reasoned-absence	["bindings/jvm/src/main/java/io/vinarytree/liblevenshtein/Native.java","bindings/jvm/src/main/java/io/vinarytree/liblevenshtein/Transducer.java","bindings/jvm/src/main/java/io/vinarytree/liblevenshtein/QueryCursor.java","bindings/jvm/src/main/java/io/vinarytree/liblevenshtein/BorrowedMatchBatch.java","bindings/jvm/src/main/java/io/vinarytree/liblevenshtein/BorrowedBatchConsumer.java","bindings/jvm/src/main/java/io/vinarytree/liblevenshtein/PhoneticPattern.java","bindings/jvm/src/main/java/io/vinarytree/liblevenshtein/PhoneticRuleSet.java","bindings/jvm/src/main/java/io/vinarytree/liblevenshtein/PhoneticRuleSetKind.java","bindings/jvm/src/main/java/io/vinarytree/liblevenshtein/Algorithm.java","bindings/jvm/src/main/java/io/vinarytree/liblevenshtein/QueryOrder.java","bindings/jvm/src/main/java/io/vinarytree/liblevenshtein/Match.java","bindings/jvm/src/main/java/io/vinarytree/liblevenshtein/Term.java","bindings/jvm/src/main/java/io/vinarytree/liblevenshtein/AutomatonSize.java","bindings/jvm/src/main/java/io/vinarytree/liblevenshtein/Status.java","bindings/jvm/src/main/java/io/vinarytree/liblevenshtein/NativeException.java","bindings/jvm/src/main/java/io/vinarytree/liblevenshtein/NativeLibraryLoader.java","bindings/jvm/src/main/java/io/vinarytree/liblevenshtein/GeneratedAbi.java"]	inapplicable	bindings/jvm/README.md	inapplicable	["bindings/jvm/src/test/java/io/vinarytree/liblevenshtein/BindingArchitectureTest.java","bindings/jvm/src/test/java/io/vinarytree/liblevenshtein/ResourceSnapshotTest.java","bindings/jvm/src/smoke/java/io/vinarytree/liblevenshtein/ResourceSnapshotSmoke.java"]	inapplicable	bindings/jvm/src/smoke/java/io/vinarytree/liblevenshtein/ResourceSnapshotSmoke.java	inapplicable	not part of the Tier-1 managed facade surface; python, jvm, clojure, and the typed javascript facade uniformly omit standalone distance helpers (the JavaScript shared JavaScript runtime carries them for JS callers)
jvm	function	llev_damerau_distance	-	reasoned-absence	["bindings/jvm/src/main/java/io/vinarytree/liblevenshtein/Native.java","bindings/jvm/src/main/java/io/vinarytree/liblevenshtein/Transducer.java","bindings/jvm/src/main/java/io/vinarytree/liblevenshtein/QueryCursor.java","bindings/jvm/src/main/java/io/vinarytree/liblevenshtein/BorrowedMatchBatch.java","bindings/jvm/src/main/java/io/vinarytree/liblevenshtein/BorrowedBatchConsumer.java","bindings/jvm/src/main/java/io/vinarytree/liblevenshtein/PhoneticPattern.java","bindings/jvm/src/main/java/io/vinarytree/liblevenshtein/PhoneticRuleSet.java","bindings/jvm/src/main/java/io/vinarytree/liblevenshtein/PhoneticRuleSetKind.java","bindings/jvm/src/main/java/io/vinarytree/liblevenshtein/Algorithm.java","bindings/jvm/src/main/java/io/vinarytree/liblevenshtein/QueryOrder.java","bindings/jvm/src/main/java/io/vinarytree/liblevenshtein/Match.java","bindings/jvm/src/main/java/io/vinarytree/liblevenshtein/Term.java","bindings/jvm/src/main/java/io/vinarytree/liblevenshtein/AutomatonSize.java","bindings/jvm/src/main/java/io/vinarytree/liblevenshtein/Status.java","bindings/jvm/src/main/java/io/vinarytree/liblevenshtein/NativeException.java","bindings/jvm/src/main/java/io/vinarytree/liblevenshtein/NativeLibraryLoader.java","bindings/jvm/src/main/java/io/vinarytree/liblevenshtein/GeneratedAbi.java"]	inapplicable	bindings/jvm/README.md	inapplicable	["bindings/jvm/src/test/java/io/vinarytree/liblevenshtein/BindingArchitectureTest.java","bindings/jvm/src/test/java/io/vinarytree/liblevenshtein/ResourceSnapshotTest.java","bindings/jvm/src/smoke/java/io/vinarytree/liblevenshtein/ResourceSnapshotSmoke.java"]	inapplicable	bindings/jvm/src/smoke/java/io/vinarytree/liblevenshtein/ResourceSnapshotSmoke.java	inapplicable	not part of the Tier-1 managed facade surface; python, jvm, clojure, and the typed javascript facade uniformly omit standalone distance helpers (the JavaScript shared JavaScript runtime carries them for JS callers)
jvm	function	llev_damerau_distance_threshold	-	reasoned-absence	["bindings/jvm/src/main/java/io/vinarytree/liblevenshtein/Native.java","bindings/jvm/src/main/java/io/vinarytree/liblevenshtein/Transducer.java","bindings/jvm/src/main/java/io/vinarytree/liblevenshtein/QueryCursor.java","bindings/jvm/src/main/java/io/vinarytree/liblevenshtein/BorrowedMatchBatch.java","bindings/jvm/src/main/java/io/vinarytree/liblevenshtein/BorrowedBatchConsumer.java","bindings/jvm/src/main/java/io/vinarytree/liblevenshtein/PhoneticPattern.java","bindings/jvm/src/main/java/io/vinarytree/liblevenshtein/PhoneticRuleSet.java","bindings/jvm/src/main/java/io/vinarytree/liblevenshtein/PhoneticRuleSetKind.java","bindings/jvm/src/main/java/io/vinarytree/liblevenshtein/Algorithm.java","bindings/jvm/src/main/java/io/vinarytree/liblevenshtein/QueryOrder.java","bindings/jvm/src/main/java/io/vinarytree/liblevenshtein/Match.java","bindings/jvm/src/main/java/io/vinarytree/liblevenshtein/Term.java","bindings/jvm/src/main/java/io/vinarytree/liblevenshtein/AutomatonSize.java","bindings/jvm/src/main/java/io/vinarytree/liblevenshtein/Status.java","bindings/jvm/src/main/java/io/vinarytree/liblevenshtein/NativeException.java","bindings/jvm/src/main/java/io/vinarytree/liblevenshtein/NativeLibraryLoader.java","bindings/jvm/src/main/java/io/vinarytree/liblevenshtein/GeneratedAbi.java"]	inapplicable	bindings/jvm/README.md	inapplicable	["bindings/jvm/src/test/java/io/vinarytree/liblevenshtein/BindingArchitectureTest.java","bindings/jvm/src/test/java/io/vinarytree/liblevenshtein/ResourceSnapshotTest.java","bindings/jvm/src/smoke/java/io/vinarytree/liblevenshtein/ResourceSnapshotSmoke.java"]	inapplicable	bindings/jvm/src/smoke/java/io/vinarytree/liblevenshtein/ResourceSnapshotSmoke.java	inapplicable	not part of the Tier-1 managed facade surface; python, jvm, clojure, and the typed javascript facade uniformly omit standalone distance helpers (the JavaScript shared JavaScript runtime carries them for JS callers)
jvm	function	llev_true_damerau_distance	-	reasoned-absence	["bindings/jvm/src/main/java/io/vinarytree/liblevenshtein/Native.java","bindings/jvm/src/main/java/io/vinarytree/liblevenshtein/Transducer.java","bindings/jvm/src/main/java/io/vinarytree/liblevenshtein/QueryCursor.java","bindings/jvm/src/main/java/io/vinarytree/liblevenshtein/BorrowedMatchBatch.java","bindings/jvm/src/main/java/io/vinarytree/liblevenshtein/BorrowedBatchConsumer.java","bindings/jvm/src/main/java/io/vinarytree/liblevenshtein/PhoneticPattern.java","bindings/jvm/src/main/java/io/vinarytree/liblevenshtein/PhoneticRuleSet.java","bindings/jvm/src/main/java/io/vinarytree/liblevenshtein/PhoneticRuleSetKind.java","bindings/jvm/src/main/java/io/vinarytree/liblevenshtein/Algorithm.java","bindings/jvm/src/main/java/io/vinarytree/liblevenshtein/QueryOrder.java","bindings/jvm/src/main/java/io/vinarytree/liblevenshtein/Match.java","bindings/jvm/src/main/java/io/vinarytree/liblevenshtein/Term.java","bindings/jvm/src/main/java/io/vinarytree/liblevenshtein/AutomatonSize.java","bindings/jvm/src/main/java/io/vinarytree/liblevenshtein/Status.java","bindings/jvm/src/main/java/io/vinarytree/liblevenshtein/NativeException.java","bindings/jvm/src/main/java/io/vinarytree/liblevenshtein/NativeLibraryLoader.java","bindings/jvm/src/main/java/io/vinarytree/liblevenshtein/GeneratedAbi.java"]	inapplicable	bindings/jvm/README.md	inapplicable	["bindings/jvm/src/test/java/io/vinarytree/liblevenshtein/BindingArchitectureTest.java","bindings/jvm/src/test/java/io/vinarytree/liblevenshtein/ResourceSnapshotTest.java","bindings/jvm/src/smoke/java/io/vinarytree/liblevenshtein/ResourceSnapshotSmoke.java"]	inapplicable	bindings/jvm/src/smoke/java/io/vinarytree/liblevenshtein/ResourceSnapshotSmoke.java	inapplicable	not part of the Tier-1 managed facade surface; python, jvm, clojure, and the typed javascript facade uniformly omit standalone distance helpers (the JavaScript shared JavaScript runtime carries them for JS callers)
jvm	function	llev_true_damerau_distance_threshold	-	reasoned-absence	["bindings/jvm/src/main/java/io/vinarytree/liblevenshtein/Native.java","bindings/jvm/src/main/java/io/vinarytree/liblevenshtein/Transducer.java","bindings/jvm/src/main/java/io/vinarytree/liblevenshtein/QueryCursor.java","bindings/jvm/src/main/java/io/vinarytree/liblevenshtein/BorrowedMatchBatch.java","bindings/jvm/src/main/java/io/vinarytree/liblevenshtein/BorrowedBatchConsumer.java","bindings/jvm/src/main/java/io/vinarytree/liblevenshtein/PhoneticPattern.java","bindings/jvm/src/main/java/io/vinarytree/liblevenshtein/PhoneticRuleSet.java","bindings/jvm/src/main/java/io/vinarytree/liblevenshtein/PhoneticRuleSetKind.java","bindings/jvm/src/main/java/io/vinarytree/liblevenshtein/Algorithm.java","bindings/jvm/src/main/java/io/vinarytree/liblevenshtein/QueryOrder.java","bindings/jvm/src/main/java/io/vinarytree/liblevenshtein/Match.java","bindings/jvm/src/main/java/io/vinarytree/liblevenshtein/Term.java","bindings/jvm/src/main/java/io/vinarytree/liblevenshtein/AutomatonSize.java","bindings/jvm/src/main/java/io/vinarytree/liblevenshtein/Status.java","bindings/jvm/src/main/java/io/vinarytree/liblevenshtein/NativeException.java","bindings/jvm/src/main/java/io/vinarytree/liblevenshtein/NativeLibraryLoader.java","bindings/jvm/src/main/java/io/vinarytree/liblevenshtein/GeneratedAbi.java"]	inapplicable	bindings/jvm/README.md	inapplicable	["bindings/jvm/src/test/java/io/vinarytree/liblevenshtein/BindingArchitectureTest.java","bindings/jvm/src/test/java/io/vinarytree/liblevenshtein/ResourceSnapshotTest.java","bindings/jvm/src/smoke/java/io/vinarytree/liblevenshtein/ResourceSnapshotSmoke.java"]	inapplicable	bindings/jvm/src/smoke/java/io/vinarytree/liblevenshtein/ResourceSnapshotSmoke.java	inapplicable	not part of the Tier-1 managed facade surface; python, jvm, clojure, and the typed javascript facade uniformly omit standalone distance helpers (the JavaScript shared JavaScript runtime carries them for JS callers)
jvm	function	llev_transducer_new	Transducer	exposed	["bindings/jvm/src/main/java/io/vinarytree/liblevenshtein/Native.java","bindings/jvm/src/main/java/io/vinarytree/liblevenshtein/Transducer.java","bindings/jvm/src/main/java/io/vinarytree/liblevenshtein/QueryCursor.java","bindings/jvm/src/main/java/io/vinarytree/liblevenshtein/BorrowedMatchBatch.java","bindings/jvm/src/main/java/io/vinarytree/liblevenshtein/BorrowedBatchConsumer.java","bindings/jvm/src/main/java/io/vinarytree/liblevenshtein/PhoneticPattern.java","bindings/jvm/src/main/java/io/vinarytree/liblevenshtein/PhoneticRuleSet.java","bindings/jvm/src/main/java/io/vinarytree/liblevenshtein/PhoneticRuleSetKind.java","bindings/jvm/src/main/java/io/vinarytree/liblevenshtein/Algorithm.java","bindings/jvm/src/main/java/io/vinarytree/liblevenshtein/QueryOrder.java","bindings/jvm/src/main/java/io/vinarytree/liblevenshtein/Match.java","bindings/jvm/src/main/java/io/vinarytree/liblevenshtein/Term.java","bindings/jvm/src/main/java/io/vinarytree/liblevenshtein/AutomatonSize.java","bindings/jvm/src/main/java/io/vinarytree/liblevenshtein/Status.java","bindings/jvm/src/main/java/io/vinarytree/liblevenshtein/NativeException.java","bindings/jvm/src/main/java/io/vinarytree/liblevenshtein/NativeLibraryLoader.java","bindings/jvm/src/main/java/io/vinarytree/liblevenshtein/GeneratedAbi.java"]	complete	bindings/jvm/README.md	complete	["bindings/jvm/src/test/java/io/vinarytree/liblevenshtein/BindingArchitectureTest.java","bindings/jvm/src/test/java/io/vinarytree/liblevenshtein/ResourceSnapshotTest.java","bindings/jvm/src/smoke/java/io/vinarytree/liblevenshtein/ResourceSnapshotSmoke.java"]	complete	bindings/jvm/src/smoke/java/io/vinarytree/liblevenshtein/ResourceSnapshotSmoke.java	complete	-
jvm	function	llev_transducer_snapshot	Transducer.snapshot	exposed	["bindings/jvm/src/main/java/io/vinarytree/liblevenshtein/Native.java","bindings/jvm/src/main/java/io/vinarytree/liblevenshtein/Transducer.java","bindings/jvm/src/main/java/io/vinarytree/liblevenshtein/QueryCursor.java","bindings/jvm/src/main/java/io/vinarytree/liblevenshtein/BorrowedMatchBatch.java","bindings/jvm/src/main/java/io/vinarytree/liblevenshtein/BorrowedBatchConsumer.java","bindings/jvm/src/main/java/io/vinarytree/liblevenshtein/PhoneticPattern.java","bindings/jvm/src/main/java/io/vinarytree/liblevenshtein/PhoneticRuleSet.java","bindings/jvm/src/main/java/io/vinarytree/liblevenshtein/PhoneticRuleSetKind.java","bindings/jvm/src/main/java/io/vinarytree/liblevenshtein/Algorithm.java","bindings/jvm/src/main/java/io/vinarytree/liblevenshtein/QueryOrder.java","bindings/jvm/src/main/java/io/vinarytree/liblevenshtein/Match.java","bindings/jvm/src/main/java/io/vinarytree/liblevenshtein/Term.java","bindings/jvm/src/main/java/io/vinarytree/liblevenshtein/AutomatonSize.java","bindings/jvm/src/main/java/io/vinarytree/liblevenshtein/Status.java","bindings/jvm/src/main/java/io/vinarytree/liblevenshtein/NativeException.java","bindings/jvm/src/main/java/io/vinarytree/liblevenshtein/NativeLibraryLoader.java","bindings/jvm/src/main/java/io/vinarytree/liblevenshtein/GeneratedAbi.java"]	complete	bindings/jvm/README.md	complete	["bindings/jvm/src/test/java/io/vinarytree/liblevenshtein/BindingArchitectureTest.java","bindings/jvm/src/test/java/io/vinarytree/liblevenshtein/ResourceSnapshotTest.java","bindings/jvm/src/smoke/java/io/vinarytree/liblevenshtein/ResourceSnapshotSmoke.java"]	complete	bindings/jvm/src/smoke/java/io/vinarytree/liblevenshtein/ResourceSnapshotSmoke.java	complete	-
jvm	function	llev_transducer_free	Transducer.close	exposed	["bindings/jvm/src/main/java/io/vinarytree/liblevenshtein/Native.java","bindings/jvm/src/main/java/io/vinarytree/liblevenshtein/Transducer.java","bindings/jvm/src/main/java/io/vinarytree/liblevenshtein/QueryCursor.java","bindings/jvm/src/main/java/io/vinarytree/liblevenshtein/BorrowedMatchBatch.java","bindings/jvm/src/main/java/io/vinarytree/liblevenshtein/BorrowedBatchConsumer.java","bindings/jvm/src/main/java/io/vinarytree/liblevenshtein/PhoneticPattern.java","bindings/jvm/src/main/java/io/vinarytree/liblevenshtein/PhoneticRuleSet.java","bindings/jvm/src/main/java/io/vinarytree/liblevenshtein/PhoneticRuleSetKind.java","bindings/jvm/src/main/java/io/vinarytree/liblevenshtein/Algorithm.java","bindings/jvm/src/main/java/io/vinarytree/liblevenshtein/QueryOrder.java","bindings/jvm/src/main/java/io/vinarytree/liblevenshtein/Match.java","bindings/jvm/src/main/java/io/vinarytree/liblevenshtein/Term.java","bindings/jvm/src/main/java/io/vinarytree/liblevenshtein/AutomatonSize.java","bindings/jvm/src/main/java/io/vinarytree/liblevenshtein/Status.java","bindings/jvm/src/main/java/io/vinarytree/liblevenshtein/NativeException.java","bindings/jvm/src/main/java/io/vinarytree/liblevenshtein/NativeLibraryLoader.java","bindings/jvm/src/main/java/io/vinarytree/liblevenshtein/GeneratedAbi.java"]	complete	bindings/jvm/README.md	complete	["bindings/jvm/src/test/java/io/vinarytree/liblevenshtein/BindingArchitectureTest.java","bindings/jvm/src/test/java/io/vinarytree/liblevenshtein/ResourceSnapshotTest.java","bindings/jvm/src/smoke/java/io/vinarytree/liblevenshtein/ResourceSnapshotSmoke.java"]	complete	bindings/jvm/src/smoke/java/io/vinarytree/liblevenshtein/ResourceSnapshotSmoke.java	complete	-
jvm	function	llev_transducer_unit_domain	-	reasoned-absence	["bindings/jvm/src/main/java/io/vinarytree/liblevenshtein/Native.java","bindings/jvm/src/main/java/io/vinarytree/liblevenshtein/Transducer.java","bindings/jvm/src/main/java/io/vinarytree/liblevenshtein/QueryCursor.java","bindings/jvm/src/main/java/io/vinarytree/liblevenshtein/BorrowedMatchBatch.java","bindings/jvm/src/main/java/io/vinarytree/liblevenshtein/BorrowedBatchConsumer.java","bindings/jvm/src/main/java/io/vinarytree/liblevenshtein/PhoneticPattern.java","bindings/jvm/src/main/java/io/vinarytree/liblevenshtein/PhoneticRuleSet.java","bindings/jvm/src/main/java/io/vinarytree/liblevenshtein/PhoneticRuleSetKind.java","bindings/jvm/src/main/java/io/vinarytree/liblevenshtein/Algorithm.java","bindings/jvm/src/main/java/io/vinarytree/liblevenshtein/QueryOrder.java","bindings/jvm/src/main/java/io/vinarytree/liblevenshtein/Match.java","bindings/jvm/src/main/java/io/vinarytree/liblevenshtein/Term.java","bindings/jvm/src/main/java/io/vinarytree/liblevenshtein/AutomatonSize.java","bindings/jvm/src/main/java/io/vinarytree/liblevenshtein/Status.java","bindings/jvm/src/main/java/io/vinarytree/liblevenshtein/NativeException.java","bindings/jvm/src/main/java/io/vinarytree/liblevenshtein/NativeLibraryLoader.java","bindings/jvm/src/main/java/io/vinarytree/liblevenshtein/GeneratedAbi.java"]	inapplicable	bindings/jvm/README.md	inapplicable	["bindings/jvm/src/test/java/io/vinarytree/liblevenshtein/BindingArchitectureTest.java","bindings/jvm/src/test/java/io/vinarytree/liblevenshtein/ResourceSnapshotTest.java","bindings/jvm/src/smoke/java/io/vinarytree/liblevenshtein/ResourceSnapshotSmoke.java"]	inapplicable	bindings/jvm/src/smoke/java/io/vinarytree/liblevenshtein/ResourceSnapshotSmoke.java	inapplicable	not bound; every match descriptor carries its own unit domain, so the transducer-level accessor is redundant for this facade
jvm	function	llev_transducer_query_utf8	Transducer.query	exposed	["bindings/jvm/src/main/java/io/vinarytree/liblevenshtein/Native.java","bindings/jvm/src/main/java/io/vinarytree/liblevenshtein/Transducer.java","bindings/jvm/src/main/java/io/vinarytree/liblevenshtein/QueryCursor.java","bindings/jvm/src/main/java/io/vinarytree/liblevenshtein/BorrowedMatchBatch.java","bindings/jvm/src/main/java/io/vinarytree/liblevenshtein/BorrowedBatchConsumer.java","bindings/jvm/src/main/java/io/vinarytree/liblevenshtein/PhoneticPattern.java","bindings/jvm/src/main/java/io/vinarytree/liblevenshtein/PhoneticRuleSet.java","bindings/jvm/src/main/java/io/vinarytree/liblevenshtein/PhoneticRuleSetKind.java","bindings/jvm/src/main/java/io/vinarytree/liblevenshtein/Algorithm.java","bindings/jvm/src/main/java/io/vinarytree/liblevenshtein/QueryOrder.java","bindings/jvm/src/main/java/io/vinarytree/liblevenshtein/Match.java","bindings/jvm/src/main/java/io/vinarytree/liblevenshtein/Term.java","bindings/jvm/src/main/java/io/vinarytree/liblevenshtein/AutomatonSize.java","bindings/jvm/src/main/java/io/vinarytree/liblevenshtein/Status.java","bindings/jvm/src/main/java/io/vinarytree/liblevenshtein/NativeException.java","bindings/jvm/src/main/java/io/vinarytree/liblevenshtein/NativeLibraryLoader.java","bindings/jvm/src/main/java/io/vinarytree/liblevenshtein/GeneratedAbi.java"]	complete	bindings/jvm/README.md	complete	["bindings/jvm/src/test/java/io/vinarytree/liblevenshtein/BindingArchitectureTest.java","bindings/jvm/src/test/java/io/vinarytree/liblevenshtein/ResourceSnapshotTest.java","bindings/jvm/src/smoke/java/io/vinarytree/liblevenshtein/ResourceSnapshotSmoke.java"]	complete	bindings/jvm/src/smoke/java/io/vinarytree/liblevenshtein/ResourceSnapshotSmoke.java	complete	-
jvm	function	llev_transducer_query_bytes	Transducer.query	exposed	["bindings/jvm/src/main/java/io/vinarytree/liblevenshtein/Native.java","bindings/jvm/src/main/java/io/vinarytree/liblevenshtein/Transducer.java","bindings/jvm/src/main/java/io/vinarytree/liblevenshtein/QueryCursor.java","bindings/jvm/src/main/java/io/vinarytree/liblevenshtein/BorrowedMatchBatch.java","bindings/jvm/src/main/java/io/vinarytree/liblevenshtein/BorrowedBatchConsumer.java","bindings/jvm/src/main/java/io/vinarytree/liblevenshtein/PhoneticPattern.java","bindings/jvm/src/main/java/io/vinarytree/liblevenshtein/PhoneticRuleSet.java","bindings/jvm/src/main/java/io/vinarytree/liblevenshtein/PhoneticRuleSetKind.java","bindings/jvm/src/main/java/io/vinarytree/liblevenshtein/Algorithm.java","bindings/jvm/src/main/java/io/vinarytree/liblevenshtein/QueryOrder.java","bindings/jvm/src/main/java/io/vinarytree/liblevenshtein/Match.java","bindings/jvm/src/main/java/io/vinarytree/liblevenshtein/Term.java","bindings/jvm/src/main/java/io/vinarytree/liblevenshtein/AutomatonSize.java","bindings/jvm/src/main/java/io/vinarytree/liblevenshtein/Status.java","bindings/jvm/src/main/java/io/vinarytree/liblevenshtein/NativeException.java","bindings/jvm/src/main/java/io/vinarytree/liblevenshtein/NativeLibraryLoader.java","bindings/jvm/src/main/java/io/vinarytree/liblevenshtein/GeneratedAbi.java"]	complete	bindings/jvm/README.md	complete	["bindings/jvm/src/test/java/io/vinarytree/liblevenshtein/BindingArchitectureTest.java","bindings/jvm/src/test/java/io/vinarytree/liblevenshtein/ResourceSnapshotTest.java","bindings/jvm/src/smoke/java/io/vinarytree/liblevenshtein/ResourceSnapshotSmoke.java"]	complete	bindings/jvm/src/smoke/java/io/vinarytree/liblevenshtein/ResourceSnapshotSmoke.java	complete	-
jvm	function	llev_transducer_query_u64	Transducer.query	exposed	["bindings/jvm/src/main/java/io/vinarytree/liblevenshtein/Native.java","bindings/jvm/src/main/java/io/vinarytree/liblevenshtein/Transducer.java","bindings/jvm/src/main/java/io/vinarytree/liblevenshtein/QueryCursor.java","bindings/jvm/src/main/java/io/vinarytree/liblevenshtein/BorrowedMatchBatch.java","bindings/jvm/src/main/java/io/vinarytree/liblevenshtein/BorrowedBatchConsumer.java","bindings/jvm/src/main/java/io/vinarytree/liblevenshtein/PhoneticPattern.java","bindings/jvm/src/main/java/io/vinarytree/liblevenshtein/PhoneticRuleSet.java","bindings/jvm/src/main/java/io/vinarytree/liblevenshtein/PhoneticRuleSetKind.java","bindings/jvm/src/main/java/io/vinarytree/liblevenshtein/Algorithm.java","bindings/jvm/src/main/java/io/vinarytree/liblevenshtein/QueryOrder.java","bindings/jvm/src/main/java/io/vinarytree/liblevenshtein/Match.java","bindings/jvm/src/main/java/io/vinarytree/liblevenshtein/Term.java","bindings/jvm/src/main/java/io/vinarytree/liblevenshtein/AutomatonSize.java","bindings/jvm/src/main/java/io/vinarytree/liblevenshtein/Status.java","bindings/jvm/src/main/java/io/vinarytree/liblevenshtein/NativeException.java","bindings/jvm/src/main/java/io/vinarytree/liblevenshtein/NativeLibraryLoader.java","bindings/jvm/src/main/java/io/vinarytree/liblevenshtein/GeneratedAbi.java"]	complete	bindings/jvm/README.md	complete	["bindings/jvm/src/test/java/io/vinarytree/liblevenshtein/BindingArchitectureTest.java","bindings/jvm/src/test/java/io/vinarytree/liblevenshtein/ResourceSnapshotTest.java","bindings/jvm/src/smoke/java/io/vinarytree/liblevenshtein/ResourceSnapshotSmoke.java"]	complete	bindings/jvm/src/smoke/java/io/vinarytree/liblevenshtein/ResourceSnapshotSmoke.java	complete	-
jvm	function	llev_query_cursor_next_batch	QueryCursor.next	exposed	["bindings/jvm/src/main/java/io/vinarytree/liblevenshtein/Native.java","bindings/jvm/src/main/java/io/vinarytree/liblevenshtein/Transducer.java","bindings/jvm/src/main/java/io/vinarytree/liblevenshtein/QueryCursor.java","bindings/jvm/src/main/java/io/vinarytree/liblevenshtein/BorrowedMatchBatch.java","bindings/jvm/src/main/java/io/vinarytree/liblevenshtein/BorrowedBatchConsumer.java","bindings/jvm/src/main/java/io/vinarytree/liblevenshtein/PhoneticPattern.java","bindings/jvm/src/main/java/io/vinarytree/liblevenshtein/PhoneticRuleSet.java","bindings/jvm/src/main/java/io/vinarytree/liblevenshtein/PhoneticRuleSetKind.java","bindings/jvm/src/main/java/io/vinarytree/liblevenshtein/Algorithm.java","bindings/jvm/src/main/java/io/vinarytree/liblevenshtein/QueryOrder.java","bindings/jvm/src/main/java/io/vinarytree/liblevenshtein/Match.java","bindings/jvm/src/main/java/io/vinarytree/liblevenshtein/Term.java","bindings/jvm/src/main/java/io/vinarytree/liblevenshtein/AutomatonSize.java","bindings/jvm/src/main/java/io/vinarytree/liblevenshtein/Status.java","bindings/jvm/src/main/java/io/vinarytree/liblevenshtein/NativeException.java","bindings/jvm/src/main/java/io/vinarytree/liblevenshtein/NativeLibraryLoader.java","bindings/jvm/src/main/java/io/vinarytree/liblevenshtein/GeneratedAbi.java"]	complete	bindings/jvm/README.md	complete	["bindings/jvm/src/test/java/io/vinarytree/liblevenshtein/BindingArchitectureTest.java","bindings/jvm/src/test/java/io/vinarytree/liblevenshtein/ResourceSnapshotTest.java","bindings/jvm/src/smoke/java/io/vinarytree/liblevenshtein/ResourceSnapshotSmoke.java"]	complete	bindings/jvm/src/smoke/java/io/vinarytree/liblevenshtein/ResourceSnapshotSmoke.java	complete	-
jvm	function	llev_query_cursor_next_batch	QueryCursor.forEachBatch	exposed	["bindings/jvm/src/main/java/io/vinarytree/liblevenshtein/Native.java","bindings/jvm/src/main/java/io/vinarytree/liblevenshtein/Transducer.java","bindings/jvm/src/main/java/io/vinarytree/liblevenshtein/QueryCursor.java","bindings/jvm/src/main/java/io/vinarytree/liblevenshtein/BorrowedMatchBatch.java","bindings/jvm/src/main/java/io/vinarytree/liblevenshtein/BorrowedBatchConsumer.java","bindings/jvm/src/main/java/io/vinarytree/liblevenshtein/PhoneticPattern.java","bindings/jvm/src/main/java/io/vinarytree/liblevenshtein/PhoneticRuleSet.java","bindings/jvm/src/main/java/io/vinarytree/liblevenshtein/PhoneticRuleSetKind.java","bindings/jvm/src/main/java/io/vinarytree/liblevenshtein/Algorithm.java","bindings/jvm/src/main/java/io/vinarytree/liblevenshtein/QueryOrder.java","bindings/jvm/src/main/java/io/vinarytree/liblevenshtein/Match.java","bindings/jvm/src/main/java/io/vinarytree/liblevenshtein/Term.java","bindings/jvm/src/main/java/io/vinarytree/liblevenshtein/AutomatonSize.java","bindings/jvm/src/main/java/io/vinarytree/liblevenshtein/Status.java","bindings/jvm/src/main/java/io/vinarytree/liblevenshtein/NativeException.java","bindings/jvm/src/main/java/io/vinarytree/liblevenshtein/NativeLibraryLoader.java","bindings/jvm/src/main/java/io/vinarytree/liblevenshtein/GeneratedAbi.java"]	complete	bindings/jvm/README.md	complete	["bindings/jvm/src/test/java/io/vinarytree/liblevenshtein/BindingArchitectureTest.java","bindings/jvm/src/test/java/io/vinarytree/liblevenshtein/ResourceSnapshotTest.java","bindings/jvm/src/smoke/java/io/vinarytree/liblevenshtein/ResourceSnapshotSmoke.java"]	complete	bindings/jvm/src/smoke/java/io/vinarytree/liblevenshtein/ResourceSnapshotSmoke.java	complete	-
jvm	function	llev_query_cursor_release_batch	QueryCursor.next	exposed	["bindings/jvm/src/main/java/io/vinarytree/liblevenshtein/Native.java","bindings/jvm/src/main/java/io/vinarytree/liblevenshtein/Transducer.java","bindings/jvm/src/main/java/io/vinarytree/liblevenshtein/QueryCursor.java","bindings/jvm/src/main/java/io/vinarytree/liblevenshtein/BorrowedMatchBatch.java","bindings/jvm/src/main/java/io/vinarytree/liblevenshtein/BorrowedBatchConsumer.java","bindings/jvm/src/main/java/io/vinarytree/liblevenshtein/PhoneticPattern.java","bindings/jvm/src/main/java/io/vinarytree/liblevenshtein/PhoneticRuleSet.java","bindings/jvm/src/main/java/io/vinarytree/liblevenshtein/PhoneticRuleSetKind.java","bindings/jvm/src/main/java/io/vinarytree/liblevenshtein/Algorithm.java","bindings/jvm/src/main/java/io/vinarytree/liblevenshtein/QueryOrder.java","bindings/jvm/src/main/java/io/vinarytree/liblevenshtein/Match.java","bindings/jvm/src/main/java/io/vinarytree/liblevenshtein/Term.java","bindings/jvm/src/main/java/io/vinarytree/liblevenshtein/AutomatonSize.java","bindings/jvm/src/main/java/io/vinarytree/liblevenshtein/Status.java","bindings/jvm/src/main/java/io/vinarytree/liblevenshtein/NativeException.java","bindings/jvm/src/main/java/io/vinarytree/liblevenshtein/NativeLibraryLoader.java","bindings/jvm/src/main/java/io/vinarytree/liblevenshtein/GeneratedAbi.java"]	complete	bindings/jvm/README.md	complete	["bindings/jvm/src/test/java/io/vinarytree/liblevenshtein/BindingArchitectureTest.java","bindings/jvm/src/test/java/io/vinarytree/liblevenshtein/ResourceSnapshotTest.java","bindings/jvm/src/smoke/java/io/vinarytree/liblevenshtein/ResourceSnapshotSmoke.java"]	complete	bindings/jvm/src/smoke/java/io/vinarytree/liblevenshtein/ResourceSnapshotSmoke.java	complete	-
jvm	function	llev_query_cursor_release_batch	QueryCursor.forEachBatch	exposed	["bindings/jvm/src/main/java/io/vinarytree/liblevenshtein/Native.java","bindings/jvm/src/main/java/io/vinarytree/liblevenshtein/Transducer.java","bindings/jvm/src/main/java/io/vinarytree/liblevenshtein/QueryCursor.java","bindings/jvm/src/main/java/io/vinarytree/liblevenshtein/BorrowedMatchBatch.java","bindings/jvm/src/main/java/io/vinarytree/liblevenshtein/BorrowedBatchConsumer.java","bindings/jvm/src/main/java/io/vinarytree/liblevenshtein/PhoneticPattern.java","bindings/jvm/src/main/java/io/vinarytree/liblevenshtein/PhoneticRuleSet.java","bindings/jvm/src/main/java/io/vinarytree/liblevenshtein/PhoneticRuleSetKind.java","bindings/jvm/src/main/java/io/vinarytree/liblevenshtein/Algorithm.java","bindings/jvm/src/main/java/io/vinarytree/liblevenshtein/QueryOrder.java","bindings/jvm/src/main/java/io/vinarytree/liblevenshtein/Match.java","bindings/jvm/src/main/java/io/vinarytree/liblevenshtein/Term.java","bindings/jvm/src/main/java/io/vinarytree/liblevenshtein/AutomatonSize.java","bindings/jvm/src/main/java/io/vinarytree/liblevenshtein/Status.java","bindings/jvm/src/main/java/io/vinarytree/liblevenshtein/NativeException.java","bindings/jvm/src/main/java/io/vinarytree/liblevenshtein/NativeLibraryLoader.java","bindings/jvm/src/main/java/io/vinarytree/liblevenshtein/GeneratedAbi.java"]	complete	bindings/jvm/README.md	complete	["bindings/jvm/src/test/java/io/vinarytree/liblevenshtein/BindingArchitectureTest.java","bindings/jvm/src/test/java/io/vinarytree/liblevenshtein/ResourceSnapshotTest.java","bindings/jvm/src/smoke/java/io/vinarytree/liblevenshtein/ResourceSnapshotSmoke.java"]	complete	bindings/jvm/src/smoke/java/io/vinarytree/liblevenshtein/ResourceSnapshotSmoke.java	complete	-
jvm	function	llev_query_cursor_reduce	-	reasoned-absence	["bindings/jvm/src/main/java/io/vinarytree/liblevenshtein/Native.java","bindings/jvm/src/main/java/io/vinarytree/liblevenshtein/Transducer.java","bindings/jvm/src/main/java/io/vinarytree/liblevenshtein/QueryCursor.java","bindings/jvm/src/main/java/io/vinarytree/liblevenshtein/BorrowedMatchBatch.java","bindings/jvm/src/main/java/io/vinarytree/liblevenshtein/BorrowedBatchConsumer.java","bindings/jvm/src/main/java/io/vinarytree/liblevenshtein/PhoneticPattern.java","bindings/jvm/src/main/java/io/vinarytree/liblevenshtein/PhoneticRuleSet.java","bindings/jvm/src/main/java/io/vinarytree/liblevenshtein/PhoneticRuleSetKind.java","bindings/jvm/src/main/java/io/vinarytree/liblevenshtein/Algorithm.java","bindings/jvm/src/main/java/io/vinarytree/liblevenshtein/QueryOrder.java","bindings/jvm/src/main/java/io/vinarytree/liblevenshtein/Match.java","bindings/jvm/src/main/java/io/vinarytree/liblevenshtein/Term.java","bindings/jvm/src/main/java/io/vinarytree/liblevenshtein/AutomatonSize.java","bindings/jvm/src/main/java/io/vinarytree/liblevenshtein/Status.java","bindings/jvm/src/main/java/io/vinarytree/liblevenshtein/NativeException.java","bindings/jvm/src/main/java/io/vinarytree/liblevenshtein/NativeLibraryLoader.java","bindings/jvm/src/main/java/io/vinarytree/liblevenshtein/GeneratedAbi.java"]	inapplicable	bindings/jvm/README.md	inapplicable	["bindings/jvm/src/test/java/io/vinarytree/liblevenshtein/BindingArchitectureTest.java","bindings/jvm/src/test/java/io/vinarytree/liblevenshtein/ResourceSnapshotTest.java","bindings/jvm/src/smoke/java/io/vinarytree/liblevenshtein/ResourceSnapshotSmoke.java"]	inapplicable	bindings/jvm/src/smoke/java/io/vinarytree/liblevenshtein/ResourceSnapshotSmoke.java	inapplicable	batch reduction is provided by QueryCursor.forEachBatch (zero-copy MemorySegment views) over next_batch/release_batch leases; the native callback reducer is not bound
jvm	function	llev_query_cursor_free	QueryCursor.close	exposed	["bindings/jvm/src/main/java/io/vinarytree/liblevenshtein/Native.java","bindings/jvm/src/main/java/io/vinarytree/liblevenshtein/Transducer.java","bindings/jvm/src/main/java/io/vinarytree/liblevenshtein/QueryCursor.java","bindings/jvm/src/main/java/io/vinarytree/liblevenshtein/BorrowedMatchBatch.java","bindings/jvm/src/main/java/io/vinarytree/liblevenshtein/BorrowedBatchConsumer.java","bindings/jvm/src/main/java/io/vinarytree/liblevenshtein/PhoneticPattern.java","bindings/jvm/src/main/java/io/vinarytree/liblevenshtein/PhoneticRuleSet.java","bindings/jvm/src/main/java/io/vinarytree/liblevenshtein/PhoneticRuleSetKind.java","bindings/jvm/src/main/java/io/vinarytree/liblevenshtein/Algorithm.java","bindings/jvm/src/main/java/io/vinarytree/liblevenshtein/QueryOrder.java","bindings/jvm/src/main/java/io/vinarytree/liblevenshtein/Match.java","bindings/jvm/src/main/java/io/vinarytree/liblevenshtein/Term.java","bindings/jvm/src/main/java/io/vinarytree/liblevenshtein/AutomatonSize.java","bindings/jvm/src/main/java/io/vinarytree/liblevenshtein/Status.java","bindings/jvm/src/main/java/io/vinarytree/liblevenshtein/NativeException.java","bindings/jvm/src/main/java/io/vinarytree/liblevenshtein/NativeLibraryLoader.java","bindings/jvm/src/main/java/io/vinarytree/liblevenshtein/GeneratedAbi.java"]	complete	bindings/jvm/README.md	complete	["bindings/jvm/src/test/java/io/vinarytree/liblevenshtein/BindingArchitectureTest.java","bindings/jvm/src/test/java/io/vinarytree/liblevenshtein/ResourceSnapshotTest.java","bindings/jvm/src/smoke/java/io/vinarytree/liblevenshtein/ResourceSnapshotSmoke.java"]	complete	bindings/jvm/src/smoke/java/io/vinarytree/liblevenshtein/ResourceSnapshotSmoke.java	complete	-
jvm	function	llev_owned_string_free	PhoneticRuleSet.apply	exposed	["bindings/jvm/src/main/java/io/vinarytree/liblevenshtein/Native.java","bindings/jvm/src/main/java/io/vinarytree/liblevenshtein/Transducer.java","bindings/jvm/src/main/java/io/vinarytree/liblevenshtein/QueryCursor.java","bindings/jvm/src/main/java/io/vinarytree/liblevenshtein/BorrowedMatchBatch.java","bindings/jvm/src/main/java/io/vinarytree/liblevenshtein/BorrowedBatchConsumer.java","bindings/jvm/src/main/java/io/vinarytree/liblevenshtein/PhoneticPattern.java","bindings/jvm/src/main/java/io/vinarytree/liblevenshtein/PhoneticRuleSet.java","bindings/jvm/src/main/java/io/vinarytree/liblevenshtein/PhoneticRuleSetKind.java","bindings/jvm/src/main/java/io/vinarytree/liblevenshtein/Algorithm.java","bindings/jvm/src/main/java/io/vinarytree/liblevenshtein/QueryOrder.java","bindings/jvm/src/main/java/io/vinarytree/liblevenshtein/Match.java","bindings/jvm/src/main/java/io/vinarytree/liblevenshtein/Term.java","bindings/jvm/src/main/java/io/vinarytree/liblevenshtein/AutomatonSize.java","bindings/jvm/src/main/java/io/vinarytree/liblevenshtein/Status.java","bindings/jvm/src/main/java/io/vinarytree/liblevenshtein/NativeException.java","bindings/jvm/src/main/java/io/vinarytree/liblevenshtein/NativeLibraryLoader.java","bindings/jvm/src/main/java/io/vinarytree/liblevenshtein/GeneratedAbi.java"]	complete	bindings/jvm/README.md	complete	["bindings/jvm/src/test/java/io/vinarytree/liblevenshtein/BindingArchitectureTest.java","bindings/jvm/src/test/java/io/vinarytree/liblevenshtein/ResourceSnapshotTest.java","bindings/jvm/src/smoke/java/io/vinarytree/liblevenshtein/ResourceSnapshotSmoke.java"]	complete	bindings/jvm/src/smoke/java/io/vinarytree/liblevenshtein/ResourceSnapshotSmoke.java	complete	-
jvm	function	llev_phonetic_pattern_compile_regex	PhoneticPattern.compileRegex	exposed	["bindings/jvm/src/main/java/io/vinarytree/liblevenshtein/Native.java","bindings/jvm/src/main/java/io/vinarytree/liblevenshtein/Transducer.java","bindings/jvm/src/main/java/io/vinarytree/liblevenshtein/QueryCursor.java","bindings/jvm/src/main/java/io/vinarytree/liblevenshtein/BorrowedMatchBatch.java","bindings/jvm/src/main/java/io/vinarytree/liblevenshtein/BorrowedBatchConsumer.java","bindings/jvm/src/main/java/io/vinarytree/liblevenshtein/PhoneticPattern.java","bindings/jvm/src/main/java/io/vinarytree/liblevenshtein/PhoneticRuleSet.java","bindings/jvm/src/main/java/io/vinarytree/liblevenshtein/PhoneticRuleSetKind.java","bindings/jvm/src/main/java/io/vinarytree/liblevenshtein/Algorithm.java","bindings/jvm/src/main/java/io/vinarytree/liblevenshtein/QueryOrder.java","bindings/jvm/src/main/java/io/vinarytree/liblevenshtein/Match.java","bindings/jvm/src/main/java/io/vinarytree/liblevenshtein/Term.java","bindings/jvm/src/main/java/io/vinarytree/liblevenshtein/AutomatonSize.java","bindings/jvm/src/main/java/io/vinarytree/liblevenshtein/Status.java","bindings/jvm/src/main/java/io/vinarytree/liblevenshtein/NativeException.java","bindings/jvm/src/main/java/io/vinarytree/liblevenshtein/NativeLibraryLoader.java","bindings/jvm/src/main/java/io/vinarytree/liblevenshtein/GeneratedAbi.java"]	complete	bindings/jvm/README.md	complete	["bindings/jvm/src/test/java/io/vinarytree/liblevenshtein/BindingArchitectureTest.java","bindings/jvm/src/test/java/io/vinarytree/liblevenshtein/ResourceSnapshotTest.java","bindings/jvm/src/smoke/java/io/vinarytree/liblevenshtein/ResourceSnapshotSmoke.java"]	complete	bindings/jvm/src/smoke/java/io/vinarytree/liblevenshtein/ResourceSnapshotSmoke.java	complete	-
jvm	function	llev_phonetic_pattern_compile_llre	PhoneticPattern.compileLlre	exposed	["bindings/jvm/src/main/java/io/vinarytree/liblevenshtein/Native.java","bindings/jvm/src/main/java/io/vinarytree/liblevenshtein/Transducer.java","bindings/jvm/src/main/java/io/vinarytree/liblevenshtein/QueryCursor.java","bindings/jvm/src/main/java/io/vinarytree/liblevenshtein/BorrowedMatchBatch.java","bindings/jvm/src/main/java/io/vinarytree/liblevenshtein/BorrowedBatchConsumer.java","bindings/jvm/src/main/java/io/vinarytree/liblevenshtein/PhoneticPattern.java","bindings/jvm/src/main/java/io/vinarytree/liblevenshtein/PhoneticRuleSet.java","bindings/jvm/src/main/java/io/vinarytree/liblevenshtein/PhoneticRuleSetKind.java","bindings/jvm/src/main/java/io/vinarytree/liblevenshtein/Algorithm.java","bindings/jvm/src/main/java/io/vinarytree/liblevenshtein/QueryOrder.java","bindings/jvm/src/main/java/io/vinarytree/liblevenshtein/Match.java","bindings/jvm/src/main/java/io/vinarytree/liblevenshtein/Term.java","bindings/jvm/src/main/java/io/vinarytree/liblevenshtein/AutomatonSize.java","bindings/jvm/src/main/java/io/vinarytree/liblevenshtein/Status.java","bindings/jvm/src/main/java/io/vinarytree/liblevenshtein/NativeException.java","bindings/jvm/src/main/java/io/vinarytree/liblevenshtein/NativeLibraryLoader.java","bindings/jvm/src/main/java/io/vinarytree/liblevenshtein/GeneratedAbi.java"]	complete	bindings/jvm/README.md	complete	["bindings/jvm/src/test/java/io/vinarytree/liblevenshtein/BindingArchitectureTest.java","bindings/jvm/src/test/java/io/vinarytree/liblevenshtein/ResourceSnapshotTest.java","bindings/jvm/src/smoke/java/io/vinarytree/liblevenshtein/ResourceSnapshotSmoke.java"]	complete	bindings/jvm/src/smoke/java/io/vinarytree/liblevenshtein/ResourceSnapshotSmoke.java	complete	-
jvm	function	llev_phonetic_pattern_free	PhoneticPattern.close	exposed	["bindings/jvm/src/main/java/io/vinarytree/liblevenshtein/Native.java","bindings/jvm/src/main/java/io/vinarytree/liblevenshtein/Transducer.java","bindings/jvm/src/main/java/io/vinarytree/liblevenshtein/QueryCursor.java","bindings/jvm/src/main/java/io/vinarytree/liblevenshtein/BorrowedMatchBatch.java","bindings/jvm/src/main/java/io/vinarytree/liblevenshtein/BorrowedBatchConsumer.java","bindings/jvm/src/main/java/io/vinarytree/liblevenshtein/PhoneticPattern.java","bindings/jvm/src/main/java/io/vinarytree/liblevenshtein/PhoneticRuleSet.java","bindings/jvm/src/main/java/io/vinarytree/liblevenshtein/PhoneticRuleSetKind.java","bindings/jvm/src/main/java/io/vinarytree/liblevenshtein/Algorithm.java","bindings/jvm/src/main/java/io/vinarytree/liblevenshtein/QueryOrder.java","bindings/jvm/src/main/java/io/vinarytree/liblevenshtein/Match.java","bindings/jvm/src/main/java/io/vinarytree/liblevenshtein/Term.java","bindings/jvm/src/main/java/io/vinarytree/liblevenshtein/AutomatonSize.java","bindings/jvm/src/main/java/io/vinarytree/liblevenshtein/Status.java","bindings/jvm/src/main/java/io/vinarytree/liblevenshtein/NativeException.java","bindings/jvm/src/main/java/io/vinarytree/liblevenshtein/NativeLibraryLoader.java","bindings/jvm/src/main/java/io/vinarytree/liblevenshtein/GeneratedAbi.java"]	complete	bindings/jvm/README.md	complete	["bindings/jvm/src/test/java/io/vinarytree/liblevenshtein/BindingArchitectureTest.java","bindings/jvm/src/test/java/io/vinarytree/liblevenshtein/ResourceSnapshotTest.java","bindings/jvm/src/smoke/java/io/vinarytree/liblevenshtein/ResourceSnapshotSmoke.java"]	complete	bindings/jvm/src/smoke/java/io/vinarytree/liblevenshtein/ResourceSnapshotSmoke.java	complete	-
jvm	function	llev_phonetic_pattern_size	PhoneticPattern.size	exposed	["bindings/jvm/src/main/java/io/vinarytree/liblevenshtein/Native.java","bindings/jvm/src/main/java/io/vinarytree/liblevenshtein/Transducer.java","bindings/jvm/src/main/java/io/vinarytree/liblevenshtein/QueryCursor.java","bindings/jvm/src/main/java/io/vinarytree/liblevenshtein/BorrowedMatchBatch.java","bindings/jvm/src/main/java/io/vinarytree/liblevenshtein/BorrowedBatchConsumer.java","bindings/jvm/src/main/java/io/vinarytree/liblevenshtein/PhoneticPattern.java","bindings/jvm/src/main/java/io/vinarytree/liblevenshtein/PhoneticRuleSet.java","bindings/jvm/src/main/java/io/vinarytree/liblevenshtein/PhoneticRuleSetKind.java","bindings/jvm/src/main/java/io/vinarytree/liblevenshtein/Algorithm.java","bindings/jvm/src/main/java/io/vinarytree/liblevenshtein/QueryOrder.java","bindings/jvm/src/main/java/io/vinarytree/liblevenshtein/Match.java","bindings/jvm/src/main/java/io/vinarytree/liblevenshtein/Term.java","bindings/jvm/src/main/java/io/vinarytree/liblevenshtein/AutomatonSize.java","bindings/jvm/src/main/java/io/vinarytree/liblevenshtein/Status.java","bindings/jvm/src/main/java/io/vinarytree/liblevenshtein/NativeException.java","bindings/jvm/src/main/java/io/vinarytree/liblevenshtein/NativeLibraryLoader.java","bindings/jvm/src/main/java/io/vinarytree/liblevenshtein/GeneratedAbi.java"]	complete	bindings/jvm/README.md	complete	["bindings/jvm/src/test/java/io/vinarytree/liblevenshtein/BindingArchitectureTest.java","bindings/jvm/src/test/java/io/vinarytree/liblevenshtein/ResourceSnapshotTest.java","bindings/jvm/src/smoke/java/io/vinarytree/liblevenshtein/ResourceSnapshotSmoke.java"]	complete	bindings/jvm/src/smoke/java/io/vinarytree/liblevenshtein/ResourceSnapshotSmoke.java	complete	-
jvm	function	llev_phonetic_pattern_matches	PhoneticPattern.matches	exposed	["bindings/jvm/src/main/java/io/vinarytree/liblevenshtein/Native.java","bindings/jvm/src/main/java/io/vinarytree/liblevenshtein/Transducer.java","bindings/jvm/src/main/java/io/vinarytree/liblevenshtein/QueryCursor.java","bindings/jvm/src/main/java/io/vinarytree/liblevenshtein/BorrowedMatchBatch.java","bindings/jvm/src/main/java/io/vinarytree/liblevenshtein/BorrowedBatchConsumer.java","bindings/jvm/src/main/java/io/vinarytree/liblevenshtein/PhoneticPattern.java","bindings/jvm/src/main/java/io/vinarytree/liblevenshtein/PhoneticRuleSet.java","bindings/jvm/src/main/java/io/vinarytree/liblevenshtein/PhoneticRuleSetKind.java","bindings/jvm/src/main/java/io/vinarytree/liblevenshtein/Algorithm.java","bindings/jvm/src/main/java/io/vinarytree/liblevenshtein/QueryOrder.java","bindings/jvm/src/main/java/io/vinarytree/liblevenshtein/Match.java","bindings/jvm/src/main/java/io/vinarytree/liblevenshtein/Term.java","bindings/jvm/src/main/java/io/vinarytree/liblevenshtein/AutomatonSize.java","bindings/jvm/src/main/java/io/vinarytree/liblevenshtein/Status.java","bindings/jvm/src/main/java/io/vinarytree/liblevenshtein/NativeException.java","bindings/jvm/src/main/java/io/vinarytree/liblevenshtein/NativeLibraryLoader.java","bindings/jvm/src/main/java/io/vinarytree/liblevenshtein/GeneratedAbi.java"]	complete	bindings/jvm/README.md	complete	["bindings/jvm/src/test/java/io/vinarytree/liblevenshtein/BindingArchitectureTest.java","bindings/jvm/src/test/java/io/vinarytree/liblevenshtein/ResourceSnapshotTest.java","bindings/jvm/src/smoke/java/io/vinarytree/liblevenshtein/ResourceSnapshotSmoke.java"]	complete	bindings/jvm/src/smoke/java/io/vinarytree/liblevenshtein/ResourceSnapshotSmoke.java	complete	-
jvm	function	llev_transducer_query_pattern	Transducer.query	exposed	["bindings/jvm/src/main/java/io/vinarytree/liblevenshtein/Native.java","bindings/jvm/src/main/java/io/vinarytree/liblevenshtein/Transducer.java","bindings/jvm/src/main/java/io/vinarytree/liblevenshtein/QueryCursor.java","bindings/jvm/src/main/java/io/vinarytree/liblevenshtein/BorrowedMatchBatch.java","bindings/jvm/src/main/java/io/vinarytree/liblevenshtein/BorrowedBatchConsumer.java","bindings/jvm/src/main/java/io/vinarytree/liblevenshtein/PhoneticPattern.java","bindings/jvm/src/main/java/io/vinarytree/liblevenshtein/PhoneticRuleSet.java","bindings/jvm/src/main/java/io/vinarytree/liblevenshtein/PhoneticRuleSetKind.java","bindings/jvm/src/main/java/io/vinarytree/liblevenshtein/Algorithm.java","bindings/jvm/src/main/java/io/vinarytree/liblevenshtein/QueryOrder.java","bindings/jvm/src/main/java/io/vinarytree/liblevenshtein/Match.java","bindings/jvm/src/main/java/io/vinarytree/liblevenshtein/Term.java","bindings/jvm/src/main/java/io/vinarytree/liblevenshtein/AutomatonSize.java","bindings/jvm/src/main/java/io/vinarytree/liblevenshtein/Status.java","bindings/jvm/src/main/java/io/vinarytree/liblevenshtein/NativeException.java","bindings/jvm/src/main/java/io/vinarytree/liblevenshtein/NativeLibraryLoader.java","bindings/jvm/src/main/java/io/vinarytree/liblevenshtein/GeneratedAbi.java"]	complete	bindings/jvm/README.md	complete	["bindings/jvm/src/test/java/io/vinarytree/liblevenshtein/BindingArchitectureTest.java","bindings/jvm/src/test/java/io/vinarytree/liblevenshtein/ResourceSnapshotTest.java","bindings/jvm/src/smoke/java/io/vinarytree/liblevenshtein/ResourceSnapshotSmoke.java"]	complete	bindings/jvm/src/smoke/java/io/vinarytree/liblevenshtein/ResourceSnapshotSmoke.java	complete	-
jvm	function	llev_phonetic_rules_parse	PhoneticRuleSet.parse	exposed	["bindings/jvm/src/main/java/io/vinarytree/liblevenshtein/Native.java","bindings/jvm/src/main/java/io/vinarytree/liblevenshtein/Transducer.java","bindings/jvm/src/main/java/io/vinarytree/liblevenshtein/QueryCursor.java","bindings/jvm/src/main/java/io/vinarytree/liblevenshtein/BorrowedMatchBatch.java","bindings/jvm/src/main/java/io/vinarytree/liblevenshtein/BorrowedBatchConsumer.java","bindings/jvm/src/main/java/io/vinarytree/liblevenshtein/PhoneticPattern.java","bindings/jvm/src/main/java/io/vinarytree/liblevenshtein/PhoneticRuleSet.java","bindings/jvm/src/main/java/io/vinarytree/liblevenshtein/PhoneticRuleSetKind.java","bindings/jvm/src/main/java/io/vinarytree/liblevenshtein/Algorithm.java","bindings/jvm/src/main/java/io/vinarytree/liblevenshtein/QueryOrder.java","bindings/jvm/src/main/java/io/vinarytree/liblevenshtein/Match.java","bindings/jvm/src/main/java/io/vinarytree/liblevenshtein/Term.java","bindings/jvm/src/main/java/io/vinarytree/liblevenshtein/AutomatonSize.java","bindings/jvm/src/main/java/io/vinarytree/liblevenshtein/Status.java","bindings/jvm/src/main/java/io/vinarytree/liblevenshtein/NativeException.java","bindings/jvm/src/main/java/io/vinarytree/liblevenshtein/NativeLibraryLoader.java","bindings/jvm/src/main/java/io/vinarytree/liblevenshtein/GeneratedAbi.java"]	complete	bindings/jvm/README.md	complete	["bindings/jvm/src/test/java/io/vinarytree/liblevenshtein/BindingArchitectureTest.java","bindings/jvm/src/test/java/io/vinarytree/liblevenshtein/ResourceSnapshotTest.java","bindings/jvm/src/smoke/java/io/vinarytree/liblevenshtein/ResourceSnapshotSmoke.java"]	complete	bindings/jvm/src/smoke/java/io/vinarytree/liblevenshtein/ResourceSnapshotSmoke.java	complete	-
jvm	function	llev_phonetic_rules_builtin	PhoneticRuleSet.builtin	exposed	["bindings/jvm/src/main/java/io/vinarytree/liblevenshtein/Native.java","bindings/jvm/src/main/java/io/vinarytree/liblevenshtein/Transducer.java","bindings/jvm/src/main/java/io/vinarytree/liblevenshtein/QueryCursor.java","bindings/jvm/src/main/java/io/vinarytree/liblevenshtein/BorrowedMatchBatch.java","bindings/jvm/src/main/java/io/vinarytree/liblevenshtein/BorrowedBatchConsumer.java","bindings/jvm/src/main/java/io/vinarytree/liblevenshtein/PhoneticPattern.java","bindings/jvm/src/main/java/io/vinarytree/liblevenshtein/PhoneticRuleSet.java","bindings/jvm/src/main/java/io/vinarytree/liblevenshtein/PhoneticRuleSetKind.java","bindings/jvm/src/main/java/io/vinarytree/liblevenshtein/Algorithm.java","bindings/jvm/src/main/java/io/vinarytree/liblevenshtein/QueryOrder.java","bindings/jvm/src/main/java/io/vinarytree/liblevenshtein/Match.java","bindings/jvm/src/main/java/io/vinarytree/liblevenshtein/Term.java","bindings/jvm/src/main/java/io/vinarytree/liblevenshtein/AutomatonSize.java","bindings/jvm/src/main/java/io/vinarytree/liblevenshtein/Status.java","bindings/jvm/src/main/java/io/vinarytree/liblevenshtein/NativeException.java","bindings/jvm/src/main/java/io/vinarytree/liblevenshtein/NativeLibraryLoader.java","bindings/jvm/src/main/java/io/vinarytree/liblevenshtein/GeneratedAbi.java"]	complete	bindings/jvm/README.md	complete	["bindings/jvm/src/test/java/io/vinarytree/liblevenshtein/BindingArchitectureTest.java","bindings/jvm/src/test/java/io/vinarytree/liblevenshtein/ResourceSnapshotTest.java","bindings/jvm/src/smoke/java/io/vinarytree/liblevenshtein/ResourceSnapshotSmoke.java"]	complete	bindings/jvm/src/smoke/java/io/vinarytree/liblevenshtein/ResourceSnapshotSmoke.java	complete	-
jvm	function	llev_phonetic_rules_free	PhoneticRuleSet.close	exposed	["bindings/jvm/src/main/java/io/vinarytree/liblevenshtein/Native.java","bindings/jvm/src/main/java/io/vinarytree/liblevenshtein/Transducer.java","bindings/jvm/src/main/java/io/vinarytree/liblevenshtein/QueryCursor.java","bindings/jvm/src/main/java/io/vinarytree/liblevenshtein/BorrowedMatchBatch.java","bindings/jvm/src/main/java/io/vinarytree/liblevenshtein/BorrowedBatchConsumer.java","bindings/jvm/src/main/java/io/vinarytree/liblevenshtein/PhoneticPattern.java","bindings/jvm/src/main/java/io/vinarytree/liblevenshtein/PhoneticRuleSet.java","bindings/jvm/src/main/java/io/vinarytree/liblevenshtein/PhoneticRuleSetKind.java","bindings/jvm/src/main/java/io/vinarytree/liblevenshtein/Algorithm.java","bindings/jvm/src/main/java/io/vinarytree/liblevenshtein/QueryOrder.java","bindings/jvm/src/main/java/io/vinarytree/liblevenshtein/Match.java","bindings/jvm/src/main/java/io/vinarytree/liblevenshtein/Term.java","bindings/jvm/src/main/java/io/vinarytree/liblevenshtein/AutomatonSize.java","bindings/jvm/src/main/java/io/vinarytree/liblevenshtein/Status.java","bindings/jvm/src/main/java/io/vinarytree/liblevenshtein/NativeException.java","bindings/jvm/src/main/java/io/vinarytree/liblevenshtein/NativeLibraryLoader.java","bindings/jvm/src/main/java/io/vinarytree/liblevenshtein/GeneratedAbi.java"]	complete	bindings/jvm/README.md	complete	["bindings/jvm/src/test/java/io/vinarytree/liblevenshtein/BindingArchitectureTest.java","bindings/jvm/src/test/java/io/vinarytree/liblevenshtein/ResourceSnapshotTest.java","bindings/jvm/src/smoke/java/io/vinarytree/liblevenshtein/ResourceSnapshotSmoke.java"]	complete	bindings/jvm/src/smoke/java/io/vinarytree/liblevenshtein/ResourceSnapshotSmoke.java	complete	-
jvm	function	llev_phonetic_rules_len	PhoneticRuleSet.size	exposed	["bindings/jvm/src/main/java/io/vinarytree/liblevenshtein/Native.java","bindings/jvm/src/main/java/io/vinarytree/liblevenshtein/Transducer.java","bindings/jvm/src/main/java/io/vinarytree/liblevenshtein/QueryCursor.java","bindings/jvm/src/main/java/io/vinarytree/liblevenshtein/BorrowedMatchBatch.java","bindings/jvm/src/main/java/io/vinarytree/liblevenshtein/BorrowedBatchConsumer.java","bindings/jvm/src/main/java/io/vinarytree/liblevenshtein/PhoneticPattern.java","bindings/jvm/src/main/java/io/vinarytree/liblevenshtein/PhoneticRuleSet.java","bindings/jvm/src/main/java/io/vinarytree/liblevenshtein/PhoneticRuleSetKind.java","bindings/jvm/src/main/java/io/vinarytree/liblevenshtein/Algorithm.java","bindings/jvm/src/main/java/io/vinarytree/liblevenshtein/QueryOrder.java","bindings/jvm/src/main/java/io/vinarytree/liblevenshtein/Match.java","bindings/jvm/src/main/java/io/vinarytree/liblevenshtein/Term.java","bindings/jvm/src/main/java/io/vinarytree/liblevenshtein/AutomatonSize.java","bindings/jvm/src/main/java/io/vinarytree/liblevenshtein/Status.java","bindings/jvm/src/main/java/io/vinarytree/liblevenshtein/NativeException.java","bindings/jvm/src/main/java/io/vinarytree/liblevenshtein/NativeLibraryLoader.java","bindings/jvm/src/main/java/io/vinarytree/liblevenshtein/GeneratedAbi.java"]	complete	bindings/jvm/README.md	complete	["bindings/jvm/src/test/java/io/vinarytree/liblevenshtein/BindingArchitectureTest.java","bindings/jvm/src/test/java/io/vinarytree/liblevenshtein/ResourceSnapshotTest.java","bindings/jvm/src/smoke/java/io/vinarytree/liblevenshtein/ResourceSnapshotSmoke.java"]	complete	bindings/jvm/src/smoke/java/io/vinarytree/liblevenshtein/ResourceSnapshotSmoke.java	complete	-
jvm	function	llev_phonetic_rules_apply	PhoneticRuleSet.apply	exposed	["bindings/jvm/src/main/java/io/vinarytree/liblevenshtein/Native.java","bindings/jvm/src/main/java/io/vinarytree/liblevenshtein/Transducer.java","bindings/jvm/src/main/java/io/vinarytree/liblevenshtein/QueryCursor.java","bindings/jvm/src/main/java/io/vinarytree/liblevenshtein/BorrowedMatchBatch.java","bindings/jvm/src/main/java/io/vinarytree/liblevenshtein/BorrowedBatchConsumer.java","bindings/jvm/src/main/java/io/vinarytree/liblevenshtein/PhoneticPattern.java","bindings/jvm/src/main/java/io/vinarytree/liblevenshtein/PhoneticRuleSet.java","bindings/jvm/src/main/java/io/vinarytree/liblevenshtein/PhoneticRuleSetKind.java","bindings/jvm/src/main/java/io/vinarytree/liblevenshtein/Algorithm.java","bindings/jvm/src/main/java/io/vinarytree/liblevenshtein/QueryOrder.java","bindings/jvm/src/main/java/io/vinarytree/liblevenshtein/Match.java","bindings/jvm/src/main/java/io/vinarytree/liblevenshtein/Term.java","bindings/jvm/src/main/java/io/vinarytree/liblevenshtein/AutomatonSize.java","bindings/jvm/src/main/java/io/vinarytree/liblevenshtein/Status.java","bindings/jvm/src/main/java/io/vinarytree/liblevenshtein/NativeException.java","bindings/jvm/src/main/java/io/vinarytree/liblevenshtein/NativeLibraryLoader.java","bindings/jvm/src/main/java/io/vinarytree/liblevenshtein/GeneratedAbi.java"]	complete	bindings/jvm/README.md	complete	["bindings/jvm/src/test/java/io/vinarytree/liblevenshtein/BindingArchitectureTest.java","bindings/jvm/src/test/java/io/vinarytree/liblevenshtein/ResourceSnapshotTest.java","bindings/jvm/src/smoke/java/io/vinarytree/liblevenshtein/ResourceSnapshotSmoke.java"]	complete	bindings/jvm/src/smoke/java/io/vinarytree/liblevenshtein/ResourceSnapshotSmoke.java	complete	-
jvm	enum	enum:status	Status	exposed	["bindings/jvm/src/main/java/io/vinarytree/liblevenshtein/Native.java","bindings/jvm/src/main/java/io/vinarytree/liblevenshtein/Transducer.java","bindings/jvm/src/main/java/io/vinarytree/liblevenshtein/QueryCursor.java","bindings/jvm/src/main/java/io/vinarytree/liblevenshtein/BorrowedMatchBatch.java","bindings/jvm/src/main/java/io/vinarytree/liblevenshtein/BorrowedBatchConsumer.java","bindings/jvm/src/main/java/io/vinarytree/liblevenshtein/PhoneticPattern.java","bindings/jvm/src/main/java/io/vinarytree/liblevenshtein/PhoneticRuleSet.java","bindings/jvm/src/main/java/io/vinarytree/liblevenshtein/PhoneticRuleSetKind.java","bindings/jvm/src/main/java/io/vinarytree/liblevenshtein/Algorithm.java","bindings/jvm/src/main/java/io/vinarytree/liblevenshtein/QueryOrder.java","bindings/jvm/src/main/java/io/vinarytree/liblevenshtein/Match.java","bindings/jvm/src/main/java/io/vinarytree/liblevenshtein/Term.java","bindings/jvm/src/main/java/io/vinarytree/liblevenshtein/AutomatonSize.java","bindings/jvm/src/main/java/io/vinarytree/liblevenshtein/Status.java","bindings/jvm/src/main/java/io/vinarytree/liblevenshtein/NativeException.java","bindings/jvm/src/main/java/io/vinarytree/liblevenshtein/NativeLibraryLoader.java","bindings/jvm/src/main/java/io/vinarytree/liblevenshtein/GeneratedAbi.java"]	complete	bindings/jvm/README.md	complete	["bindings/jvm/src/test/java/io/vinarytree/liblevenshtein/BindingArchitectureTest.java","bindings/jvm/src/test/java/io/vinarytree/liblevenshtein/ResourceSnapshotTest.java","bindings/jvm/src/smoke/java/io/vinarytree/liblevenshtein/ResourceSnapshotSmoke.java"]	complete	bindings/jvm/src/smoke/java/io/vinarytree/liblevenshtein/ResourceSnapshotSmoke.java	complete	-
jvm	enum	enum:algorithm	Algorithm	exposed	["bindings/jvm/src/main/java/io/vinarytree/liblevenshtein/Native.java","bindings/jvm/src/main/java/io/vinarytree/liblevenshtein/Transducer.java","bindings/jvm/src/main/java/io/vinarytree/liblevenshtein/QueryCursor.java","bindings/jvm/src/main/java/io/vinarytree/liblevenshtein/BorrowedMatchBatch.java","bindings/jvm/src/main/java/io/vinarytree/liblevenshtein/BorrowedBatchConsumer.java","bindings/jvm/src/main/java/io/vinarytree/liblevenshtein/PhoneticPattern.java","bindings/jvm/src/main/java/io/vinarytree/liblevenshtein/PhoneticRuleSet.java","bindings/jvm/src/main/java/io/vinarytree/liblevenshtein/PhoneticRuleSetKind.java","bindings/jvm/src/main/java/io/vinarytree/liblevenshtein/Algorithm.java","bindings/jvm/src/main/java/io/vinarytree/liblevenshtein/QueryOrder.java","bindings/jvm/src/main/java/io/vinarytree/liblevenshtein/Match.java","bindings/jvm/src/main/java/io/vinarytree/liblevenshtein/Term.java","bindings/jvm/src/main/java/io/vinarytree/liblevenshtein/AutomatonSize.java","bindings/jvm/src/main/java/io/vinarytree/liblevenshtein/Status.java","bindings/jvm/src/main/java/io/vinarytree/liblevenshtein/NativeException.java","bindings/jvm/src/main/java/io/vinarytree/liblevenshtein/NativeLibraryLoader.java","bindings/jvm/src/main/java/io/vinarytree/liblevenshtein/GeneratedAbi.java"]	complete	bindings/jvm/README.md	complete	["bindings/jvm/src/test/java/io/vinarytree/liblevenshtein/BindingArchitectureTest.java","bindings/jvm/src/test/java/io/vinarytree/liblevenshtein/ResourceSnapshotTest.java","bindings/jvm/src/smoke/java/io/vinarytree/liblevenshtein/ResourceSnapshotSmoke.java"]	complete	bindings/jvm/src/smoke/java/io/vinarytree/liblevenshtein/ResourceSnapshotSmoke.java	complete	-
jvm	enum	enum:queryOrder	QueryOrder	exposed	["bindings/jvm/src/main/java/io/vinarytree/liblevenshtein/Native.java","bindings/jvm/src/main/java/io/vinarytree/liblevenshtein/Transducer.java","bindings/jvm/src/main/java/io/vinarytree/liblevenshtein/QueryCursor.java","bindings/jvm/src/main/java/io/vinarytree/liblevenshtein/BorrowedMatchBatch.java","bindings/jvm/src/main/java/io/vinarytree/liblevenshtein/BorrowedBatchConsumer.java","bindings/jvm/src/main/java/io/vinarytree/liblevenshtein/PhoneticPattern.java","bindings/jvm/src/main/java/io/vinarytree/liblevenshtein/PhoneticRuleSet.java","bindings/jvm/src/main/java/io/vinarytree/liblevenshtein/PhoneticRuleSetKind.java","bindings/jvm/src/main/java/io/vinarytree/liblevenshtein/Algorithm.java","bindings/jvm/src/main/java/io/vinarytree/liblevenshtein/QueryOrder.java","bindings/jvm/src/main/java/io/vinarytree/liblevenshtein/Match.java","bindings/jvm/src/main/java/io/vinarytree/liblevenshtein/Term.java","bindings/jvm/src/main/java/io/vinarytree/liblevenshtein/AutomatonSize.java","bindings/jvm/src/main/java/io/vinarytree/liblevenshtein/Status.java","bindings/jvm/src/main/java/io/vinarytree/liblevenshtein/NativeException.java","bindings/jvm/src/main/java/io/vinarytree/liblevenshtein/NativeLibraryLoader.java","bindings/jvm/src/main/java/io/vinarytree/liblevenshtein/GeneratedAbi.java"]	complete	bindings/jvm/README.md	complete	["bindings/jvm/src/test/java/io/vinarytree/liblevenshtein/BindingArchitectureTest.java","bindings/jvm/src/test/java/io/vinarytree/liblevenshtein/ResourceSnapshotTest.java","bindings/jvm/src/smoke/java/io/vinarytree/liblevenshtein/ResourceSnapshotSmoke.java"]	complete	bindings/jvm/src/smoke/java/io/vinarytree/liblevenshtein/ResourceSnapshotSmoke.java	complete	-
jvm	enum	enum:phoneticRuleSetKind	PhoneticRuleSetKind	exposed	["bindings/jvm/src/main/java/io/vinarytree/liblevenshtein/Native.java","bindings/jvm/src/main/java/io/vinarytree/liblevenshtein/Transducer.java","bindings/jvm/src/main/java/io/vinarytree/liblevenshtein/QueryCursor.java","bindings/jvm/src/main/java/io/vinarytree/liblevenshtein/BorrowedMatchBatch.java","bindings/jvm/src/main/java/io/vinarytree/liblevenshtein/BorrowedBatchConsumer.java","bindings/jvm/src/main/java/io/vinarytree/liblevenshtein/PhoneticPattern.java","bindings/jvm/src/main/java/io/vinarytree/liblevenshtein/PhoneticRuleSet.java","bindings/jvm/src/main/java/io/vinarytree/liblevenshtein/PhoneticRuleSetKind.java","bindings/jvm/src/main/java/io/vinarytree/liblevenshtein/Algorithm.java","bindings/jvm/src/main/java/io/vinarytree/liblevenshtein/QueryOrder.java","bindings/jvm/src/main/java/io/vinarytree/liblevenshtein/Match.java","bindings/jvm/src/main/java/io/vinarytree/liblevenshtein/Term.java","bindings/jvm/src/main/java/io/vinarytree/liblevenshtein/AutomatonSize.java","bindings/jvm/src/main/java/io/vinarytree/liblevenshtein/Status.java","bindings/jvm/src/main/java/io/vinarytree/liblevenshtein/NativeException.java","bindings/jvm/src/main/java/io/vinarytree/liblevenshtein/NativeLibraryLoader.java","bindings/jvm/src/main/java/io/vinarytree/liblevenshtein/GeneratedAbi.java"]	complete	bindings/jvm/README.md	complete	["bindings/jvm/src/test/java/io/vinarytree/liblevenshtein/BindingArchitectureTest.java","bindings/jvm/src/test/java/io/vinarytree/liblevenshtein/ResourceSnapshotTest.java","bindings/jvm/src/smoke/java/io/vinarytree/liblevenshtein/ResourceSnapshotSmoke.java"]	complete	bindings/jvm/src/smoke/java/io/vinarytree/liblevenshtein/ResourceSnapshotSmoke.java	complete	-
jvm	protocol	protocol:iterator	QueryCursor.next	exposed	["bindings/jvm/src/main/java/io/vinarytree/liblevenshtein/Native.java","bindings/jvm/src/main/java/io/vinarytree/liblevenshtein/Transducer.java","bindings/jvm/src/main/java/io/vinarytree/liblevenshtein/QueryCursor.java","bindings/jvm/src/main/java/io/vinarytree/liblevenshtein/BorrowedMatchBatch.java","bindings/jvm/src/main/java/io/vinarytree/liblevenshtein/BorrowedBatchConsumer.java","bindings/jvm/src/main/java/io/vinarytree/liblevenshtein/PhoneticPattern.java","bindings/jvm/src/main/java/io/vinarytree/liblevenshtein/PhoneticRuleSet.java","bindings/jvm/src/main/java/io/vinarytree/liblevenshtein/PhoneticRuleSetKind.java","bindings/jvm/src/main/java/io/vinarytree/liblevenshtein/Algorithm.java","bindings/jvm/src/main/java/io/vinarytree/liblevenshtein/QueryOrder.java","bindings/jvm/src/main/java/io/vinarytree/liblevenshtein/Match.java","bindings/jvm/src/main/java/io/vinarytree/liblevenshtein/Term.java","bindings/jvm/src/main/java/io/vinarytree/liblevenshtein/AutomatonSize.java","bindings/jvm/src/main/java/io/vinarytree/liblevenshtein/Status.java","bindings/jvm/src/main/java/io/vinarytree/liblevenshtein/NativeException.java","bindings/jvm/src/main/java/io/vinarytree/liblevenshtein/NativeLibraryLoader.java","bindings/jvm/src/main/java/io/vinarytree/liblevenshtein/GeneratedAbi.java"]	complete	bindings/jvm/README.md	complete	["bindings/jvm/src/test/java/io/vinarytree/liblevenshtein/BindingArchitectureTest.java","bindings/jvm/src/test/java/io/vinarytree/liblevenshtein/ResourceSnapshotTest.java","bindings/jvm/src/smoke/java/io/vinarytree/liblevenshtein/ResourceSnapshotSmoke.java"]	complete	bindings/jvm/src/smoke/java/io/vinarytree/liblevenshtein/ResourceSnapshotSmoke.java	complete	-
jvm	protocol	protocol:reducer	QueryCursor.forEachBatch	exposed	["bindings/jvm/src/main/java/io/vinarytree/liblevenshtein/Native.java","bindings/jvm/src/main/java/io/vinarytree/liblevenshtein/Transducer.java","bindings/jvm/src/main/java/io/vinarytree/liblevenshtein/QueryCursor.java","bindings/jvm/src/main/java/io/vinarytree/liblevenshtein/BorrowedMatchBatch.java","bindings/jvm/src/main/java/io/vinarytree/liblevenshtein/BorrowedBatchConsumer.java","bindings/jvm/src/main/java/io/vinarytree/liblevenshtein/PhoneticPattern.java","bindings/jvm/src/main/java/io/vinarytree/liblevenshtein/PhoneticRuleSet.java","bindings/jvm/src/main/java/io/vinarytree/liblevenshtein/PhoneticRuleSetKind.java","bindings/jvm/src/main/java/io/vinarytree/liblevenshtein/Algorithm.java","bindings/jvm/src/main/java/io/vinarytree/liblevenshtein/QueryOrder.java","bindings/jvm/src/main/java/io/vinarytree/liblevenshtein/Match.java","bindings/jvm/src/main/java/io/vinarytree/liblevenshtein/Term.java","bindings/jvm/src/main/java/io/vinarytree/liblevenshtein/AutomatonSize.java","bindings/jvm/src/main/java/io/vinarytree/liblevenshtein/Status.java","bindings/jvm/src/main/java/io/vinarytree/liblevenshtein/NativeException.java","bindings/jvm/src/main/java/io/vinarytree/liblevenshtein/NativeLibraryLoader.java","bindings/jvm/src/main/java/io/vinarytree/liblevenshtein/GeneratedAbi.java"]	complete	bindings/jvm/README.md	complete	["bindings/jvm/src/test/java/io/vinarytree/liblevenshtein/BindingArchitectureTest.java","bindings/jvm/src/test/java/io/vinarytree/liblevenshtein/ResourceSnapshotTest.java","bindings/jvm/src/smoke/java/io/vinarytree/liblevenshtein/ResourceSnapshotSmoke.java"]	complete	bindings/jvm/src/smoke/java/io/vinarytree/liblevenshtein/ResourceSnapshotSmoke.java	complete	-
lua	function	llev_abi_version	-	reasoned-absence	["bindings/lua/src/liblevenshtein_lua.c"]	inapplicable	bindings/lua/README.md	inapplicable	["bindings/lua/tests/snapshot.lua"]	inapplicable	bindings/lua/tests/snapshot.lua	inapplicable	not bound; ABI constants are mirrored from bindings/api.json
lua	function	llev_api_revision	-	reasoned-absence	["bindings/lua/src/liblevenshtein_lua.c"]	inapplicable	bindings/lua/README.md	inapplicable	["bindings/lua/tests/snapshot.lua"]	inapplicable	bindings/lua/tests/snapshot.lua	inapplicable	not bound; ABI constants are mirrored from bindings/api.json
lua	function	llev_build_features	-	reasoned-absence	["bindings/lua/src/liblevenshtein_lua.c"]	inapplicable	bindings/lua/README.md	inapplicable	["bindings/lua/tests/snapshot.lua"]	inapplicable	bindings/lua/tests/snapshot.lua	inapplicable	not bound; phonetic availability surfaces at call time as raised Lua errors with the UNSUPPORTED status
lua	function	llev_last_error_message	-	reasoned-absence	["bindings/lua/src/liblevenshtein_lua.c"]	inapplicable	bindings/lua/README.md	inapplicable	["bindings/lua/tests/snapshot.lua"]	inapplicable	bindings/lua/tests/snapshot.lua	inapplicable	raised Lua errors carry the native message plus "(status %d)"; no separate accessor symbol
lua	function	llev_string_free	-	reasoned-absence	["bindings/lua/src/liblevenshtein_lua.c"]	inapplicable	bindings/lua/README.md	inapplicable	["bindings/lua/tests/snapshot.lua"]	inapplicable	bindings/lua/tests/snapshot.lua	inapplicable	legacy independent C string ABI; this facade never receives llev-owned C strings (owned text crosses as LlevOwnedString and is released with llev_owned_string_free)
lua	function	llev_string_array_free	-	reasoned-absence	["bindings/lua/src/liblevenshtein_lua.c"]	inapplicable	bindings/lua/README.md	inapplicable	["bindings/lua/tests/snapshot.lua"]	inapplicable	bindings/lua/tests/snapshot.lua	inapplicable	legacy independent C string ABI; this facade never receives llev-owned C strings (owned text crosses as LlevOwnedString and is released with llev_owned_string_free)
lua	function	llev_string_dup	-	reasoned-absence	["bindings/lua/src/liblevenshtein_lua.c"]	inapplicable	bindings/lua/README.md	inapplicable	["bindings/lua/tests/snapshot.lua"]	inapplicable	bindings/lua/tests/snapshot.lua	inapplicable	legacy independent C string ABI; this facade never receives llev-owned C strings (owned text crosses as LlevOwnedString and is released with llev_owned_string_free)
lua	function	llev_distance	distance	exposed	["bindings/lua/src/liblevenshtein_lua.c"]	complete	bindings/lua/README.md	complete	["bindings/lua/tests/snapshot.lua"]	complete	bindings/lua/tests/snapshot.lua	complete	-
lua	function	llev_distance_threshold	distance_threshold	exposed	["bindings/lua/src/liblevenshtein_lua.c"]	complete	bindings/lua/README.md	complete	["bindings/lua/tests/snapshot.lua"]	complete	bindings/lua/tests/snapshot.lua	complete	-
lua	function	llev_damerau_distance	damerau_distance	exposed	["bindings/lua/src/liblevenshtein_lua.c"]	complete	bindings/lua/README.md	complete	["bindings/lua/tests/snapshot.lua"]	complete	bindings/lua/tests/snapshot.lua	complete	-
lua	function	llev_damerau_distance_threshold	damerau_distance_threshold	exposed	["bindings/lua/src/liblevenshtein_lua.c"]	complete	bindings/lua/README.md	complete	["bindings/lua/tests/snapshot.lua"]	complete	bindings/lua/tests/snapshot.lua	complete	-
lua	function	llev_true_damerau_distance	true_damerau_distance	exposed	["bindings/lua/src/liblevenshtein_lua.c"]	complete	bindings/lua/README.md	complete	["bindings/lua/tests/snapshot.lua"]	complete	bindings/lua/tests/snapshot.lua	complete	-
lua	function	llev_true_damerau_distance_threshold	true_damerau_distance_threshold	exposed	["bindings/lua/src/liblevenshtein_lua.c"]	complete	bindings/lua/README.md	complete	["bindings/lua/tests/snapshot.lua"]	complete	bindings/lua/tests/snapshot.lua	complete	-
lua	function	llev_transducer_new	transducer	exposed	["bindings/lua/src/liblevenshtein_lua.c"]	complete	bindings/lua/README.md	complete	["bindings/lua/tests/snapshot.lua"]	complete	bindings/lua/tests/snapshot.lua	complete	-
lua	function	llev_transducer_snapshot	-	reasoned-absence	["bindings/lua/src/liblevenshtein_lua.c"]	inapplicable	bindings/lua/README.md	inapplicable	["bindings/lua/tests/snapshot.lua"]	inapplicable	bindings/lua/tests/snapshot.lua	inapplicable	not exposed as a separate facade operation; ordinary query construction already captures a query-start snapshot and this facade has no explicit reusable snapshot object
lua	function	llev_transducer_free	transducer:close	exposed	["bindings/lua/src/liblevenshtein_lua.c"]	complete	bindings/lua/README.md	complete	["bindings/lua/tests/snapshot.lua"]	complete	bindings/lua/tests/snapshot.lua	complete	-
lua	function	llev_transducer_unit_domain	transducer:domain	exposed	["bindings/lua/src/liblevenshtein_lua.c"]	complete	bindings/lua/README.md	complete	["bindings/lua/tests/snapshot.lua"]	complete	bindings/lua/tests/snapshot.lua	complete	-
lua	function	llev_transducer_query_utf8	transducer:query	exposed	["bindings/lua/src/liblevenshtein_lua.c"]	complete	bindings/lua/README.md	complete	["bindings/lua/tests/snapshot.lua"]	complete	bindings/lua/tests/snapshot.lua	complete	-
lua	function	llev_transducer_query_bytes	transducer:query_bytes	exposed	["bindings/lua/src/liblevenshtein_lua.c"]	complete	bindings/lua/README.md	complete	["bindings/lua/tests/snapshot.lua"]	complete	bindings/lua/tests/snapshot.lua	complete	-
lua	function	llev_transducer_query_u64	transducer:query_u64	exposed	["bindings/lua/src/liblevenshtein_lua.c"]	complete	bindings/lua/README.md	complete	["bindings/lua/tests/snapshot.lua"]	complete	bindings/lua/tests/snapshot.lua	complete	-
lua	function	llev_query_cursor_next_batch	cursor:next	exposed	["bindings/lua/src/liblevenshtein_lua.c"]	complete	bindings/lua/README.md	complete	["bindings/lua/tests/snapshot.lua"]	complete	bindings/lua/tests/snapshot.lua	complete	-
lua	function	llev_query_cursor_next_batch	cursor:next_batch	exposed	["bindings/lua/src/liblevenshtein_lua.c"]	complete	bindings/lua/README.md	complete	["bindings/lua/tests/snapshot.lua"]	audit-required	bindings/lua/tests/snapshot.lua	audit-required	-
lua	function	llev_query_cursor_release_batch	cursor:next	exposed	["bindings/lua/src/liblevenshtein_lua.c"]	complete	bindings/lua/README.md	complete	["bindings/lua/tests/snapshot.lua"]	complete	bindings/lua/tests/snapshot.lua	complete	-
lua	function	llev_query_cursor_release_batch	cursor:next_batch	exposed	["bindings/lua/src/liblevenshtein_lua.c"]	complete	bindings/lua/README.md	complete	["bindings/lua/tests/snapshot.lua"]	audit-required	bindings/lua/tests/snapshot.lua	audit-required	-
lua	function	llev_query_cursor_reduce	-	reasoned-absence	["bindings/lua/src/liblevenshtein_lua.c"]	inapplicable	bindings/lua/README.md	inapplicable	["bindings/lua/tests/snapshot.lua"]	inapplicable	bindings/lua/tests/snapshot.lua	inapplicable	batch reduction is provided by cursor:reduce_batches over next_batch/release_batch leases; the native callback reducer is not bound
lua	function	llev_query_cursor_free	cursor:close	exposed	["bindings/lua/src/liblevenshtein_lua.c"]	complete	bindings/lua/README.md	complete	["bindings/lua/tests/snapshot.lua"]	complete	bindings/lua/tests/snapshot.lua	complete	-
lua	function	llev_owned_string_free	rules:apply	exposed	["bindings/lua/src/liblevenshtein_lua.c"]	complete	bindings/lua/README.md	complete	["bindings/lua/tests/snapshot.lua"]	complete	bindings/lua/tests/snapshot.lua	complete	-
lua	function	llev_phonetic_pattern_compile_regex	phonetic_pattern	exposed	["bindings/lua/src/liblevenshtein_lua.c"]	complete	bindings/lua/README.md	complete	["bindings/lua/tests/snapshot.lua"]	complete	bindings/lua/tests/snapshot.lua	complete	-
lua	function	llev_phonetic_pattern_compile_llre	llre_pattern	exposed	["bindings/lua/src/liblevenshtein_lua.c"]	complete	bindings/lua/README.md	complete	["bindings/lua/tests/snapshot.lua"]	audit-required	bindings/lua/tests/snapshot.lua	audit-required	-
lua	function	llev_phonetic_pattern_free	pattern:close	exposed	["bindings/lua/src/liblevenshtein_lua.c"]	complete	bindings/lua/README.md	complete	["bindings/lua/tests/snapshot.lua"]	complete	bindings/lua/tests/snapshot.lua	complete	-
lua	function	llev_phonetic_pattern_size	pattern:size	exposed	["bindings/lua/src/liblevenshtein_lua.c"]	complete	bindings/lua/README.md	complete	["bindings/lua/tests/snapshot.lua"]	complete	bindings/lua/tests/snapshot.lua	complete	-
lua	function	llev_phonetic_pattern_matches	pattern:matches	exposed	["bindings/lua/src/liblevenshtein_lua.c"]	complete	bindings/lua/README.md	complete	["bindings/lua/tests/snapshot.lua"]	complete	bindings/lua/tests/snapshot.lua	complete	-
lua	function	llev_transducer_query_pattern	transducer:query_pattern	exposed	["bindings/lua/src/liblevenshtein_lua.c"]	complete	bindings/lua/README.md	complete	["bindings/lua/tests/snapshot.lua"]	audit-required	bindings/lua/tests/snapshot.lua	audit-required	-
lua	function	llev_phonetic_rules_parse	phonetic_rules	exposed	["bindings/lua/src/liblevenshtein_lua.c"]	complete	bindings/lua/README.md	complete	["bindings/lua/tests/snapshot.lua"]	complete	bindings/lua/tests/snapshot.lua	complete	-
lua	function	llev_phonetic_rules_builtin	phonetic_rules	exposed	["bindings/lua/src/liblevenshtein_lua.c"]	complete	bindings/lua/README.md	complete	["bindings/lua/tests/snapshot.lua"]	complete	bindings/lua/tests/snapshot.lua	complete	-
lua	function	llev_phonetic_rules_free	rules:close	exposed	["bindings/lua/src/liblevenshtein_lua.c"]	complete	bindings/lua/README.md	complete	["bindings/lua/tests/snapshot.lua"]	complete	bindings/lua/tests/snapshot.lua	complete	-
lua	function	llev_phonetic_rules_len	rules:len	exposed	["bindings/lua/src/liblevenshtein_lua.c"]	complete	bindings/lua/README.md	complete	["bindings/lua/tests/snapshot.lua"]	complete	bindings/lua/tests/snapshot.lua	complete	-
lua	function	llev_phonetic_rules_apply	rules:apply	exposed	["bindings/lua/src/liblevenshtein_lua.c"]	complete	bindings/lua/README.md	complete	["bindings/lua/tests/snapshot.lua"]	complete	bindings/lua/tests/snapshot.lua	complete	-
lua	enum	enum:status	-	reasoned-absence	["bindings/lua/src/liblevenshtein_lua.c"]	inapplicable	bindings/lua/README.md	inapplicable	["bindings/lua/tests/snapshot.lua"]	inapplicable	bindings/lua/tests/snapshot.lua	inapplicable	raised Lua errors embed the numeric code as "(status %d)" text; no named constants
lua	enum	enum:algorithm	algorithm	exposed	["bindings/lua/src/liblevenshtein_lua.c"]	complete	bindings/lua/README.md	complete	["bindings/lua/tests/snapshot.lua"]	audit-required	bindings/lua/tests/snapshot.lua	audit-required	-
lua	enum	enum:queryOrder	order	exposed	["bindings/lua/src/liblevenshtein_lua.c"]	complete	bindings/lua/README.md	complete	["bindings/lua/tests/snapshot.lua"]	audit-required	bindings/lua/tests/snapshot.lua	audit-required	-
lua	enum	enum:phoneticRuleSetKind	phonetic_rules	exposed	["bindings/lua/src/liblevenshtein_lua.c"]	complete	bindings/lua/README.md	complete	["bindings/lua/tests/snapshot.lua"]	complete	bindings/lua/tests/snapshot.lua	complete	-
lua	protocol	protocol:iterator	cursor:next	exposed	["bindings/lua/src/liblevenshtein_lua.c"]	complete	bindings/lua/README.md	complete	["bindings/lua/tests/snapshot.lua"]	complete	bindings/lua/tests/snapshot.lua	complete	-
lua	protocol	protocol:reducer	cursor:reduce_batches	exposed	["bindings/lua/src/liblevenshtein_lua.c"]	complete	bindings/lua/README.md	complete	["bindings/lua/tests/snapshot.lua"]	audit-required	bindings/lua/tests/snapshot.lua	audit-required	-
ocaml	function	llev_abi_version	-	reasoned-absence	["bindings/ocaml/vinary_tree_liblevenshtein.mli","bindings/ocaml/vinary_tree_liblevenshtein.ml","bindings/ocaml/liblevenshtein_stubs.c"]	inapplicable	bindings/ocaml/README.md	inapplicable	["bindings/ocaml/test/snapshot.ml"]	inapplicable	bindings/ocaml/test/snapshot.ml	inapplicable	not bound; ABI constants are mirrored from bindings/api.json
ocaml	function	llev_api_revision	-	reasoned-absence	["bindings/ocaml/vinary_tree_liblevenshtein.mli","bindings/ocaml/vinary_tree_liblevenshtein.ml","bindings/ocaml/liblevenshtein_stubs.c"]	inapplicable	bindings/ocaml/README.md	inapplicable	["bindings/ocaml/test/snapshot.ml"]	inapplicable	bindings/ocaml/test/snapshot.ml	inapplicable	not bound; ABI constants are mirrored from bindings/api.json
ocaml	function	llev_build_features	-	reasoned-absence	["bindings/ocaml/vinary_tree_liblevenshtein.mli","bindings/ocaml/vinary_tree_liblevenshtein.ml","bindings/ocaml/liblevenshtein_stubs.c"]	inapplicable	bindings/ocaml/README.md	inapplicable	["bindings/ocaml/test/snapshot.ml"]	inapplicable	bindings/ocaml/test/snapshot.ml	inapplicable	not bound; phonetic availability surfaces at call time as raised Failure exceptions with the UNSUPPORTED status
ocaml	function	llev_last_error_message	-	reasoned-absence	["bindings/ocaml/vinary_tree_liblevenshtein.mli","bindings/ocaml/vinary_tree_liblevenshtein.ml","bindings/ocaml/liblevenshtein_stubs.c"]	inapplicable	bindings/ocaml/README.md	inapplicable	["bindings/ocaml/test/snapshot.ml"]	inapplicable	bindings/ocaml/test/snapshot.ml	inapplicable	the native message is folded into raised Stdlib Failure exceptions; no dedicated exported error type
ocaml	function	llev_string_free	-	reasoned-absence	["bindings/ocaml/vinary_tree_liblevenshtein.mli","bindings/ocaml/vinary_tree_liblevenshtein.ml","bindings/ocaml/liblevenshtein_stubs.c"]	inapplicable	bindings/ocaml/README.md	inapplicable	["bindings/ocaml/test/snapshot.ml"]	inapplicable	bindings/ocaml/test/snapshot.ml	inapplicable	legacy independent C string ABI; this facade never receives llev-owned C strings (owned text crosses as LlevOwnedString and is released with llev_owned_string_free)
ocaml	function	llev_string_array_free	-	reasoned-absence	["bindings/ocaml/vinary_tree_liblevenshtein.mli","bindings/ocaml/vinary_tree_liblevenshtein.ml","bindings/ocaml/liblevenshtein_stubs.c"]	inapplicable	bindings/ocaml/README.md	inapplicable	["bindings/ocaml/test/snapshot.ml"]	inapplicable	bindings/ocaml/test/snapshot.ml	inapplicable	legacy independent C string ABI; this facade never receives llev-owned C strings (owned text crosses as LlevOwnedString and is released with llev_owned_string_free)
ocaml	function	llev_string_dup	-	reasoned-absence	["bindings/ocaml/vinary_tree_liblevenshtein.mli","bindings/ocaml/vinary_tree_liblevenshtein.ml","bindings/ocaml/liblevenshtein_stubs.c"]	inapplicable	bindings/ocaml/README.md	inapplicable	["bindings/ocaml/test/snapshot.ml"]	inapplicable	bindings/ocaml/test/snapshot.ml	inapplicable	legacy independent C string ABI; this facade never receives llev-owned C strings (owned text crosses as LlevOwnedString and is released with llev_owned_string_free)
ocaml	function	llev_distance	distance	exposed	["bindings/ocaml/vinary_tree_liblevenshtein.mli","bindings/ocaml/vinary_tree_liblevenshtein.ml","bindings/ocaml/liblevenshtein_stubs.c"]	complete	bindings/ocaml/README.md	complete	["bindings/ocaml/test/snapshot.ml"]	complete	bindings/ocaml/test/snapshot.ml	complete	-
ocaml	function	llev_distance_threshold	distance_threshold	exposed	["bindings/ocaml/vinary_tree_liblevenshtein.mli","bindings/ocaml/vinary_tree_liblevenshtein.ml","bindings/ocaml/liblevenshtein_stubs.c"]	complete	bindings/ocaml/README.md	complete	["bindings/ocaml/test/snapshot.ml"]	complete	bindings/ocaml/test/snapshot.ml	complete	-
ocaml	function	llev_damerau_distance	damerau_distance	exposed	["bindings/ocaml/vinary_tree_liblevenshtein.mli","bindings/ocaml/vinary_tree_liblevenshtein.ml","bindings/ocaml/liblevenshtein_stubs.c"]	complete	bindings/ocaml/README.md	complete	["bindings/ocaml/test/snapshot.ml"]	complete	bindings/ocaml/test/snapshot.ml	complete	-
ocaml	function	llev_damerau_distance_threshold	damerau_distance_threshold	exposed	["bindings/ocaml/vinary_tree_liblevenshtein.mli","bindings/ocaml/vinary_tree_liblevenshtein.ml","bindings/ocaml/liblevenshtein_stubs.c"]	complete	bindings/ocaml/README.md	complete	["bindings/ocaml/test/snapshot.ml"]	complete	bindings/ocaml/test/snapshot.ml	complete	-
ocaml	function	llev_true_damerau_distance	true_damerau_distance	exposed	["bindings/ocaml/vinary_tree_liblevenshtein.mli","bindings/ocaml/vinary_tree_liblevenshtein.ml","bindings/ocaml/liblevenshtein_stubs.c"]	complete	bindings/ocaml/README.md	complete	["bindings/ocaml/test/snapshot.ml"]	complete	bindings/ocaml/test/snapshot.ml	complete	-
ocaml	function	llev_true_damerau_distance_threshold	true_damerau_distance_threshold	exposed	["bindings/ocaml/vinary_tree_liblevenshtein.mli","bindings/ocaml/vinary_tree_liblevenshtein.ml","bindings/ocaml/liblevenshtein_stubs.c"]	complete	bindings/ocaml/README.md	complete	["bindings/ocaml/test/snapshot.ml"]	complete	bindings/ocaml/test/snapshot.ml	complete	-
ocaml	function	llev_transducer_new	transducer	exposed	["bindings/ocaml/vinary_tree_liblevenshtein.mli","bindings/ocaml/vinary_tree_liblevenshtein.ml","bindings/ocaml/liblevenshtein_stubs.c"]	complete	bindings/ocaml/README.md	complete	["bindings/ocaml/test/snapshot.ml"]	complete	bindings/ocaml/test/snapshot.ml	complete	-
ocaml	function	llev_transducer_snapshot	-	reasoned-absence	["bindings/ocaml/vinary_tree_liblevenshtein.mli","bindings/ocaml/vinary_tree_liblevenshtein.ml","bindings/ocaml/liblevenshtein_stubs.c"]	inapplicable	bindings/ocaml/README.md	inapplicable	["bindings/ocaml/test/snapshot.ml"]	inapplicable	bindings/ocaml/test/snapshot.ml	inapplicable	not exposed as a separate facade operation; ordinary query construction already captures a query-start snapshot and this facade has no explicit reusable snapshot object
ocaml	function	llev_transducer_free	close_transducer	exposed	["bindings/ocaml/vinary_tree_liblevenshtein.mli","bindings/ocaml/vinary_tree_liblevenshtein.ml","bindings/ocaml/liblevenshtein_stubs.c"]	complete	bindings/ocaml/README.md	complete	["bindings/ocaml/test/snapshot.ml"]	complete	bindings/ocaml/test/snapshot.ml	complete	-
ocaml	function	llev_transducer_unit_domain	-	reasoned-absence	["bindings/ocaml/vinary_tree_liblevenshtein.mli","bindings/ocaml/vinary_tree_liblevenshtein.ml","bindings/ocaml/liblevenshtein_stubs.c"]	inapplicable	bindings/ocaml/README.md	inapplicable	["bindings/ocaml/test/snapshot.ml"]	inapplicable	bindings/ocaml/test/snapshot.ml	inapplicable	not bound; every match descriptor carries its own unit domain, so the transducer-level accessor is redundant for this facade
ocaml	function	llev_transducer_query_utf8	query	exposed	["bindings/ocaml/vinary_tree_liblevenshtein.mli","bindings/ocaml/vinary_tree_liblevenshtein.ml","bindings/ocaml/liblevenshtein_stubs.c"]	complete	bindings/ocaml/README.md	complete	["bindings/ocaml/test/snapshot.ml"]	complete	bindings/ocaml/test/snapshot.ml	complete	-
ocaml	function	llev_transducer_query_bytes	query_bytes	exposed	["bindings/ocaml/vinary_tree_liblevenshtein.mli","bindings/ocaml/vinary_tree_liblevenshtein.ml","bindings/ocaml/liblevenshtein_stubs.c"]	complete	bindings/ocaml/README.md	complete	["bindings/ocaml/test/snapshot.ml"]	audit-required	bindings/ocaml/test/snapshot.ml	audit-required	-
ocaml	function	llev_transducer_query_u64	query_u64	exposed	["bindings/ocaml/vinary_tree_liblevenshtein.mli","bindings/ocaml/vinary_tree_liblevenshtein.ml","bindings/ocaml/liblevenshtein_stubs.c"]	complete	bindings/ocaml/README.md	complete	["bindings/ocaml/test/snapshot.ml"]	complete	bindings/ocaml/test/snapshot.ml	complete	-
ocaml	function	llev_query_cursor_next_batch	next	exposed	["bindings/ocaml/vinary_tree_liblevenshtein.mli","bindings/ocaml/vinary_tree_liblevenshtein.ml","bindings/ocaml/liblevenshtein_stubs.c"]	complete	bindings/ocaml/README.md	complete	["bindings/ocaml/test/snapshot.ml"]	complete	bindings/ocaml/test/snapshot.ml	complete	-
ocaml	function	llev_query_cursor_next_batch	next_batch	exposed	["bindings/ocaml/vinary_tree_liblevenshtein.mli","bindings/ocaml/vinary_tree_liblevenshtein.ml","bindings/ocaml/liblevenshtein_stubs.c"]	complete	bindings/ocaml/README.md	complete	["bindings/ocaml/test/snapshot.ml"]	audit-required	bindings/ocaml/test/snapshot.ml	audit-required	-
ocaml	function	llev_query_cursor_next_batch	to_seq	exposed	["bindings/ocaml/vinary_tree_liblevenshtein.mli","bindings/ocaml/vinary_tree_liblevenshtein.ml","bindings/ocaml/liblevenshtein_stubs.c"]	complete	bindings/ocaml/README.md	complete	["bindings/ocaml/test/snapshot.ml"]	complete	bindings/ocaml/test/snapshot.ml	complete	-
ocaml	function	llev_query_cursor_release_batch	next	exposed	["bindings/ocaml/vinary_tree_liblevenshtein.mli","bindings/ocaml/vinary_tree_liblevenshtein.ml","bindings/ocaml/liblevenshtein_stubs.c"]	complete	bindings/ocaml/README.md	complete	["bindings/ocaml/test/snapshot.ml"]	complete	bindings/ocaml/test/snapshot.ml	complete	-
ocaml	function	llev_query_cursor_release_batch	next_batch	exposed	["bindings/ocaml/vinary_tree_liblevenshtein.mli","bindings/ocaml/vinary_tree_liblevenshtein.ml","bindings/ocaml/liblevenshtein_stubs.c"]	complete	bindings/ocaml/README.md	complete	["bindings/ocaml/test/snapshot.ml"]	audit-required	bindings/ocaml/test/snapshot.ml	audit-required	-
ocaml	function	llev_query_cursor_reduce	-	reasoned-absence	["bindings/ocaml/vinary_tree_liblevenshtein.mli","bindings/ocaml/vinary_tree_liblevenshtein.ml","bindings/ocaml/liblevenshtein_stubs.c"]	inapplicable	bindings/ocaml/README.md	inapplicable	["bindings/ocaml/test/snapshot.ml"]	inapplicable	bindings/ocaml/test/snapshot.ml	inapplicable	batch reduction is provided by fold_batches over next_batch/release_batch leases; the native callback reducer is not bound
ocaml	function	llev_query_cursor_free	cursor_close	exposed	["bindings/ocaml/vinary_tree_liblevenshtein.mli","bindings/ocaml/vinary_tree_liblevenshtein.ml","bindings/ocaml/liblevenshtein_stubs.c"]	complete	bindings/ocaml/README.md	complete	["bindings/ocaml/test/snapshot.ml"]	complete	bindings/ocaml/test/snapshot.ml	complete	-
ocaml	function	llev_owned_string_free	apply_rules	exposed	["bindings/ocaml/vinary_tree_liblevenshtein.mli","bindings/ocaml/vinary_tree_liblevenshtein.ml","bindings/ocaml/liblevenshtein_stubs.c"]	complete	bindings/ocaml/README.md	complete	["bindings/ocaml/test/snapshot.ml"]	complete	bindings/ocaml/test/snapshot.ml	complete	-
ocaml	function	llev_phonetic_pattern_compile_regex	regex_pattern	exposed	["bindings/ocaml/vinary_tree_liblevenshtein.mli","bindings/ocaml/vinary_tree_liblevenshtein.ml","bindings/ocaml/liblevenshtein_stubs.c"]	complete	bindings/ocaml/README.md	complete	["bindings/ocaml/test/snapshot.ml"]	complete	bindings/ocaml/test/snapshot.ml	complete	-
ocaml	function	llev_phonetic_pattern_compile_llre	llre_pattern	exposed	["bindings/ocaml/vinary_tree_liblevenshtein.mli","bindings/ocaml/vinary_tree_liblevenshtein.ml","bindings/ocaml/liblevenshtein_stubs.c"]	complete	bindings/ocaml/README.md	complete	["bindings/ocaml/test/snapshot.ml"]	audit-required	bindings/ocaml/test/snapshot.ml	audit-required	-
ocaml	function	llev_phonetic_pattern_free	close_pattern	exposed	["bindings/ocaml/vinary_tree_liblevenshtein.mli","bindings/ocaml/vinary_tree_liblevenshtein.ml","bindings/ocaml/liblevenshtein_stubs.c"]	complete	bindings/ocaml/README.md	complete	["bindings/ocaml/test/snapshot.ml"]	complete	bindings/ocaml/test/snapshot.ml	complete	-
ocaml	function	llev_phonetic_pattern_size	pattern_size	exposed	["bindings/ocaml/vinary_tree_liblevenshtein.mli","bindings/ocaml/vinary_tree_liblevenshtein.ml","bindings/ocaml/liblevenshtein_stubs.c"]	complete	bindings/ocaml/README.md	complete	["bindings/ocaml/test/snapshot.ml"]	complete	bindings/ocaml/test/snapshot.ml	complete	-
ocaml	function	llev_phonetic_pattern_matches	pattern_matches	exposed	["bindings/ocaml/vinary_tree_liblevenshtein.mli","bindings/ocaml/vinary_tree_liblevenshtein.ml","bindings/ocaml/liblevenshtein_stubs.c"]	complete	bindings/ocaml/README.md	complete	["bindings/ocaml/test/snapshot.ml"]	complete	bindings/ocaml/test/snapshot.ml	complete	-
ocaml	function	llev_transducer_query_pattern	query_pattern	exposed	["bindings/ocaml/vinary_tree_liblevenshtein.mli","bindings/ocaml/vinary_tree_liblevenshtein.ml","bindings/ocaml/liblevenshtein_stubs.c"]	complete	bindings/ocaml/README.md	complete	["bindings/ocaml/test/snapshot.ml"]	audit-required	bindings/ocaml/test/snapshot.ml	audit-required	-
ocaml	function	llev_phonetic_rules_parse	phonetic_rules	exposed	["bindings/ocaml/vinary_tree_liblevenshtein.mli","bindings/ocaml/vinary_tree_liblevenshtein.ml","bindings/ocaml/liblevenshtein_stubs.c"]	complete	bindings/ocaml/README.md	complete	["bindings/ocaml/test/snapshot.ml"]	complete	bindings/ocaml/test/snapshot.ml	complete	-
ocaml	function	llev_phonetic_rules_builtin	phonetic_rules	exposed	["bindings/ocaml/vinary_tree_liblevenshtein.mli","bindings/ocaml/vinary_tree_liblevenshtein.ml","bindings/ocaml/liblevenshtein_stubs.c"]	complete	bindings/ocaml/README.md	complete	["bindings/ocaml/test/snapshot.ml"]	complete	bindings/ocaml/test/snapshot.ml	complete	-
ocaml	function	llev_phonetic_rules_free	close_rules	exposed	["bindings/ocaml/vinary_tree_liblevenshtein.mli","bindings/ocaml/vinary_tree_liblevenshtein.ml","bindings/ocaml/liblevenshtein_stubs.c"]	complete	bindings/ocaml/README.md	complete	["bindings/ocaml/test/snapshot.ml"]	complete	bindings/ocaml/test/snapshot.ml	complete	-
ocaml	function	llev_phonetic_rules_len	rules_length	exposed	["bindings/ocaml/vinary_tree_liblevenshtein.mli","bindings/ocaml/vinary_tree_liblevenshtein.ml","bindings/ocaml/liblevenshtein_stubs.c"]	complete	bindings/ocaml/README.md	complete	["bindings/ocaml/test/snapshot.ml"]	complete	bindings/ocaml/test/snapshot.ml	complete	-
ocaml	function	llev_phonetic_rules_apply	apply_rules	exposed	["bindings/ocaml/vinary_tree_liblevenshtein.mli","bindings/ocaml/vinary_tree_liblevenshtein.ml","bindings/ocaml/liblevenshtein_stubs.c"]	complete	bindings/ocaml/README.md	complete	["bindings/ocaml/test/snapshot.ml"]	complete	bindings/ocaml/test/snapshot.ml	complete	-
ocaml	enum	enum:status	-	reasoned-absence	["bindings/ocaml/vinary_tree_liblevenshtein.mli","bindings/ocaml/vinary_tree_liblevenshtein.ml","bindings/ocaml/liblevenshtein_stubs.c"]	inapplicable	bindings/ocaml/README.md	inapplicable	["bindings/ocaml/test/snapshot.ml"]	inapplicable	bindings/ocaml/test/snapshot.ml	inapplicable	failures raise Stdlib Failure with the native message; the numeric status is not re-exposed
ocaml	enum	enum:algorithm	algorithm	exposed	["bindings/ocaml/vinary_tree_liblevenshtein.mli","bindings/ocaml/vinary_tree_liblevenshtein.ml","bindings/ocaml/liblevenshtein_stubs.c"]	complete	bindings/ocaml/README.md	complete	["bindings/ocaml/test/snapshot.ml"]	audit-required	bindings/ocaml/test/snapshot.ml	audit-required	-
ocaml	enum	enum:queryOrder	query_order	exposed	["bindings/ocaml/vinary_tree_liblevenshtein.mli","bindings/ocaml/vinary_tree_liblevenshtein.ml","bindings/ocaml/liblevenshtein_stubs.c"]	complete	bindings/ocaml/README.md	complete	["bindings/ocaml/test/snapshot.ml"]	audit-required	bindings/ocaml/test/snapshot.ml	audit-required	-
ocaml	enum	enum:phoneticRuleSetKind	phonetic_rules	exposed	["bindings/ocaml/vinary_tree_liblevenshtein.mli","bindings/ocaml/vinary_tree_liblevenshtein.ml","bindings/ocaml/liblevenshtein_stubs.c"]	complete	bindings/ocaml/README.md	complete	["bindings/ocaml/test/snapshot.ml"]	complete	bindings/ocaml/test/snapshot.ml	complete	-
ocaml	protocol	protocol:iterator	next	exposed	["bindings/ocaml/vinary_tree_liblevenshtein.mli","bindings/ocaml/vinary_tree_liblevenshtein.ml","bindings/ocaml/liblevenshtein_stubs.c"]	complete	bindings/ocaml/README.md	complete	["bindings/ocaml/test/snapshot.ml"]	complete	bindings/ocaml/test/snapshot.ml	complete	-
ocaml	protocol	protocol:reducer	fold_batches	exposed	["bindings/ocaml/vinary_tree_liblevenshtein.mli","bindings/ocaml/vinary_tree_liblevenshtein.ml","bindings/ocaml/liblevenshtein_stubs.c"]	complete	bindings/ocaml/README.md	complete	["bindings/ocaml/test/snapshot.ml"]	complete	bindings/ocaml/test/snapshot.ml	complete	-
python	function	llev_abi_version	-	reasoned-absence	["bindings/python/src/liblevenshtein/_native.py","bindings/python/src/liblevenshtein/__init__.py","bindings/python/src/liblevenshtein/_generated.py"]	inapplicable	bindings/python/README.md	inapplicable	["bindings/python/tests/test_api.py"]	inapplicable	bindings/python/tests/test_api.py	inapplicable	bound internally for the import-time ABI guard in _native.py (a mismatch raises ImportError); not re-exported as a public symbol
python	function	llev_api_revision	-	reasoned-absence	["bindings/python/src/liblevenshtein/_native.py","bindings/python/src/liblevenshtein/__init__.py","bindings/python/src/liblevenshtein/_generated.py"]	inapplicable	bindings/python/README.md	inapplicable	["bindings/python/tests/test_api.py"]	inapplicable	bindings/python/tests/test_api.py	inapplicable	not bound; ABI constants are mirrored from bindings/api.json into _generated.py
python	function	llev_build_features	-	reasoned-absence	["bindings/python/src/liblevenshtein/_native.py","bindings/python/src/liblevenshtein/__init__.py","bindings/python/src/liblevenshtein/_generated.py"]	inapplicable	bindings/python/README.md	inapplicable	["bindings/python/tests/test_api.py"]	inapplicable	bindings/python/tests/test_api.py	inapplicable	not bound; phonetic availability surfaces at call time as NativeError with the UNSUPPORTED status
python	function	llev_last_error_message	NativeError	exposed	["bindings/python/src/liblevenshtein/_native.py","bindings/python/src/liblevenshtein/__init__.py","bindings/python/src/liblevenshtein/_generated.py"]	complete	bindings/python/README.md	complete	["bindings/python/tests/test_api.py"]	complete	bindings/python/tests/test_api.py	complete	-
python	function	llev_string_free	-	reasoned-absence	["bindings/python/src/liblevenshtein/_native.py","bindings/python/src/liblevenshtein/__init__.py","bindings/python/src/liblevenshtein/_generated.py"]	inapplicable	bindings/python/README.md	inapplicable	["bindings/python/tests/test_api.py"]	inapplicable	bindings/python/tests/test_api.py	inapplicable	legacy independent C string ABI; this facade never receives llev-owned C strings (owned text crosses as LlevOwnedString and is released with llev_owned_string_free)
python	function	llev_string_array_free	-	reasoned-absence	["bindings/python/src/liblevenshtein/_native.py","bindings/python/src/liblevenshtein/__init__.py","bindings/python/src/liblevenshtein/_generated.py"]	inapplicable	bindings/python/README.md	inapplicable	["bindings/python/tests/test_api.py"]	inapplicable	bindings/python/tests/test_api.py	inapplicable	legacy independent C string ABI; this facade never receives llev-owned C strings (owned text crosses as LlevOwnedString and is released with llev_owned_string_free)
python	function	llev_string_dup	-	reasoned-absence	["bindings/python/src/liblevenshtein/_native.py","bindings/python/src/liblevenshtein/__init__.py","bindings/python/src/liblevenshtein/_generated.py"]	inapplicable	bindings/python/README.md	inapplicable	["bindings/python/tests/test_api.py"]	inapplicable	bindings/python/tests/test_api.py	inapplicable	legacy independent C string ABI; this facade never receives llev-owned C strings (owned text crosses as LlevOwnedString and is released with llev_owned_string_free)
python	function	llev_distance	-	reasoned-absence	["bindings/python/src/liblevenshtein/_native.py","bindings/python/src/liblevenshtein/__init__.py","bindings/python/src/liblevenshtein/_generated.py"]	inapplicable	bindings/python/README.md	inapplicable	["bindings/python/tests/test_api.py"]	inapplicable	bindings/python/tests/test_api.py	inapplicable	not part of the Tier-1 managed facade surface; python, jvm, clojure, and the typed javascript facade uniformly omit standalone distance helpers (the JavaScript shared JavaScript runtime carries them for JS callers)
python	function	llev_distance_threshold	-	reasoned-absence	["bindings/python/src/liblevenshtein/_native.py","bindings/python/src/liblevenshtein/__init__.py","bindings/python/src/liblevenshtein/_generated.py"]	inapplicable	bindings/python/README.md	inapplicable	["bindings/python/tests/test_api.py"]	inapplicable	bindings/python/tests/test_api.py	inapplicable	not part of the Tier-1 managed facade surface; python, jvm, clojure, and the typed javascript facade uniformly omit standalone distance helpers (the JavaScript shared JavaScript runtime carries them for JS callers)
python	function	llev_damerau_distance	-	reasoned-absence	["bindings/python/src/liblevenshtein/_native.py","bindings/python/src/liblevenshtein/__init__.py","bindings/python/src/liblevenshtein/_generated.py"]	inapplicable	bindings/python/README.md	inapplicable	["bindings/python/tests/test_api.py"]	inapplicable	bindings/python/tests/test_api.py	inapplicable	not part of the Tier-1 managed facade surface; python, jvm, clojure, and the typed javascript facade uniformly omit standalone distance helpers (the JavaScript shared JavaScript runtime carries them for JS callers)
python	function	llev_damerau_distance_threshold	-	reasoned-absence	["bindings/python/src/liblevenshtein/_native.py","bindings/python/src/liblevenshtein/__init__.py","bindings/python/src/liblevenshtein/_generated.py"]	inapplicable	bindings/python/README.md	inapplicable	["bindings/python/tests/test_api.py"]	inapplicable	bindings/python/tests/test_api.py	inapplicable	not part of the Tier-1 managed facade surface; python, jvm, clojure, and the typed javascript facade uniformly omit standalone distance helpers (the JavaScript shared JavaScript runtime carries them for JS callers)
python	function	llev_true_damerau_distance	-	reasoned-absence	["bindings/python/src/liblevenshtein/_native.py","bindings/python/src/liblevenshtein/__init__.py","bindings/python/src/liblevenshtein/_generated.py"]	inapplicable	bindings/python/README.md	inapplicable	["bindings/python/tests/test_api.py"]	inapplicable	bindings/python/tests/test_api.py	inapplicable	not part of the Tier-1 managed facade surface; python, jvm, clojure, and the typed javascript facade uniformly omit standalone distance helpers (the JavaScript shared JavaScript runtime carries them for JS callers)
python	function	llev_true_damerau_distance_threshold	-	reasoned-absence	["bindings/python/src/liblevenshtein/_native.py","bindings/python/src/liblevenshtein/__init__.py","bindings/python/src/liblevenshtein/_generated.py"]	inapplicable	bindings/python/README.md	inapplicable	["bindings/python/tests/test_api.py"]	inapplicable	bindings/python/tests/test_api.py	inapplicable	not part of the Tier-1 managed facade surface; python, jvm, clojure, and the typed javascript facade uniformly omit standalone distance helpers (the JavaScript shared JavaScript runtime carries them for JS callers)
python	function	llev_transducer_new	Transducer.__init__	exposed	["bindings/python/src/liblevenshtein/_native.py","bindings/python/src/liblevenshtein/__init__.py","bindings/python/src/liblevenshtein/_generated.py"]	complete	bindings/python/README.md	complete	["bindings/python/tests/test_api.py"]	complete	bindings/python/tests/test_api.py	complete	-
python	function	llev_transducer_snapshot	-	reasoned-absence	["bindings/python/src/liblevenshtein/_native.py","bindings/python/src/liblevenshtein/__init__.py","bindings/python/src/liblevenshtein/_generated.py"]	inapplicable	bindings/python/README.md	inapplicable	["bindings/python/tests/test_api.py"]	inapplicable	bindings/python/tests/test_api.py	inapplicable	not exposed as a separate facade operation; ordinary query construction already captures a query-start snapshot and this facade has no explicit reusable snapshot object
python	function	llev_transducer_free	Transducer.close	exposed	["bindings/python/src/liblevenshtein/_native.py","bindings/python/src/liblevenshtein/__init__.py","bindings/python/src/liblevenshtein/_generated.py"]	complete	bindings/python/README.md	complete	["bindings/python/tests/test_api.py"]	complete	bindings/python/tests/test_api.py	complete	-
python	function	llev_transducer_unit_domain	-	reasoned-absence	["bindings/python/src/liblevenshtein/_native.py","bindings/python/src/liblevenshtein/__init__.py","bindings/python/src/liblevenshtein/_generated.py"]	inapplicable	bindings/python/README.md	inapplicable	["bindings/python/tests/test_api.py"]	inapplicable	bindings/python/tests/test_api.py	inapplicable	not bound; every match descriptor carries its own unit domain, so the transducer-level accessor is redundant for this facade
python	function	llev_transducer_query_utf8	Transducer.query	exposed	["bindings/python/src/liblevenshtein/_native.py","bindings/python/src/liblevenshtein/__init__.py","bindings/python/src/liblevenshtein/_generated.py"]	complete	bindings/python/README.md	complete	["bindings/python/tests/test_api.py"]	complete	bindings/python/tests/test_api.py	complete	-
python	function	llev_transducer_query_bytes	Transducer.query	exposed	["bindings/python/src/liblevenshtein/_native.py","bindings/python/src/liblevenshtein/__init__.py","bindings/python/src/liblevenshtein/_generated.py"]	complete	bindings/python/README.md	complete	["bindings/python/tests/test_api.py"]	complete	bindings/python/tests/test_api.py	complete	-
python	function	llev_transducer_query_u64	Transducer.query	exposed	["bindings/python/src/liblevenshtein/_native.py","bindings/python/src/liblevenshtein/__init__.py","bindings/python/src/liblevenshtein/_generated.py"]	complete	bindings/python/README.md	complete	["bindings/python/tests/test_api.py"]	complete	bindings/python/tests/test_api.py	complete	-
python	function	llev_query_cursor_next_batch	QueryCursor.__next__	exposed	["bindings/python/src/liblevenshtein/_native.py","bindings/python/src/liblevenshtein/__init__.py","bindings/python/src/liblevenshtein/_generated.py"]	complete	bindings/python/README.md	complete	["bindings/python/tests/test_api.py"]	complete	bindings/python/tests/test_api.py	complete	-
python	function	llev_query_cursor_release_batch	QueryCursor.__next__	exposed	["bindings/python/src/liblevenshtein/_native.py","bindings/python/src/liblevenshtein/__init__.py","bindings/python/src/liblevenshtein/_generated.py"]	complete	bindings/python/README.md	complete	["bindings/python/tests/test_api.py"]	complete	bindings/python/tests/test_api.py	complete	-
python	function	llev_query_cursor_reduce	QueryCursor.reduce	exposed	["bindings/python/src/liblevenshtein/_native.py","bindings/python/src/liblevenshtein/__init__.py","bindings/python/src/liblevenshtein/_generated.py"]	complete	bindings/python/README.md	complete	["bindings/python/tests/test_api.py"]	complete	bindings/python/tests/test_api.py	complete	-
python	function	llev_query_cursor_free	QueryCursor.close	exposed	["bindings/python/src/liblevenshtein/_native.py","bindings/python/src/liblevenshtein/__init__.py","bindings/python/src/liblevenshtein/_generated.py"]	complete	bindings/python/README.md	complete	["bindings/python/tests/test_api.py"]	complete	bindings/python/tests/test_api.py	complete	-
python	function	llev_owned_string_free	PhoneticRuleSet.apply	exposed	["bindings/python/src/liblevenshtein/_native.py","bindings/python/src/liblevenshtein/__init__.py","bindings/python/src/liblevenshtein/_generated.py"]	complete	bindings/python/README.md	complete	["bindings/python/tests/test_api.py"]	complete	bindings/python/tests/test_api.py	complete	-
python	function	llev_phonetic_pattern_compile_regex	PhoneticPattern.__init__	exposed	["bindings/python/src/liblevenshtein/_native.py","bindings/python/src/liblevenshtein/__init__.py","bindings/python/src/liblevenshtein/_generated.py"]	complete	bindings/python/README.md	complete	["bindings/python/tests/test_api.py"]	complete	bindings/python/tests/test_api.py	complete	-
python	function	llev_phonetic_pattern_compile_llre	PhoneticPattern.__init__	exposed	["bindings/python/src/liblevenshtein/_native.py","bindings/python/src/liblevenshtein/__init__.py","bindings/python/src/liblevenshtein/_generated.py"]	complete	bindings/python/README.md	complete	["bindings/python/tests/test_api.py"]	complete	bindings/python/tests/test_api.py	complete	-
python	function	llev_phonetic_pattern_free	PhoneticPattern.close	exposed	["bindings/python/src/liblevenshtein/_native.py","bindings/python/src/liblevenshtein/__init__.py","bindings/python/src/liblevenshtein/_generated.py"]	complete	bindings/python/README.md	complete	["bindings/python/tests/test_api.py"]	complete	bindings/python/tests/test_api.py	complete	-
python	function	llev_phonetic_pattern_size	PhoneticPattern.size	exposed	["bindings/python/src/liblevenshtein/_native.py","bindings/python/src/liblevenshtein/__init__.py","bindings/python/src/liblevenshtein/_generated.py"]	complete	bindings/python/README.md	complete	["bindings/python/tests/test_api.py"]	complete	bindings/python/tests/test_api.py	complete	-
python	function	llev_phonetic_pattern_matches	PhoneticPattern.matches	exposed	["bindings/python/src/liblevenshtein/_native.py","bindings/python/src/liblevenshtein/__init__.py","bindings/python/src/liblevenshtein/_generated.py"]	complete	bindings/python/README.md	complete	["bindings/python/tests/test_api.py"]	complete	bindings/python/tests/test_api.py	complete	-
python	function	llev_transducer_query_pattern	Transducer.query	exposed	["bindings/python/src/liblevenshtein/_native.py","bindings/python/src/liblevenshtein/__init__.py","bindings/python/src/liblevenshtein/_generated.py"]	complete	bindings/python/README.md	complete	["bindings/python/tests/test_api.py"]	complete	bindings/python/tests/test_api.py	complete	-
python	function	llev_phonetic_rules_parse	PhoneticRuleSet.__init__	exposed	["bindings/python/src/liblevenshtein/_native.py","bindings/python/src/liblevenshtein/__init__.py","bindings/python/src/liblevenshtein/_generated.py"]	complete	bindings/python/README.md	complete	["bindings/python/tests/test_api.py"]	complete	bindings/python/tests/test_api.py	complete	-
python	function	llev_phonetic_rules_builtin	PhoneticRuleSet.__init__	exposed	["bindings/python/src/liblevenshtein/_native.py","bindings/python/src/liblevenshtein/__init__.py","bindings/python/src/liblevenshtein/_generated.py"]	complete	bindings/python/README.md	complete	["bindings/python/tests/test_api.py"]	complete	bindings/python/tests/test_api.py	complete	-
python	function	llev_phonetic_rules_free	PhoneticRuleSet.close	exposed	["bindings/python/src/liblevenshtein/_native.py","bindings/python/src/liblevenshtein/__init__.py","bindings/python/src/liblevenshtein/_generated.py"]	complete	bindings/python/README.md	complete	["bindings/python/tests/test_api.py"]	complete	bindings/python/tests/test_api.py	complete	-
python	function	llev_phonetic_rules_len	PhoneticRuleSet.__len__	exposed	["bindings/python/src/liblevenshtein/_native.py","bindings/python/src/liblevenshtein/__init__.py","bindings/python/src/liblevenshtein/_generated.py"]	complete	bindings/python/README.md	complete	["bindings/python/tests/test_api.py"]	complete	bindings/python/tests/test_api.py	complete	-
python	function	llev_phonetic_rules_apply	PhoneticRuleSet.apply	exposed	["bindings/python/src/liblevenshtein/_native.py","bindings/python/src/liblevenshtein/__init__.py","bindings/python/src/liblevenshtein/_generated.py"]	complete	bindings/python/README.md	complete	["bindings/python/tests/test_api.py"]	complete	bindings/python/tests/test_api.py	complete	-
python	enum	enum:status	Status	exposed	["bindings/python/src/liblevenshtein/_native.py","bindings/python/src/liblevenshtein/__init__.py","bindings/python/src/liblevenshtein/_generated.py"]	complete	bindings/python/README.md	complete	["bindings/python/tests/test_api.py"]	complete	bindings/python/tests/test_api.py	complete	-
python	enum	enum:algorithm	Algorithm	exposed	["bindings/python/src/liblevenshtein/_native.py","bindings/python/src/liblevenshtein/__init__.py","bindings/python/src/liblevenshtein/_generated.py"]	complete	bindings/python/README.md	complete	["bindings/python/tests/test_api.py"]	complete	bindings/python/tests/test_api.py	complete	-
python	enum	enum:queryOrder	QueryOrder	exposed	["bindings/python/src/liblevenshtein/_native.py","bindings/python/src/liblevenshtein/__init__.py","bindings/python/src/liblevenshtein/_generated.py"]	complete	bindings/python/README.md	complete	["bindings/python/tests/test_api.py"]	complete	bindings/python/tests/test_api.py	complete	-
python	enum	enum:phoneticRuleSetKind	PhoneticRuleSetKind	exposed	["bindings/python/src/liblevenshtein/_native.py","bindings/python/src/liblevenshtein/__init__.py","bindings/python/src/liblevenshtein/_generated.py"]	complete	bindings/python/README.md	complete	["bindings/python/tests/test_api.py"]	complete	bindings/python/tests/test_api.py	complete	-
python	protocol	protocol:iterator	QueryCursor.__next__	exposed	["bindings/python/src/liblevenshtein/_native.py","bindings/python/src/liblevenshtein/__init__.py","bindings/python/src/liblevenshtein/_generated.py"]	complete	bindings/python/README.md	complete	["bindings/python/tests/test_api.py"]	complete	bindings/python/tests/test_api.py	complete	-
python	protocol	protocol:reducer	QueryCursor.reduce	exposed	["bindings/python/src/liblevenshtein/_native.py","bindings/python/src/liblevenshtein/__init__.py","bindings/python/src/liblevenshtein/_generated.py"]	complete	bindings/python/README.md	complete	["bindings/python/tests/test_api.py"]	complete	bindings/python/tests/test_api.py	complete	-
ruby	function	llev_abi_version	-	reasoned-absence	["bindings/ruby/lib/vinary_tree/liblevenshtein.rb","bindings/ruby/lib/vinary_tree/liblevenshtein/native.rb","bindings/ruby/lib/vinary_tree/liblevenshtein/version.rb"]	inapplicable	bindings/ruby/README.md	inapplicable	["bindings/ruby/test/test_liblevenshtein.rb"]	inapplicable	bindings/ruby/test/test_liblevenshtein.rb	inapplicable	not bound; ABI constants are mirrored from bindings/api.json
ruby	function	llev_api_revision	-	reasoned-absence	["bindings/ruby/lib/vinary_tree/liblevenshtein.rb","bindings/ruby/lib/vinary_tree/liblevenshtein/native.rb","bindings/ruby/lib/vinary_tree/liblevenshtein/version.rb"]	inapplicable	bindings/ruby/README.md	inapplicable	["bindings/ruby/test/test_liblevenshtein.rb"]	inapplicable	bindings/ruby/test/test_liblevenshtein.rb	inapplicable	not bound; ABI constants are mirrored from bindings/api.json
ruby	function	llev_build_features	-	reasoned-absence	["bindings/ruby/lib/vinary_tree/liblevenshtein.rb","bindings/ruby/lib/vinary_tree/liblevenshtein/native.rb","bindings/ruby/lib/vinary_tree/liblevenshtein/version.rb"]	inapplicable	bindings/ruby/README.md	inapplicable	["bindings/ruby/test/test_liblevenshtein.rb"]	inapplicable	bindings/ruby/test/test_liblevenshtein.rb	inapplicable	not bound; phonetic availability surfaces at call time as raised Error exceptions with the UNSUPPORTED status
ruby	function	llev_last_error_message	Error	exposed	["bindings/ruby/lib/vinary_tree/liblevenshtein.rb","bindings/ruby/lib/vinary_tree/liblevenshtein/native.rb","bindings/ruby/lib/vinary_tree/liblevenshtein/version.rb"]	complete	bindings/ruby/README.md	complete	["bindings/ruby/test/test_liblevenshtein.rb"]	audit-required	bindings/ruby/test/test_liblevenshtein.rb	audit-required	-
ruby	function	llev_string_free	-	reasoned-absence	["bindings/ruby/lib/vinary_tree/liblevenshtein.rb","bindings/ruby/lib/vinary_tree/liblevenshtein/native.rb","bindings/ruby/lib/vinary_tree/liblevenshtein/version.rb"]	inapplicable	bindings/ruby/README.md	inapplicable	["bindings/ruby/test/test_liblevenshtein.rb"]	inapplicable	bindings/ruby/test/test_liblevenshtein.rb	inapplicable	legacy independent C string ABI; this facade never receives llev-owned C strings (owned text crosses as LlevOwnedString and is released with llev_owned_string_free)
ruby	function	llev_string_array_free	-	reasoned-absence	["bindings/ruby/lib/vinary_tree/liblevenshtein.rb","bindings/ruby/lib/vinary_tree/liblevenshtein/native.rb","bindings/ruby/lib/vinary_tree/liblevenshtein/version.rb"]	inapplicable	bindings/ruby/README.md	inapplicable	["bindings/ruby/test/test_liblevenshtein.rb"]	inapplicable	bindings/ruby/test/test_liblevenshtein.rb	inapplicable	legacy independent C string ABI; this facade never receives llev-owned C strings (owned text crosses as LlevOwnedString and is released with llev_owned_string_free)
ruby	function	llev_string_dup	-	reasoned-absence	["bindings/ruby/lib/vinary_tree/liblevenshtein.rb","bindings/ruby/lib/vinary_tree/liblevenshtein/native.rb","bindings/ruby/lib/vinary_tree/liblevenshtein/version.rb"]	inapplicable	bindings/ruby/README.md	inapplicable	["bindings/ruby/test/test_liblevenshtein.rb"]	inapplicable	bindings/ruby/test/test_liblevenshtein.rb	inapplicable	legacy independent C string ABI; this facade never receives llev-owned C strings (owned text crosses as LlevOwnedString and is released with llev_owned_string_free)
ruby	function	llev_distance	Liblevenshtein.distance	exposed	["bindings/ruby/lib/vinary_tree/liblevenshtein.rb","bindings/ruby/lib/vinary_tree/liblevenshtein/native.rb","bindings/ruby/lib/vinary_tree/liblevenshtein/version.rb"]	complete	bindings/ruby/README.md	complete	["bindings/ruby/test/test_liblevenshtein.rb"]	complete	bindings/ruby/test/test_liblevenshtein.rb	complete	-
ruby	function	llev_distance_threshold	Liblevenshtein.distance_threshold	exposed	["bindings/ruby/lib/vinary_tree/liblevenshtein.rb","bindings/ruby/lib/vinary_tree/liblevenshtein/native.rb","bindings/ruby/lib/vinary_tree/liblevenshtein/version.rb"]	complete	bindings/ruby/README.md	complete	["bindings/ruby/test/test_liblevenshtein.rb"]	complete	bindings/ruby/test/test_liblevenshtein.rb	complete	-
ruby	function	llev_damerau_distance	Liblevenshtein.damerau_distance	exposed	["bindings/ruby/lib/vinary_tree/liblevenshtein.rb","bindings/ruby/lib/vinary_tree/liblevenshtein/native.rb","bindings/ruby/lib/vinary_tree/liblevenshtein/version.rb"]	complete	bindings/ruby/README.md	complete	["bindings/ruby/test/test_liblevenshtein.rb"]	complete	bindings/ruby/test/test_liblevenshtein.rb	complete	-
ruby	function	llev_damerau_distance_threshold	Liblevenshtein.damerau_distance_threshold	exposed	["bindings/ruby/lib/vinary_tree/liblevenshtein.rb","bindings/ruby/lib/vinary_tree/liblevenshtein/native.rb","bindings/ruby/lib/vinary_tree/liblevenshtein/version.rb"]	complete	bindings/ruby/README.md	complete	["bindings/ruby/test/test_liblevenshtein.rb"]	complete	bindings/ruby/test/test_liblevenshtein.rb	complete	-
ruby	function	llev_true_damerau_distance	Liblevenshtein.true_damerau_distance	exposed	["bindings/ruby/lib/vinary_tree/liblevenshtein.rb","bindings/ruby/lib/vinary_tree/liblevenshtein/native.rb","bindings/ruby/lib/vinary_tree/liblevenshtein/version.rb"]	complete	bindings/ruby/README.md	complete	["bindings/ruby/test/test_liblevenshtein.rb"]	complete	bindings/ruby/test/test_liblevenshtein.rb	complete	-
ruby	function	llev_true_damerau_distance_threshold	Liblevenshtein.true_damerau_distance_threshold	exposed	["bindings/ruby/lib/vinary_tree/liblevenshtein.rb","bindings/ruby/lib/vinary_tree/liblevenshtein/native.rb","bindings/ruby/lib/vinary_tree/liblevenshtein/version.rb"]	complete	bindings/ruby/README.md	complete	["bindings/ruby/test/test_liblevenshtein.rb"]	complete	bindings/ruby/test/test_liblevenshtein.rb	complete	-
ruby	function	llev_transducer_new	Transducer#initialize	exposed	["bindings/ruby/lib/vinary_tree/liblevenshtein.rb","bindings/ruby/lib/vinary_tree/liblevenshtein/native.rb","bindings/ruby/lib/vinary_tree/liblevenshtein/version.rb"]	complete	bindings/ruby/README.md	complete	["bindings/ruby/test/test_liblevenshtein.rb"]	audit-required	bindings/ruby/test/test_liblevenshtein.rb	audit-required	-
ruby	function	llev_transducer_snapshot	-	reasoned-absence	["bindings/ruby/lib/vinary_tree/liblevenshtein.rb","bindings/ruby/lib/vinary_tree/liblevenshtein/native.rb","bindings/ruby/lib/vinary_tree/liblevenshtein/version.rb"]	inapplicable	bindings/ruby/README.md	inapplicable	["bindings/ruby/test/test_liblevenshtein.rb"]	inapplicable	bindings/ruby/test/test_liblevenshtein.rb	inapplicable	not exposed as a separate facade operation; ordinary query construction already captures a query-start snapshot and this facade has no explicit reusable snapshot object
ruby	function	llev_transducer_free	Transducer#close	exposed	["bindings/ruby/lib/vinary_tree/liblevenshtein.rb","bindings/ruby/lib/vinary_tree/liblevenshtein/native.rb","bindings/ruby/lib/vinary_tree/liblevenshtein/version.rb"]	complete	bindings/ruby/README.md	complete	["bindings/ruby/test/test_liblevenshtein.rb"]	complete	bindings/ruby/test/test_liblevenshtein.rb	complete	-
ruby	function	llev_transducer_unit_domain	-	reasoned-absence	["bindings/ruby/lib/vinary_tree/liblevenshtein.rb","bindings/ruby/lib/vinary_tree/liblevenshtein/native.rb","bindings/ruby/lib/vinary_tree/liblevenshtein/version.rb"]	inapplicable	bindings/ruby/README.md	inapplicable	["bindings/ruby/test/test_liblevenshtein.rb"]	inapplicable	bindings/ruby/test/test_liblevenshtein.rb	inapplicable	not bound; every match descriptor carries its own unit domain, so the transducer-level accessor is redundant for this facade
ruby	function	llev_transducer_query_utf8	Transducer#query	exposed	["bindings/ruby/lib/vinary_tree/liblevenshtein.rb","bindings/ruby/lib/vinary_tree/liblevenshtein/native.rb","bindings/ruby/lib/vinary_tree/liblevenshtein/version.rb"]	complete	bindings/ruby/README.md	complete	["bindings/ruby/test/test_liblevenshtein.rb"]	audit-required	bindings/ruby/test/test_liblevenshtein.rb	audit-required	-
ruby	function	llev_transducer_query_bytes	Transducer#query_bytes	exposed	["bindings/ruby/lib/vinary_tree/liblevenshtein.rb","bindings/ruby/lib/vinary_tree/liblevenshtein/native.rb","bindings/ruby/lib/vinary_tree/liblevenshtein/version.rb"]	complete	bindings/ruby/README.md	complete	["bindings/ruby/test/test_liblevenshtein.rb"]	audit-required	bindings/ruby/test/test_liblevenshtein.rb	audit-required	-
ruby	function	llev_transducer_query_u64	Transducer#query_u64	exposed	["bindings/ruby/lib/vinary_tree/liblevenshtein.rb","bindings/ruby/lib/vinary_tree/liblevenshtein/native.rb","bindings/ruby/lib/vinary_tree/liblevenshtein/version.rb"]	complete	bindings/ruby/README.md	complete	["bindings/ruby/test/test_liblevenshtein.rb"]	audit-required	bindings/ruby/test/test_liblevenshtein.rb	audit-required	-
ruby	function	llev_query_cursor_next_batch	Query#each	exposed	["bindings/ruby/lib/vinary_tree/liblevenshtein.rb","bindings/ruby/lib/vinary_tree/liblevenshtein/native.rb","bindings/ruby/lib/vinary_tree/liblevenshtein/version.rb"]	complete	bindings/ruby/README.md	complete	["bindings/ruby/test/test_liblevenshtein.rb"]	audit-required	bindings/ruby/test/test_liblevenshtein.rb	audit-required	-
ruby	function	llev_query_cursor_release_batch	Query#each	exposed	["bindings/ruby/lib/vinary_tree/liblevenshtein.rb","bindings/ruby/lib/vinary_tree/liblevenshtein/native.rb","bindings/ruby/lib/vinary_tree/liblevenshtein/version.rb"]	complete	bindings/ruby/README.md	complete	["bindings/ruby/test/test_liblevenshtein.rb"]	audit-required	bindings/ruby/test/test_liblevenshtein.rb	audit-required	-
ruby	function	llev_query_cursor_reduce	-	reasoned-absence	["bindings/ruby/lib/vinary_tree/liblevenshtein.rb","bindings/ruby/lib/vinary_tree/liblevenshtein/native.rb","bindings/ruby/lib/vinary_tree/liblevenshtein/version.rb"]	inapplicable	bindings/ruby/README.md	inapplicable	["bindings/ruby/test/test_liblevenshtein.rb"]	inapplicable	bindings/ruby/test/test_liblevenshtein.rb	inapplicable	no public batch-reduction entry point; the safe iterator leases and materializes one bounded native batch at a time internally
ruby	function	llev_query_cursor_free	Query#close	exposed	["bindings/ruby/lib/vinary_tree/liblevenshtein.rb","bindings/ruby/lib/vinary_tree/liblevenshtein/native.rb","bindings/ruby/lib/vinary_tree/liblevenshtein/version.rb"]	complete	bindings/ruby/README.md	complete	["bindings/ruby/test/test_liblevenshtein.rb"]	complete	bindings/ruby/test/test_liblevenshtein.rb	complete	-
ruby	function	llev_owned_string_free	PhoneticRuleSet#apply	exposed	["bindings/ruby/lib/vinary_tree/liblevenshtein.rb","bindings/ruby/lib/vinary_tree/liblevenshtein/native.rb","bindings/ruby/lib/vinary_tree/liblevenshtein/version.rb"]	complete	bindings/ruby/README.md	complete	["bindings/ruby/test/test_liblevenshtein.rb"]	complete	bindings/ruby/test/test_liblevenshtein.rb	complete	-
ruby	function	llev_phonetic_pattern_compile_regex	PhoneticPattern.compile_regex	exposed	["bindings/ruby/lib/vinary_tree/liblevenshtein.rb","bindings/ruby/lib/vinary_tree/liblevenshtein/native.rb","bindings/ruby/lib/vinary_tree/liblevenshtein/version.rb"]	complete	bindings/ruby/README.md	complete	["bindings/ruby/test/test_liblevenshtein.rb"]	complete	bindings/ruby/test/test_liblevenshtein.rb	complete	-
ruby	function	llev_phonetic_pattern_compile_llre	PhoneticPattern.compile_llre	exposed	["bindings/ruby/lib/vinary_tree/liblevenshtein.rb","bindings/ruby/lib/vinary_tree/liblevenshtein/native.rb","bindings/ruby/lib/vinary_tree/liblevenshtein/version.rb"]	complete	bindings/ruby/README.md	complete	["bindings/ruby/test/test_liblevenshtein.rb"]	audit-required	bindings/ruby/test/test_liblevenshtein.rb	audit-required	-
ruby	function	llev_phonetic_pattern_free	PhoneticPattern#close	exposed	["bindings/ruby/lib/vinary_tree/liblevenshtein.rb","bindings/ruby/lib/vinary_tree/liblevenshtein/native.rb","bindings/ruby/lib/vinary_tree/liblevenshtein/version.rb"]	complete	bindings/ruby/README.md	complete	["bindings/ruby/test/test_liblevenshtein.rb"]	complete	bindings/ruby/test/test_liblevenshtein.rb	complete	-
ruby	function	llev_phonetic_pattern_size	PhoneticPattern#size	exposed	["bindings/ruby/lib/vinary_tree/liblevenshtein.rb","bindings/ruby/lib/vinary_tree/liblevenshtein/native.rb","bindings/ruby/lib/vinary_tree/liblevenshtein/version.rb"]	complete	bindings/ruby/README.md	complete	["bindings/ruby/test/test_liblevenshtein.rb"]	complete	bindings/ruby/test/test_liblevenshtein.rb	complete	-
ruby	function	llev_phonetic_pattern_matches	PhoneticPattern#matches?	exposed	["bindings/ruby/lib/vinary_tree/liblevenshtein.rb","bindings/ruby/lib/vinary_tree/liblevenshtein/native.rb","bindings/ruby/lib/vinary_tree/liblevenshtein/version.rb"]	complete	bindings/ruby/README.md	complete	["bindings/ruby/test/test_liblevenshtein.rb"]	complete	bindings/ruby/test/test_liblevenshtein.rb	complete	-
ruby	function	llev_transducer_query_pattern	Transducer#query_pattern	exposed	["bindings/ruby/lib/vinary_tree/liblevenshtein.rb","bindings/ruby/lib/vinary_tree/liblevenshtein/native.rb","bindings/ruby/lib/vinary_tree/liblevenshtein/version.rb"]	complete	bindings/ruby/README.md	complete	["bindings/ruby/test/test_liblevenshtein.rb"]	audit-required	bindings/ruby/test/test_liblevenshtein.rb	audit-required	-
ruby	function	llev_phonetic_rules_parse	PhoneticRuleSet.parse	exposed	["bindings/ruby/lib/vinary_tree/liblevenshtein.rb","bindings/ruby/lib/vinary_tree/liblevenshtein/native.rb","bindings/ruby/lib/vinary_tree/liblevenshtein/version.rb"]	complete	bindings/ruby/README.md	complete	["bindings/ruby/test/test_liblevenshtein.rb"]	complete	bindings/ruby/test/test_liblevenshtein.rb	complete	-
ruby	function	llev_phonetic_rules_builtin	PhoneticRuleSet.builtin	exposed	["bindings/ruby/lib/vinary_tree/liblevenshtein.rb","bindings/ruby/lib/vinary_tree/liblevenshtein/native.rb","bindings/ruby/lib/vinary_tree/liblevenshtein/version.rb"]	complete	bindings/ruby/README.md	complete	["bindings/ruby/test/test_liblevenshtein.rb"]	complete	bindings/ruby/test/test_liblevenshtein.rb	complete	-
ruby	function	llev_phonetic_rules_free	PhoneticRuleSet#close	exposed	["bindings/ruby/lib/vinary_tree/liblevenshtein.rb","bindings/ruby/lib/vinary_tree/liblevenshtein/native.rb","bindings/ruby/lib/vinary_tree/liblevenshtein/version.rb"]	complete	bindings/ruby/README.md	complete	["bindings/ruby/test/test_liblevenshtein.rb"]	complete	bindings/ruby/test/test_liblevenshtein.rb	complete	-
ruby	function	llev_phonetic_rules_len	PhoneticRuleSet#length	exposed	["bindings/ruby/lib/vinary_tree/liblevenshtein.rb","bindings/ruby/lib/vinary_tree/liblevenshtein/native.rb","bindings/ruby/lib/vinary_tree/liblevenshtein/version.rb"]	complete	bindings/ruby/README.md	complete	["bindings/ruby/test/test_liblevenshtein.rb"]	complete	bindings/ruby/test/test_liblevenshtein.rb	complete	-
ruby	function	llev_phonetic_rules_apply	PhoneticRuleSet#apply	exposed	["bindings/ruby/lib/vinary_tree/liblevenshtein.rb","bindings/ruby/lib/vinary_tree/liblevenshtein/native.rb","bindings/ruby/lib/vinary_tree/liblevenshtein/version.rb"]	complete	bindings/ruby/README.md	complete	["bindings/ruby/test/test_liblevenshtein.rb"]	complete	bindings/ruby/test/test_liblevenshtein.rb	complete	-
ruby	enum	enum:status	Error#status	exposed	["bindings/ruby/lib/vinary_tree/liblevenshtein.rb","bindings/ruby/lib/vinary_tree/liblevenshtein/native.rb","bindings/ruby/lib/vinary_tree/liblevenshtein/version.rb"]	complete	bindings/ruby/README.md	complete	["bindings/ruby/test/test_liblevenshtein.rb"]	audit-required	bindings/ruby/test/test_liblevenshtein.rb	audit-required	-
ruby	enum	enum:algorithm	Transducer::STANDARD	exposed	["bindings/ruby/lib/vinary_tree/liblevenshtein.rb","bindings/ruby/lib/vinary_tree/liblevenshtein/native.rb","bindings/ruby/lib/vinary_tree/liblevenshtein/version.rb"]	complete	bindings/ruby/README.md	complete	["bindings/ruby/test/test_liblevenshtein.rb"]	audit-required	bindings/ruby/test/test_liblevenshtein.rb	audit-required	-
ruby	enum	enum:queryOrder	-	reasoned-absence	["bindings/ruby/lib/vinary_tree/liblevenshtein.rb","bindings/ruby/lib/vinary_tree/liblevenshtein/native.rb","bindings/ruby/lib/vinary_tree/liblevenshtein/version.rb"]	inapplicable	bindings/ruby/README.md	inapplicable	["bindings/ruby/test/test_liblevenshtein.rb"]	inapplicable	bindings/ruby/test/test_liblevenshtein.rb	inapplicable	Transducer#query takes a raw integer order: keyword; named constants are not provided
ruby	enum	enum:phoneticRuleSetKind	PhoneticRuleSet::ENGLISH_ORTHOGRAPHY	exposed	["bindings/ruby/lib/vinary_tree/liblevenshtein.rb","bindings/ruby/lib/vinary_tree/liblevenshtein/native.rb","bindings/ruby/lib/vinary_tree/liblevenshtein/version.rb"]	complete	bindings/ruby/README.md	complete	["bindings/ruby/test/test_liblevenshtein.rb"]	complete	bindings/ruby/test/test_liblevenshtein.rb	complete	-
ruby	protocol	protocol:iterator	Query#each	exposed	["bindings/ruby/lib/vinary_tree/liblevenshtein.rb","bindings/ruby/lib/vinary_tree/liblevenshtein/native.rb","bindings/ruby/lib/vinary_tree/liblevenshtein/version.rb"]	complete	bindings/ruby/README.md	complete	["bindings/ruby/test/test_liblevenshtein.rb"]	audit-required	bindings/ruby/test/test_liblevenshtein.rb	audit-required	-
ruby	protocol	protocol:reducer	-	reasoned-absence	["bindings/ruby/lib/vinary_tree/liblevenshtein.rb","bindings/ruby/lib/vinary_tree/liblevenshtein/native.rb","bindings/ruby/lib/vinary_tree/liblevenshtein/version.rb"]	inapplicable	bindings/ruby/README.md	inapplicable	["bindings/ruby/test/test_liblevenshtein.rb"]	inapplicable	bindings/ruby/test/test_liblevenshtein.rb	inapplicable	no public batch-reduction entry point; the safe iterator leases and materializes one bounded native batch at a time internally
swift	function	llev_abi_version	-	reasoned-absence	["bindings/swift/liblevenshtein/Sources/Liblevenshtein/Liblevenshtein.swift","bindings/swift/liblevenshtein/Sources/CLiblevenshtein/CLiblevenshtein.h"]	inapplicable	bindings/swift/README.md	inapplicable	["bindings/swift/Integration/Sources/SwiftBindingIntegration/main.swift"]	inapplicable	bindings/swift/Integration/Sources/SwiftBindingIntegration/main.swift	inapplicable	not bound; ABI constants are mirrored from bindings/api.json
swift	function	llev_api_revision	-	reasoned-absence	["bindings/swift/liblevenshtein/Sources/Liblevenshtein/Liblevenshtein.swift","bindings/swift/liblevenshtein/Sources/CLiblevenshtein/CLiblevenshtein.h"]	inapplicable	bindings/swift/README.md	inapplicable	["bindings/swift/Integration/Sources/SwiftBindingIntegration/main.swift"]	inapplicable	bindings/swift/Integration/Sources/SwiftBindingIntegration/main.swift	inapplicable	not bound; ABI constants are mirrored from bindings/api.json
swift	function	llev_build_features	-	reasoned-absence	["bindings/swift/liblevenshtein/Sources/Liblevenshtein/Liblevenshtein.swift","bindings/swift/liblevenshtein/Sources/CLiblevenshtein/CLiblevenshtein.h"]	inapplicable	bindings/swift/README.md	inapplicable	["bindings/swift/Integration/Sources/SwiftBindingIntegration/main.swift"]	inapplicable	bindings/swift/Integration/Sources/SwiftBindingIntegration/main.swift	inapplicable	not bound; phonetic availability surfaces at call time as thrown LiblevenshteinError values with the UNSUPPORTED status
swift	function	llev_last_error_message	LiblevenshteinError	exposed	["bindings/swift/liblevenshtein/Sources/Liblevenshtein/Liblevenshtein.swift","bindings/swift/liblevenshtein/Sources/CLiblevenshtein/CLiblevenshtein.h"]	complete	bindings/swift/README.md	complete	["bindings/swift/Integration/Sources/SwiftBindingIntegration/main.swift"]	audit-required	bindings/swift/Integration/Sources/SwiftBindingIntegration/main.swift	audit-required	-
swift	function	llev_string_free	-	reasoned-absence	["bindings/swift/liblevenshtein/Sources/Liblevenshtein/Liblevenshtein.swift","bindings/swift/liblevenshtein/Sources/CLiblevenshtein/CLiblevenshtein.h"]	inapplicable	bindings/swift/README.md	inapplicable	["bindings/swift/Integration/Sources/SwiftBindingIntegration/main.swift"]	inapplicable	bindings/swift/Integration/Sources/SwiftBindingIntegration/main.swift	inapplicable	legacy independent C string ABI; this facade never receives llev-owned C strings (owned text crosses as LlevOwnedString and is released with llev_owned_string_free)
swift	function	llev_string_array_free	-	reasoned-absence	["bindings/swift/liblevenshtein/Sources/Liblevenshtein/Liblevenshtein.swift","bindings/swift/liblevenshtein/Sources/CLiblevenshtein/CLiblevenshtein.h"]	inapplicable	bindings/swift/README.md	inapplicable	["bindings/swift/Integration/Sources/SwiftBindingIntegration/main.swift"]	inapplicable	bindings/swift/Integration/Sources/SwiftBindingIntegration/main.swift	inapplicable	legacy independent C string ABI; this facade never receives llev-owned C strings (owned text crosses as LlevOwnedString and is released with llev_owned_string_free)
swift	function	llev_string_dup	-	reasoned-absence	["bindings/swift/liblevenshtein/Sources/Liblevenshtein/Liblevenshtein.swift","bindings/swift/liblevenshtein/Sources/CLiblevenshtein/CLiblevenshtein.h"]	inapplicable	bindings/swift/README.md	inapplicable	["bindings/swift/Integration/Sources/SwiftBindingIntegration/main.swift"]	inapplicable	bindings/swift/Integration/Sources/SwiftBindingIntegration/main.swift	inapplicable	legacy independent C string ABI; this facade never receives llev-owned C strings (owned text crosses as LlevOwnedString and is released with llev_owned_string_free)
swift	function	llev_distance	EditDistance.levenshtein	exposed	["bindings/swift/liblevenshtein/Sources/Liblevenshtein/Liblevenshtein.swift","bindings/swift/liblevenshtein/Sources/CLiblevenshtein/CLiblevenshtein.h"]	complete	bindings/swift/README.md	complete	["bindings/swift/Integration/Sources/SwiftBindingIntegration/main.swift"]	complete	bindings/swift/Integration/Sources/SwiftBindingIntegration/main.swift	complete	-
swift	function	llev_distance_threshold	EditDistance.levenshtein	exposed	["bindings/swift/liblevenshtein/Sources/Liblevenshtein/Liblevenshtein.swift","bindings/swift/liblevenshtein/Sources/CLiblevenshtein/CLiblevenshtein.h"]	complete	bindings/swift/README.md	complete	["bindings/swift/Integration/Sources/SwiftBindingIntegration/main.swift"]	complete	bindings/swift/Integration/Sources/SwiftBindingIntegration/main.swift	complete	-
swift	function	llev_damerau_distance	EditDistance.damerauOSA	exposed	["bindings/swift/liblevenshtein/Sources/Liblevenshtein/Liblevenshtein.swift","bindings/swift/liblevenshtein/Sources/CLiblevenshtein/CLiblevenshtein.h"]	complete	bindings/swift/README.md	complete	["bindings/swift/Integration/Sources/SwiftBindingIntegration/main.swift"]	complete	bindings/swift/Integration/Sources/SwiftBindingIntegration/main.swift	complete	-
swift	function	llev_damerau_distance_threshold	EditDistance.damerauOSA	exposed	["bindings/swift/liblevenshtein/Sources/Liblevenshtein/Liblevenshtein.swift","bindings/swift/liblevenshtein/Sources/CLiblevenshtein/CLiblevenshtein.h"]	complete	bindings/swift/README.md	complete	["bindings/swift/Integration/Sources/SwiftBindingIntegration/main.swift"]	complete	bindings/swift/Integration/Sources/SwiftBindingIntegration/main.swift	complete	-
swift	function	llev_true_damerau_distance	EditDistance.damerauLevenshtein	exposed	["bindings/swift/liblevenshtein/Sources/Liblevenshtein/Liblevenshtein.swift","bindings/swift/liblevenshtein/Sources/CLiblevenshtein/CLiblevenshtein.h"]	complete	bindings/swift/README.md	complete	["bindings/swift/Integration/Sources/SwiftBindingIntegration/main.swift"]	complete	bindings/swift/Integration/Sources/SwiftBindingIntegration/main.swift	complete	-
swift	function	llev_true_damerau_distance_threshold	EditDistance.damerauLevenshtein	exposed	["bindings/swift/liblevenshtein/Sources/Liblevenshtein/Liblevenshtein.swift","bindings/swift/liblevenshtein/Sources/CLiblevenshtein/CLiblevenshtein.h"]	complete	bindings/swift/README.md	complete	["bindings/swift/Integration/Sources/SwiftBindingIntegration/main.swift"]	complete	bindings/swift/Integration/Sources/SwiftBindingIntegration/main.swift	complete	-
swift	function	llev_transducer_new	Transducer.init	exposed	["bindings/swift/liblevenshtein/Sources/Liblevenshtein/Liblevenshtein.swift","bindings/swift/liblevenshtein/Sources/CLiblevenshtein/CLiblevenshtein.h"]	complete	bindings/swift/README.md	complete	["bindings/swift/Integration/Sources/SwiftBindingIntegration/main.swift"]	audit-required	bindings/swift/Integration/Sources/SwiftBindingIntegration/main.swift	audit-required	-
swift	function	llev_transducer_snapshot	-	reasoned-absence	["bindings/swift/liblevenshtein/Sources/Liblevenshtein/Liblevenshtein.swift","bindings/swift/liblevenshtein/Sources/CLiblevenshtein/CLiblevenshtein.h"]	inapplicable	bindings/swift/README.md	inapplicable	["bindings/swift/Integration/Sources/SwiftBindingIntegration/main.swift"]	inapplicable	bindings/swift/Integration/Sources/SwiftBindingIntegration/main.swift	inapplicable	not exposed as a separate facade operation; ordinary query construction already captures a query-start snapshot and this facade has no explicit reusable snapshot object
swift	function	llev_transducer_free	Transducer.close	exposed	["bindings/swift/liblevenshtein/Sources/Liblevenshtein/Liblevenshtein.swift","bindings/swift/liblevenshtein/Sources/CLiblevenshtein/CLiblevenshtein.h"]	complete	bindings/swift/README.md	complete	["bindings/swift/Integration/Sources/SwiftBindingIntegration/main.swift"]	complete	bindings/swift/Integration/Sources/SwiftBindingIntegration/main.swift	complete	-
swift	function	llev_transducer_unit_domain	-	reasoned-absence	["bindings/swift/liblevenshtein/Sources/Liblevenshtein/Liblevenshtein.swift","bindings/swift/liblevenshtein/Sources/CLiblevenshtein/CLiblevenshtein.h"]	inapplicable	bindings/swift/README.md	inapplicable	["bindings/swift/Integration/Sources/SwiftBindingIntegration/main.swift"]	inapplicable	bindings/swift/Integration/Sources/SwiftBindingIntegration/main.swift	inapplicable	not bound; every match descriptor carries its own unit domain, so the transducer-level accessor is redundant for this facade
swift	function	llev_transducer_query_utf8	Transducer.query	exposed	["bindings/swift/liblevenshtein/Sources/Liblevenshtein/Liblevenshtein.swift","bindings/swift/liblevenshtein/Sources/CLiblevenshtein/CLiblevenshtein.h"]	complete	bindings/swift/README.md	complete	["bindings/swift/Integration/Sources/SwiftBindingIntegration/main.swift"]	complete	bindings/swift/Integration/Sources/SwiftBindingIntegration/main.swift	complete	-
swift	function	llev_transducer_query_bytes	Transducer.query	exposed	["bindings/swift/liblevenshtein/Sources/Liblevenshtein/Liblevenshtein.swift","bindings/swift/liblevenshtein/Sources/CLiblevenshtein/CLiblevenshtein.h"]	complete	bindings/swift/README.md	complete	["bindings/swift/Integration/Sources/SwiftBindingIntegration/main.swift"]	complete	bindings/swift/Integration/Sources/SwiftBindingIntegration/main.swift	complete	-
swift	function	llev_transducer_query_u64	Transducer.query	exposed	["bindings/swift/liblevenshtein/Sources/Liblevenshtein/Liblevenshtein.swift","bindings/swift/liblevenshtein/Sources/CLiblevenshtein/CLiblevenshtein.h"]	complete	bindings/swift/README.md	complete	["bindings/swift/Integration/Sources/SwiftBindingIntegration/main.swift"]	complete	bindings/swift/Integration/Sources/SwiftBindingIntegration/main.swift	complete	-
swift	function	llev_query_cursor_next_batch	QueryCursor.next	exposed	["bindings/swift/liblevenshtein/Sources/Liblevenshtein/Liblevenshtein.swift","bindings/swift/liblevenshtein/Sources/CLiblevenshtein/CLiblevenshtein.h"]	complete	bindings/swift/README.md	complete	["bindings/swift/Integration/Sources/SwiftBindingIntegration/main.swift"]	complete	bindings/swift/Integration/Sources/SwiftBindingIntegration/main.swift	complete	-
swift	function	llev_query_cursor_next_batch	QueryCursor.nextBatch	exposed	["bindings/swift/liblevenshtein/Sources/Liblevenshtein/Liblevenshtein.swift","bindings/swift/liblevenshtein/Sources/CLiblevenshtein/CLiblevenshtein.h"]	complete	bindings/swift/README.md	complete	["bindings/swift/Integration/Sources/SwiftBindingIntegration/main.swift"]	audit-required	bindings/swift/Integration/Sources/SwiftBindingIntegration/main.swift	audit-required	-
swift	function	llev_query_cursor_release_batch	QueryCursor.nextBatch	exposed	["bindings/swift/liblevenshtein/Sources/Liblevenshtein/Liblevenshtein.swift","bindings/swift/liblevenshtein/Sources/CLiblevenshtein/CLiblevenshtein.h"]	complete	bindings/swift/README.md	complete	["bindings/swift/Integration/Sources/SwiftBindingIntegration/main.swift"]	audit-required	bindings/swift/Integration/Sources/SwiftBindingIntegration/main.swift	audit-required	-
swift	function	llev_query_cursor_reduce	-	reasoned-absence	["bindings/swift/liblevenshtein/Sources/Liblevenshtein/Liblevenshtein.swift","bindings/swift/liblevenshtein/Sources/CLiblevenshtein/CLiblevenshtein.h"]	inapplicable	bindings/swift/README.md	inapplicable	["bindings/swift/Integration/Sources/SwiftBindingIntegration/main.swift"]	inapplicable	bindings/swift/Integration/Sources/SwiftBindingIntegration/main.swift	inapplicable	batch reduction is provided by QueryCursor.reduceBatches over next_batch/release_batch leases; the native callback reducer is not bound
swift	function	llev_query_cursor_free	QueryCursor.close	exposed	["bindings/swift/liblevenshtein/Sources/Liblevenshtein/Liblevenshtein.swift","bindings/swift/liblevenshtein/Sources/CLiblevenshtein/CLiblevenshtein.h"]	complete	bindings/swift/README.md	complete	["bindings/swift/Integration/Sources/SwiftBindingIntegration/main.swift"]	complete	bindings/swift/Integration/Sources/SwiftBindingIntegration/main.swift	complete	-
swift	function	llev_owned_string_free	PhoneticRuleSet.apply	exposed	["bindings/swift/liblevenshtein/Sources/Liblevenshtein/Liblevenshtein.swift","bindings/swift/liblevenshtein/Sources/CLiblevenshtein/CLiblevenshtein.h"]	complete	bindings/swift/README.md	complete	["bindings/swift/Integration/Sources/SwiftBindingIntegration/main.swift"]	complete	bindings/swift/Integration/Sources/SwiftBindingIntegration/main.swift	complete	-
swift	function	llev_phonetic_pattern_compile_regex	PhoneticPattern.regex	exposed	["bindings/swift/liblevenshtein/Sources/Liblevenshtein/Liblevenshtein.swift","bindings/swift/liblevenshtein/Sources/CLiblevenshtein/CLiblevenshtein.h"]	complete	bindings/swift/README.md	complete	["bindings/swift/Integration/Sources/SwiftBindingIntegration/main.swift"]	complete	bindings/swift/Integration/Sources/SwiftBindingIntegration/main.swift	complete	-
swift	function	llev_phonetic_pattern_compile_llre	PhoneticPattern.llre	exposed	["bindings/swift/liblevenshtein/Sources/Liblevenshtein/Liblevenshtein.swift","bindings/swift/liblevenshtein/Sources/CLiblevenshtein/CLiblevenshtein.h"]	complete	bindings/swift/README.md	complete	["bindings/swift/Integration/Sources/SwiftBindingIntegration/main.swift"]	audit-required	bindings/swift/Integration/Sources/SwiftBindingIntegration/main.swift	audit-required	-
swift	function	llev_phonetic_pattern_free	PhoneticPattern.close	exposed	["bindings/swift/liblevenshtein/Sources/Liblevenshtein/Liblevenshtein.swift","bindings/swift/liblevenshtein/Sources/CLiblevenshtein/CLiblevenshtein.h"]	complete	bindings/swift/README.md	complete	["bindings/swift/Integration/Sources/SwiftBindingIntegration/main.swift"]	complete	bindings/swift/Integration/Sources/SwiftBindingIntegration/main.swift	complete	-
swift	function	llev_phonetic_pattern_size	PhoneticPattern.size	exposed	["bindings/swift/liblevenshtein/Sources/Liblevenshtein/Liblevenshtein.swift","bindings/swift/liblevenshtein/Sources/CLiblevenshtein/CLiblevenshtein.h"]	complete	bindings/swift/README.md	complete	["bindings/swift/Integration/Sources/SwiftBindingIntegration/main.swift"]	complete	bindings/swift/Integration/Sources/SwiftBindingIntegration/main.swift	complete	-
swift	function	llev_phonetic_pattern_matches	PhoneticPattern.matches	exposed	["bindings/swift/liblevenshtein/Sources/Liblevenshtein/Liblevenshtein.swift","bindings/swift/liblevenshtein/Sources/CLiblevenshtein/CLiblevenshtein.h"]	complete	bindings/swift/README.md	complete	["bindings/swift/Integration/Sources/SwiftBindingIntegration/main.swift"]	complete	bindings/swift/Integration/Sources/SwiftBindingIntegration/main.swift	complete	-
swift	function	llev_transducer_query_pattern	Transducer.query	exposed	["bindings/swift/liblevenshtein/Sources/Liblevenshtein/Liblevenshtein.swift","bindings/swift/liblevenshtein/Sources/CLiblevenshtein/CLiblevenshtein.h"]	complete	bindings/swift/README.md	complete	["bindings/swift/Integration/Sources/SwiftBindingIntegration/main.swift"]	complete	bindings/swift/Integration/Sources/SwiftBindingIntegration/main.swift	complete	-
swift	function	llev_phonetic_rules_parse	PhoneticRuleSet.parse	exposed	["bindings/swift/liblevenshtein/Sources/Liblevenshtein/Liblevenshtein.swift","bindings/swift/liblevenshtein/Sources/CLiblevenshtein/CLiblevenshtein.h"]	complete	bindings/swift/README.md	complete	["bindings/swift/Integration/Sources/SwiftBindingIntegration/main.swift"]	complete	bindings/swift/Integration/Sources/SwiftBindingIntegration/main.swift	complete	-
swift	function	llev_phonetic_rules_builtin	PhoneticRuleSet.builtin	exposed	["bindings/swift/liblevenshtein/Sources/Liblevenshtein/Liblevenshtein.swift","bindings/swift/liblevenshtein/Sources/CLiblevenshtein/CLiblevenshtein.h"]	complete	bindings/swift/README.md	complete	["bindings/swift/Integration/Sources/SwiftBindingIntegration/main.swift"]	complete	bindings/swift/Integration/Sources/SwiftBindingIntegration/main.swift	complete	-
swift	function	llev_phonetic_rules_free	PhoneticRuleSet.close	exposed	["bindings/swift/liblevenshtein/Sources/Liblevenshtein/Liblevenshtein.swift","bindings/swift/liblevenshtein/Sources/CLiblevenshtein/CLiblevenshtein.h"]	complete	bindings/swift/README.md	complete	["bindings/swift/Integration/Sources/SwiftBindingIntegration/main.swift"]	complete	bindings/swift/Integration/Sources/SwiftBindingIntegration/main.swift	complete	-
swift	function	llev_phonetic_rules_len	PhoneticRuleSet.count	exposed	["bindings/swift/liblevenshtein/Sources/Liblevenshtein/Liblevenshtein.swift","bindings/swift/liblevenshtein/Sources/CLiblevenshtein/CLiblevenshtein.h"]	complete	bindings/swift/README.md	complete	["bindings/swift/Integration/Sources/SwiftBindingIntegration/main.swift"]	complete	bindings/swift/Integration/Sources/SwiftBindingIntegration/main.swift	complete	-
swift	function	llev_phonetic_rules_apply	PhoneticRuleSet.apply	exposed	["bindings/swift/liblevenshtein/Sources/Liblevenshtein/Liblevenshtein.swift","bindings/swift/liblevenshtein/Sources/CLiblevenshtein/CLiblevenshtein.h"]	complete	bindings/swift/README.md	complete	["bindings/swift/Integration/Sources/SwiftBindingIntegration/main.swift"]	complete	bindings/swift/Integration/Sources/SwiftBindingIntegration/main.swift	complete	-
swift	enum	enum:status	-	reasoned-absence	["bindings/swift/liblevenshtein/Sources/Liblevenshtein/Liblevenshtein.swift","bindings/swift/liblevenshtein/Sources/CLiblevenshtein/CLiblevenshtein.h"]	inapplicable	bindings/swift/README.md	inapplicable	["bindings/swift/Integration/Sources/SwiftBindingIntegration/main.swift"]	inapplicable	bindings/swift/Integration/Sources/SwiftBindingIntegration/main.swift	inapplicable	LiblevenshteinError carries only the message text; the numeric status is not re-exposed
swift	enum	enum:algorithm	Algorithm	exposed	["bindings/swift/liblevenshtein/Sources/Liblevenshtein/Liblevenshtein.swift","bindings/swift/liblevenshtein/Sources/CLiblevenshtein/CLiblevenshtein.h"]	complete	bindings/swift/README.md	complete	["bindings/swift/Integration/Sources/SwiftBindingIntegration/main.swift"]	audit-required	bindings/swift/Integration/Sources/SwiftBindingIntegration/main.swift	audit-required	-
swift	enum	enum:queryOrder	QueryOrder	exposed	["bindings/swift/liblevenshtein/Sources/Liblevenshtein/Liblevenshtein.swift","bindings/swift/liblevenshtein/Sources/CLiblevenshtein/CLiblevenshtein.h"]	complete	bindings/swift/README.md	complete	["bindings/swift/Integration/Sources/SwiftBindingIntegration/main.swift"]	audit-required	bindings/swift/Integration/Sources/SwiftBindingIntegration/main.swift	audit-required	-
swift	enum	enum:phoneticRuleSetKind	PhoneticRuleSetKind	exposed	["bindings/swift/liblevenshtein/Sources/Liblevenshtein/Liblevenshtein.swift","bindings/swift/liblevenshtein/Sources/CLiblevenshtein/CLiblevenshtein.h"]	complete	bindings/swift/README.md	complete	["bindings/swift/Integration/Sources/SwiftBindingIntegration/main.swift"]	audit-required	bindings/swift/Integration/Sources/SwiftBindingIntegration/main.swift	audit-required	-
swift	protocol	protocol:iterator	QueryCursor.next	exposed	["bindings/swift/liblevenshtein/Sources/Liblevenshtein/Liblevenshtein.swift","bindings/swift/liblevenshtein/Sources/CLiblevenshtein/CLiblevenshtein.h"]	complete	bindings/swift/README.md	complete	["bindings/swift/Integration/Sources/SwiftBindingIntegration/main.swift"]	complete	bindings/swift/Integration/Sources/SwiftBindingIntegration/main.swift	complete	-
swift	protocol	protocol:reducer	QueryCursor.reduceBatches	exposed	["bindings/swift/liblevenshtein/Sources/Liblevenshtein/Liblevenshtein.swift","bindings/swift/liblevenshtein/Sources/CLiblevenshtein/CLiblevenshtein.h"]	complete	bindings/swift/README.md	complete	["bindings/swift/Integration/Sources/SwiftBindingIntegration/main.swift"]	audit-required	bindings/swift/Integration/Sources/SwiftBindingIntegration/main.swift	audit-required	-
